0 0.0 210.00 -440.00
1 0.0 380.00 -670.00
2 0.0 430.00 -820.00
3 0.0 520.00 -350.00
4 0.0 550.00 -470.00
5 0.0 850.00 -530.00
6 0.0 624.31 -716.60
7 0.0 629.50 -733.75
8 0.0 567.39 -612.68
9 0.0 583.11 -607.76
10 0.0 307.55 -427.94
11 0.0 289.92 -424.11
12 0.0 255.13 -593.39
13 0.0 582.98 -611.30
14 0.0 379.01 -665.83
15 0.0 830.31 -470.35
16 0.0 660.87 -849.24
17 0.0 656.83 -835.67
18 0.0 618.25 -696.45
19 0.0 657.91 -828.19
20 0.0 599.14 -644.00
21 0.0 583.71 -594.36
22 0.0 348.63 -552.03
23 0.0 337.55 -862.89
24 0.0 516.78 -360.07
25 0.0 529.74 -442.79
6 1.0 621.89 -708.55
7 1.0 627.07 -725.76
8 1.0 560.53 -614.75
9 1.0 577.60 -609.59
10 1.0 310.03 -435.88
11 1.0 296.42 -422.26
12 1.0 252.52 -584.80
13 1.0 582.98 -611.30
14 1.0 375.60 -670.42
15 1.0 825.86 -466.32
16 1.0 662.52 -854.88
17 1.0 658.50 -841.20
18 1.0 615.78 -688.25
19 1.0 655.82 -821.23
20 1.0 600.97 -649.88
21 1.0 585.53 -600.18
22 1.0 346.88 -545.84
23 1.0 335.93 -857.52
24 1.0 516.94 -365.25
25 1.0 532.29 -451.10
6 2.0 619.49 -700.60
7 2.0 624.51 -717.26
8 2.0 553.95 -616.74
9 2.0 570.58 -611.71
10 2.0 312.30 -443.31
11 2.0 298.68 -421.65
12 2.0 250.04 -576.67
13 2.0 584.10 -609.23
14 2.0 369.35 -672.45
15 2.0 818.01 -464.56
16 2.0 664.24 -860.75
17 2.0 660.19 -846.91
18 2.0 613.52 -680.63
19 2.0 653.84 -814.68
20 2.0 602.80 -655.80
21 2.0 587.49 -606.47
22 2.0 345.87 -542.25
23 2.0 336.86 -852.37
24 2.0 517.26 -371.13
25 2.0 535.15 -460.26
6 3.0 616.98 -692.24
7 3.0 622.05 -709.08
8 3.0 546.85 -618.89
9 3.0 563.24 -613.93
10 3.0 314.55 -450.64
11 3.0 303.04 -421.32
12 3.0 248.05 -569.98
13 3.0 581.47 -608.42
14 3.0 362.19 -674.64
15 3.0 810.67 -465.51
16 3.0 666.02 -866.84
17 3.0 662.01 -853.13
18 3.0 611.33 -673.26
19 3.0 652.08 -808.84
20 3.0 604.62 -661.86
21 3.0 589.75 -613.70
22 3.0 344.29 -536.88
23 3.0 341.54 -850.13
24 3.0 517.61 -377.39
25 3.0 537.20 -467.38
6 4.0 614.61 -684.30
7 4.0 619.53 -700.71
8 4.0 539.81 -621.01
9 4.0 555.20 -616.36
10 4.0 316.94 -458.48
11 4.0 306.78 -425.48
12 4.0 250.19 -564.03
13 4.0 576.56 -609.90
14 4.0 354.40 -677.02
15 4.0 803.19 -467.87
16 4.0 667.05 -873.10
17 4.0 663.61 -858.61
18 4.0 608.94 -665.18
19 4.0 650.32 -803.02
20 4.0 606.69 -668.83
21 4.0 591.82 -620.40
22 4.0 342.11 -529.53
23 4.0 347.97 -848.20
24 4.0 517.93 -383.30
25 4.0 535.71 -474.66
6 5.0 612.40 -676.85
7 5.0 617.19 -692.94
8 5.0 533.16 -623.03
9 5.0 547.64 -618.65
10 5.0 319.05 -465.34
11 5.0 308.99 -432.50
12 5.0 255.92 -562.07
13 5.0 570.34 -611.78
14 5.0 346.96 -678.91
15 5.0 796.28 -470.01
16 5.0 663.69 -878.27
17 5.0 665.36 -864.59
18 5.0 606.47 -656.89
19 5.0 648.36 -796.57
20 5.0 608.65 -675.45
21 5.0 594.10 -627.73
22 5.0 339.98 -522.56
23 5.0 354.74 -846.17
24 5.0 518.28 -389.60
25 5.0 531.05 -476.20
6 6.0 610.20 -669.42
7 6.0 615.02 -685.69
8 6.0 526.47 -625.05
9 6.0 541.43 -620.52
10 6.0 321.45 -473.15
11 6.0 311.37 -440.28
12 6.0 263.26 -559.91
13 6.0 561.67 -614.40
14 6.0 339.48 -678.24
15 6.0 788.56 -472.40
16 6.0 657.54 -880.85
17 6.0 666.89 -870.21
18 6.0 604.04 -648.97
19 6.0 646.33 -789.86
20 6.0 610.57 -681.90
21 6.0 596.12 -634.24
22 6.0 337.96 -516.04
23 6.0 361.67 -844.09
24 6.0 518.66 -396.57
25 6.0 522.72 -478.75
6 7.0 607.75 -661.18
7 7.0 612.90 -678.55
8 7.0 519.00 -627.32
9 7.0 534.73 -622.55
10 7.0 323.68 -480.40
11 7.0 313.87 -448.43
12 7.0 270.94 -557.65
13 7.0 553.05 -617.01
14 7.0 331.58 -680.64
15 7.0 781.58 -474.56
16 7.0 651.75 -882.64
17 7.0 665.78 -876.49
18 7.0 601.53 -640.89
19 7.0 644.24 -782.95
20 7.0 612.50 -688.41
21 7.0 598.27 -641.17
22 7.0 336.00 -509.69
23 7.0 368.60 -842.02
24 7.0 519.88 -402.64
25 7.0 514.59 -481.22
6 8.0 605.22 -652.79
7 8.0 610.36 -669.99
8 8.0 512.42 -629.31
9 8.0 527.14 -624.85
10 8.0 326.09 -488.43
11 8.0 316.32 -456.42
12 8.0 279.37 -555.16
13 8.0 544.74 -619.52
14 8.0 324.03 -682.93
15 8.0 774.25 -476.84
16 8.0 645.15 -884.68
17 8.0 660.70 -879.79
18 8.0 599.25 -633.54
19 8.0 642.35 -776.71
20 8.0 614.56 -695.29
21 8.0 600.56 -648.57
22 8.0 333.87 -502.79
23 8.0 374.84 -840.15
24 8.0 522.08 -409.31
25 8.0 505.43 -483.77
6 9.0 602.90 -645.32
7 9.0 607.91 -661.72
8 9.0 505.41 -631.43
9 9.0 520.89 -626.75
10 9.0 328.35 -495.79
11 9.0 318.52 -463.61
12 9.0 286.86 -552.96
13 9.0 536.47 -622.02
14 9.0 316.12 -685.33
15 9.0 766.38 -479.31
16 9.0 638.65 -886.69
17 9.0 654.36 -881.84
18 9.0 597.03 -626.39
19 9.0 640.42 -770.06
20 9.0 616.52 -701.80
21 9.0 602.66 -655.33
22 9.0 331.78 -496.03
23 9.0 381.94 -838.02
24 9.0 524.00 -415.02
25 9.0 496.75 -486.02
6 10.0 600.60 -637.88
7 10.0 605.59 -654.00
8 10.0 498.98 -633.37
9 10.0 513.35 -629.03
10 10.0 330.81 -503.75
11 10.0 321.01 -471.72
12 10.0 294.29 -550.77
13 10.0 529.76 -624.06
14 10.0 308.99 -687.49
15 10.0 759.44 -481.48
16 10.0 632.71 -888.53
17 10.0 647.89 -883.84
18 10.0 594.58 -618.49
19 10.0 638.61 -764.04
20 10.0 618.62 -708.77
21 10.0 604.84 -662.61
22 10.0 329.70 -489.30
23 10.0 388.56 -836.04
24 10.0 526.10 -421.16
25 10.0 487.87 -488.94
6 11.0 598.13 -629.93
7 11.0 603.15 -646.12
8 11.0 492.67 -635.28
9 11.0 507.14 -630.90
10 11.0 332.92 -510.56
11 11.0 323.46 -479.67
12 11.0 301.92 -548.52
13 11.0 521.57 -626.54
14 11.0 301.12 -689.88
15 11.0 752.19 -482.66
16 11.0 626.12 -890.56
17 11.0 641.67 -885.76
18 11.0 592.34 -611.27
19 11.0 636.83 -758.08
20 11.0 620.49 -714.98
21 11.0 606.81 -669.23
22 11.0 327.73 -482.79
23 11.0 395.19 -834.06
24 11.0 528.24 -427.79
25 11.0 479.66 -491.60
6 12.0 595.87 -622.63
7 12.0 600.80 -638.53
8 12.0 485.39 -637.48
9 12.0 500.66 -632.86
10 12.0 335.27 -518.18
11 12.0 325.94 -487.91
12 12.0 309.81 -546.16
13 12.0 515.04 -628.51
14 12.0 294.61 -691.85
15 12.0 744.66 -481.53
16 12.0 620.08 -892.42
17 12.0 634.67 -887.92
18 12.0 589.88 -603.35
19 12.0 634.99 -751.87
20 12.0 622.45 -721.50
21 12.0 608.90 -676.27
22 12.0 325.67 -475.98
23 12.0 402.00 -832.01
24 12.0 527.45 -434.84
25 12.0 470.52 -494.37
6 13.0 593.62 -615.39
7 13.0 598.32 -630.55
8 13.0 478.34 -639.61
9 13.0 493.50 -635.03
10 13.0 337.30 -524.74
11 13.0 328.42 -496.00
12 13.0 318.02 -543.73
13 13.0 508.64 -630.45
14 13.0 288.48 -692.90
15 13.0 738.28 -477.38
16 13.0 614.17 -894.24
17 13.0 628.57 -889.80
18 13.0 587.49 -595.68
19 13.0 633.18 -745.86
20 13.0 624.21 -727.33
21 13.0 611.05 -683.54
22 13.0 323.58 -469.17
23 13.0 408.31 -830.12
24 13.0 529.39 -441.67
25 13.0 462.44 -496.81
6 14.0 591.05 -607.12
7 14.0 596.04 -623.18
8 14.0 470.87 -641.87
9 14.0 486.52 -637.14
10 14.0 338.37 -528.19
11 14.0 330.97 -504.27
12 14.0 326.36 -541.31
13 14.0 501.48 -632.61
14 14.0 284.50 -688.83
15 14.0 734.54 -470.90
16 14.0 608.62 -895.94
17 14.0 622.37 -891.72
18 14.0 584.92 -587.46
19 14.0 631.12 -739.09
20 14.0 626.27 -734.14
21 14.0 613.13 -690.53
22 14.0 321.63 -462.85
23 14.0 414.88 -828.14
24 14.0 531.20 -447.54
25 14.0 453.40 -499.55
6 15.0 588.81 -599.91
7 15.0 593.69 -615.64
8 15.0 464.06 -643.92
9 15.0 478.58 -639.54
10 15.0 338.44 -528.40
11 15.0 333.27 -511.71
12 15.0 334.11 -538.98
13 15.0 494.65 -634.68
14 15.0 282.31 -681.76
15 15.0 732.40 -464.13
16 15.0 602.46 -897.83
17 15.0 616.51 -893.52
18 15.0 582.68 -580.31
19 15.0 629.35 -733.26
20 15.0 628.39 -741.09
21 15.0 615.15 -697.26
22 15.0 319.57 -456.11
23 15.0 419.65 -826.72
24 15.0 533.05 -453.56
25 15.0 445.07 -502.07
6 16.0 586.24 -591.68
7 16.0 591.53 -608.66
8 16.0 457.77 -645.83
9 16.0 472.53 -641.37
10 16.0 338.44 -528.41
11 16.0 335.30 -518.26
12 16.0 340.23 -538.83
13 16.0 487.08 -636.97
14 16.0 280.05 -674.39
15 16.0 729.89 -456.34
16 16.0 596.54 -899.64
17 16.0 610.39 -895.39
18 16.0 580.32 -572.76
19 16.0 627.27 -726.41
20 16.0 630.21 -747.09
21 16.0 617.33 -704.50
22 16.0 317.30 -448.69
23 16.0 426.14 -823.75
24 16.0 535.13 -460.20
25 16.0 436.14 -504.76
6 17.0 583.71 -583.61
7 17.0 588.94 -600.32
8 17.0 450.44 -648.04
9 17.0 465.62 -643.45
10 17.0 339.10 -530.65
11 17.0 336.00 -520.52
12 17.0 343.00 -543.87
13 17.0 480.56 -638.94
14 17.0 277.62 -666.67
15 17.0 727.66 -449.70
16 17.0 591.12 -901.30
17 17.0 604.09 -897.33
18 17.0 578.08 -565.59
19 17.0 625.50 -720.55
20 17.0 632.09 -753.38
21 17.0 619.47 -711.62
22 17.0 315.29 -442.14
23 17.0 428.34 -817.78
24 17.0 536.07 -463.21
25 17.0 427.82 -507.26
6 18.0 581.32 -575.94
7 18.0 586.28 -591.82
8 18.0 443.57 -650.12
9 18.0 458.89 -645.49
10 18.0 340.40 -535.02
11 18.0 336.75 -522.95
12 18.0 344.99 -550.91
13 18.0 473.49 -641.08
14 18.0 275.43 -659.61
15 18.0 724.64 -443.07
16 18.0 584.63 -903.29
17 18.0 599.14 -898.84
18 18.0 575.77 -558.18
19 18.0 623.45 -713.74
20 18.0 631.93 -758.21
21 18.0 621.42 -718.09
22 18.0 313.09 -434.94
23 18.0 426.71 -810.93
24 18.0 536.29 -463.94
25 18.0 419.66 -509.72
6 19.0 578.69 -567.54
7 19.0 583.98 -584.46
8 19.0 436.93 -652.12
9 19.0 451.75 -647.64
10 19.0 342.32 -541.51
11 19.0 337.94 -526.80
12 19.0 347.18 -558.63
13 19.0 467.65 -642.84
14 19.0 273.17 -652.35
15 19.0 719.47 -437.27
16 19.0 578.34 -905.22
17 19.0 593.46 -900.58
18 19.0 573.24 -550.10
19 19.0 621.54 -707.38
20 19.0 628.29 -760.62
21 19.0 623.66 -725.52
22 19.0 311.09 -428.51
23 19.0 424.56 -803.67
24 19.0 536.39 -464.25
25 19.0 411.30 -512.22
6 20.0 576.26 -559.76
7 20.0 581.65 -577.00
8 20.0 429.94 -654.24
9 20.0 445.40 -649.56
10 20.0 344.39 -548.77
11 20.0 339.70 -532.67
12 20.0 349.61 -567.00
13 20.0 460.44 -645.02
14 20.0 270.90 -645.03
15 20.0 712.82 -434.07
16 20.0 572.17 -907.11
17 20.0 587.19 -902.51
18 20.0 570.87 -542.52
19 20.0 619.67 -701.18
20 20.0 622.07 -762.46
21 20.0 625.88 -732.83
22 20.0 309.55 -423.16
23 20.0 422.40 -796.42
24 20.0 536.39 -464.26
25 20.0 403.06 -514.69
6 21.0 573.78 -551.83
7 21.0 579.08 -568.78
8 21.0 422.71 -656.42
9 21.0 437.87 -651.84
10 21.0 346.39 -555.84
11 21.0 341.92 -540.15
12 21.0 351.93 -574.50
13 21.0 453.36 -647.16
14 21.0 268.55 -637.44
15 21.0 705.45 -432.17
16 21.0 566.79 -908.76
17 21.0 581.40 -904.28
18 21.0 568.39 -534.60
19 21.0 617.68 -694.57
20 21.0 615.70 -764.38
21 21.0 628.10 -740.14
22 21.0 309.49 -417.26
23 21.0 420.21 -789.04
24 21.0 536.39 -464.26
25 21.0 394.14 -517.37
6 22.0 571.40 -544.20
7 22.0 576.48 -560.46
8 22.0 416.05 -658.44
9 22.0 430.72 -654.00
10 22.0 348.55 -563.45
11 22.0 343.99 -547.36
12 22.0 354.47 -582.71
13 22.0 445.64 -649.49
14 22.0 266.16 -629.63
15 22.0 697.44 -430.52
16 22.0 560.44 -910.73
17 22.0 575.64 -906.05
18 22.0 566.14 -527.30
19 22.0 615.66 -687.83
20 22.0 609.00 -766.40
21 22.0 630.11 -746.76
22 22.0 312.85 -411.02
23 22.0 418.07 -781.80
24 22.0 536.39 -464.26
25 22.0 385.65 -519.91
6 23.0 568.95 -536.40
7 23.0 574.08 -552.78
8 23.0 409.35 -660.47
9 23.0 423.81 -656.09
10 23.0 350.71 -570.57
11 23.0 346.19 -555.14
12 23.0 357.09 -591.18
13 23.0 438.82 -651.55
14 23.0 263.85 -622.10
15 23.0 689.46 -428.88
16 23.0 554.10 -912.69
17 23.0 568.56 -908.22
18 23.0 563.95 -519.88
19 23.0 613.68 -681.15
20 23.0 602.17 -768.49
21 23.0 632.06 -753.27
22 23.0 319.47 -409.10
23 23.0 416.15 -775.35
24 23.0 536.39 -464.26
25 23.0 377.60 -522.35
6 24.0 566.64 -528.99
7 24.0 571.67 -545.09
8 24.0 401.91 -662.72
9 24.0 417.81 -657.91
10 24.0 352.91 -577.68
11 24.0 348.11 -561.93
12 24.0 359.58 -599.37
13 24.0 432.32 -653.52
14 24.0 261.47 -614.24
15 24.0 682.27 -427.40
16 24.0 548.54 -914.38
17 24.0 561.90 -910.28
18 24.0 561.71 -512.32
19 24.0 611.70 -674.50
20 24.0 595.61 -770.56
21 24.0 631.73 -758.43
22 24.0 326.84 -403.62
23 24.0 414.21 -768.81
24 24.0 536.39 -464.26
25 24.0 368.42 -525.17
6 25.0 564.30 -521.05
7 25.0 569.21 -537.22
8 25.0 395.66 -664.61
9 25.0 410.50 -660.12
10 25.0 355.32 -585.44
11 25.0 350.41 -569.58
12 25.0 361.83 -606.91
13 25.0 426.29 -655.34
14 25.0 259.07 -606.35
15 25.0 675.19 -426.08
16 25.0 542.47 -916.18
17 25.0 557.22 -911.72
18 25.0 559.52 -504.91
19 25.0 609.93 -668.52
20 25.0 588.84 -772.65
21 25.0 627.26 -760.90
22 25.0 336.68 -400.77
23 25.0 412.20 -762.05
24 25.0 536.39 -464.26
25 25.0 359.75 -527.92
6 26.0 562.22 -514.05
7 26.0 566.81 -529.55
8 26.0 389.44 -666.49
9 26.0 403.92 -662.11
10 26.0 357.49 -592.48
11 26.0 352.67 -576.90
12 26.0 364.23 -614.98
13 26.0 419.19 -657.49
14 26.0 256.73 -598.67
15 26.0 667.04 -426.17
16 26.0 536.54 -917.93
17 26.0 550.95 -913.66
18 26.0 557.07 -496.63
19 26.0 608.10 -662.36
20 26.0 582.16 -774.68
21 26.0 620.60 -762.91
22 26.0 346.50 -397.91
23 26.0 410.25 -755.47
24 26.0 536.39 -464.26
25 26.0 352.98 -530.09
6 27.0 559.90 -506.18
7 27.0 564.76 -522.62
8 27.0 384.54 -666.58
9 27.0 397.78 -663.97
10 27.0 359.82 -600.17
11 27.0 354.80 -583.79
12 27.0 366.64 -623.12
13 27.0 412.52 -659.51
14 27.0 254.54 -591.46
15 27.0 659.41 -427.98
16 27.0 530.84 -919.67
17 27.0 545.09 -915.41
18 27.0 555.27 -490.77
19 27.0 606.33 -656.41
20 27.0 575.79 -776.58
21 27.0 613.93 -764.92
22 27.0 355.59 -395.27
23 27.0 408.12 -748.31
24 27.0 536.39 -464.26
25 27.0 349.18 -531.26
6 28.0 557.53 -498.18
7 28.0 562.42 -514.73
8 28.0 381.39 -661.54
9 28.0 392.87 -665.46
10 28.0 361.99 -607.46
11 28.0 357.13 -591.31
12 28.0 369.03 -631.15
13 28.0 405.71 -661.57
14 28.0 252.30 -584.10
15 28.0 652.81 -430.92
16 28.0 524.61 -921.57
17 28.0 539.14 -917.17
18 28.0 553.42 -485.21
19 28.0 604.21 -649.52
20 28.0 569.20 -778.51
21 28.0 607.28 -766.92
22 28.0 364.83 -392.59
23 28.0 406.02 -741.43
24 28.0 536.39 -464.26
25 28.0 343.09 -533.03
6 29.0 555.97 -492.66
7 29.0 560.03 -506.62
8 29.0 379.36 -654.71
9 29.0 387.65 -666.85
10 29.0 364.30 -615.22
11 29.0 359.59 -599.40
12 29.0 371.44 -639.27
13 29.0 400.75 -663.07
14 29.0 249.90 -576.18
15 29.0 646.13 -435.10
16 29.0 518.83 -923.32
17 29.0 532.89 -919.04
18 29.0 552.84 -483.55
19 29.0 602.32 -643.44
20 29.0 563.05 -780.31
21 29.0 600.65 -768.97
22 29.0 373.87 -389.97
23 29.0 403.84 -734.34
24 29.0 536.39 -464.26
25 29.0 335.36 -535.28
6 30.0 556.14 -490.00
7 30.0 558.00 -499.76
8 30.0 377.41 -648.15
9 30.0 382.74 -664.95
10 30.0 366.69 -623.29
11 30.0 361.99 -607.46
12 30.0 373.69 -646.85
13 30.0 395.49 -664.66
14 30.0 247.56 -568.48
15 30.0 640.26 -438.96
16 30.0 512.67 -925.20
17 30.0 526.69 -920.93
18 30.0 552.66 -483.05
19 30.0 600.17 -636.50
20 30.0 556.27 -782.30
21 30.0 593.41 -771.25
22 30.0 383.83 -388.11
23 30.0 401.91 -728.04
24 30.0 536.39 -464.26
25 30.0 326.64 -537.89
6 31.0 556.29 -489.63
7 31.0 557.25 -497.22
8 31.0 375.41 -641.43
9 31.0 380.73 -659.34
10 31.0 368.79 -630.35
11 31.0 364.33 -615.31
12 31.0 376.04 -654.78
13 31.0 389.82 -666.38
14 31.0 245.17 -560.62
15 31.0 633.95 -442.47
16 31.0 507.18 -926.88
17 31.0 520.82 -922.72
18 31.0 552.65 -483.02
19 31.0 598.25 -630.30
20 31.0 550.33 -784.04
21 31.0 586.54 -773.35
22 31.0 392.82 -385.97
23 31.0 399.89 -721.46
24 31.0 536.39 -464.26
25 31.0 317.71 -540.49
6 32.0 556.35 -489.49
7 32.0 556.86 -495.91
8 32.0 373.28 -634.24
9 32.0 378.52 -651.90
10 32.0 370.83 -637.22
11 32.0 366.18 -621.57
12 32.0 377.76 -660.57
13 32.0 386.19 -667.91
14 32.0 242.69 -552.43
15 32.0 627.14 -444.99
16 32.0 501.71 -928.58
17 32.0 515.71 -924.27
18 32.0 552.65 -483.01
19 32.0 596.42 -624.41
20 32.0 543.94 -785.91
21 32.0 579.70 -775.42
22 32.0 402.43 -383.02
23 32.0 397.95 -715.16
24 32.0 536.39 -464.26
25 32.0 308.98 -543.07
6 33.0 556.40 -489.37
7 33.0 556.80 -495.71
8 33.0 371.28 -627.50
9 33.0 376.30 -644.41
10 33.0 373.04 -644.66
11 33.0 368.29 -628.68
12 33.0 378.33 -662.50
13 33.0 382.89 -671.79
14 33.0 240.25 -544.38
15 33.0 619.68 -447.61
16 33.0 495.56 -930.48
17 33.0 510.72 -925.79
18 33.0 552.65 -483.01
19 33.0 594.46 -618.11
20 33.0 537.41 -787.86
21 33.0 573.35 -777.29
22 33.0 410.12 -377.90
23 33.0 395.99 -708.76
24 33.0 536.39 -464.26
25 33.0 300.28 -545.67
6 34.0 556.40 -489.36
7 34.0 556.75 -495.56
8 34.0 369.08 -620.09
9 34.0 374.07 -636.92
10 34.0 374.99 -651.24
11 34.0 370.66 -636.66
12 34.0 378.37 -662.65
13 34.0 383.45 -678.79
14 34.0 238.04 -537.11
15 34.0 612.79 -449.97
16 34.0 489.40 -932.39
17 34.0 503.99 -927.87
18 34.0 552.65 -483.01
19 34.0 592.39 -611.45
20 34.0 530.58 -789.92
21 34.0 565.86 -779.49
22 34.0 419.06 -374.09
23 34.0 393.72 -701.36
24 34.0 536.39 -464.26
25 34.0 291.89 -548.14
6 35.0 556.40 -489.36
7 35.0 556.75 -495.53
8 35.0 367.17 -613.67
9 35.0 371.89 -629.57
10 35.0 375.94 -654.43
11 35.0 372.49 -642.82
12 35.0 378.41 -662.76
13 35.0 385.88 -686.74
14 35.0 235.74 -529.52
15 35.0 605.70 -452.36
16 35.0 483.45 -934.24
17 35.0 498.01 -929.72
18 35.0 552.65 -483.01
19 35.0 590.27 -604.62
20 35.0 524.43 -791.78
21 35.0 559.15 -781.45
22 35.0 428.92 -370.62
23 35.0 391.80 -695.12
24 35.0 536.39 -464.26
25 35.0 282.43 -549.12
6 36.0 556.40 -489.36
7 36.0 556.74 -495.53
8 36.0 365.27 -607.29
9 36.0 369.87 -622.76
10 36.0 376.22 -655.38
11 36.0 373.63 -646.66
12 36.0 378.41 -662.77
13 36.0 388.47 -695.15
14 36.0 233.61 -522.49
15 36.0 598.71 -454.62
16 36.0 477.38 -936.12
17 36.0 492.35 -931.48
18 36.0 552.65 -483.01
19 36.0 588.46 -598.79
20 36.0 518.25 -793.64
21 36.0 551.93 -783.57
22 36.0 437.99 -367.70
23 36.0 389.61 -687.97
24 36.0 536.39 -464.26
25 36.0 273.38 -550.26
6 37.0 556.40 -489.36
7 37.0 556.74 -495.53
8 37.0 363.19 -600.31
9 37.0 368.06 -616.67
10 37.0 376.25 -655.48
11 37.0 373.87 -647.46
12 37.0 378.42 -662.78
13 37.0 391.14 -703.87
14 37.0 231.26 -514.75
15 37.0 591.49 -456.96
16 37.0 471.99 -937.79
17 37.0 485.54 -933.59
18 37.0 552.65 -483.01
19 37.0 586.41 -592.25
20 37.0 512.10 -795.49
21 37.0 545.41 -785.48
22 37.0 447.52 -364.88
23 37.0 387.53 -681.20
24 37.0 536.39 -464.26
25 37.0 264.65 -552.83
6 38.0 556.40 -489.36
7 38.0 556.74 -495.53
8 38.0 361.04 -593.16
9 38.0 365.78 -608.99
10 38.0 376.27 -655.55
11 38.0 374.11 -648.26
12 38.0 378.42 -662.78
13 38.0 393.52 -711.61
14 38.0 228.92 -507.03
15 38.0 584.64 -459.20
16 38.0 467.69 -938.02
17 38.0 479.94 -935.33
18 38.0 552.65 -483.01
19 38.0 584.44 -585.93
20 38.0 506.28 -797.25
21 38.0 538.67 -787.48
22 38.0 456.47 -362.24
23 38.0 386.63 -678.27
24 38.0 536.39 -464.26
25 38.0 255.99 -555.39
6 39.0 556.40 -489.36
7 39.0 556.74 -495.53
8 39.0 358.78 -585.80
9 39.0 363.56 -601.53
10 39.0 376.28 -655.58
11 39.0 374.12 -648.32
12 39.0 378.42 -662.78
13 39.0 396.25 -720.51
14 39.0 226.61 -499.34
15 39.0 576.96 -461.70
16 39.0 464.59 -934.47
17 39.0 475.54 -936.69
18 39.0 552.65 -483.01
19 39.0 582.46 -579.61
20 39.0 500.20 -799.08
21 39.0 532.02 -789.49
22 39.0 466.07 -359.40
23 39.0 386.53 -677.95
24 39.0 536.39 -464.26
25 39.0 251.63 -556.67
6 40.0 556.40 -489.36
7 40.0 556.74 -495.53
8 40.0 356.57 -578.66
9 40.0 361.21 -593.72
10 40.0 376.28 -655.59
11 40.0 374.14 -648.38
12 40.0 378.42 -662.78
13 40.0 398.77 -728.73
14 40.0 224.89 -491.94
15 40.0 569.32 -464.04
16 40.0 463.05 -929.65
17 40.0 471.18 -938.00
18 40.0 552.65 -483.01
19 40.0 580.50 -573.33
20 40.0 493.27 -801.18
21 40.0 525.54 -791.44
22 40.0 475.52 -356.61
23 40.0 386.46 -677.72
24 40.0 536.39 -464.26
25 40.0 245.12 -556.61
6 41.0 556.40 -489.36
7 41.0 556.74 -495.53
8 41.0 354.35 -571.53
9 41.0 359.17 -587.06
10 41.0 376.28 -655.59
11 41.0 374.15 -648.39
12 41.0 378.42 -662.78
13 41.0 401.42 -737.36
14 41.0 225.17 -483.12
15 41.0 562.08 -466.43
16 41.0 460.96 -923.07
17 41.0 466.78 -937.65
18 41.0 552.65 -483.01
19 41.0 578.37 -566.53
20 41.0 487.02 -803.07
21 41.0 518.29 -793.62
22 41.0 485.33 -353.71
23 41.0 386.45 -677.69
24 41.0 536.39 -464.26
25 41.0 242.24 -550.95
6 42.0 556.40 -489.36
7 42.0 556.74 -495.53
8 42.0 352.07 -564.15
9 42.0 357.11 -580.42
10 42.0 376.28 -655.59
11 42.0 374.15 -648.40
12 42.0 378.42 -662.78
13 42.0 404.05 -745.92
14 42.0 222.28 -473.10
15 42.0 555.15 -468.68
16 42.0 459.15 -917.39
17 42.0 464.27 -933.54
18 42.0 552.65 -483.01
19 42.0 576.48 -560.47
20 42.0 480.26 -805.11
21 42.0 511.95 -795.54
22 42.0 494.78 -350.91
23 42.0 386.45 -677.69
24 42.0 536.39 -464.26
25 42.0 239.67 -542.47
6 43.0 556.40 -489.36
7 43.0 556.74 -495.53
8 43.0 350.14 -557.37
9 43.0 354.84 -573.09
10 43.0 376.28 -655.59
11 43.0 374.15 -648.40
12 43.0 378.42 -662.78
13 43.0 406.38 -753.69
14 43.0 219.48 -462.91
15 43.0 547.82 -470.98
16 43.0 457.45 -911.94
17 43.0 462.02 -926.40
18 43.0 552.65 -483.01
19 43.0 574.67 -554.69
20 43.0 473.43 -807.17
21 43.0 504.85 -797.68
22 43.0 504.16 -348.31
23 43.0 386.45 -677.69
24 43.0 536.39 -464.26
25 43.0 237.06 -533.86
6 44.0 556.40 -489.36
7 44.0 556.74 -495.53
8 44.0 348.11 -550.18
9 44.0 352.52 -565.60
10 44.0 376.28 -655.59
11 44.0 374.15 -648.40
12 44.0 378.42 -662.78
13 44.0 408.89 -762.11
14 44.0 217.37 -455.62
15 44.0 541.19 -473.06
16 44.0 455.63 -905.80
17 44.0 460.28 -920.93
18 44.0 552.65 -483.01
19 44.0 572.67 -548.29
20 44.0 467.35 -809.02
21 44.0 497.53 -799.89
22 44.0 513.08 -346.25
23 44.0 386.45 -677.68
24 44.0 536.39 -464.26
25 44.0 234.27 -524.66
6 45.0 556.40 -489.36
7 45.0 556.74 -495.53
8 45.0 346.36 -544.01
9 45.0 350.52 -558.72
10 45.0 376.28 -655.59
11 45.0 374.15 -648.40
12 45.0 378.42 -662.78
13 45.0 411.47 -770.83
14 45.0 216.88 -446.69
15 45.0 536.29 -474.60
16 45.0 453.97 -900.19
17 45.0 458.25 -914.56
18 45.0 552.65 -483.01
19 45.0 570.84 -542.42
20 45.0 460.66 -811.06
21 45.0 490.19 -802.11
22 45.0 521.75 -344.39
23 45.0 386.45 -677.68
24 45.0 536.39 -464.26
25 45.0 231.52 -515.59
6 46.0 556.40 -489.36
7 46.0 556.74 -495.53
8 46.0 343.94 -537.78
9 46.0 348.60 -551.93
10 46.0 376.28 -655.59
11 46.0 374.15 -648.40
12 46.0 378.42 -662.78
13 46.0 413.86 -778.86
14 46.0 223.09 -440.95
15 46.0 528.66 -476.93
16 46.0 452.05 -893.72
17 46.0 456.47 -908.64
18 46.0 552.65 -483.01
19 46.0 568.99 -536.52
20 46.0 454.66 -812.86
21 46.0 483.76 -804.05
22 46.0 526.97 -343.27
23 46.0 386.45 -677.68
24 46.0 536.39 -464.26
25 46.0 228.96 -507.18
6 47.0 556.40 -489.36
7 47.0 556.74 -495.53
8 47.0 337.42 -535.05
9 47.0 346.91 -545.95
10 47.0 376.28 -655.59
11 47.0 374.15 -648.40
12 47.0 378.42 -662.78
13 47.0 416.35 -787.26
14 47.0 233.63 -437.17
15 47.0 521.98 -478.97
16 47.0 450.17 -887.59
17 47.0 454.72 -902.75
18 47.0 552.65 -483.01
19 47.0 566.95 -529.99
20 47.0 447.63 -814.98
21 47.0 476.43 -806.27
22 47.0 528.31 -340.32
23 47.0 386.45 -677.68
24 47.0 536.39 -464.26
25 47.0 226.54 -499.13
6 48.0 556.40 -489.36
7 48.0 556.74 -495.53
8 48.0 330.49 -536.74
9 48.0 345.82 -542.10
10 48.0 376.28 -655.59
11 48.0 374.15 -648.40
12 48.0 378.42 -662.78
13 48.0 418.92 -795.91
14 48.0 244.16 -433.99
15 48.0 514.10 -481.36
16 48.0 448.27 -881.35
17 48.0 452.77 -896.15
18 48.0 552.65 -483.01
19 48.0 565.11 -523.81
20 48.0 440.99 -816.98
21 48.0 469.89 -808.24
22 48.0 528.86 -335.78
23 48.0 386.45 -677.68
24 48.0 536.39 -464.26
25 48.0 225.34 -490.42
6 49.0 556.40 -489.36
7 49.0 556.74 -495.53
8 49.0 323.87 -538.70
9 49.0 342.71 -536.63
10 49.0 376.28 -655.59
11 49.0 374.15 -648.40
12 49.0 378.42 -662.78
13 49.0 421.51 -804.64
14 49.0 253.49 -427.94
15 49.0 507.26 -483.30
16 49.0 446.47 -875.44
17 49.0 450.76 -889.50
18 49.0 552.65 -483.01
19 49.0 563.09 -516.97
20 49.0 436.34 -818.38
21 49.0 462.49 -810.50
22 49.0 524.96 -336.08
23 49.0 386.45 -677.68
24 49.0 536.39 -464.26
25 49.0 224.35 -480.26
6 50.0 556.40 -489.36
7 50.0 556.74 -495.53
8 50.0 316.87 -540.73
9 50.0 335.78 -535.30
10 50.0 376.28 -655.59
11 50.0 374.15 -648.40
12 50.0 378.42 -662.78
13 50.0 424.13 -813.47
14 50.0 263.42 -425.07
15 50.0 499.28 -485.36
16 50.0 444.68 -869.55
17 50.0 449.06 -883.97
18 50.0 552.65 -483.01
19 50.0 561.16 -510.44
20 50.0 431.29 -818.86
21 50.0 455.10 -812.73
22 50.0 519.20 -338.34
23 50.0 386.45 -677.68
24 50.0 536.39 -464.26
25 50.0 220.87 -468.02
6 51.0 556.40 -489.36
7 51.0 556.74 -495.53
8 51.0 310.54 -542.60
9 51.0 328.41 -537.38
10 51.0 376.28 -655.59
11 51.0 374.15 -648.40
12 51.0 378.42 -662.78
13 51.0 424.75 -820.38
14 51.0 274.29 -421.94
15 51.0 492.39 -487.43
16 51.0 442.91 -863.73
17 51.0 447.35 -878.33
18 51.0 552.65 -483.01
19 51.0 559.57 -505.09
20 51.0 427.91 -814.95
21 51.0 448.19 -814.81
22 51.0 511.83 -341.17
23 51.0 386.45 -677.68
24 51.0 536.39 -464.26
25 51.0 217.72 -456.79
6 52.0 556.40 -489.36
7 52.0 556.74 -495.53
8 52.0 304.01 -544.57
9 52.0 320.42 -539.71
10 52.0 376.28 -655.59
11 52.0 374.15 -648.40
12 52.0 378.42 -662.78
13 52.0 418.84 -823.63
14 52.0 284.62 -418.97
15 52.0 484.80 -489.97
16 52.0 441.04 -857.69
17 52.0 445.70 -872.90
18 52.0 552.65 -483.01
19 52.0 559.12 -503.55
20 52.0 426.14 -808.99
21 52.0 441.41 -816.85
22 52.0 508.28 -342.15
23 52.0 386.45 -677.68
24 52.0 536.39 -464.26
25 52.0 216.71 -447.87
6 53.0 556.40 -489.36
7 53.0 556.74 -495.53
8 53.0 296.87 -546.67
9 53.0 312.98 -541.86
10 53.0 376.28 -655.59
11 53.0 374.15 -648.40
12 53.0 378.42 -662.78
13 53.0 410.84 -826.02
14 53.0 290.60 -417.25
15 53.0 478.13 -492.06
16 53.0 439.11 -851.45
17 53.0 443.72 -866.37
18 53.0 552.65 -483.01
19 53.0 558.97 -503.05
20 53.0 424.37 -803.05
21 53.0 436.42 -818.35
22 53.0 507.94 -342.24
23 53.0 386.45 -677.68
24 53.0 536.39 -464.26
25 53.0 223.18 -440.91
6 54.0 556.40 -489.36
7 54.0 556.74 -495.53
8 54.0 290.05 -548.68
9 54.0 305.24 -544.20
10 54.0 376.28 -655.59
11 54.0 374.15 -648.40
12 54.0 378.42 -662.78
13 54.0 402.60 -828.50
14 54.0 292.25 -416.78
15 54.0 470.97 -494.23
16 54.0 437.36 -845.77
17 54.0 441.72 -859.89
18 54.0 552.65 -483.01
19 54.0 558.91 -502.83
20 54.0 422.64 -797.21
21 54.0 431.58 -818.93
22 54.0 506.82 -339.23
23 54.0 386.45 -677.68
24 54.0 536.39 -464.26
25 54.0 232.80 -434.08
6 55.0 556.40 -489.36
7 55.0 556.74 -495.53
8 55.0 282.59 -549.18
9 55.0 297.85 -546.38
10 55.0 376.28 -655.59
11 55.0 374.15 -648.40
12 55.0 378.42 -662.78
13 55.0 393.94 -831.10
14 55.0 292.66 -416.67
15 55.0 463.63 -496.45
16 55.0 435.50 -839.77
17 55.0 440.04 -854.44
18 55.0 552.65 -483.01
19 55.0 558.89 -502.77
20 55.0 420.87 -791.24
21 55.0 427.99 -815.16
22 55.0 506.79 -339.24
23 55.0 386.45 -677.68
24 55.0 536.39 -464.26
25 55.0 244.13 -430.67
6 56.0 556.40 -489.36
7 56.0 556.74 -495.53
8 56.0 275.61 -549.60
9 56.0 290.80 -548.46
10 56.0 376.28 -655.59
11 56.0 374.15 -648.40
12 56.0 378.42 -662.78
13 56.0 385.25 -833.70
14 56.0 292.70 -416.66
15 56.0 456.00 -498.76
16 56.0 433.46 -833.16
17 56.0 438.17 -848.38
18 56.0 552.65 -483.01
19 56.0 558.88 -502.73
20 56.0 419.05 -785.13
21 56.0 426.48 -810.16
22 56.0 506.79 -339.24
23 56.0 386.45 -677.68
24 56.0 536.39 -464.26
25 56.0 255.37 -427.40
6 57.0 556.40 -489.36
7 57.0 556.74 -495.53
8 57.0 268.54 -551.68
9 57.0 284.53 -549.80
10 57.0 376.28 -655.59
11 57.0 374.15 -648.40
12 57.0 378.42 -662.78
13 57.0 376.52 -836.31
14 57.0 292.70 -416.66
15 57.0 448.44 -501.05
16 57.0 431.79 -828.15
17 57.0 435.91 -841.10
18 57.0 552.65 -483.01
19 57.0 558.87 -502.72
20 57.0 417.27 -779.14
21 57.0 424.38 -803.09
22 57.0 506.79 -339.24
23 57.0 386.45 -677.68
24 57.0 536.39 -464.26
25 57.0 267.36 -423.93
6 58.0 556.40 -489.36
7 58.0 556.74 -495.53
8 58.0 261.90 -553.65
9 58.0 277.11 -549.15
10 58.0 376.28 -655.59
11 58.0 374.15 -648.40
12 58.0 378.42 -662.78
13 58.0 368.70 -838.65
14 58.0 292.70 -416.66
15 58.0 441.45 -503.17
16 58.0 428.14 -823.25
17 58.0 434.35 -836.04
18 58.0 552.65 -483.01
19 58.0 558.87 -502.72
20 58.0 415.49 -773.13
21 58.0 422.31 -796.09
22 58.0 506.79 -339.24
23 58.0 386.45 -677.68
24 58.0 536.39 -464.26
25 58.0 276.39 -418.01
6 59.0 556.40 -489.36
7 59.0 556.74 -495.53
8 59.0 255.32 -555.59
9 59.0 269.96 -551.27
10 59.0 376.28 -655.59
11 59.0 374.15 -648.40
12 59.0 378.42 -662.78
13 59.0 360.48 -841.11
14 59.0 292.70 -416.66
15 59.0 434.32 -505.31
16 59.0 422.01 -822.81
17 59.0 432.40 -829.74
18 59.0 552.65 -483.01
19 59.0 558.87 -502.72
20 59.0 413.71 -767.15
21 59.0 420.09 -788.62
22 59.0 506.79 -339.24
23 59.0 386.45 -677.68
24 59.0 536.39 -464.26
25 59.0 284.85 -415.58
6 60.0 556.40 -489.36
7 60.0 556.74 -495.53
8 60.0 250.75 -556.93
9 60.0 263.59 -553.15
10 60.0 376.28 -655.59
11 60.0 374.15 -648.40
12 60.0 379.30 -665.04
13 60.0 352.67 -843.46
14 60.0 294.59 -416.13
15 60.0 427.14 -507.47
16 60.0 416.56 -824.31
17 60.0 430.63 -825.71
18 60.0 551.70 -480.93
19 60.0 558.87 -502.72
20 60.0 411.91 -761.08
21 60.0 417.99 -781.54
22 60.0 503.56 -336.84
23 60.0 386.02 -676.30
24 60.0 536.80 -465.69
25 60.0 295.57 -412.55
6 61.0 557.02 -486.79
7 61.0 556.74 -495.53
8 61.0 245.13 -556.62
9 61.0 259.24 -554.43
10 61.0 376.64 -656.80
11 61.0 374.15 -648.40
12 61.0 380.49 -667.46
13 61.0 344.73 -845.84
14 61.0 298.35 -415.11
15 61.0 420.46 -509.48
16 61.0 410.19 -826.21
17 61.0 425.48 -822.51
18 61.0 549.69 -477.34
19 61.0 558.87 -502.72
20 61.0 410.12 -755.06
21 61.0 415.89 -774.47
22 61.0 499.23 -338.18
23 61.0 384.99 -673.06
24 61.0 537.59 -469.31
25 61.0 306.75 -409.42
6 62.0 555.71 -482.09
7 62.0 556.08 -493.29
8 62.0 242.51 -551.83
9 62.0 253.14 -556.23
10 62.0 377.70 -660.38
11 62.0 374.33 -649.01
12 62.0 380.49 -667.46
13 62.0 340.88 -847.00
14 62.0 304.03 -413.51
15 62.0 413.04 -511.70
16 62.0 404.33 -827.98
17 62.0 419.03 -823.57
18 62.0 548.91 -476.76
19 62.0 558.87 -502.72
20 62.0 408.29 -748.88
21 62.0 413.94 -767.91
22 62.0 493.03 -340.10
23 62.0 383.39 -667.97
24 62.0 536.17 -474.35
25 62.0 317.87 -406.23
6 63.0 554.53 -475.33
7 63.0 556.10 -490.11
8 63.0 240.46 -545.08
9 63.0 247.47 -557.48
10 63.0 377.73 -660.48
11 63.0 375.04 -651.41
12 63.0 380.49 -667.46
13 63.0 335.29 -847.73
14 63.0 310.99 -411.56
15 63.0 406.20 -513.75
16 63.0 398.20 -829.82
17 63.0 413.38 -825.26
18 63.0 547.06 -475.37
19 63.0 558.30 -500.77
20 63.0 406.43 -742.76
21 63.0 411.80 -760.70
22 63.0 485.55 -342.42
23 63.0 381.25 -661.09
24 63.0 533.45 -475.47
25 63.0 330.19 -402.65
6 64.0 558.82 -470.87
7 64.0 556.19 -483.44
8 64.0 238.44 -538.41
9 64.0 242.92 -553.19
10 64.0 377.74 -660.51
11 64.0 375.39 -652.60
12 64.0 381.60 -668.48
13 64.0 331.30 -842.41
14 64.0 320.11 -408.91
15 64.0 398.78 -515.98
16 64.0 392.61 -831.49
17 64.0 406.51 -827.32
18 64.0 542.55 -474.04
19 64.0 557.18 -496.99
20 64.0 404.57 -736.73
21 64.0 409.80 -753.96
22 64.0 476.66 -345.17
23 64.0 379.31 -654.56
24 64.0 527.39 -477.32
25 64.0 341.89 -399.25
6 65.0 566.94 -468.19
7 65.0 554.47 -476.62
8 65.0 236.21 -531.05
9 65.0 241.02 -546.92
10 65.0 378.23 -662.17
11 65.0 375.51 -652.99
12 65.0 384.61 -670.00
13 65.0 328.59 -833.52
14 65.0 330.88 -405.78
15 65.0 390.97 -518.32
16 65.0 387.03 -833.16
17 65.0 401.24 -828.91
18 65.0 535.46 -474.87
19 65.0 555.92 -492.77
20 65.0 402.67 -730.51
21 65.0 407.82 -747.31
22 65.0 467.68 -347.95
23 65.0 377.37 -648.00
24 65.0 520.99 -479.27
25 65.0 353.94 -395.76
6 66.0 574.49 -465.80
7 66.0 557.84 -471.21
8 66.0 234.27 -524.66
9 66.0 238.78 -539.53
10 66.0 378.84 -664.19
11 66.0 375.89 -654.28
12 66.0 390.16 -669.62
13 66.0 325.86 -824.90
14 66.0 341.42 -402.72
15 66.0 383.68 -520.50
16 66.0 381.47 -834.83
17 66.0 395.86 -830.52
18 66.0 530.72 -476.30
19 66.0 553.88 -486.53
20 66.0 400.63 -723.87
21 66.0 405.77 -740.63
22 66.0 457.80 -351.01
23 66.0 375.50 -641.71
24 66.0 515.04 -481.09
25 66.0 365.16 -392.50
6 67.0 582.07 -463.41
7 67.0 565.02 -468.83
8 67.0 232.33 -518.29
9 67.0 236.81 -533.04
10 67.0 380.10 -668.17
11 67.0 376.69 -656.95
12 67.0 397.28 -667.46
13 67.0 323.13 -816.12
14 67.0 351.39 -399.83
15 67.0 376.70 -522.63
16 67.0 375.33 -836.67
17 67.0 390.21 -832.21
18 67.0 524.68 -478.15
19 67.0 551.57 -480.69
20 67.0 398.73 -717.68
21 67.0 403.55 -733.40
22 67.0 448.22 -353.93
23 67.0 373.35 -634.46
24 67.0 508.96 -482.82
25 67.0 376.76 -389.12
6 68.0 589.57 -460.95
7 68.0 572.60 -466.38
8 68.0 230.11 -510.97
9 68.0 235.05 -527.24
10 68.0 381.76 -673.46
11 68.0 377.85 -660.88
12 68.0 405.84 -664.87
13 68.0 320.58 -807.19
14 68.0 361.16 -396.99
15 68.0 369.00 -524.99
16 68.0 369.67 -838.36
17 68.0 383.60 -834.19
18 68.0 518.64 -479.99
19 68.0 549.29 -477.04
20 68.0 396.62 -710.80
21 68.0 401.47 -726.60
22 68.0 438.91 -356.68
23 68.0 371.18 -627.17
24 68.0 503.16 -484.36
25 68.0 388.84 -387.20
6 69.0 596.85 -458.58
7 69.0 581.05 -463.75
8 69.0 227.86 -503.51
9 69.0 232.69 -519.47
10 69.0 384.11 -680.95
11 69.0 379.38 -665.89
12 69.0 414.07 -662.38
13 69.0 318.17 -799.27
14 69.0 371.16 -394.09
15 69.0 361.51 -527.35
16 69.0 364.10 -840.03
17 69.0 378.59 -835.69
18 69.0 512.10 -481.93
19 69.0 543.31 -474.18
20 69.0 394.66 -704.42
21 69.0 399.52 -720.27
22 69.0 429.15 -359.57
23 69.0 369.27 -620.75
24 69.0 497.26 -485.89
25 69.0 399.95 -383.78
6 70.0 605.14 -455.91
7 70.0 587.99 -461.47
8 70.0 225.62 -496.05
9 70.0 230.46 -512.10
10 70.0 386.51 -688.76
11 70.0 381.67 -673.16
12 70.0 422.53 -659.82
13 70.0 315.65 -791.02
14 70.0 382.06 -391.14
15 70.0 354.45 -529.62
16 70.0 358.44 -841.73
17 70.0 372.89 -837.40
18 70.0 506.26 -483.56
19 70.0 537.21 -474.56
20 70.0 392.56 -697.58
21 70.0 397.48 -713.62
22 70.0 419.65 -362.38
23 70.0 367.31 -614.12
24 70.0 491.42 -487.75
25 70.0 411.35 -382.61
6 71.0 613.13 -453.24
7 71.0 595.49 -459.02
8 71.0 225.77 -489.21
9 71.0 228.00 -504.00
10 71.0 388.92 -696.64
11 71.0 384.08 -680.87
12 71.0 430.29 -657.47
13 71.0 313.05 -782.53
14 71.0 392.46 -389.43
15 71.0 349.58 -531.15
16 71.0 352.29 -843.57
17 71.0 366.66 -839.26
18 71.0 500.70 -485.00
19 71.0 533.46 -475.46
20 71.0 390.59 -691.18
21 71.0 395.55 -707.33
22 71.0 410.22 -365.17
23 71.0 365.28 -607.30
24 71.0 485.50 -489.74
25 71.0 422.88 -379.53
6 72.0 620.60 -450.67
7 72.0 603.57 -456.41
8 72.0 224.55 -480.98
9 72.0 225.87 -496.87
10 72.0 391.05 -703.56
11 72.0 386.52 -688.80
12 72.0 438.48 -654.99
13 72.0 310.49 -774.15
14 72.0 402.71 -386.27
15 72.0 343.67 -534.57
16 72.0 345.70 -845.55
17 72.0 360.92 -840.98
18 72.0 494.84 -486.61
19 72.0 526.72 -477.52
20 72.0 388.43 -684.13
21 72.0 393.48 -700.58
22 72.0 401.14 -371.20
23 72.0 363.13 -600.11
24 72.0 479.52 -491.64
25 72.0 435.44 -378.50
6 73.0 627.78 -448.15
7 73.0 611.96 -453.65
8 73.0 221.73 -471.14
9 73.0 225.87 -488.91
10 73.0 393.49 -711.51
11 73.0 388.58 -695.52
12 73.0 446.13 -652.68
13 73.0 308.10 -766.22
14 73.0 413.33 -385.81
15 73.0 342.41 -541.15
16 73.0 340.58 -847.08
17 73.0 354.35 -842.95
18 73.0 488.54 -488.72
19 73.0 520.31 -479.48
20 73.0 386.59 -678.12
21 73.0 391.44 -693.93
22 73.0 391.96 -375.58
23 73.0 361.25 -593.88
24 73.0 473.25 -493.54
25 73.0 446.58 -375.17
6 74.0 635.73 -445.21
7 74.0 619.11 -451.18
8 74.0 219.11 -461.54
9 74.0 224.15 -479.59
10 74.0 395.63 -718.50
11 74.0 391.13 -703.84
12 74.0 454.28 -650.23
13 74.0 305.58 -757.94
14 74.0 423.93 -382.55
15 74.0 344.14 -547.89
16 74.0 335.88 -847.87
17 74.0 349.25 -844.48
18 74.0 482.38 -490.77
19 74.0 513.76 -481.46
20 74.0 384.50 -671.49
21 74.0 389.41 -687.32
22 74.0 382.43 -378.40
23 74.0 359.33 -587.58
24 74.0 467.46 -495.29
25 74.0 458.76 -371.57
6 75.0 642.98 -441.01
7 75.0 627.26 -448.34
8 75.0 217.26 -455.11
9 75.0 221.36 -469.79
10 75.0 397.76 -725.45
11 75.0 393.21 -710.62
12 75.0 461.89 -647.93
13 75.0 303.19 -750.10
14 75.0 434.44 -378.86
15 75.0 346.11 -554.85
16 75.0 332.15 -844.73
17 75.0 343.97 -846.07
18 75.0 475.86 -492.75
19 75.0 507.71 -483.17
20 75.0 382.63 -665.56
21 75.0 387.47 -681.00
22 75.0 372.62 -381.30
23 75.0 357.11 -580.41
24 75.0 461.79 -497.01
25 75.0 470.60 -368.07
6 76.0 650.13 -436.29
7 76.0 635.60 -445.26
8 76.0 216.73 -447.72
9 76.0 219.61 -463.39
10 76.0 399.97 -732.65
11 76.0 395.23 -717.21
12 76.0 469.70 -645.56
13 76.0 300.57 -741.47
14 76.0 445.27 -375.56
15 76.0 348.33 -562.70
16 76.0 330.60 -840.12
17 76.0 339.98 -847.26
18 76.0 469.59 -494.64
19 76.0 501.02 -484.91
20 76.0 380.67 -659.11
21 76.0 385.45 -674.50
22 76.0 363.27 -384.07
23 76.0 354.85 -573.13
24 76.0 455.94 -498.78
25 76.0 482.06 -364.69
6 77.0 657.82 -432.04
7 77.0 642.59 -441.27
8 77.0 221.08 -442.04
9 77.0 217.53 -456.16
10 77.0 402.22 -739.98
11 77.0 397.36 -724.13
12 77.0 477.42 -643.23
13 77.0 297.93 -732.79
14 77.0 455.00 -372.69
15 77.0 350.61 -570.25
16 77.0 328.67 -833.79
17 77.0 334.78 -847.60
18 77.0 464.07 -496.32
19 77.0 494.34 -486.78
20 77.0 378.66 -652.35
21 77.0 383.50 -668.32
22 77.0 353.53 -386.95
23 77.0 352.67 -566.10
24 77.0 450.32 -500.48
25 77.0 493.41 -361.33
6 78.0 665.92 -429.65
7 78.0 649.21 -436.89
8 78.0 228.54 -438.99
9 78.0 216.60 -448.66
10 78.0 404.64 -747.84
11 78.0 399.64 -731.57
12 78.0 485.79 -640.70
13 78.0 295.56 -725.01
14 78.0 465.30 -369.64
15 78.0 352.69 -576.98
16 78.0 326.80 -827.87
17 78.0 331.83 -844.08
18 78.0 458.86 -497.89
19 78.0 488.14 -488.85
20 78.0 376.60 -645.43
21 78.0 381.25 -661.08
22 78.0 344.21 -389.70
23 78.0 350.59 -558.97
24 78.0 444.05 -502.38
25 78.0 505.19 -357.95
6 79.0 674.22 -429.23
7 79.0 656.99 -432.36
8 79.0 237.35 -435.97
9 79.0 220.48 -442.38
10 79.0 406.73 -754.85
11 79.0 402.03 -739.34
12 79.0 493.68 -638.31
13 79.0 293.07 -716.83
14 79.0 475.84 -366.53
15 79.0 354.95 -584.27
16 79.0 325.06 -822.37
17 79.0 330.20 -838.81
18 79.0 452.85 -499.71
19 79.0 481.20 -491.13
20 79.0 374.74 -639.14
21 79.0 379.16 -654.05
22 79.0 335.32 -392.33
23 79.0 348.81 -552.67
24 79.0 437.60 -504.32
25 79.0 517.08 -355.18
6 80.0 682.42 -430.70
7 80.0 664.74 -429.91
8 80.0 246.48 -433.31
9 80.0 227.88 -439.23
10 80.0 408.77 -761.74
11 80.0 404.38 -746.98
12 80.0 501.18 -636.04
13 80.0 290.46 -708.26
14 80.0 485.92 -363.55
15 80.0 357.35 -592.02
16 80.0 323.37 -816.97
17 80.0 328.04 -831.78
18 80.0 446.17 -501.74
19 80.0 474.24 -493.24
20 80.0 372.93 -633.05
21 80.0 377.35 -647.95
22 80.0 326.10 -395.00
23 80.0 346.99 -546.20
24 80.0 431.23 -506.24
25 80.0 529.00 -352.59
6 81.0 690.58 -432.38
7 81.0 673.24 -429.19
8 81.0 255.44 -430.71
9 81.0 237.19 -436.01
10 81.0 410.89 -768.87
11 81.0 406.26 -753.27
12 81.0 509.71 -633.46
13 81.0 287.87 -699.81
14 81.0 496.57 -360.40
15 81.0 359.51 -599.15
16 81.0 321.52 -810.41
17 81.0 326.19 -825.92
18 81.0 439.56 -503.73
19 81.0 467.53 -495.27
20 81.0 370.91 -626.24
21 81.0 375.39 -641.35
22 81.0 316.89 -396.19
23 81.0 345.93 -542.48
24 81.0 425.00 -508.11
25 81.0 539.54 -347.75
6 82.0 698.33 -433.97
7 82.0 681.90 -430.59
8 82.0 264.44 -428.11
9 82.0 246.13 -433.42
10 82.0 413.29 -776.93
11 82.0 408.22 -759.89
12 82.0 517.16 -631.21
13 82.0 285.30 -691.43
14 82.0 506.98 -357.50
15 82.0 361.61 -606.17
16 82.0 319.63 -804.05
17 82.0 323.92 -818.75
18 82.0 433.25 -505.63
19 82.0 461.29 -497.16
20 82.0 368.93 -619.60
21 82.0 373.31 -634.35
22 82.0 307.87 -399.00
23 82.0 344.41 -537.29
24 82.0 418.99 -509.92
25 82.0 550.31 -345.49
6 83.0 706.38 -435.62
7 83.0 689.33 -432.12
8 83.0 273.49 -425.51
9 83.0 255.76 -430.62
10 83.0 415.34 -783.86
11 83.0 410.52 -767.63
12 83.0 525.31 -628.75
13 83.0 282.89 -683.66
14 83.0 517.69 -355.05
15 83.0 363.80 -613.56
16 83.0 317.91 -798.41
17 83.0 321.94 -811.91
18 83.0 427.09 -507.48
19 83.0 454.65 -499.17
20 83.0 367.06 -613.31
21 83.0 371.36 -627.78
22 83.0 298.48 -402.03
23 83.0 342.31 -530.19
24 83.0 412.64 -511.82
25 83.0 562.89 -343.91
6 84.0 714.64 -438.13
7 84.0 696.97 -433.69
8 84.0 283.10 -422.74
9 84.0 264.69 -428.04
10 84.0 417.49 -791.11
11 84.0 412.56 -774.48
12 84.0 533.50 -626.26
13 84.0 280.50 -675.85
14 84.0 528.97 -352.59
15 84.0 365.92 -620.68
16 84.0 316.12 -792.54
17 84.0 320.22 -806.00
18 84.0 421.13 -509.28
19 84.0 448.38 -501.07
20 84.0 365.18 -606.97
21 84.0 369.66 -622.06
22 84.0 288.81 -404.98
23 84.0 340.30 -523.59
24 84.0 406.05 -513.80
25 84.0 575.37 -344.06
6 85.0 720.63 -442.68
7 85.0 705.68 -435.48
8 85.0 291.86 -420.22
9 85.0 274.78 -425.13
10 85.0 419.76 -798.74
11 85.0 414.91 -782.39
12 85.0 541.82 -623.75
13 85.0 277.93 -667.67
14 85.0 538.51 -348.08
15 85.0 367.91 -627.40
16 85.0 314.28 -786.54
17 85.0 318.63 -800.78
18 85.0 414.68 -511.21
19 85.0 441.82 -503.05
20 85.0 363.37 -600.91
21 85.0 367.74 -615.58
22 85.0 279.95 -407.66
23 85.0 338.11 -516.51
24 85.0 400.31 -515.52
25 85.0 587.06 -346.07
6 86.0 724.28 -449.69
7 86.0 713.36 -437.65
8 86.0 301.58 -417.52
9 86.0 283.44 -422.65
10 86.0 421.88 -805.87
11 86.0 417.29 -790.42
12 86.0 550.33 -621.17
13 86.0 275.19 -658.83
14 86.0 548.40 -345.80
15 86.0 370.16 -634.98
16 86.0 312.51 -780.75
17 86.0 316.98 -795.36
18 86.0 409.42 -512.78
19 86.0 435.33 -505.00
20 86.0 361.49 -594.65
21 86.0 365.74 -608.83
22 86.0 270.91 -410.41
23 86.0 336.05 -509.84
24 86.0 393.71 -517.50
25 86.0 598.88 -348.70
6 87.0 726.88 -457.41
7 87.0 720.02 -442.03
8 87.0 310.86 -414.92
9 87.0 293.11 -419.87
10 87.0 424.25 -813.87
11 87.0 419.30 -797.17
12 87.0 557.98 -618.86
13 87.0 272.61 -650.52
14 87.0 559.61 -344.17
15 87.0 372.18 -641.79
16 87.0 310.50 -774.19
17 87.0 315.09 -789.18
18 87.0 402.80 -514.77
19 87.0 429.55 -506.74
20 87.0 359.64 -588.58
21 87.0 363.93 -602.78
22 87.0 262.08 -413.08
23 87.0 333.78 -502.51
24 87.0 387.98 -519.22
25 87.0 611.32 -351.49
6 88.0 729.28 -464.86
7 88.0 724.18 -449.39
8 88.0 320.18 -412.23
9 88.0 302.53 -417.26
10 88.0 426.47 -821.23
11 88.0 421.48 -804.52
12 88.0 565.88 -616.47
13 88.0 270.16 -642.65
14 88.0 569.97 -343.60
15 88.0 374.18 -648.52
16 88.0 308.69 -768.14
17 88.0 313.13 -782.78
18 88.0 396.33 -516.71
19 88.0 423.59 -508.54
20 88.0 357.74 -582.45
21 88.0 362.11 -596.70
22 88.0 252.42 -416.01
23 88.0 331.80 -496.09
24 88.0 381.44 -521.18
25 88.0 623.56 -354.25
6 89.0 731.76 -472.53
7 89.0 726.44 -456.12
8 89.0 330.17 -409.33
9 89.0 311.20 -414.82
10 89.0 428.81 -828.95
11 89.0 423.82 -812.43
12 89.0 573.51 -614.16
13 89.0 267.67 -634.56
14 89.0 580.99 -344.84
15 89.0 376.29 -655.62
16 89.0 306.83 -762.04
17 89.0 311.40 -777.12
18 89.0 389.45 -518.77
19 89.0 417.27 -510.44
20 89.0 355.74 -575.99
21 89.0 360.15 -590.23
22 89.0 243.62 -418.68
23 89.0 329.66 -489.17
24 89.0 375.17 -523.10
25 89.0 635.66 -357.08
6 90.0 735.93 -479.56
7 90.0 728.96 -463.84
8 90.0 340.17 -406.42
9 90.0 320.81 -412.05
10 90.0 431.04 -836.17
11 90.0 426.07 -819.93
12 90.0 580.17 -612.15
13 90.0 265.18 -626.44
14 90.0 591.44 -347.04
15 90.0 378.39 -662.70
16 90.0 304.99 -756.00
17 90.0 309.54 -770.99
18 90.0 382.93 -520.73
19 90.0 411.08 -512.28
20 90.0 353.60 -569.11
21 90.0 358.18 -583.88
22 90.0 234.74 -421.37
23 90.0 327.47 -481.91
24 90.0 369.26 -524.91
25 90.0 647.70 -359.89
6 91.0 742.32 -484.05
7 91.0 731.29 -471.40
8 91.0 349.87 -403.61
9 91.0 330.54 -409.22
10 91.0 433.19 -843.14
11 91.0 428.47 -827.81
12 91.0 583.52 -610.74
13 91.0 262.56 -617.84
14 91.0 602.25 -349.46
15 91.0 378.13 -668.63
16 91.0 303.01 -749.48
17 91.0 307.77 -765.14
18 91.0 377.77 -522.30
19 91.0 404.56 -514.24
20 91.0 351.55 -562.36
21 91.0 356.10 -577.15
22 91.0 225.44 -424.19
23 91.0 325.57 -475.65
24 91.0 363.51 -526.71
25 91.0 659.80 -362.72
6 92.0 749.64 -485.71
7 92.0 735.02 -478.60
8 92.0 359.60 -400.78
9 92.0 340.02 -406.47
10 92.0 435.61 -850.95
11 92.0 430.62 -834.81
12 92.0 583.26 -608.55
13 92.0 259.90 -609.10
14 92.0 613.17 -351.90
15 92.0 373.34 -671.23
16 92.0 301.06 -743.10
17 92.0 305.61 -758.02
18 92.0 372.09 -524.04
19 92.0 398.38 -516.10
20 92.0 349.85 -556.33
21 92.0 354.08 -570.66
22 92.0 216.41 -426.95
23 92.0 323.54 -469.06
24 92.0 356.84 -528.85
25 92.0 672.04 -365.60
6 93.0 757.58 -485.29
7 93.0 740.98 -483.41
8 93.0 368.83 -398.10
9 93.0 349.68 -403.66
10 93.0 438.02 -858.77
11 93.0 433.11 -842.88
12 93.0 580.20 -608.80
13 93.0 257.21 -600.24
14 93.0 623.46 -354.23
15 93.0 365.53 -673.62
16 93.0 299.29 -737.28
17 93.0 303.63 -751.53
18 93.0 364.80 -526.30
19 93.0 392.53 -517.85
20 93.0 348.05 -549.96
21 93.0 352.18 -564.50
22 93.0 209.35 -427.35
23 93.0 321.35 -461.94
24 93.0 350.94 -530.74
25 93.0 683.71 -368.38
6 94.0 765.37 -482.99
7 94.0 748.50 -485.64
8 94.0 378.35 -395.33
9 94.0 359.07 -400.93
10 94.0 440.38 -866.40
11 94.0 435.67 -851.14
12 94.0 574.69 -610.47
13 94.0 254.82 -592.38
14 94.0 633.81 -356.65
15 94.0 358.26 -675.84
16 94.0 297.39 -731.02
17 94.0 301.70 -745.19
18 94.0 359.20 -528.09
19 94.0 385.54 -519.95
20 94.0 346.36 -544.01
21 94.0 350.56 -558.85
22 94.0 203.35 -423.19
23 94.0 319.14 -454.71
24 94.0 344.17 -532.72
25 94.0 695.74 -371.25
6 95.0 773.64 -480.39
7 95.0 756.61 -485.48
8 95.0 388.53 -393.92
9 95.0 368.54 -398.18
10 95.0 442.65 -873.87
11 95.0 437.88 -858.29
12 95.0 567.35 -612.69
13 95.0 252.34 -584.23
14 95.0 643.79 -358.98
15 95.0 351.08 -678.04
16 95.0 295.51 -724.85
17 95.0 299.99 -739.56
18 95.0 352.65 -530.20
19 95.0 378.64 -522.03
20 95.0 345.87 -542.27
21 95.0 348.77 -552.52
22 95.0 200.24 -416.68
23 95.0 317.18 -448.30
24 95.0 338.12 -534.48
25 95.0 707.30 -374.01
6 96.0 781.33 -477.99
7 96.0 764.53 -483.25
8 96.0 398.22 -391.00
9 96.0 378.80 -395.20
10 96.0 444.82 -881.01
11 96.0 440.24 -865.93
12 96.0 559.42 -615.09
13 96.0 249.63 -575.31
14 96.0 653.77 -361.31
15 96.0 343.69 -678.09
16 96.0 293.86 -719.41
17 96.0 298.10 -733.36
18 96.0 347.16 -532.10
19 96.0 372.60 -523.89
20 96.0 345.75 -541.83
21 96.0 348.05 -549.98
22 96.0 196.77 -408.50
23 96.0 314.99 -441.15
24 96.0 331.87 -536.32
25 96.0 718.67 -376.72
6 97.0 789.00 -475.61
7 97.0 772.90 -480.62
8 97.0 407.42 -388.17
9 97.0 389.52 -393.68
10 97.0 446.91 -887.87
11 97.0 442.52 -873.43
12 97.0 551.10 -617.60
13 97.0 247.97 -569.47
14 97.0 663.87 -363.67
15 97.0 336.57 -679.12
16 97.0 292.18 -713.92
17 97.0 296.51 -728.12
18 97.0 342.28 -537.70
19 97.0 365.76 -525.99
20 97.0 345.71 -541.70
21 97.0 347.84 -549.24
22 97.0 194.10 -401.82
23 97.0 312.86 -434.19
24 97.0 325.43 -538.25
25 97.0 730.36 -379.51
6 98.0 797.38 -473.02
7 98.0 781.07 -478.07
8 98.0 416.79 -388.46
9 98.0 399.17 -390.71
10 98.0 449.36 -895.87
11 98.0 444.35 -879.48
12 98.0 542.56 -620.18
13 98.0 249.88 -564.18
14 98.0 674.35 -362.86
15 98.0 328.91 -681.45
16 98.0 290.26 -707.60
17 98.0 294.74 -722.32
18 98.0 343.24 -544.73
19 98.0 359.69 -527.94
20 98.0 345.69 -541.62
21 98.0 347.75 -548.93
22 98.0 191.59 -395.55
23 98.0 311.02 -428.29
24 98.0 318.80 -540.18
25 98.0 741.84 -383.80
6 99.0 805.23 -470.59
7 99.0 789.10 -475.58
8 99.0 425.38 -385.43
9 99.0 407.62 -388.11
10 99.0 451.60 -903.44
11 99.0 446.85 -887.70
12 99.0 534.87 -622.51
13 99.0 255.61 -562.16
14 99.0 685.13 -365.43
15 99.0 321.41 -683.72
16 99.0 289.51 -702.74
17 99.0 292.92 -716.35
18 99.0 345.47 -552.60
19 99.0 353.40 -529.96
20 99.0 345.68 -541.59
21 99.0 347.74 -548.87
22 99.0 189.85 -391.81
23 99.0 309.46 -422.73
24 99.0 312.68 -541.95
25 99.0 754.40 -386.56
6 100.0 811.91 -468.52
7 100.0 796.68 -473.23
8 100.0 434.19 -382.33
9 100.0 416.65 -388.50
10 100.0 453.93 -911.30
11 100.0 449.06 -894.90
12 100.0 526.92 -624.92
13 100.0 262.97 -559.99
14 100.0 695.11 -367.82
15 100.0 314.76 -685.74
16 100.0 292.79 -699.21
17 100.0 291.53 -711.76
18 100.0 347.80 -560.83
19 100.0 350.02 -531.02
20 100.0 345.68 -541.59
21 100.0 347.73 -548.84
22 100.0 188.20 -390.21
23 100.0 309.88 -416.60
24 100.0 306.94 -543.69
25 100.0 766.11 -389.11
6 101.0 819.59 -466.82
7 101.0 803.96 -470.98
8 101.0 443.94 -379.29
9 101.0 425.96 -385.23
10 101.0 456.10 -918.37
11 101.0 451.36 -902.63
12 101.0 518.69 -627.41
13 101.0 271.40 -557.51
14 101.0 705.37 -370.27
15 101.0 307.93 -687.81
16 101.0 297.65 -697.61
17 101.0 290.02 -706.80
18 101.0 349.97 -568.18
19 101.0 344.67 -533.50
20 101.0 345.68 -541.59
21 101.0 347.72 -548.82
22 101.0 186.56 -391.48
23 101.0 313.61 -410.80
24 101.0 300.29 -545.66
25 101.0 777.56 -391.61
6 102.0 826.32 -462.49
7 102.0 811.66 -468.57
8 102.0 453.55 -376.45
9 102.0 434.99 -382.05
10 102.0 458.55 -926.08
11 102.0 453.58 -910.14
12 102.0 511.25 -629.66
13 102.0 279.20 -555.21
14 102.0 715.59 -372.69
15 102.0 300.59 -690.04
16 102.0 303.48 -695.84
17 102.0 289.81 -701.61
18 102.0 352.29 -575.67
19 102.0 342.18 -539.40
20 102.0 345.42 -540.71
21 102.0 347.72 -548.81
22 102.0 184.59 -395.56
23 102.0 320.97 -408.66
24 102.0 294.33 -547.42
25 102.0 789.82 -394.28
6 103.0 829.20 -456.99
7 103.0 815.16 -467.91
8 103.0 463.24 -373.59
9 103.0 444.38 -379.16
10 103.0 460.37 -931.81
11 103.0 455.93 -917.83
12 103.0 503.51 -632.00
13 103.0 287.78 -552.69
14 103.0 726.52 -375.30
15 103.0 295.01 -691.73
16 103.0 309.74 -693.94
17 103.0 294.08 -698.70
18 103.0 354.48 -582.76
19 103.0 343.64 -546.13
20 103.0 344.94 -539.11
21 103.0 347.57 -548.29
22 103.0 186.34 -399.67
23 103.0 329.78 -402.77
24 103.0 288.44 -549.15
25 103.0 802.23 -397.12
6 104.0 834.48 -456.23
7 104.0 820.84 -466.42
8 104.0 472.46 -370.86
9 104.0 454.39 -376.20
10 104.0 462.96 -938.57
11 104.0 457.80 -923.70
12 104.0 494.99 -634.58
13 104.0 295.81 -550.32
14 104.0 736.45 -377.81
15 104.0 289.43 -693.08
16 104.0 315.78 -692.11
17 104.0 300.74 -696.68
18 104.0 357.03 -590.97
19 104.0 345.37 -552.26
20 104.0 343.95 -535.76
21 104.0 347.08 -546.55
22 104.0 188.50 -405.05
23 104.0 339.44 -399.97
24 104.0 281.56 -548.82
25 104.0 814.49 -399.93
6 105.0 841.87 -457.88
7 105.0 826.87 -461.32
8 105.0 482.41 -367.92
9 105.0 463.01 -373.65
10 105.0 468.80 -941.59
11 105.0 459.83 -930.10
12 105.0 486.37 -637.18
13 105.0 304.62 -547.72
14 105.0 746.88 -381.64
15 105.0 284.81 -689.51
16 105.0 321.85 -690.27
17 105.0 306.58 -694.91
18 105.0 359.38 -598.70
19 105.0 347.29 -559.01
20 105.0 342.56 -531.05
21 105.0 346.40 -544.14
22 105.0 190.90 -411.05
23 105.0 348.63 -397.30
24 105.0 275.54 -549.62
25 105.0 826.97 -402.54
6 106.0 851.50 -460.00
7 106.0 830.41 -456.27
8 106.0 491.84 -365.13
9 106.0 473.70 -370.49
10 106.0 475.93 -939.92
11 106.0 461.04 -933.91
12 106.0 478.01 -639.71
13 106.0 312.79 -545.26
14 106.0 757.18 -383.89
15 106.0 282.96 -683.88
16 106.0 327.32 -688.61
17 106.0 312.69 -693.05
18 106.0 361.53 -605.93
19 106.0 349.04 -565.15
20 106.0 340.74 -525.01
21 106.0 345.33 -540.41
22 106.0 194.08 -418.59
23 106.0 357.62 -394.69
24 106.0 268.87 -551.59
25 106.0 833.28 -408.59
6 107.0 863.02 -462.53
7 107.0 837.11 -456.83
8 107.0 501.66 -362.24
9 107.0 482.60 -367.87
10 107.0 483.12 -937.69
11 107.0 463.23 -938.88
12 107.0 469.47 -642.29
13 107.0 321.55 -542.72
14 107.0 767.88 -386.22
15 107.0 280.66 -676.37
16 107.0 333.10 -686.86
17 107.0 318.77 -691.21
18 107.0 363.72 -613.29
19 107.0 350.82 -570.92
20 107.0 338.89 -519.04
21 107.0 343.75 -535.07
22 107.0 195.67 -422.19
23 107.0 366.74 -392.04
24 107.0 262.86 -553.36
25 107.0 833.79 -416.93
6 108.0 876.88 -465.58
7 108.0 845.46 -458.67
8 108.0 510.93 -359.80
9 108.0 491.97 -365.10
10 108.0 489.98 -935.57
11 108.0 470.22 -941.37
12 108.0 461.86 -644.59
13 108.0 329.32 -540.44
14 108.0 778.20 -388.47
15 108.0 278.22 -668.52
16 108.0 339.07 -685.05
17 108.0 324.25 -689.54
18 108.0 366.07 -621.18
19 108.0 352.91 -577.67
20 108.0 336.87 -512.49
21 108.0 341.58 -527.73
22 108.0 197.96 -428.22
23 108.0 376.44 -389.22
24 108.0 257.00 -555.09
25 108.0 831.78 -425.98
6 109.0 883.80 -474.54
7 109.0 855.54 -460.89
8 109.0 515.90 -360.47
9 109.0 501.40 -362.31
10 109.0 496.83 -933.44
11 109.0 478.19 -939.22
12 109.0 454.24 -646.89
13 109.0 335.86 -538.49
14 109.0 788.36 -390.69
15 109.0 275.88 -661.08
16 109.0 345.40 -683.12
17 109.0 330.79 -687.56
18 109.0 368.19 -628.33
19 109.0 354.78 -583.70
20 109.0 334.81 -505.83
21 109.0 339.57 -521.25
22 109.0 200.96 -436.35
23 109.0 385.85 -387.96
24 109.0 251.96 -556.57
25 109.0 829.79 -434.93
6 110.0 887.63 -487.76
7 110.0 867.83 -463.59
8 110.0 520.06 -363.53
9 110.0 506.68 -360.88
10 110.0 504.23 -931.15
11 110.0 486.31 -936.70
12 110.0 446.33 -649.28
13 110.0 341.91 -540.86
14 110.0 799.10 -393.12
15 110.0 273.44 -653.19
16 110.0 351.07 -681.38
17 110.0 337.15 -685.63
18 110.0 370.49 -636.08
19 110.0 356.88 -590.48
20 110.0 332.90 -499.65
21 110.0 337.43 -514.32
22 110.0 203.56 -442.89
23 110.0 394.89 -385.34
24 110.0 247.71 -557.48
25 110.0 828.34 -441.44
6 111.0 891.23 -499.81
7 111.0 882.21 -467.22
8 111.0 520.43 -370.35
9 111.0 511.42 -359.73
10 111.0 512.05 -928.74
11 111.0 494.39 -934.20
12 111.0 437.76 -651.87
13 111.0 343.76 -546.56
14 111.0 809.16 -395.42
15 111.0 271.02 -645.42
16 111.0 357.27 -679.49
17 111.0 342.13 -684.12
18 111.0 372.69 -643.49
19 111.0 359.00 -597.45
20 111.0 331.08 -493.76
21 111.0 335.63 -508.50
22 111.0 207.34 -450.14
23 111.0 404.54 -382.37
24 111.0 243.73 -554.98
25 111.0 826.49 -449.66
6 112.0 893.54 -507.55
7 112.0 885.55 -480.79
8 112.0 520.78 -376.88
9 112.0 516.47 -361.16
10 112.0 519.48 -926.47
11 112.0 501.84 -931.89
12 112.0 429.63 -654.33
13 112.0 345.84 -553.90
14 112.0 820.10 -397.86
15 112.0 268.58 -637.54
16 112.0 363.39 -677.62
17 112.0 347.99 -682.32
18 112.0 374.97 -651.18
19 112.0 360.88 -603.74
20 112.0 329.23 -487.75
21 112.0 333.65 -502.08
22 112.0 211.28 -457.61
23 112.0 412.20 -376.54
24 112.0 242.22 -550.90
25 112.0 825.07 -455.87
6 113.0 897.49 -513.68
7 113.0 888.78 -491.62
8 113.0 521.16 -383.71
9 113.0 520.15 -365.17
10 113.0 526.91 -924.21
11 113.0 509.98 -929.37
12 113.0 421.36 -656.83
13 113.0 348.11 -561.93
14 113.0 830.44 -400.14
15 113.0 266.30 -630.09
16 113.0 369.62 -675.71
17 113.0 355.04 -680.17
18 113.0 377.22 -658.76
19 113.0 362.86 -610.36
20 113.0 327.19 -480.98
21 113.0 331.92 -496.50
22 113.0 213.80 -466.41
23 113.0 421.15 -373.35
24 113.0 240.25 -544.38
25 113.0 824.32 -464.21
6 114.0 905.54 -513.81
7 114.0 891.77 -501.62
8 114.0 521.53 -390.54
9 114.0 520.56 -372.77
10 114.0 534.64 -921.85
11 114.0 517.79 -926.99
12 114.0 413.95 -659.08
13 114.0 350.57 -570.10
14 114.0 840.98 -403.75
15 114.0 263.93 -622.36
16 114.0 375.11 -674.03
17 114.0 361.59 -678.17
18 114.0 378.19 -662.03
19 114.0 364.63 -616.32
20 114.0 325.05 -473.96
21 114.0 329.84 -489.77
22 114.0 216.51 -476.20
23 114.0 430.51 -370.06
24 114.0 238.36 -538.16
25 114.0 827.74 -472.35
6 115.0 912.97 -511.58
7 115.0 894.07 -508.93
8 115.0 522.00 -397.92
9 115.0 520.98 -380.42
10 115.0 542.02 -919.65
11 115.0 526.12 -924.45
12 115.0 406.16 -661.43
13 115.0 353.19 -578.58
14 115.0 851.70 -405.97
15 115.0 261.58 -614.63
16 115.0 379.95 -673.89
17 115.0 366.98 -676.52
18 115.0 378.31 -662.44
19 115.0 366.55 -622.80
20 115.0 323.25 -468.11
21 115.0 327.83 -483.11
22 115.0 219.24 -485.65
23 115.0 440.24 -367.03
24 115.0 236.59 -532.31
25 115.0 830.79 -481.37
6 116.0 920.82 -509.24
7 116.0 899.15 -514.23
8 116.0 523.90 -404.62
9 116.0 521.42 -388.51
10 116.0 550.01 -917.28
11 116.0 533.12 -922.32
12 116.0 398.51 -663.75
13 116.0 355.73 -586.77
14 116.0 862.02 -408.40
15 116.0 259.51 -607.80
16 116.0 383.17 -677.90
17 116.0 371.03 -675.28
18 116.0 378.38 -662.67
19 116.0 368.37 -628.93
20 116.0 321.17 -461.36
21 116.0 326.07 -477.29
22 116.0 221.68 -493.99
23 116.0 449.98 -364.15
24 116.0 234.70 -526.07
25 116.0 833.56 -490.43
6 117.0 928.22 -507.03
7 117.0 907.11 -513.34
8 117.0 526.10 -411.28
9 117.0 521.86 -396.33
10 117.0 557.32 -915.04
11 117.0 541.24 -919.88
12 117.0 390.24 -666.26
13 117.0 358.28 -595.09
14 117.0 872.15 -410.78
15 117.0 257.38 -600.79
16 117.0 385.08 -684.12
17 117.0 375.83 -673.84
18 117.0 378.41 -662.76
19 117.0 370.13 -634.86
20 117.0 319.07 -454.50
21 117.0 324.06 -470.74
22 117.0 223.82 -501.15
23 117.0 458.84 -361.54
24 117.0 232.74 -519.61
25 117.0 836.23 -499.15
6 118.0 935.85 -504.74
7 118.0 914.71 -511.07
8 118.0 528.59 -418.56
9 118.0 523.30 -402.82
10 118.0 564.59 -912.79
11 118.0 549.31 -917.49
12 118.0 386.40 -667.81
13 118.0 360.61 -602.84
14 118.0 882.50 -413.18
15 118.0 255.17 -593.53
16 118.0 386.99 -690.34
17 118.0 381.36 -674.88
18 118.0 378.41 -662.77
19 118.0 372.14 -641.66
20 118.0 317.26 -448.56
21 118.0 321.82 -463.45
22 118.0 225.86 -507.96
23 118.0 468.75 -358.61
24 118.0 230.76 -513.09
25 118.0 838.86 -507.73
6 119.0 943.08 -502.59
7 119.0 922.95 -508.60
8 119.0 531.08 -425.83
9 119.0 525.83 -410.50
10 119.0 572.18 -910.46
11 119.0 556.55 -915.28
12 119.0 385.04 -668.60
13 119.0 363.06 -611.06
14 119.0 892.73 -415.54
15 119.0 252.89 -586.02
16 119.0 388.98 -696.83
17 119.0 383.71 -679.66
18 119.0 378.42 -662.78
19 119.0 373.90 -647.58
20 119.0 315.31 -442.20
21 119.0 319.99 -457.50
22 119.0 227.97 -514.91
23 119.0 478.49 -355.73
24 119.0 228.85 -506.82
25 119.0 841.24 -515.38
6 120.0 950.12 -499.48
7 120.0 931.54 -506.03
8 120.0 530.45 -433.23
9 120.0 528.11 -417.15
10 120.0 579.68 -908.16
11 120.0 563.85 -913.02
12 120.0 382.98 -671.40
13 120.0 365.38 -618.87
14 120.0 903.83 -418.11
15 120.0 250.75 -578.98
16 120.0 390.99 -703.37
17 120.0 385.96 -686.97
18 120.0 378.42 -662.78
19 120.0 375.52 -653.04
20 120.0 313.17 -435.19
21 120.0 317.85 -450.50
22 120.0 230.09 -521.90
23 120.0 488.26 -352.84
24 120.0 226.84 -500.13
25 120.0 842.48 -523.83
6 121.0 952.16 -492.44
7 121.0 939.82 -503.56
8 121.0 532.32 -440.30
9 121.0 530.57 -424.34
10 121.0 587.51 -905.76
11 121.0 570.99 -910.82
12 121.0 382.97 -676.97
13 121.0 368.01 -627.73
14 121.0 914.50 -421.04
15 121.0 248.65 -572.09
16 121.0 392.87 -709.51
17 121.0 387.91 -693.34
18 121.0 378.42 -662.78
19 121.0 376.26 -655.53
20 121.0 311.00 -428.23
21 121.0 315.72 -443.55
22 121.0 231.99 -528.18
23 121.0 498.03 -349.96
24 121.0 225.04 -493.67
25 121.0 841.03 -531.88
6 122.0 949.80 -484.60
7 122.0 947.22 -501.15
8 122.0 534.26 -446.60
9 122.0 530.37 -432.11
10 122.0 594.75 -903.54
11 122.0 578.18 -908.62
12 122.0 385.15 -684.34
13 122.0 370.39 -635.75
14 122.0 919.08 -422.46
15 122.0 246.49 -564.95
16 122.0 394.61 -715.16
17 122.0 390.15 -700.63
18 122.0 378.42 -662.78
19 122.0 376.28 -655.58
20 122.0 309.40 -422.47
21 122.0 313.70 -436.94
22 122.0 233.99 -534.77
23 122.0 508.30 -347.28
24 122.0 226.01 -486.90
25 122.0 845.28 -536.58
6 123.0 947.40 -477.38
7 123.0 952.40 -495.15
8 123.0 536.38 -453.49
9 123.0 531.84 -438.74
10 123.0 602.11 -901.28
11 123.0 585.78 -906.29
12 123.0 387.56 -692.20
13 123.0 372.88 -644.13
14 123.0 928.70 -426.64
15 123.0 244.28 -557.69
16 123.0 396.40 -721.01
17 123.0 391.85 -706.17
18 123.0 378.42 -662.78
19 123.0 376.28 -655.59
20 123.0 309.82 -416.70
21 123.0 312.08 -431.66
22 123.0 236.16 -541.92
23 123.0 517.91 -345.22
24 123.0 224.15 -479.59
25 123.0 851.89 -536.05
6 124.0 945.03 -469.73
7 124.0 950.68 -487.24
8 124.0 538.51 -460.29
9 124.0 533.70 -444.80
10 124.0 609.56 -899.00
11 124.0 593.44 -903.94
12 124.0 389.44 -698.33
13 124.0 374.09 -648.20
14 124.0 936.82 -432.33
15 124.0 242.12 -550.56
16 124.0 398.17 -726.78
17 124.0 393.55 -711.73
18 124.0 378.42 -662.78
19 124.0 376.28 -655.59
20 124.0 315.17 -413.69
21 124.0 310.60 -426.98
22 124.0 238.41 -549.34
23 124.0 525.56 -343.58
24 124.0 221.63 -470.76
25 124.0 855.48 -529.75
6 125.0 942.80 -462.10
7 125.0 948.03 -479.34
8 125.0 539.28 -462.79
9 125.0 535.69 -451.26
10 125.0 616.87 -896.76
11 125.0 600.82 -901.68
12 125.0 390.87 -702.98
13 125.0 374.13 -648.33
14 125.0 944.25 -439.63
15 125.0 239.99 -543.54
16 125.0 400.09 -733.04
17 125.0 395.64 -718.52
18 125.0 378.42 -662.78
19 125.0 376.28 -655.59
20 125.0 322.82 -411.46
21 125.0 309.14 -421.22
22 125.0 240.67 -556.80
23 125.0 528.01 -341.41
24 125.0 219.13 -461.63
25 125.0 862.54 -526.99
6 126.0 940.73 -454.82
7 126.0 945.35 -470.83
8 126.0 539.44 -463.30
9 126.0 537.02 -455.55
10 126.0 624.63 -894.37
11 126.0 607.77 -899.55
12 126.0 392.90 -709.61
13 126.0 374.14 -648.38
14 126.0 951.58 -447.09
15 126.0 237.79 -536.28
16 126.0 401.77 -738.49
17 126.0 397.43 -724.36
18 126.0 378.42 -662.78
19 126.0 376.28 -655.59
20 126.0 332.11 -408.76
21 126.0 311.05 -415.30
22 126.0 242.86 -564.00
23 126.0 528.95 -337.35
24 126.0 217.31 -455.38
25 126.0 871.39 -524.27
6 127.0 938.42 -446.43
7 127.0 943.24 -463.61
8 127.0 539.45 -463.31
9 127.0 537.20 -456.11
10 127.0 631.91 -892.13
11 127.0 615.48 -897.18
12 127.0 394.71 -715.49
13 127.0 374.14 -648.39
14 127.0 956.97 -452.56
15 127.0 235.53 -528.82
16 127.0 403.73 -744.86
17 127.0 399.00 -729.48
18 127.0 378.42 -662.78
19 127.0 376.28 -655.59
20 127.0 340.91 -406.21
21 127.0 316.98 -413.16
22 127.0 245.03 -571.16
23 127.0 527.37 -335.14
24 127.0 216.60 -448.65
25 127.0 880.06 -521.59
6 128.0 936.73 -438.33
7 128.0 940.96 -455.64
8 128.0 539.45 -463.31
9 128.0 537.20 -456.13
10 128.0 639.36 -889.82
11 128.0 623.49 -894.73
12 128.0 396.20 -720.35
13 128.0 374.15 -648.40
14 128.0 962.67 -458.34
15 128.0 233.49 -522.09
16 128.0 405.72 -751.45
17 128.0 401.22 -736.71
18 128.0 378.42 -662.78
19 128.0 376.28 -655.59
20 128.0 350.12 -403.53
21 128.0 324.68 -410.92
22 128.0 247.02 -577.73
23 128.0 522.34 -337.11
24 128.0 219.76 -442.79
25 128.0 886.92 -519.48
6 129.0 935.91 -429.15
7 129.0 938.70 -447.47
8 129.0 539.45 -463.31
9 129.0 537.21 -456.14
10 129.0 646.90 -887.50
11 129.0 631.54 -892.24
12 129.0 398.40 -727.52
13 129.0 374.15 -648.40
14 129.0 968.02 -463.78
15 129.0 231.42 -515.28
16 129.0 407.46 -757.31
17 129.0 403.20 -743.14
18 129.0 378.42 -662.78
19 129.0 376.28 -655.59
20 129.0 358.33 -401.15
21 129.0 334.61 -408.04
22 129.0 249.10 -584.58
23 129.0 515.23 -339.90
24 129.0 225.49 -440.08
25 129.0 895.40 -516.89
6 130.0 935.07 -419.76
7 130.0 936.77 -438.83
8 130.0 539.45 -463.31
9 130.0 537.21 -456.15
10 130.0 654.12 -885.27
11 130.0 639.23 -889.86
12 130.0 400.68 -734.94
13 130.0 374.15 -648.40
14 130.0 973.46 -469.14
15 130.0 229.16 -507.81
16 130.0 409.15 -762.99
17 130.0 405.13 -749.47
18 130.0 378.42 -662.78
19 130.0 376.28 -655.59
20 130.0 367.41 -398.51
21 130.0 344.55 -405.15
22 130.0 251.10 -591.14
23 130.0 506.60 -342.61
24 130.0 232.77 -437.48
25 130.0 903.75 -514.35
6 131.0 934.51 -413.40
7 131.0 935.94 -429.48
8 131.0 539.45 -463.31
9 131.0 537.21 -456.15
10 131.0 661.34 -883.03
11 131.0 646.48 -887.63
12 131.0 402.70 -741.52
13 131.0 374.15 -648.40
14 131.0 979.32 -474.86
15 131.0 226.92 -500.40
16 131.0 410.80 -768.54
17 131.0 406.72 -754.81
18 131.0 378.42 -662.78
19 131.0 376.28 -655.59
20 131.0 375.67 -396.11
21 131.0 354.45 -402.27
22 131.0 253.00 -597.41
23 131.0 496.94 -345.60
24 131.0 240.71 -434.99
25 131.0 912.86 -511.62
6 132.0 929.75 -408.04
7 132.0 935.33 -422.62
8 132.0 539.45 -463.31
9 132.0 537.21 -456.15
10 132.0 668.05 -878.74
11 132.0 653.84 -885.35
12 132.0 404.41 -747.07
13 132.0 374.15 -648.40
14 132.0 985.44 -480.83
15 132.0 225.01 -493.41
16 132.0 412.46 -774.14
17 132.0 408.51 -760.84
18 132.0 378.42 -662.78
19 132.0 376.28 -655.59
20 132.0 385.26 -394.22
21 132.0 363.47 -399.65
22 132.0 254.96 -603.84
23 132.0 486.39 -345.51
24 132.0 248.62 -432.69
25 132.0 921.53 -509.03
6 133.0 920.76 -404.67
7 133.0 934.72 -415.79
8 133.0 539.45 -463.31
9 133.0 537.21 -456.15
10 133.0 670.27 -871.41
11 133.0 660.75 -883.22
12 133.0 406.09 -752.70
13 133.0 374.15 -648.40
14 133.0 991.74 -486.45
15 133.0 225.80 -485.29
16 133.0 414.29 -780.32
17 133.0 410.07 -766.11
18 133.0 378.42 -662.78
19 133.0 376.28 -655.59
20 133.0 393.79 -392.36
21 133.0 372.46 -397.04
22 133.0 256.98 -610.49
23 133.0 476.46 -348.58
24 133.0 257.59 -430.09
25 133.0 930.21 -506.43
6 134.0 910.43 -401.62
7 134.0 931.03 -408.62
8 134.0 539.45 -463.31
9 134.0 537.21 -456.15
10 134.0 668.36 -863.45
11 134.0 667.48 -879.36
12 134.0 407.65 -757.94
13 134.0 374.15 -648.40
14 134.0 996.88 -492.92
15 134.0 222.75 -474.73
16 134.0 415.99 -786.02
17 134.0 412.01 -772.62
18 134.0 378.42 -662.78
19 134.0 376.28 -655.59
20 134.0 402.48 -389.69
21 134.0 382.24 -394.34
22 134.0 259.09 -617.45
23 134.0 467.00 -351.51
24 134.0 266.32 -427.57
25 134.0 938.39 -503.99
6 135.0 899.32 -398.88
7 135.0 921.26 -404.83
8 135.0 539.45 -463.31
9 135.0 537.21 -456.15
10 135.0 666.13 -855.82
11 135.0 670.32 -872.52
12 135.0 409.37 -763.74
13 135.0 374.15 -648.40
14 135.0 1003.48 -497.75
15 135.0 220.04 -465.00
16 135.0 417.77 -792.05
17 135.0 413.49 -777.60
18 135.0 378.42 -662.78
19 135.0 376.28 -655.59
20 135.0 411.67 -388.16
21 135.0 391.72 -393.00
22 135.0 261.27 -624.63
23 135.0 458.27 -354.21
24 135.0 274.36 -425.26
25 135.0 946.79 -501.57
6 136.0 888.28 -396.08
7 136.0 910.35 -401.60
8 136.0 539.45 -463.31
9 136.0 537.21 -456.15
10 136.0 663.85 -848.03
11 136.0 668.86 -865.14
12 136.0 410.98 -769.17
13 136.0 374.15 -648.40
14 136.0 1009.73 -502.44
15 136.0 217.44 -455.89
16 136.0 419.40 -797.51
17 136.0 415.12 -783.11
18 136.0 378.42 -662.78
19 136.0 376.28 -655.59
20 136.0 420.25 -387.24
21 136.0 401.48 -390.00
22 136.0 263.29 -631.22
23 136.0 448.63 -357.14
24 136.0 282.59 -422.89
25 136.0 954.67 -502.82
6 137.0 877.35 -393.43
7 137.0 898.85 -398.77
8 137.0 539.45 -463.31
9 137.0 537.21 -456.15
10 137.0 661.52 -840.16
11 137.0 666.53 -857.18
12 137.0 412.77 -775.21
13 137.0 374.15 -648.40
14 137.0 1013.04 -511.43
15 137.0 216.64 -448.40
16 137.0 421.05 -803.07
17 137.0 416.77 -788.67
18 137.0 378.42 -662.78
19 137.0 376.28 -655.59
20 137.0 429.30 -384.05
21 137.0 411.04 -387.96
22 137.0 265.35 -637.91
23 137.0 439.16 -359.94
24 137.0 290.69 -420.56
25 137.0 958.82 -510.58
6 138.0 866.38 -390.91
7 138.0 888.29 -396.08
8 138.0 539.45 -463.31
9 138.0 537.21 -456.15
10 138.0 659.13 -832.24
11 138.0 664.12 -848.97
12 138.0 414.35 -780.52
13 138.0 374.15 -648.40
14 138.0 1016.14 -522.61
15 138.0 220.55 -442.34
16 138.0 422.66 -808.50
17 138.0 418.36 -794.02
18 138.0 378.42 -662.78
19 138.0 376.28 -655.59
20 138.0 437.76 -381.11
21 138.0 420.94 -387.00
22 138.0 267.54 -644.98
23 138.0 430.08 -362.63
24 138.0 298.79 -414.98
25 138.0 961.44 -518.54
6 139.0 855.47 -388.41
7 139.0 877.52 -393.47
8 139.0 539.45 -463.31
9 139.0 537.21 -456.15
10 139.0 656.87 -824.72
11 139.0 661.99 -841.71
12 139.0 415.99 -786.03
13 139.0 374.15 -648.40
14 139.0 1021.26 -535.51
15 139.0 227.73 -439.28
16 139.0 424.33 -814.12
17 139.0 420.11 -799.91
18 139.0 378.42 -662.78
19 139.0 376.28 -655.59
20 139.0 446.76 -378.46
21 139.0 429.50 -383.98
22 139.0 269.78 -652.22
23 139.0 421.09 -365.29
24 139.0 307.72 -412.48
25 139.0 963.75 -526.64
6 140.0 844.92 -385.99
7 140.0 866.37 -390.91
8 140.0 539.45 -463.31
9 140.0 537.21 -456.15
10 140.0 654.56 -817.07
11 140.0 659.81 -834.50
12 140.0 417.81 -792.18
13 140.0 374.15 -648.40
14 140.0 1024.06 -549.47
15 140.0 236.86 -436.11
16 140.0 426.01 -818.42
17 140.0 421.70 -805.27
18 140.0 378.42 -662.78
19 140.0 376.28 -655.59
20 140.0 455.36 -375.92
21 140.0 437.70 -381.13
22 140.0 272.05 -659.53
23 140.0 411.59 -368.10
24 140.0 315.99 -410.11
25 140.0 966.13 -534.94
6 141.0 834.64 -380.35
7 141.0 855.79 -388.48
8 141.0 539.45 -463.31
9 141.0 537.21 -456.15
10 141.0 652.43 -810.01
11 141.0 657.45 -826.65
12 141.0 419.41 -797.55
13 141.0 374.15 -648.40
14 141.0 1028.07 -562.77
15 141.0 247.20 -433.11
16 141.0 429.83 -821.89
17 141.0 423.08 -809.93
18 141.0 378.42 -662.78
19 141.0 376.28 -655.59
20 141.0 464.23 -373.29
21 141.0 446.76 -378.45
22 141.0 274.29 -666.77
23 141.0 402.37 -370.83
24 141.0 323.93 -407.80
25 141.0 968.66 -543.69
6 142.0 824.01 -377.91
7 142.0 844.38 -385.86
8 142.0 539.45 -463.31
9 142.0 537.21 -456.15
10 142.0 650.17 -802.53
11 142.0 655.27 -819.40
12 142.0 420.82 -802.31
13 142.0 374.15 -648.40
14 142.0 1032.09 -575.92
15 142.0 256.03 -427.21
16 142.0 435.35 -821.93
17 142.0 424.62 -815.13
18 142.0 378.42 -662.78
19 142.0 376.28 -655.59
20 142.0 473.15 -370.66
21 142.0 455.68 -375.82
22 142.0 276.57 -673.93
23 142.0 393.74 -374.91
24 142.0 332.57 -405.29
25 142.0 971.10 -552.08
6 143.0 813.24 -375.44
7 143.0 833.62 -383.39
8 143.0 539.45 -463.31
9 143.0 537.21 -456.15
10 143.0 647.96 -795.23
11 143.0 652.76 -811.09
12 143.0 422.26 -807.15
13 143.0 374.15 -648.40
14 143.0 1036.02 -588.68
15 143.0 265.81 -424.38
16 143.0 440.88 -820.35
17 143.0 426.39 -819.25
18 143.0 378.42 -662.78
19 143.0 376.28 -655.59
20 143.0 481.81 -368.10
21 143.0 465.03 -373.06
22 143.0 278.72 -680.95
23 143.0 384.80 -377.69
24 143.0 341.12 -402.81
25 143.0 973.70 -561.01
6 144.0 802.73 -373.07
7 144.0 822.80 -380.91
8 144.0 539.45 -463.31
9 144.0 537.21 -456.15
10 144.0 645.67 -787.66
11 144.0 650.49 -803.59
12 144.0 423.58 -811.61
13 144.0 374.15 -648.40
14 144.0 1040.20 -602.29
15 144.0 275.74 -421.53
16 144.0 446.53 -818.64
17 144.0 431.60 -822.33
18 144.0 378.42 -662.78
19 144.0 376.28 -655.59
20 144.0 491.03 -365.38
21 144.0 473.17 -370.65
22 144.0 280.73 -687.49
23 144.0 375.20 -380.54
24 144.0 349.86 -400.27
25 144.0 976.09 -569.24
6 145.0 791.71 -370.63
7 145.0 812.10 -378.45
8 145.0 539.45 -463.31
9 145.0 537.21 -456.15
10 145.0 643.54 -780.64
11 145.0 648.35 -796.54
12 145.0 425.09 -817.41
13 145.0 374.15 -648.40
14 145.0 1044.03 -614.73
15 145.0 284.61 -418.97
16 145.0 452.48 -816.85
17 145.0 437.14 -821.48
18 145.0 378.42 -662.78
19 145.0 376.28 -655.59
20 145.0 498.25 -363.24
21 145.0 482.48 -367.90
22 145.0 282.93 -694.64
23 145.0 365.84 -383.30
24 145.0 357.96 -397.92
25 145.0 978.47 -577.41
6 146.0 781.20 -368.32
7 146.0 801.16 -375.99
8 146.0 539.45 -463.31
9 146.0 537.21 -456.15
10 146.0 641.28 -773.01
11 146.0 646.18 -789.34
12 146.0 422.38 -822.36
13 146.0 374.15 -648.40
14 146.0 1046.94 -624.17
15 146.0 290.76 -417.20
16 146.0 459.03 -814.88
17 146.0 443.45 -819.57
18 146.0 378.42 -662.78
19 146.0 376.28 -655.59
20 146.0 502.08 -362.11
21 146.0 490.23 -365.61
22 146.0 284.86 -700.90
23 146.0 356.34 -386.11
24 146.0 365.95 -395.60
25 146.0 980.99 -586.07
6 147.0 771.15 -364.54
7 147.0 790.42 -373.62
8 147.0 539.45 -463.31
9 147.0 537.21 -456.15
10 147.0 639.05 -765.55
11 147.0 643.89 -781.79
12 147.0 416.73 -824.26
13 147.0 374.15 -648.40
14 147.0 1048.62 -629.65
15 147.0 292.58 -416.69
16 147.0 465.60 -812.90
17 147.0 450.09 -817.57
18 147.0 378.42 -662.78
19 147.0 376.28 -655.59
20 147.0 502.46 -362.00
21 147.0 494.24 -364.43
22 147.0 287.05 -708.03
23 147.0 346.72 -388.96
24 147.0 375.09 -392.95
25 147.0 983.53 -594.83
6 148.0 760.86 -362.09
7 148.0 779.64 -371.24
8 148.0 539.45 -463.31
9 148.0 537.21 -456.15
10 148.0 636.98 -758.56
11 148.0 641.62 -774.19
12 148.0 409.67 -826.37
13 148.0 374.15 -648.40
14 148.0 1047.33 -635.50
15 148.0 292.65 -416.67
16 148.0 471.70 -811.04
17 148.0 456.83 -815.54
18 148.0 378.42 -662.78
19 148.0 376.28 -655.59
20 148.0 502.54 -361.98
21 148.0 495.09 -364.18
22 148.0 289.23 -715.22
23 148.0 337.18 -391.78
24 148.0 384.14 -391.14
25 148.0 986.04 -603.47
6 149.0 750.37 -359.70
7 149.0 768.40 -367.09
8 149.0 539.45 -463.31
9 149.0 537.21 -456.15
10 149.0 634.68 -750.81
11 149.0 639.66 -767.55
12 149.0 401.14 -828.94
13 149.0 374.15 -648.40
14 149.0 1041.16 -637.84
15 149.0 292.68 -416.66
16 149.0 478.28 -809.05
17 149.0 463.58 -813.51
18 149.0 378.42 -662.78
19 149.0 376.28 -655.59
20 149.0 502.55 -361.98
21 149.0 495.28 -364.12
22 149.0 291.33 -722.12
23 149.0 328.37 -394.39
24 149.0 393.04 -389.25
25 149.0 988.59 -612.17
6 150.0 739.04 -357.12
7 150.0 756.68 -364.42
8 150.0 539.97 -464.85
9 150.0 537.21 -456.15
10 150.0 632.49 -743.60
11 150.0 637.31 -759.67
12 150.0 392.80 -831.44
13 150.0 374.15 -648.40
14 150.0 1033.12 -640.27
15 150.0 295.01 -416.01
16 150.0 483.92 -807.35
17 150.0 470.16 -811.50
18 150.0 378.77 -664.23
19 150.0 376.28 -655.59
20 150.0 503.85 -361.60
21 150.0 495.37 -364.09
22 150.0 293.57 -729.48
23 150.0 318.69 -395.65
24 150.0 401.32 -386.70
25 150.0 991.11 -620.51
6 151.0 728.74 -354.73
7 151.0 745.01 -361.76
8 151.0 541.39 -468.46
9 151.0 537.65 -457.54
10 151.0 630.42 -736.77
11 151.0 635.01 -751.95
12 151.0 384.76 -833.85
13 151.0 374.15 -648.40
14 151.0 1025.41 -642.59
15 151.0 298.73 -415.00
16 151.0 489.43 -805.68
17 151.0 475.18 -809.99
18 151.0 378.83 -667.08
19 151.0 376.61 -656.71
20 151.0 507.48 -360.68
21 151.0 496.76 -363.68
22 151.0 295.58 -736.05
23 151.0 309.63 -398.45
24 151.0 409.89 -384.87
25 151.0 995.40 -627.91
6 152.0 718.32 -352.30
7 152.0 733.67 -359.15
8 152.0 543.82 -473.48
9 152.0 538.69 -460.87
10 152.0 628.34 -729.93
11 152.0 632.80 -744.63
12 152.0 377.34 -836.07
13 152.0 374.41 -649.30
14 152.0 1018.24 -644.76
15 152.0 304.40 -413.41
16 152.0 495.98 -803.71
17 152.0 481.38 -808.12
18 152.0 376.21 -670.14
19 152.0 377.51 -659.72
20 152.0 511.86 -359.67
21 152.0 500.40 -362.61
22 152.0 297.83 -743.46
23 152.0 300.93 -401.24
24 152.0 418.58 -384.43
25 152.0 998.30 -636.94
6 153.0 707.31 -349.77
7 153.0 722.38 -356.53
8 153.0 547.45 -479.45
9 153.0 540.29 -465.67
10 153.0 626.06 -722.39
11 153.0 630.69 -737.68
12 153.0 369.16 -838.52
13 153.0 375.26 -652.14
14 153.0 1011.19 -646.88
15 153.0 312.50 -411.12
16 153.0 502.46 -801.75
17 153.0 488.01 -806.11
18 153.0 370.57 -672.07
19 153.0 378.48 -663.01
20 153.0 515.86 -360.41
21 153.0 503.68 -361.65
22 153.0 299.93 -750.36
23 153.0 291.45 -404.17
24 153.0 426.61 -381.61
25 153.0 998.72 -645.45
6 154.0 696.52 -347.29
7 154.0 711.15 -353.94
8 154.0 550.35 -486.13
9 154.0 542.80 -471.66
10 154.0 624.00 -715.56
11 154.0 628.58 -730.72
12 154.0 361.24 -840.89
13 154.0 376.04 -654.79
14 154.0 1004.31 -648.97
15 154.0 322.59 -408.19
16 154.0 508.10 -800.05
17 154.0 494.45 -804.17
18 154.0 362.45 -674.56
19 154.0 378.55 -668.15
20 154.0 520.01 -362.77
21 154.0 507.16 -360.76
22 154.0 301.92 -756.91
23 154.0 281.76 -407.11
24 154.0 434.46 -378.85
25 154.0 994.35 -652.09
6 155.0 685.59 -344.78
7 155.0 700.15 -351.41
8 155.0 552.65 -493.07
9 155.0 546.61 -478.12
10 155.0 621.65 -707.77
11 155.0 626.61 -724.22
12 155.0 353.25 -843.28
13 155.0 377.54 -659.83
14 155.0 999.78 -650.28
15 155.0 332.11 -405.43
16 155.0 514.21 -798.20
17 155.0 499.37 -802.68
18 155.0 354.97 -676.85
19 155.0 374.81 -670.78
20 155.0 520.37 -369.28
21 155.0 511.11 -359.77
22 155.0 304.17 -764.28
23 155.0 271.98 -410.08
24 155.0 443.38 -376.12
25 155.0 985.68 -654.50
6 156.0 674.78 -342.30
7 156.0 688.85 -348.82
8 156.0 554.17 -498.11
9 156.0 549.63 -484.08
10 156.0 619.32 -700.02
11 156.0 624.21 -716.25
12 156.0 345.56 -845.59
13 156.0 379.14 -664.70
14 156.0 993.11 -652.12
15 156.0 342.62 -402.38
16 156.0 519.80 -796.52
17 156.0 505.10 -800.95
18 156.0 346.86 -679.33
19 156.0 368.59 -672.68
20 156.0 520.75 -376.21
21 156.0 515.44 -359.90
22 156.0 306.12 -770.70
23 156.0 262.34 -413.00
24 156.0 451.54 -373.71
25 156.0 977.40 -657.19
6 157.0 664.08 -339.84
7 157.0 677.32 -346.17
8 157.0 556.31 -505.36
9 157.0 552.07 -491.29
10 157.0 617.03 -692.42
11 157.0 621.90 -708.60
12 157.0 340.99 -846.96
13 157.0 383.59 -669.74
14 157.0 985.72 -654.48
15 157.0 352.11 -399.62
16 157.0 525.57 -794.77
17 157.0 510.42 -799.35
18 157.0 339.90 -681.45
19 157.0 362.61 -674.51
20 157.0 521.11 -382.89
21 157.0 520.04 -363.27
22 157.0 308.29 -777.89
23 157.0 252.73 -415.92
24 157.0 460.62 -371.02
25 157.0 968.47 -659.83
6 158.0 653.66 -337.45
7 158.0 666.38 -343.66
8 158.0 558.48 -512.68
9 158.0 553.96 -497.39
10 158.0 614.89 -685.23
11 158.0 619.70 -701.29
12 158.0 334.74 -847.59
13 158.0 391.53 -669.20
14 158.0 978.50 -656.84
15 158.0 361.56 -396.88
16 158.0 531.98 -792.84
17 158.0 516.22 -797.60
18 158.0 332.23 -683.78
19 158.0 355.91 -676.56
20 158.0 521.49 -389.85
21 158.0 520.44 -370.63
22 158.0 310.41 -784.81
23 158.0 243.45 -418.73
24 158.0 469.69 -368.34
25 158.0 960.12 -662.15
6 159.0 643.01 -335.03
7 159.0 654.86 -341.01
8 159.0 560.60 -519.86
9 159.0 556.13 -504.75
10 159.0 612.65 -677.70
11 159.0 617.29 -693.28
12 159.0 331.46 -842.93
13 159.0 400.18 -666.58
14 159.0 970.97 -659.13
15 159.0 371.43 -394.01
16 159.0 538.37 -790.91
17 159.0 523.09 -795.52
18 159.0 325.05 -685.96
19 159.0 350.11 -678.33
20 159.0 521.84 -396.09
21 159.0 520.84 -377.98
22 159.0 312.32 -791.07
23 159.0 233.81 -421.66
24 159.0 478.05 -365.87
25 159.0 951.65 -664.26
6 160.0 632.29 -332.62
7 160.0 643.30 -338.38
8 160.0 562.56 -526.47
9 160.0 558.30 -512.08
10 160.0 610.53 -670.56
11 160.0 615.05 -685.78
12 160.0 329.10 -835.18
13 160.0 408.22 -664.15
14 160.0 963.73 -661.15
15 160.0 381.77 -391.19
16 160.0 544.67 -789.03
17 160.0 530.12 -793.40
18 160.0 317.10 -688.37
19 160.0 344.21 -680.14
20 160.0 523.22 -402.57
21 160.0 521.24 -385.28
22 160.0 314.35 -797.72
23 160.0 224.21 -424.57
24 160.0 485.97 -363.53
25 160.0 942.43 -663.70
6 161.0 621.53 -330.21
7 161.0 632.16 -335.87
8 161.0 564.61 -533.24
9 161.0 560.32 -518.90
10 161.0 608.21 -662.74
11 161.0 613.03 -678.96
12 161.0 326.45 -826.74
13 161.0 416.01 -661.79
14 161.0 956.78 -663.07
15 161.0 392.27 -389.49
16 161.0 550.15 -787.42
17 161.0 536.24 -791.55
18 161.0 309.63 -690.64
19 161.0 338.34 -681.93
20 161.0 525.48 -409.42
21 161.0 521.60 -391.92
22 161.0 316.55 -804.95
23 161.0 216.73 -426.87
24 161.0 494.09 -361.13
25 161.0 935.07 -659.32
6 162.0 610.90 -327.83
7 162.0 621.47 -333.47
8 162.0 566.71 -539.97
9 162.0 562.35 -525.75
10 162.0 605.85 -654.83
11 162.0 610.73 -671.22
12 162.0 324.03 -819.10
13 162.0 424.08 -659.35
14 162.0 949.48 -664.49
15 162.0 402.63 -386.30
16 162.0 556.13 -785.67
17 162.0 541.39 -790.00
18 162.0 302.46 -692.81
19 162.0 332.14 -683.81
20 162.0 527.61 -415.71
21 162.0 522.25 -399.39
22 162.0 318.58 -811.79
23 162.0 208.84 -427.26
24 162.0 502.32 -358.71
25 162.0 928.55 -653.44
6 163.0 599.77 -325.34
7 163.0 609.79 -330.86
8 163.0 568.96 -547.16
9 163.0 564.30 -532.24
10 163.0 603.44 -647.04
11 163.0 608.33 -663.15
12 163.0 321.76 -811.26
13 163.0 432.48 -656.81
14 163.0 942.13 -663.57
15 163.0 413.01 -385.84
16 163.0 561.63 -784.07
17 163.0 547.53 -788.19
18 163.0 295.97 -694.78
19 163.0 326.25 -685.60
20 163.0 529.65 -421.66
21 163.0 524.53 -406.56
22 163.0 320.57 -818.76
23 163.0 202.67 -422.07
24 163.0 510.95 -356.52
25 163.0 922.24 -647.59
6 164.0 589.25 -322.98
7 164.0 598.91 -328.42
8 164.0 571.02 -553.76
9 164.0 566.50 -539.29
10 164.0 601.00 -639.19
11 164.0 606.12 -655.71
12 164.0 319.42 -803.36
13 164.0 440.84 -654.28
14 164.0 935.45 -659.59
15 164.0 422.63 -383.01
16 164.0 567.67 -782.30
17 164.0 553.32 -786.50
18 164.0 288.47 -698.14
19 164.0 319.84 -687.54
20 164.0 531.42 -427.95
21 164.0 526.67 -412.95
22 164.0 322.73 -825.58
23 164.0 199.37 -414.72
24 164.0 519.69 -354.62
25 164.0 915.98 -641.79
6 165.0 578.97 -320.68
7 165.0 587.26 -325.82
8 165.0 573.14 -560.53
9 165.0 568.64 -546.15
10 165.0 598.54 -631.26
11 165.0 603.73 -647.97
12 165.0 316.86 -794.96
13 165.0 448.73 -651.89
14 165.0 929.20 -654.05
15 165.0 432.47 -379.55
16 165.0 573.59 -780.57
17 165.0 559.84 -784.59
18 165.0 286.40 -705.10
19 165.0 313.99 -689.31
20 165.0 530.57 -434.56
21 165.0 528.81 -419.19
22 165.0 325.03 -832.88
23 165.0 196.82 -408.61
24 165.0 528.29 -352.74
25 165.0 909.55 -635.83
6 166.0 568.69 -318.56
7 166.0 576.41 -323.39
8 166.0 575.43 -567.85
9 166.0 570.83 -553.14
10 166.0 596.14 -623.50
11 166.0 601.46 -640.67
12 166.0 314.57 -787.47
13 166.0 457.22 -649.34
14 166.0 923.88 -649.11
15 166.0 442.67 -376.33
16 166.0 579.77 -778.74
17 166.0 565.26 -783.00
18 166.0 288.43 -712.58
19 166.0 307.55 -691.27
20 166.0 532.57 -441.11
21 166.0 530.85 -425.16
22 166.0 326.95 -839.11
23 166.0 194.36 -402.46
24 166.0 536.47 -348.84
25 166.0 903.25 -629.99
6 167.0 557.14 -321.66
7 167.0 565.20 -322.35
8 167.0 577.44 -574.29
9 167.0 573.14 -560.55
10 167.0 593.66 -615.54
11 167.0 599.02 -632.78
12 167.0 312.19 -779.70
13 167.0 465.13 -646.95
14 167.0 918.33 -643.97
15 167.0 451.98 -373.58
16 167.0 585.92 -776.88
17 167.0 571.21 -781.26
18 167.0 290.59 -719.68
19 167.0 301.24 -693.18
20 167.0 534.64 -447.84
21 167.0 530.42 -431.96
22 167.0 328.88 -845.44
23 167.0 191.78 -396.04
24 167.0 544.34 -346.39
25 167.0 896.85 -624.06
6 168.0 544.81 -323.53
7 168.0 553.45 -325.37
8 168.0 579.52 -580.94
9 168.0 574.87 -566.08
10 168.0 591.38 -608.20
11 168.0 596.56 -624.85
12 168.0 309.60 -771.19
13 168.0 473.55 -644.40
14 168.0 912.89 -638.92
15 168.0 461.38 -370.80
16 168.0 592.37 -774.92
17 168.0 577.38 -779.45
18 168.0 292.87 -727.15
19 168.0 295.33 -694.97
20 168.0 536.67 -454.44
21 168.0 531.74 -438.42
22 168.0 331.09 -852.68
23 168.0 189.68 -391.50
24 168.0 552.73 -345.09
25 168.0 890.79 -618.06
6 169.0 533.96 -326.60
7 169.0 541.88 -327.66
8 169.0 581.65 -587.74
9 169.0 576.94 -572.68
10 169.0 589.23 -601.26
11 169.0 593.97 -616.53
12 169.0 307.22 -763.32
13 169.0 481.62 -641.96
14 169.0 907.48 -633.91
15 169.0 471.45 -367.82
16 169.0 598.57 -772.98
17 169.0 584.30 -777.37
18 169.0 295.22 -734.89
19 169.0 289.76 -697.15
20 169.0 538.88 -461.47
21 169.0 533.84 -445.26
22 169.0 333.12 -859.32
23 169.0 188.14 -390.18
24 169.0 561.44 -344.03
25 169.0 884.57 -611.74
6 170.0 523.13 -329.95
7 170.0 531.39 -330.65
8 170.0 583.81 -594.66
9 170.0 579.21 -579.97
10 170.0 586.82 -593.55
11 170.0 591.83 -609.63
12 170.0 304.91 -755.74
13 170.0 490.06 -639.40
14 170.0 901.51 -628.38
15 170.0 481.69 -364.80
16 170.0 604.59 -771.08
17 170.0 590.43 -775.51
18 170.0 297.70 -743.04
19 170.0 286.39 -701.73
20 170.0 541.29 -468.20
21 170.0 535.88 -451.87
22 170.0 335.16 -865.99
23 170.0 186.56 -391.50
24 170.0 570.39 -343.59
25 170.0 878.07 -605.13
6 171.0 513.23 -333.85
7 171.0 521.16 -334.15
8 171.0 585.75 -600.88
9 171.0 581.16 -586.19
10 171.0 584.68 -586.69
11 171.0 589.45 -601.98
12 171.0 302.50 -747.80
13 171.0 498.50 -636.85
14 171.0 895.60 -622.90
15 171.0 491.63 -361.86
16 171.0 611.13 -769.10
17 171.0 596.44 -773.65
18 171.0 300.11 -750.96
19 171.0 286.85 -707.40
20 171.0 544.45 -474.60
21 171.0 538.01 -458.71
22 171.0 337.19 -872.61
23 171.0 184.29 -395.00
24 171.0 579.19 -344.49
25 171.0 872.41 -598.95
6 172.0 503.10 -336.99
7 172.0 510.40 -338.26
8 172.0 585.11 -606.37
9 172.0 583.20 -592.72
10 172.0 582.31 -579.13
11 172.0 587.42 -595.48
12 172.0 300.23 -740.34
13 172.0 506.44 -634.45
14 172.0 889.68 -616.94
15 172.0 502.01 -358.80
16 172.0 616.89 -767.37
17 172.0 602.81 -771.64
18 172.0 302.42 -758.55
19 172.0 288.70 -713.47
20 172.0 548.07 -480.65
21 172.0 540.37 -465.87
22 172.0 339.26 -879.36
23 172.0 185.95 -398.70
24 172.0 588.36 -346.36
25 172.0 869.40 -590.58
6 173.0 492.87 -340.15
7 173.0 499.36 -341.50
8 173.0 580.54 -608.70
9 173.0 584.75 -597.68
10 173.0 579.97 -571.65
11 173.0 584.86 -587.27
12 173.0 297.73 -732.13
13 173.0 514.92 -631.89
14 173.0 883.87 -611.02
15 173.0 511.78 -356.33
16 173.0 622.84 -765.57
17 173.0 608.19 -769.98
18 173.0 304.85 -766.51
19 173.0 290.71 -720.06
20 173.0 550.82 -487.45
21 173.0 543.51 -472.92
22 173.0 341.18 -885.61
23 173.0 188.22 -404.36
24 173.0 596.58 -348.19
25 173.0 866.92 -582.22
6 174.0 482.83 -343.26
7 174.0 487.80 -345.07
8 174.0 573.27 -610.90
9 174.0 586.07 -602.52
10 174.0 577.82 -564.77
11 174.0 582.63 -580.15
12 174.0 295.29 -724.13
13 174.0 523.28 -629.36
14 174.0 878.61 -605.67
15 174.0 521.74 -354.17
16 174.0 627.24 -764.25
17 174.0 613.92 -768.26
18 174.0 307.08 -773.92
19 174.0 292.67 -726.52
20 174.0 552.89 -493.80
21 174.0 547.11 -478.91
22 174.0 343.40 -892.87
23 174.0 190.63 -410.38
24 174.0 605.80 -350.25
25 174.0 864.32 -573.48
6 175.0 472.74 -346.38
7 175.0 476.70 -348.51
8 175.0 566.00 -613.10
9 175.0 583.22 -607.71
10 175.0 575.69 -557.95
11 175.0 580.39 -572.97
12 175.0 292.71 -715.65
13 175.0 532.20 -626.66
14 175.0 873.38 -600.33
15 175.0 531.47 -351.88
16 175.0 631.49 -763.38
17 175.0 618.84 -766.78
18 175.0 309.59 -782.14
19 175.0 294.53 -732.63
20 175.0 554.47 -499.14
21 175.0 549.82 -484.61
22 175.0 345.48 -899.66
23 175.0 193.50 -417.29
24 175.0 614.24 -352.14
25 175.0 861.86 -565.18
6 176.0 462.36 -349.60
7 176.0 465.62 -351.93
8 176.0 558.69 -615.31
9 176.0 577.65 -609.58
10 176.0 573.20 -549.99
11 176.0 578.45 -566.78
12 176.0 290.29 -707.68
13 176.0 540.41 -624.17
14 176.0 870.17 -593.16
15 176.0 541.07 -347.26
16 176.0 635.42 -765.63
17 176.0 623.59 -765.35
18 176.0 311.93 -789.77
19 176.0 296.58 -739.35
20 176.0 556.27 -505.23
21 176.0 552.16 -491.58
22 176.0 347.57 -906.48
23 176.0 195.79 -422.49
24 176.0 623.16 -354.16
25 176.0 859.47 -557.12
6 177.0 451.44 -352.97
7 177.0 454.44 -355.39
8 177.0 551.66 -617.43
9 177.0 569.59 -612.01
10 177.0 570.88 -542.55
11 177.0 575.88 -558.55
12 177.0 287.75 -699.42
13 177.0 549.36 -621.47
14 177.0 868.08 -586.15
15 177.0 550.00 -345.54
16 177.0 637.06 -770.01
17 177.0 627.73 -764.10
18 177.0 314.16 -797.09
19 177.0 298.61 -746.03
20 177.0 558.22 -511.82
21 177.0 553.72 -496.60
22 177.0 349.59 -913.10
23 177.0 198.42 -429.47
24 177.0 631.63 -356.14
25 177.0 856.77 -548.06
6 178.0 440.96 -356.08
7 178.0 442.86 -358.85
8 178.0 545.08 -619.42
9 178.0 562.51 -614.15
10 178.0 568.57 -535.18
11 178.0 573.54 -551.05
12 178.0 285.42 -691.85
13 178.0 557.13 -619.12
14 178.0 865.72 -578.18
15 178.0 559.89 -344.15
16 178.0 638.96 -776.50
17 178.0 631.70 -763.35
18 178.0 316.69 -805.41
19 178.0 300.73 -752.98
20 178.0 560.00 -517.83
21 178.0 555.72 -503.34
22 178.0 351.84 -920.45
23 178.0 201.20 -437.01
24 178.0 640.43 -358.19
25 178.0 854.55 -539.53
6 179.0 430.40 -359.20
7 179.0 431.53 -362.20
8 179.0 538.23 -621.49
9 179.0 554.37 -616.61
10 179.0 566.12 -527.23
11 179.0 571.36 -544.09
12 179.0 282.79 -683.33
13 179.0 565.94 -616.45
14 179.0 863.67 -571.28
15 179.0 570.54 -343.58
16 179.0 640.70 -782.26
17 179.0 635.68 -766.19
18 179.0 319.06 -813.49
19 179.0 302.78 -759.71
20 179.0 561.87 -524.12
21 179.0 557.41 -509.07
22 179.0 354.04 -927.62
23 179.0 203.89 -443.67
24 179.0 649.34 -360.28
25 179.0 853.81 -532.86
6 180.0 419.38 -362.46
7 180.0 424.52 -364.28
8 180.0 531.44 -623.55
9 180.0 546.96 -618.85
10 180.0 563.80 -519.38
11 180.0 568.99 -536.50
12 180.0 280.20 -674.87
13 180.0 574.19 -613.96
14 180.0 861.34 -563.45
15 180.0 581.00 -344.84
16 180.0 642.42 -787.94
17 180.0 637.51 -771.50
18 180.0 321.28 -821.02
19 180.0 304.78 -766.28
20 180.0 563.97 -531.19
21 180.0 559.26 -515.30
22 180.0 356.33 -935.08
23 180.0 208.21 -451.58
24 180.0 657.97 -362.29
25 180.0 853.05 -525.85
6 181.0 408.42 -365.70
7 181.0 416.17 -366.75
8 181.0 524.20 -625.74
9 181.0 540.47 -620.82
10 181.0 561.46 -511.48
11 181.0 566.45 -528.32
12 181.0 277.86 -667.46
13 181.0 580.58 -612.03
14 181.0 859.06 -555.75
15 181.0 591.54 -347.06
16 181.0 644.41 -794.51
17 181.0 639.54 -778.44
18 181.0 323.90 -829.31
19 181.0 306.76 -772.84
20 181.0 566.12 -538.07
21 181.0 561.44 -522.67
22 181.0 358.33 -941.64
23 181.0 211.46 -458.22
24 181.0 666.76 -364.34
25 181.0 847.45 -522.23
6 182.0 398.21 -372.24
7 182.0 409.64 -368.68
8 182.0 517.17 -627.87
9 182.0 533.49 -622.93
10 182.0 559.43 -504.61
11 182.0 564.29 -521.03
12 182.0 275.46 -659.70
13 182.0 583.70 -610.52
14 182.0 856.90 -548.48
15 182.0 601.43 -349.27
16 182.0 646.08 -800.04
17 182.0 641.71 -785.60
18 182.0 326.26 -836.84
19 182.0 308.73 -779.34
20 182.0 568.03 -544.17
21 182.0 563.38 -529.25
22 182.0 360.47 -948.62
23 182.0 214.21 -467.91
24 182.0 675.66 -366.46
25 182.0 844.37 -514.65
6 183.0 388.60 -376.57
7 183.0 401.10 -371.21
8 183.0 509.79 -630.10
9 183.0 525.76 -625.27
10 183.0 557.39 -497.72
11 183.0 561.97 -513.19
12 183.0 272.83 -651.23
13 183.0 582.89 -608.43
14 183.0 854.95 -541.32
15 183.0 611.83 -351.60
16 183.0 647.92 -806.14
17 183.0 643.29 -790.82
18 183.0 328.77 -845.08
19 183.0 310.61 -785.48
20 183.0 570.17 -551.03
21 183.0 565.45 -535.91
22 183.0 362.53 -955.34
23 183.0 216.81 -477.22
24 183.0 684.67 -368.61
25 183.0 841.78 -506.33
6 184.0 377.66 -379.81
7 184.0 394.04 -374.78
8 184.0 502.36 -632.35
9 184.0 518.26 -627.54
10 184.0 555.42 -491.25
11 184.0 559.96 -506.38
12 184.0 270.38 -643.36
13 184.0 579.05 -609.15
14 184.0 853.73 -534.12
15 184.0 621.91 -353.87
16 184.0 649.75 -812.17
17 184.0 645.32 -797.54
18 184.0 330.95 -852.20
19 184.0 312.44 -791.46
20 184.0 572.35 -558.00
21 184.0 567.60 -542.81
22 184.0 364.35 -961.31
23 184.0 219.47 -486.44
24 184.0 692.85 -370.56
25 184.0 839.21 -497.94
6 185.0 366.44 -383.13
7 185.0 384.54 -377.77
8 185.0 495.39 -634.46
9 185.0 511.19 -629.68
10 185.0 553.57 -485.65
11 185.0 557.65 -498.60
12 185.0 267.89 -635.29
13 185.0 573.13 -610.94
14 185.0 853.91 -528.28
15 185.0 632.33 -356.30
16 185.0 651.62 -818.38
17 185.0 647.06 -803.27
18 185.0 333.17 -859.47
19 185.0 314.39 -797.86
20 185.0 574.46 -564.76
21 185.0 569.71 -549.55
22 185.0 365.55 -964.08
23 185.0 221.96 -494.95
24 185.0 701.34 -372.59
25 185.0 836.57 -489.33
6 186.0 355.43 -386.38
7 186.0 374.03 -380.88
8 186.0 488.89 -636.42
9 186.0 503.71 -631.94
10 186.0 552.82 -483.49
11 186.0 555.88 -492.60
12 186.0 265.51 -627.54
13 186.0 565.39 -613.28
14 186.0 850.02 -523.98
15 186.0 642.35 -358.64
16 186.0 653.53 -824.71
17 186.0 649.13 -810.11
18 186.0 335.67 -867.65
19 186.0 316.41 -804.50
20 186.0 576.45 -571.13
21 186.0 571.73 -556.04
22 186.0 367.83 -963.78
23 186.0 223.86 -501.30
24 186.0 710.11 -374.68
25 186.0 833.90 -480.61
6 187.0 345.36 -389.36
7 187.0 363.75 -383.92
8 187.0 482.62 -638.32
9 187.0 497.53 -633.81
10 187.0 552.66 -483.06
11 187.0 555.17 -490.47
12 187.0 262.91 -618.99
13 187.0 557.06 -615.80
14 187.0 845.96 -519.44
15 187.0 651.78 -360.84
16 187.0 655.51 -831.29
17 187.0 651.19 -816.95
18 187.0 337.86 -874.79
19 187.0 318.37 -811.07
20 187.0 578.50 -577.67
21 187.0 573.77 -562.55
22 187.0 367.58 -960.90
23 187.0 225.84 -507.89
24 187.0 718.74 -376.73
25 187.0 831.20 -472.20
6 188.0 334.43 -392.60
7 188.0 354.23 -386.74
8 188.0 476.24 -640.24
9 188.0 490.83 -635.83
10 188.0 552.65 -483.01
11 188.0 555.03 -490.06
12 188.0 260.52 -611.15
13 188.0 548.34 -618.44
14 188.0 843.91 -513.20
15 188.0 661.78 -363.18
16 188.0 657.25 -837.07
17 188.0 653.01 -823.01
18 188.0 340.28 -882.69
19 188.0 320.35 -818.02
20 188.0 580.43 -583.85
21 188.0 575.90 -569.36
22 188.0 366.11 -956.12
23 188.0 228.08 -515.29
24 188.0 726.90 -378.68
25 188.0 827.50 -464.88
6 189.0 324.17 -395.32
7 189.0 343.08 -390.04
8 189.0 469.44 -642.30
9 189.0 484.41 -637.77
10 189.0 552.65 -483.01
11 189.0 554.99 -489.92
12 189.0 258.19 -603.48
13 189.0 540.03 -620.95
14 189.0 841.59 -505.69
15 189.0 671.68 -365.51
16 189.0 659.19 -843.49
17 189.0 654.56 -828.15
18 189.0 342.53 -890.05
19 189.0 322.21 -823.94
20 189.0 582.50 -590.48
21 189.0 577.88 -575.71
22 189.0 363.94 -949.02
23 189.0 230.29 -522.58
24 189.0 735.72 -380.93
25 189.0 827.31 -460.40
6 190.0 313.86 -397.14
7 190.0 333.11 -392.99
8 190.0 462.82 -644.30
9 190.0 477.89 -639.75
10 190.0 552.65 -483.01
11 190.0 554.97 -489.88
12 190.0 255.94 -596.06
13 190.0 532.28 -623.29
14 190.0 839.09 -497.54
15 190.0 682.69 -364.84
16 190.0 660.93 -849.44
17 190.0 656.66 -835.10
18 190.0 344.77 -897.34
19 190.0 324.17 -830.17
20 190.0 584.33 -596.34
21 190.0 579.76 -581.70
22 190.0 361.82 -942.10
23 190.0 232.36 -529.39
24 190.0 744.31 -384.36
25 190.0 828.86 -453.66
6 191.0 302.96 -400.58
7 191.0 322.41 -395.25
8 191.0 456.33 -646.26
9 191.0 471.71 -641.62
10 191.0 552.65 -483.01
11 191.0 554.97 -489.87
12 191.0 253.35 -587.53
13 191.0 524.39 -625.69
14 191.0 836.65 -489.59
15 191.0 693.18 -367.35
16 191.0 662.80 -855.83
17 191.0 658.59 -841.50
18 191.0 347.11 -904.98
19 191.0 326.28 -836.89
20 191.0 586.41 -602.99
21 191.0 581.67 -587.82
22 191.0 359.72 -935.23
23 191.0 234.61 -536.81
24 191.0 753.15 -386.29
25 191.0 830.92 -444.62
6 192.0 292.58 -403.83
7 192.0 310.96 -398.04
8 192.0 449.57 -648.30
9 192.0 464.42 -643.82
10 192.0 552.65 -483.01
11 192.0 554.97 -489.87
12 192.0 250.99 -579.79
13 192.0 515.50 -628.38
14 192.0 834.32 -481.98
15 192.0 703.43 -369.80
16 192.0 664.40 -861.32
17 192.0 660.29 -847.25
18 192.0 349.63 -913.20
19 192.0 328.31 -843.57
20 192.0 588.60 -610.02
21 192.0 583.78 -594.58
22 192.0 357.60 -928.33
23 192.0 236.54 -543.19
24 192.0 761.23 -388.05
25 192.0 832.91 -435.67
6 193.0 281.46 -407.21
7 193.0 300.80 -401.28
8 193.0 443.18 -650.24
9 193.0 458.04 -645.74
10 193.0 552.65 -483.01
11 193.0 554.97 -489.86
12 193.0 248.38 -571.21
13 193.0 506.64 -631.05
14 193.0 831.93 -474.20
15 193.0 713.78 -372.26
16 193.0 666.19 -867.41
17 193.0 661.98 -853.02
18 193.0 351.89 -920.60
19 193.0 330.12 -849.49
20 193.0 590.75 -616.93
21 193.0 586.10 -602.00
22 193.0 355.70 -922.10
23 193.0 238.61 -549.99
24 193.0 769.83 -389.92
25 193.0 834.86 -426.88
6 194.0 270.85 -410.42
7 194.0 290.10 -404.59
8 194.0 436.12 -652.37
9 194.0 451.07 -647.85
10 194.0 552.65 -483.01
11 194.0 554.97 -489.86
12 194.0 249.15 -564.79
13 194.0 498.10 -633.63
14 194.0 830.25 -470.26
15 194.0 724.31 -374.77
16 194.0 667.02 -873.37
17 194.0 663.79 -859.21
18 194.0 354.41 -928.84
19 194.0 332.14 -856.09
20 194.0 592.93 -623.97
21 194.0 588.00 -608.11
22 194.0 353.41 -914.63
23 194.0 240.54 -556.38
24 194.0 778.17 -391.74
25 194.0 836.77 -418.25
6 195.0 260.10 -413.68
7 195.0 279.02 -407.95
8 195.0 429.70 -654.31
9 195.0 444.65 -649.79
10 195.0 552.65 -483.01
11 195.0 554.97 -489.86
12 195.0 254.68 -562.43
13 195.0 489.34 -636.28
14 195.0 825.91 -466.35
15 195.0 734.48 -377.21
16 195.0 663.94 -878.12
17 195.0 665.59 -865.38
18 195.0 356.70 -936.31
19 195.0 333.97 -862.07
20 195.0 595.00 -630.63
21 195.0 590.00 -614.52
22 195.0 351.42 -908.15
23 195.0 242.80 -563.82
24 195.0 786.96 -393.66
25 195.0 838.88 -412.52
6 196.0 248.99 -417.05
7 196.0 268.22 -411.22
8 196.0 422.93 -656.36
9 196.0 438.68 -651.59
10 196.0 552.65 -483.01
11 196.0 554.97 -489.86
12 196.0 262.54 -560.12
13 196.0 481.12 -638.77
14 196.0 818.46 -464.59
15 196.0 743.68 -380.95
16 196.0 658.39 -880.59
17 196.0 667.07 -871.21
18 196.0 358.90 -943.49
19 196.0 335.86 -868.25
20 196.0 596.84 -636.56
21 196.0 592.05 -621.13
22 196.0 349.19 -900.88
23 196.0 245.01 -571.12
24 196.0 795.59 -395.60
25 196.0 844.75 -406.81
6 197.0 237.78 -420.45
7 197.0 257.10 -414.59
8 197.0 416.65 -658.26
9 197.0 432.03 -653.61
10 197.0 552.65 -483.01
11 197.0 554.97 -489.86
12 197.0 271.19 -557.57
13 197.0 472.20 -641.47
14 197.0 811.15 -465.42
15 197.0 754.25 -383.25
16 197.0 651.88 -882.60
17 197.0 665.38 -876.93
18 197.0 361.25 -951.15
19 197.0 337.98 -875.19
20 197.0 598.90 -643.20
21 197.0 593.90 -627.11
22 197.0 346.99 -893.68
23 197.0 247.07 -577.89
24 197.0 804.56 -397.65
25 197.0 854.38 -403.32
6 198.0 226.84 -423.77
7 198.0 245.60 -418.08
8 198.0 409.56 -660.41
9 198.0 425.46 -655.59
10 198.0 552.65 -483.01
11 198.0 554.97 -489.86
12 198.0 279.28 -555.19
13 198.0 464.44 -643.81
14 198.0 803.53 -467.76
15 198.0 763.97 -385.37
16 198.0 646.21 -884.35
17 198.0 659.38 -880.29
18 198.0 363.62 -958.90
19 198.0 339.87 -881.35
20 198.0 600.88 -649.59
21 198.0 595.92 -633.60
22 198.0 344.83 -886.65
23 198.0 248.97 -584.13
24 198.0 813.63 -399.73
25 198.0 866.03 -402.77
6 199.0 216.18 -427.02
7 199.0 235.60 -421.11
8 199.0 402.56 -662.52
9 199.0 417.92 -657.88
10 199.0 552.65 -483.01
11 199.0 554.97 -489.86
12 199.0 287.24 -552.84
13 199.0 455.57 -646.49
14 199.0 795.48 -470.25
15 199.0 773.95 -387.55
16 199.0 640.10 -886.24
17 199.0 653.61 -882.07
18 199.0 366.28 -966.29
19 199.0 341.85 -887.81
20 199.0 603.00 -656.42
21 199.0 598.16 -640.82
22 199.0 342.89 -880.31
23 199.0 251.12 -591.21
24 199.0 822.26 -401.57
25 199.0 879.19 -402.55
6 200.0 208.23 -427.16
7 200.0 225.36 -424.22
8 200.0 395.35 -664.71
9 200.0 411.57 -659.80
10 200.0 552.65 -483.01
11 200.0 554.97 -489.86
12 200.0 294.69 -550.65
13 200.0 447.39 -648.96
14 200.0 787.77 -472.64
15 200.0 783.58 -389.65
16 200.0 634.08 -888.10
17 200.0 648.57 -883.63
18 200.0 372.74 -970.11
19 200.0 343.65 -893.69
20 200.0 605.08 -663.41
21 200.0 600.21 -647.44
22 200.0 340.62 -872.90
23 200.0 253.28 -598.33
24 200.0 828.28 -402.81
25 200.0 891.69 -405.44
6 201.0 202.23 -421.33
7 201.0 216.62 -426.88
8 201.0 389.53 -666.47
9 201.0 404.47 -661.95
10 201.0 552.65 -483.01
11 201.0 554.97 -489.86
12 201.0 302.82 -548.25
13 201.0 438.56 -651.63
14 201.0 780.16 -475.00
15 201.0 794.12 -391.99
16 201.0 628.49 -889.83
17 201.0 641.99 -885.66
18 201.0 380.38 -968.34
19 201.0 345.58 -899.99
20 201.0 607.18 -670.48
21 201.0 602.45 -654.66
22 201.0 338.48 -865.90
23 201.0 255.32 -605.03
24 201.0 832.55 -406.81
25 201.0 903.40 -408.15
6 202.0 197.86 -411.11
7 202.0 208.73 -427.24
8 202.0 383.74 -665.96
9 202.0 398.23 -663.84
10 202.0 552.65 -483.01
11 202.0 554.97 -489.86
12 202.0 311.07 -545.78
13 202.0 430.22 -654.16
14 202.0 772.06 -477.53
15 202.0 804.05 -394.25
16 202.0 622.99 -891.53
17 202.0 636.63 -887.31
18 202.0 387.89 -966.11
19 202.0 347.34 -905.75
20 202.0 608.93 -676.39
21 202.0 604.43 -661.23
22 202.0 336.38 -859.06
23 202.0 257.53 -612.30
24 202.0 834.55 -412.75
25 202.0 916.18 -411.48
6 203.0 194.59 -403.06
7 203.0 202.20 -421.27
8 203.0 381.38 -661.51
9 203.0 392.42 -665.59
10 203.0 552.65 -483.01
11 203.0 554.97 -489.86
12 203.0 319.52 -543.30
13 203.0 421.69 -656.73
14 203.0 764.32 -479.96
15 203.0 814.18 -396.57
16 203.0 617.48 -893.22
17 203.0 630.90 -889.09
18 203.0 395.20 -963.94
19 203.0 349.43 -912.57
20 203.0 610.72 -682.41
21 203.0 606.49 -668.16
22 203.0 336.11 -853.19
23 203.0 259.67 -619.35
24 203.0 833.19 -419.63
25 203.0 923.80 -414.06
6 204.0 191.35 -394.96
7 204.0 198.34 -412.27
8 204.0 379.52 -655.24
9 204.0 387.51 -666.87
10 204.0 552.65 -483.01
11 204.0 554.97 -489.86
12 204.0 327.13 -541.08
13 204.0 412.84 -659.41
14 204.0 756.56 -482.23
15 204.0 823.80 -398.62
16 204.0 611.90 -894.93
17 204.0 625.36 -890.80
18 204.0 403.26 -961.55
19 204.0 351.24 -918.48
20 204.0 612.47 -688.32
21 204.0 608.42 -674.68
22 204.0 340.65 -850.40
23 204.0 261.73 -626.14
24 204.0 831.72 -426.22
25 204.0 927.46 -416.08
6 205.0 189.49 -391.13
7 205.0 195.08 -404.29
8 205.0 377.49 -648.43
9 205.0 382.27 -663.92
10 205.0 552.65 -483.01
11 205.0 554.97 -489.86
12 205.0 335.18 -538.66
13 205.0 404.96 -661.80
14 205.0 748.31 -482.39
15 205.0 834.03 -401.87
16 205.0 605.70 -896.84
17 205.0 619.73 -892.53
18 205.0 410.78 -959.31
19 205.0 353.00 -924.23
20 205.0 614.50 -695.08
21 205.0 610.21 -680.70
22 205.0 346.89 -848.53
23 205.0 263.83 -632.95
24 205.0 830.40 -432.19
25 205.0 938.04 -422.75
6 206.0 186.84 -390.57
7 206.0 193.36 -399.99
8 206.0 375.33 -641.14
9 206.0 380.22 -657.61
10 206.0 552.65 -483.01
11 206.0 554.97 -489.86
12 206.0 340.66 -539.23
13 206.0 396.80 -664.27
14 206.0 740.70 -479.53
15 206.0 844.40 -404.40
16 206.0 599.14 -898.85
17 206.0 613.90 -894.32
18 206.0 418.38 -957.06
19 206.0 354.78 -930.04
20 206.0 616.30 -701.07
21 206.0 612.17 -687.30
22 206.0 353.28 -846.61
23 206.0 265.93 -639.77
24 206.0 829.03 -438.34
25 206.0 945.72 -424.93
6 207.0 184.61 -395.60
7 207.0 191.96 -396.49
8 207.0 373.39 -634.60
9 207.0 377.96 -649.99
10 207.0 552.65 -483.01
11 207.0 554.97 -489.86
12 207.0 343.13 -544.33
13 207.0 388.93 -666.65
14 207.0 735.65 -473.34
15 207.0 855.08 -406.77
16 207.0 593.31 -900.63
17 207.0 607.15 -896.39
18 207.0 425.49 -954.95
19 207.0 356.70 -936.30
20 207.0 618.33 -707.81
21 207.0 613.92 -693.17
22 207.0 360.71 -844.38
23 207.0 268.17 -647.02
24 207.0 827.93 -443.29
25 207.0 951.03 -424.94
6 208.0 186.72 -400.60
7 208.0 190.41 -392.88
8 208.0 371.21 -627.25
9 208.0 375.85 -642.90
10 208.0 552.65 -483.01
11 208.0 554.97 -489.86
12 208.0 345.35 -552.17
13 208.0 383.03 -671.22
14 208.0 732.89 -465.72
15 208.0 865.41 -409.20
16 208.0 587.45 -902.43
17 208.0 601.43 -898.14
18 208.0 433.61 -952.54
19 208.0 358.72 -942.92
20 208.0 620.43 -714.78
21 208.0 615.95 -699.91
22 208.0 367.57 -842.33
23 208.0 270.30 -653.87
24 208.0 826.40 -450.06
25 208.0 960.26 -426.22
6 209.0 189.37 -407.24
7 209.0 188.92 -390.59
8 209.0 369.34 -620.96
9 209.0 373.85 -636.18
10 209.0 552.65 -483.01
11 209.0 554.97 -489.86
12 209.0 347.69 -560.44
13 209.0 383.53 -679.07
14 209.0 730.59 -458.43
15 209.0 875.09 -411.46
16 209.0 581.54 -904.24
17 209.0 595.68 -899.91
18 209.0 441.48 -950.21
19 209.0 360.61 -949.07
20 209.0 622.22 -720.74
21 209.0 617.96 -706.60
22 209.0 374.60 -840.22
23 209.0 272.42 -660.71
24 209.0 825.04 -456.00
25 209.0 969.17 -431.12
6 210.0 192.57 -415.05
7 210.0 186.55 -391.59
8 210.0 367.24 -613.89
9 210.0 371.88 -629.51
10 210.0 552.65 -483.01
11 210.0 554.97 -489.86
12 210.0 350.05 -568.42
13 210.0 385.93 -686.89
14 210.0 728.01 -450.74
15 210.0 884.60 -413.66
16 210.0 575.87 -905.98
17 210.0 589.31 -901.86
18 210.0 449.28 -947.88
19 210.0 362.69 -955.88
20 210.0 624.32 -727.70
21 210.0 619.68 -712.29
22 210.0 381.27 -838.23
23 210.0 274.40 -667.10
24 210.0 824.05 -462.81
25 210.0 973.64 -434.30
6 211.0 195.36 -421.40
7 211.0 184.59 -395.56
8 211.0 365.26 -607.25
9 211.0 369.80 -622.53
10 211.0 552.65 -483.01
11 211.0 554.97 -489.86
12 211.0 352.42 -576.10
13 211.0 388.48 -695.19
14 211.0 724.74 -443.23
15 211.0 894.56 -415.96
16 211.0 570.41 -907.65
17 211.0 584.11 -903.45
18 211.0 456.93 -945.61
19 211.0 364.60 -962.12
20 211.0 626.26 -734.08
21 211.0 621.67 -718.90
22 211.0 387.89 -836.24
23 211.0 276.69 -674.32
24 211.0 826.03 -468.78
25 211.0 977.21 -434.71
6 212.0 198.44 -429.54
7 212.0 186.24 -399.43
8 212.0 363.28 -600.59
9 212.0 367.67 -615.35
10 212.0 552.65 -483.01
11 212.0 554.97 -489.86
12 212.0 354.82 -583.83
13 212.0 390.95 -703.25
14 212.0 720.00 -437.69
15 212.0 905.19 -418.42
16 212.0 564.00 -909.62
17 212.0 579.08 -904.99
18 212.0 464.27 -943.43
19 212.0 367.81 -968.22
20 212.0 628.13 -740.25
21 212.0 623.65 -725.48
22 212.0 394.24 -834.34
23 212.0 278.69 -680.87
24 212.0 828.69 -474.51
25 212.0 977.49 -429.19
6 213.0 201.37 -437.45
7 213.0 188.30 -404.55
8 213.0 361.12 -593.43
9 213.0 365.89 -609.36
10 213.0 552.65 -483.01
11 213.0 554.97 -489.86
12 213.0 357.10 -591.21
13 213.0 393.60 -711.87
14 213.0 713.45 -434.27
15 213.0 914.82 -421.15
16 213.0 558.39 -911.36
17 213.0 572.98 -906.86
18 213.0 472.08 -941.11
19 213.0 373.84 -969.95
20 213.0 629.95 -746.25
21 213.0 625.69 -732.22
22 213.0 401.57 -832.14
23 213.0 280.68 -687.35
24 213.0 830.70 -481.09
25 213.0 973.35 -426.24
6 214.0 204.31 -444.70
7 214.0 190.91 -411.07
8 214.0 359.17 -587.04
9 214.0 363.83 -602.44
10 214.0 552.65 -483.01
11 214.0 554.97 -489.86
12 214.0 359.69 -599.73
13 214.0 396.04 -719.82
14 214.0 705.96 -432.27
15 214.0 921.18 -423.31
16 214.0 552.74 -913.11
17 214.0 567.56 -908.52
18 214.0 480.08 -938.63
19 214.0 379.79 -968.51
20 214.0 632.04 -753.20
21 214.0 627.30 -737.51
22 214.0 408.32 -830.12
23 214.0 282.74 -694.02
24 214.0 832.65 -487.46
25 214.0 967.83 -422.88
6 215.0 209.35 -453.47
7 215.0 194.42 -419.35
8 215.0 356.86 -579.62
9 215.0 361.72 -595.42
10 215.0 552.65 -483.01
11 215.0 554.97 -489.86
12 215.0 362.01 -607.51
13 215.0 398.47 -727.74
14 215.0 698.61 -430.76
15 215.0 919.42 -422.59
16 215.0 546.63 -914.95
17 215.0 561.12 -910.52
18 215.0 487.63 -936.29
19 215.0 385.61 -966.79
20 215.0 632.03 -758.04
21 215.0 629.52 -744.82
22 215.0 414.97 -828.12
23 215.0 284.90 -701.05
24 215.0 834.38 -493.11
25 215.0 958.89 -421.54
6 216.0 212.52 -461.67
7 216.0 196.15 -423.37
8 216.0 354.66 -572.50
9 216.0 359.30 -587.48
10 216.0 552.65 -483.01
11 216.0 554.97 -489.86
12 216.0 364.29 -615.18
13 216.0 401.15 -736.47
14 216.0 691.44 -429.29
15 216.0 919.38 -422.58
16 216.0 540.55 -916.75
17 216.0 554.84 -912.46
18 216.0 495.14 -933.97
19 216.0 391.97 -964.90
20 216.0 628.08 -760.67
21 216.0 630.91 -749.39
22 216.0 420.50 -826.47
23 216.0 286.98 -707.81
24 216.0 836.27 -499.28
25 216.0 949.22 -419.76
6 217.0 215.60 -472.98
7 217.0 198.48 -429.65
8 217.0 352.59 -565.85
9 217.0 357.09 -580.36
10 217.0 552.65 -483.01
11 217.0 554.97 -489.86
12 217.0 366.64 -623.10
13 217.0 403.89 -745.39
14 217.0 683.52 -427.66
15 217.0 919.36 -422.57
16 217.0 534.68 -918.50
17 217.0 548.94 -914.27
18 217.0 503.03 -931.52
19 217.0 398.67 -962.91
20 217.0 621.72 -762.57
21 217.0 632.25 -754.16
22 217.0 426.36 -823.50
23 217.0 289.05 -714.63
24 217.0 838.23 -505.68
25 217.0 946.56 -418.66
6 218.0 218.74 -483.90
7 218.0 201.44 -437.63
8 218.0 350.68 -559.26
9 218.0 355.20 -574.25
10 218.0 552.65 -483.01
11 218.0 554.97 -489.86
12 218.0 369.09 -631.36
13 218.0 406.58 -754.33
14 218.0 676.23 -426.12
15 218.0 919.36 -422.57
16 218.0 529.03 -920.22
17 218.0 543.33 -915.92
18 218.0 511.34 -928.95
19 218.0 405.08 -961.01
20 218.0 615.80 -764.35
21 218.0 631.42 -758.76
22 218.0 428.30 -817.50
23 218.0 291.10 -721.34
24 218.0 840.06 -511.66
25 218.0 936.19 -413.93
6 219.0 221.39 -492.99
7 219.0 204.80 -445.61
8 219.0 348.85 -552.79
9 219.0 353.30 -568.13
10 219.0 552.65 -483.01
11 219.0 554.97 -489.86
12 219.0 371.48 -639.43
13 219.0 409.01 -762.53
14 219.0 668.94 -426.04
15 219.0 919.36 -422.57
16 219.0 523.17 -922.00
17 219.0 537.62 -917.62
18 219.0 518.59 -926.74
19 219.0 411.02 -959.24
20 219.0 609.56 -766.23
21 219.0 626.13 -761.24
22 219.0 426.61 -810.57
23 219.0 293.02 -727.67
24 219.0 842.24 -518.46
25 219.0 924.66 -409.49
6 220.0 223.70 -500.77
7 220.0 209.87 -454.50
8 220.0 346.94 -546.03
9 220.0 351.29 -561.42
10 220.0 552.65 -483.01
11 220.0 554.97 -489.86
12 220.0 373.89 -647.54
13 220.0 411.30 -770.25
14 220.0 661.16 -427.51
15 220.0 919.36 -422.57
16 220.0 517.24 -923.81
17 220.0 532.26 -919.23
18 220.0 526.83 -924.23
19 220.0 417.70 -957.26
20 220.0 603.53 -768.06
21 220.0 618.70 -763.48
22 220.0 424.44 -803.28
23 220.0 295.08 -734.41
24 220.0 841.89 -525.15
25 220.0 913.59 -405.76
6 221.0 226.02 -508.50
7 221.0 213.03 -463.54
8 221.0 345.83 -542.11
9 221.0 349.22 -554.11
10 221.0 552.65 -483.01
11 221.0 554.97 -489.86
12 221.0 376.35 -655.83
13 221.0 413.76 -778.53
14 221.0 653.48 -430.55
15 221.0 919.36 -422.57
16 221.0 511.30 -925.62
17 221.0 525.54 -921.28
18 221.0 534.65 -921.85
19 221.0 423.70 -955.48
20 221.0 596.96 -770.13
21 221.0 612.21 -765.43
22 221.0 422.31 -796.09
23 221.0 297.08 -741.00
24 221.0 840.83 -530.99
25 221.0 901.71 -402.73
6 222.0 228.38 -516.28
7 222.0 215.94 -474.23
8 222.0 343.28 -537.16
9 222.0 348.04 -549.93
10 222.0 552.65 -483.01
11 222.0 554.97 -489.86
12 222.0 377.77 -660.60
13 222.0 416.23 -786.84
14 222.0 647.06 -434.49
15 222.0 919.36 -422.57
16 222.0 505.79 -927.31
17 222.0 519.61 -923.09
18 222.0 542.08 -919.63
19 222.0 430.40 -953.49
20 222.0 590.29 -772.21
21 222.0 605.44 -767.47
22 222.0 420.20 -789.00
23 222.0 299.03 -747.41
24 222.0 842.97 -535.52
25 222.0 890.19 -399.88
6 223.0 230.61 -523.63
7 223.0 219.23 -485.60
8 223.0 337.22 -535.08
9 223.0 346.73 -545.29
10 223.0 552.65 -483.01
11 223.0 554.97 -489.86
12 223.0 378.23 -662.15
13 223.0 418.64 -794.95
14 223.0 640.78 -438.62
15 223.0 919.36 -422.57
16 223.0 499.52 -929.26
17 223.0 514.72 -924.58
18 223.0 549.42 -917.45
19 223.0 437.17 -951.48
20 223.0 583.32 -774.32
21 223.0 598.35 -769.69
22 223.0 418.20 -782.27
23 223.0 300.94 -753.67
24 223.0 847.67 -536.99
25 223.0 878.09 -396.89
6 224.0 233.05 -531.67
7 224.0 221.84 -494.54
8 224.0 330.96 -536.60
9 224.0 344.46 -538.80
10 224.0 552.65 -483.01
11 224.0 554.97 -489.86
12 224.0 378.37 -662.63
13 224.0 421.19 -803.54
14 224.0 633.34 -442.69
15 224.0 919.36 -422.57
16 224.0 493.51 -931.12
17 224.0 508.35 -926.52
18 224.0 556.92 -915.16
19 224.0 443.53 -949.60
20 224.0 576.79 -776.28
21 224.0 591.04 -771.99
22 224.0 416.18 -775.45
23 224.0 303.20 -761.10
24 224.0 852.39 -535.55
25 224.0 866.32 -394.18
6 225.0 235.53 -539.84
7 225.0 224.38 -503.03
8 225.0 323.85 -538.71
9 225.0 339.34 -535.07
10 225.0 552.65 -483.01
11 225.0 554.97 -489.86
12 225.0 378.40 -662.72
13 225.0 423.83 -812.46
14 225.0 626.02 -445.39
15 225.0 919.36 -422.57
16 225.0 487.02 -933.13
17 225.0 502.08 -928.46
18 225.0 564.41 -912.85
19 225.0 449.70 -947.76
20 225.0 570.10 -778.25
21 225.0 584.83 -773.87
22 225.0 414.23 -768.89
23 225.0 305.19 -767.65
24 225.0 854.26 -531.14
25 225.0 854.05 -391.37
6 226.0 237.78 -547.26
7 226.0 226.74 -510.85
8 226.0 317.11 -540.66
9 226.0 332.01 -536.28
10 226.0 552.65 -483.01
11 226.0 554.97 -489.86
12 226.0 378.41 -662.77
13 226.0 425.21 -818.54
14 226.0 618.77 -447.92
15 226.0 919.36 -422.57
16 226.0 480.43 -935.17
17 226.0 495.10 -930.63
18 226.0 572.19 -910.45
19 226.0 456.69 -945.68
20 226.0 564.19 -779.98
21 226.0 578.34 -775.83
22 226.0 412.01 -761.41
23 226.0 307.34 -774.77
24 226.0 858.95 -528.10
25 226.0 842.51 -388.72
6 227.0 240.28 -555.50
7 227.0 229.35 -519.48
8 227.0 309.94 -542.78
9 227.0 325.51 -538.22
10 227.0 552.65 -483.01
11 227.0 554.97 -489.86
12 227.0 378.41 -662.78
13 227.0 421.44 -822.79
14 227.0 611.46 -450.43
15 227.0 919.36 -422.57
16 227.0 474.13 -937.13
17 227.0 488.88 -932.55
18 227.0 580.39 -907.94
19 227.0 463.07 -943.79
20 227.0 557.41 -781.96
21 227.0 572.81 -777.45
22 227.0 409.90 -754.30
23 227.0 309.48 -781.79
24 227.0 865.28 -526.14
25 227.0 830.46 -385.95
6 228.0 242.67 -563.40
7 228.0 231.99 -528.16
8 228.0 303.65 -544.68
9 228.0 318.69 -540.21
10 228.0 552.65 -483.01
11 228.0 554.97 -489.86
12 228.0 378.42 -662.78
13 228.0 414.54 -824.91
14 228.0 603.47 -453.08
15 228.0 919.36 -422.57
16 228.0 469.80 -938.22
17 228.0 481.94 -934.71
18 228.0 588.43 -905.48
19 228.0 469.10 -941.99
20 228.0 550.80 -783.90
21 228.0 566.24 -779.38
22 228.0 407.95 -747.73
23 228.0 311.70 -789.05
24 228.0 871.15 -524.34
25 228.0 818.52 -383.21
6 229.0 245.18 -571.65
7 229.0 234.27 -535.68
8 229.0 296.76 -546.70
9 229.0 312.27 -542.08
10 229.0 552.65 -483.01
11 229.0 554.97 -489.86
12 229.0 378.42 -662.78
13 229.0 405.78 -827.54
14 229.0 595.76 -455.57
15 229.0 919.36 -422.57
16 229.0 465.80 -936.74
17 229.0 477.38 -936.12
18 229.0 596.58 -902.98
19 229.0 475.32 -940.11
20 229.0 544.04 -785.88
21 229.0 559.08 -781.48
22 229.0 405.87 -740.95
23 229.0 313.89 -796.21
24 229.0 877.36 -522.43
25 229.0 806.86 -380.53
6 230.0 247.54 -579.42
7 230.0 236.54 -543.19
8 230.0 289.61 -548.81
9 230.0 305.72 -544.06
10 230.0 552.65 -483.01
11 230.0 554.97 -489.86
12 230.0 378.42 -662.78
13 230.0 398.06 -829.86
14 230.0 588.44 -457.96
15 230.0 919.36 -422.57
16 230.0 463.76 -931.89
17 230.0 473.49 -937.32
18 230.0 603.81 -900.76
19 230.0 481.65 -938.15
20 230.0 538.17 -787.63
21 230.0 552.37 -783.44
22 230.0 403.83 -734.31
23 230.0 315.96 -803.03
24 230.0 883.16 -520.64
25 230.0 795.55 -378.03
6 231.0 249.89 -587.18
7 231.0 238.91 -550.99
8 231.0 282.03 -548.99
9 231.0 298.21 -546.28
10 231.0 552.65 -483.01
11 231.0 554.97 -489.86
12 231.0 378.42 -662.78
13 231.0 389.58 -832.40
14 231.0 581.47 -460.24
15 231.0 919.36 -422.57
16 231.0 461.98 -926.30
17 231.0 468.65 -938.26
18 231.0 611.47 -898.41
19 231.0 488.54 -936.01
20 231.0 531.30 -789.70
21 231.0 546.78 -785.08
22 231.0 401.64 -727.16
23 231.0 318.05 -809.93
24 231.0 888.41 -519.02
25 231.0 783.97 -375.48
6 232.0 252.13 -594.53
7 232.0 241.38 -559.14
8 232.0 274.74 -549.85
9 232.0 291.41 -548.28
10 232.0 552.65 -483.01
11 232.0 554.97 -489.86
12 232.0 378.42 -662.78
13 232.0 381.83 -834.72
14 232.0 573.81 -462.66
15 232.0 919.36 -422.57
16 232.0 460.00 -920.04
17 232.0 465.02 -935.42
18 232.0 619.75 -895.87
19 232.0 494.37 -934.20
20 232.0 525.30 -791.51
21 232.0 539.76 -787.15
22 232.0 399.37 -719.76
23 232.0 319.94 -816.60
24 232.0 894.47 -517.17
25 232.0 771.98 -373.72
6 233.0 254.61 -602.72
7 233.0 243.89 -567.40
8 233.0 267.88 -551.88
9 233.0 284.14 -549.71
10 233.0 552.65 -483.01
11 233.0 554.97 -489.86
12 233.0 378.42 -662.78
13 233.0 373.38 -837.25
14 233.0 565.74 -465.22
15 233.0 919.36 -422.57
16 233.0 457.90 -913.46
17 233.0 463.44 -930.88
18 233.0 627.48 -893.49
19 233.0 500.69 -932.24
20 233.0 519.39 -793.29
21 233.0 534.01 -788.89
22 233.0 397.18 -712.64
23 233.0 322.14 -823.72
24 233.0 900.17 -515.44
25 233.0 759.48 -371.62
6 234.0 257.15 -611.06
7 234.0 246.16 -574.90
8 234.0 261.45 -553.78
9 234.0 276.07 -549.46
10 234.0 552.65 -483.01
11 234.0 554.97 -489.86
12 234.0 378.42 -662.78
13 234.0 364.71 -839.85
14 234.0 560.40 -466.98
15 234.0 919.36 -422.57
16 234.0 456.16 -907.61
17 234.0 461.38 -924.41
18 234.0 635.07 -891.15
19 234.0 506.94 -930.31
20 234.0 513.06 -795.20
21 234.0 528.13 -790.66
22 234.0 394.92 -705.26
23 234.0 324.21 -830.29
24 234.0 906.69 -513.46
25 234.0 747.35 -368.86
6 235.0 259.41 -618.50
7 235.0 248.59 -582.89
8 235.0 254.99 -555.68
9 235.0 270.05 -551.24
10 235.0 552.65 -483.01
11 235.0 554.97 -489.86
12 235.0 378.42 -662.78
13 235.0 356.41 -842.33
14 235.0 558.25 -467.69
15 235.0 919.36 -422.57
16 235.0 454.24 -901.14
17 235.0 459.27 -917.77
18 235.0 643.28 -888.61
19 235.0 513.25 -928.37
20 235.0 507.14 -796.99
21 235.0 521.82 -792.56
22 235.0 392.94 -698.84
23 235.0 326.29 -836.94
24 235.0 913.05 -511.56
25 235.0 735.15 -366.07
6 236.0 261.80 -626.37
7 236.0 251.07 -591.06
8 236.0 251.55 -556.69
9 236.0 263.37 -553.21
10 236.0 552.65 -483.01
11 236.0 554.97 -489.86
12 236.0 378.42 -662.78
13 236.0 348.05 -844.84
14 236.0 557.91 -467.80
15 236.0 919.36 -422.57
16 236.0 452.55 -895.39
17 236.0 457.35 -911.60
18 236.0 650.95 -886.25
19 236.0 519.90 -926.34
20 236.0 500.29 -799.06
21 236.0 515.30 -794.53
22 236.0 390.74 -691.67
23 236.0 328.37 -843.79
24 236.0 919.24 -509.71
25 236.0 722.70 -363.18
6 237.0 264.02 -633.58
7 237.0 253.45 -598.89
8 237.0 245.71 -557.04
9 237.0 259.34 -554.40
10 237.0 552.65 -483.01
11 237.0 554.97 -489.86
12 237.0 378.42 -662.78
13 237.0 342.00 -846.66
14 237.0 557.87 -467.82
15 237.0 919.36 -422.57
16 237.0 450.81 -889.67
17 237.0 455.22 -904.42
18 237.0 658.24 -884.00
19 237.0 525.84 -924.53
20 237.0 493.43 -801.13
21 237.0 508.45 -796.59
22 237.0 388.47 -684.25
23 237.0 330.50 -850.76
24 237.0 924.86 -508.03
25 237.0 711.16 -360.51
6 238.0 266.58 -641.88
7 238.0 256.01 -607.30
8 238.0 242.61 -552.18
9 238.0 254.26 -555.90
10 238.0 552.65 -483.01
11 238.0 554.97 -489.86
12 238.0 378.42 -662.78
13 238.0 335.37 -847.75
14 238.0 557.86 -467.82
15 238.0 919.36 -422.57
16 238.0 448.83 -883.21
17 238.0 453.32 -898.02
18 238.0 665.32 -881.02
19 238.0 532.57 -922.48
20 238.0 486.59 -803.20
21 238.0 501.81 -798.60
22 238.0 386.88 -679.09
23 238.0 332.49 -857.26
24 238.0 931.62 -506.01
25 238.0 698.82 -357.68
6 239.0 268.85 -649.22
7 239.0 258.34 -614.97
8 239.0 240.67 -545.77
9 239.0 248.79 -557.32
10 239.0 552.65 -483.01
11 239.0 554.97 -489.86
12 239.0 378.42 -662.78
13 239.0 331.53 -843.18
14 239.0 557.86 -467.82
15 239.0 919.36 -422.57
16 239.0 447.12 -877.58
17 239.0 451.31 -891.31
18 239.0 670.03 -874.82
19 239.0 538.52 -920.68
20 239.0 480.16 -805.14
21 239.0 494.40 -800.83
22 239.0 386.49 -677.82
23 239.0 334.55 -863.97
24 239.0 937.63 -504.21
25 239.0 686.97 -354.95
6 240.0 271.13 -656.57
7 240.0 260.66 -622.63
8 240.0 238.46 -538.47
9 240.0 243.67 -554.87
10 240.0 551.98 -481.04
11 240.0 554.97 -489.86
12 240.0 379.04 -664.47
13 240.0 329.31 -835.87
14 240.0 557.86 -467.82
15 240.0 919.36 -422.57
16 240.0 445.27 -871.47
17 240.0 449.68 -886.00
18 240.0 669.23 -866.42
19 240.0 545.07 -918.74
20 240.0 474.22 -806.94
21 240.0 488.48 -802.63
22 240.0 385.59 -674.94
23 240.0 336.80 -871.33
24 240.0 943.43 -502.48
25 240.0 675.13 -352.24
6 241.0 273.65 -664.69
7 241.0 263.01 -630.30
8 241.0 236.43 -531.79
9 241.0 241.66 -549.04
10 241.0 550.69 -477.12
11 241.0 554.43 -488.21
12 241.0 380.49 -667.46
13 241.0 326.59 -827.18
14 241.0 557.86 -467.82
15 241.0 919.36 -422.57
16 241.0 443.43 -865.42
17 241.0 447.91 -880.19
18 241.0 666.83 -858.22
19 241.0 550.89 -917.02
20 241.0 467.76 -808.90
21 241.0 482.42 -804.46
22 241.0 384.02 -669.96
23 241.0 338.71 -877.57
24 241.0 949.78 -501.11
25 241.0 662.80 -349.40
6 242.0 276.13 -672.51
7 242.0 265.64 -638.83
8 242.0 234.19 -524.40
9 242.0 239.52 -541.96
10 242.0 548.97 -471.88
11 242.0 553.15 -484.44
12 242.0 380.49 -667.46
13 242.0 323.88 -818.62
14 242.0 557.86 -467.82
15 242.0 919.36 -422.57
16 242.0 441.62 -859.55
17 242.0 446.18 -874.49
18 242.0 664.66 -850.80
19 242.0 557.82 -914.89
20 242.0 461.79 -810.72
21 242.0 476.35 -806.29
22 242.0 381.71 -662.64
23 242.0 340.73 -884.17
24 242.0 955.27 -503.57
25 242.0 650.84 -346.66
6 243.0 278.58 -680.52
7 243.0 268.07 -646.70
8 243.0 232.14 -517.66
9 243.0 237.40 -534.98
10 243.0 546.58 -464.60
11 243.0 551.59 -479.88
12 243.0 380.49 -667.46
13 243.0 321.34 -809.77
14 243.0 557.86 -467.82
15 243.0 919.36 -422.57
16 243.0 439.89 -853.96
17 243.0 444.45 -868.80
18 243.0 662.36 -842.95
19 243.0 563.91 -913.00
20 243.0 455.24 -812.69
21 243.0 470.88 -807.94
22 243.0 379.84 -656.34
23 243.0 342.96 -891.45
24 243.0 958.22 -509.13
25 243.0 638.88 -343.94
6 244.0 280.88 -687.97
7 244.0 270.42 -654.28
8 244.0 230.11 -510.94
9 244.0 235.26 -527.94
10 244.0 544.28 -457.28
11 244.0 549.45 -473.33
12 244.0 382.26 -669.08
13 244.0 318.72 -801.06
14 244.0 557.86 -467.82
15 244.0 919.36 -422.57
16 244.0 438.14 -848.29
17 244.0 442.78 -863.32
18 244.0 659.89 -834.76
19 244.0 570.06 -911.11
20 244.0 449.41 -814.44
21 244.0 464.29 -809.96
22 244.0 377.68 -649.06
23 244.0 345.10 -898.44
24 244.0 960.35 -514.76
25 244.0 626.37 -341.13
6 245.0 283.23 -695.62
7 245.0 273.03 -662.69
8 245.0 227.95 -503.81
9 245.0 232.98 -520.43
10 245.0 542.03 -450.10
11 245.0 547.11 -466.20
12 245.0 385.78 -670.30
13 245.0 316.35 -793.30
14 245.0 557.86 -467.82
15 245.0 919.36 -422.57
16 245.0 436.40 -842.67
17 245.0 440.84 -857.04
18 245.0 657.64 -827.28
19 245.0 575.85 -909.33
20 245.0 443.01 -816.37
21 245.0 457.89 -811.89
22 245.0 375.74 -642.52
23 245.0 347.37 -905.85
24 245.0 962.06 -520.74
25 245.0 615.06 -338.59
6 246.0 285.46 -702.85
7 246.0 275.64 -670.89
8 246.0 225.76 -496.51
9 246.0 230.73 -512.99
10 246.0 539.68 -442.44
11 246.0 544.78 -458.88
12 246.0 391.13 -669.32
13 246.0 313.89 -785.25
14 246.0 557.86 -467.82
15 246.0 919.36 -422.57
16 246.0 434.51 -836.55
17 246.0 439.05 -851.26
18 246.0 655.35 -819.70
19 246.0 582.62 -907.26
20 246.0 437.53 -818.02
21 246.0 451.76 -813.73
22 246.0 373.61 -635.34
23 246.0 349.61 -913.15
24 246.0 963.88 -527.08
25 246.0 603.71 -336.05
6 247.0 287.68 -710.13
7 247.0 277.96 -678.47
8 247.0 225.42 -490.20
9 247.0 228.59 -505.95
10 247.0 537.58 -435.63
11 247.0 542.32 -451.04
12 247.0 398.27 -667.16
13 247.0 311.24 -776.62
14 247.0 557.86 -467.82
15 247.0 919.36 -422.57
16 247.0 432.74 -830.84
17 247.0 437.24 -845.38
18 247.0 652.95 -811.72
19 247.0 588.79 -905.37
20 247.0 432.68 -819.13
21 247.0 445.90 -815.50
22 247.0 371.45 -628.08
23 247.0 351.64 -919.77
24 247.0 965.55 -532.95
25 247.0 592.33 -333.50
6 248.0 289.96 -717.60
7 248.0 280.29 -686.09
8 248.0 224.83 -481.94
9 248.0 226.66 -499.51
10 248.0 537.07 -428.30
11 248.0 540.37 -444.68
12 248.0 406.66 -664.62
13 248.0 308.76 -768.37
14 248.0 557.86 -467.82
15 248.0 919.36 -422.57
16 248.0 430.79 -826.06
17 248.0 435.31 -839.15
18 248.0 650.76 -804.49
19 248.0 595.64 -903.27
20 248.0 428.90 -817.12
21 248.0 441.61 -816.79
22 248.0 369.38 -621.10
23 248.0 353.69 -926.48
24 248.0 967.21 -538.69
25 248.0 580.41 -330.84
6 249.0 292.50 -725.96
7 249.0 282.74 -694.00
8 249.0 222.29 -473.12
9 249.0 224.99 -491.44
10 249.0 536.06 -420.60
11 249.0 537.91 -436.70
12 249.0 415.05 -662.08
13 249.0 306.19 -759.94
14 249.0 557.86 -467.82
15 249.0 919.36 -422.57
16 249.0 425.69 -822.56
17 249.0 433.64 -833.75
18 249.0 648.28 -796.29
19 249.0 602.56 -901.14
20 249.0 427.22 -812.64
21 249.0 437.05 -818.17
22 249.0 367.51 -614.80
23 249.0 355.97 -933.91
24 249.0 968.96 -544.71
25 249.0 568.20 -328.10
6 250.0 294.85 -733.66
7 250.0 285.13 -701.78
8 250.0 219.56 -463.23
9 250.0 225.09 -482.83
10 250.0 533.59 -413.40
11 250.0 536.96 -428.63
12 250.0 422.92 -659.70
13 250.0 303.76 -751.95
14 250.0 557.86 -467.82
15 250.0 919.36 -422.57
16 250.0 420.05 -823.27
17 250.0 431.67 -827.90
18 250.0 646.07 -788.98
19 250.0 609.05 -899.15
20 250.0 425.43 -806.60
21 250.0 432.31 -819.11
22 250.0 365.56 -608.25
23 250.0 358.15 -941.05
24 250.0 970.65 -550.52
25 250.0 557.28 -331.33
6 251.0 297.05 -740.91
7 251.0 287.54 -709.65
8 251.0 217.35 -455.57
9 251.0 222.19 -472.78
10 251.0 531.18 -406.27
11 251.0 536.41 -421.63
12 251.0 430.78 -657.32
13 251.0 301.39 -744.18
14 251.0 557.86 -467.82
15 251.0 919.36 -422.57
16 251.0 413.73 -825.15
17 251.0 428.76 -823.81
18 251.0 643.75 -781.31
19 251.0 615.14 -897.29
20 251.0 423.45 -799.95
21 251.0 428.26 -815.73
22 251.0 363.45 -601.18
23 251.0 360.06 -947.28
24 251.0 972.35 -556.35
25 251.0 547.33 -332.79
6 252.0 299.45 -748.78
7 252.0 290.14 -718.18
8 252.0 216.64 -448.35
9 252.0 219.92 -464.53
10 252.0 528.33 -398.62
11 252.0 533.78 -413.94
12 252.0 438.73 -654.92
13 252.0 298.85 -735.81
14 252.0 557.86 -467.82
15 252.0 919.36 -422.57
16 252.0 408.20 -826.81
17 252.0 422.87 -822.68
18 252.0 641.36 -773.30
19 252.0 621.37 -895.38
20 252.0 421.55 -793.55
21 252.0 426.64 -810.67
22 252.0 361.55 -594.86
23 252.0 362.27 -954.50
24 252.0 974.12 -562.47
25 252.0 535.85 -336.04
6 253.0 301.81 -756.54
7 253.0 292.77 -726.84
8 253.0 220.55 -442.34
9 253.0 217.75 -456.88
10 253.0 525.13 -391.28
11 253.0 531.14 -406.15
12 253.0 447.28 -652.33
13 253.0 296.17 -727.02
14 253.0 557.86 -467.82
15 253.0 919.36 -422.57
16 253.0 402.24 -828.61
17 253.0 417.20 -824.12
18 253.0 639.24 -766.17
19 253.0 627.47 -893.50
20 253.0 419.47 -786.52
21 253.0 424.71 -804.18
22 253.0 359.46 -587.99
23 253.0 364.03 -960.26
24 253.0 975.82 -568.29
25 253.0 527.65 -338.39
6 254.0 304.19 -764.36
7 254.0 295.14 -734.62
8 254.0 227.25 -439.46
9 254.0 216.45 -449.74
10 254.0 521.28 -383.79
11 254.0 528.31 -398.57
12 254.0 455.88 -649.74
13 254.0 293.58 -718.50
14 254.0 557.86 -467.82
15 254.0 919.36 -422.57
16 254.0 396.53 -830.32
17 254.0 410.37 -826.16
18 254.0 636.76 -757.84
19 254.0 633.85 -891.53
20 254.0 417.57 -780.12
21 254.0 422.80 -797.74
22 254.0 357.39 -581.31
23 254.0 364.75 -962.60
24 254.0 977.58 -574.37
25 254.0 522.55 -340.09
6 255.0 306.67 -772.55
7 255.0 297.62 -742.78
8 255.0 236.53 -436.20
9 255.0 219.51 -442.93
10 255.0 518.64 -376.97
11 255.0 525.42 -391.83
12 255.0 464.03 -647.28
13 255.0 291.01 -710.05
14 255.0 557.86 -467.82
15 255.0 919.36 -422.57
16 255.0 390.99 -831.98
17 255.0 404.44 -827.95
18 255.0 634.35 -749.73
19 255.0 640.52 -889.47
20 255.0 415.72 -773.90
21 255.0 420.62 -790.42
22 255.0 355.32 -574.65
23 255.0 365.99 -964.44
24 255.0 979.47 -580.87
25 255.0 521.07 -340.81
6 256.0 309.11 -780.58
7 256.0 299.97 -750.50
8 256.0 246.43 -433.33
9 256.0 227.07 -439.52
10 256.0 518.64 -369.71
11 256.0 522.32 -385.86
12 256.0 471.95 -644.88
13 256.0 288.37 -701.42
14 256.0 557.86 -467.82
15 256.0 919.36 -422.57
16 256.0 385.28 -833.69
17 256.0 398.57 -829.71
18 256.0 631.98 -741.92
19 256.0 647.31 -887.37
20 256.0 413.91 -767.80
21 256.0 418.55 -783.42
22 256.0 353.30 -568.13
23 256.0 367.82 -963.80
24 256.0 981.38 -587.44
25 256.0 520.57 -341.18
6 257.0 311.66 -788.91
7 257.0 302.53 -758.90
8 257.0 255.68 -430.64
9 257.0 236.17 -436.31
10 257.0 520.86 -362.62
11 257.0 519.28 -378.62
12 257.0 479.90 -642.48
13 257.0 285.78 -693.01
14 257.0 557.86 -467.82
15 257.0 919.36 -422.57
16 257.0 379.11 -835.54
17 257.0 393.42 -831.25
18 257.0 629.81 -734.79
19 257.0 654.21 -885.24
20 257.0 411.88 -760.98
21 257.0 416.54 -776.66
22 257.0 351.12 -560.82
23 257.0 367.76 -961.48
24 257.0 983.23 -593.80
25 257.0 517.11 -341.03
6 258.0 313.88 -796.18
7 258.0 304.89 -766.64
8 258.0 264.94 -427.96
9 258.0 245.44 -433.62
10 258.0 523.39 -355.11
11 258.0 518.61 -370.78
12 258.0 487.32 -640.23
13 258.0 283.29 -684.93
14 258.0 557.86 -467.82
15 258.0 919.36 -422.57
16 258.0 372.73 -837.44
17 258.0 386.90 -833.20
18 258.0 627.54 -727.30
19 258.0 660.56 -883.28
20 258.0 409.95 -754.48
21 258.0 414.55 -769.97
22 258.0 349.04 -553.49
23 258.0 366.56 -957.59
24 258.0 984.89 -599.48
25 258.0 516.85 -343.61
6 259.0 316.11 -803.50
7 259.0 307.18 -774.22
8 259.0 274.04 -425.35
9 259.0 254.59 -430.96
10 259.0 525.68 -348.33
11 259.0 520.65 -363.25
12 259.0 494.74 -637.99
13 259.0 280.60 -676.17
14 259.0 557.86 -467.82
15 259.0 919.36 -422.57
16 259.0 366.25 -839.39
17 259.0 380.89 -835.00
18 259.0 625.25 -719.70
19 259.0 666.59 -880.12
20 259.0 407.88 -747.49
21 259.0 412.56 -763.26
22 259.0 347.22 -547.04
23 259.0 364.68 -951.43
24 259.0 986.57 -605.26
25 259.0 516.45 -348.40
6 260.0 318.47 -811.42
7 260.0 309.68 -782.45
8 260.0 283.07 -422.75
9 260.0 264.04 -428.22
10 260.0 527.52 -342.86
11 260.0 523.05 -356.10
12 260.0 503.06 -635.47
13 260.0 278.07 -668.11
14 260.0 557.86 -467.82
15 260.0 919.36 -422.57
16 260.0 360.10 -841.23
17 260.0 374.27 -836.98
18 260.0 622.95 -712.07
19 260.0 670.13 -874.32
20 260.0 405.79 -740.68
21 260.0 410.64 -756.78
22 260.0 346.09 -543.04
23 260.0 362.52 -944.38
24 260.0 988.24 -611.03
25 260.0 516.66 -355.19
6 261.0 320.83 -819.59
7 261.0 312.15 -790.49
8 261.0 292.58 -420.02
9 261.0 273.47 -425.51
10 261.0 528.63 -339.15
11 261.0 524.88 -350.70
12 261.0 511.12 -633.04
13 261.0 275.44 -659.63
14 261.0 557.86 -467.82
15 261.0 919.36 -422.57
16 261.0 354.00 -843.06
17 261.0 367.98 -838.87
18 261.0 620.52 -704.00
19 261.0 669.64 -867.82
20 261.0 403.99 -734.82
21 261.0 408.70 -750.26
22 261.0 344.27 -536.84
23 261.0 360.38 -937.40
24 261.0 990.17 -617.39
25 261.0 516.79 -363.11
6 262.0 323.47 -827.95
7 262.0 314.57 -798.43
8 262.0 301.72 -417.48
9 262.0 283.63 -422.59
10 262.0 528.62 -335.23
11 262.0 526.09 -347.12
12 262.0 518.76 -630.73
13 262.0 272.75 -651.00
14 262.0 557.86 -467.82
15 262.0 919.36 -422.57
16 262.0 348.47 -844.72
17 262.0 361.97 -840.67
18 262.0 618.30 -696.63
19 262.0 667.67 -861.08
20 262.0 401.91 -728.04
21 262.0 406.87 -744.20
22 262.0 342.17 -529.72
23 262.0 358.15 -930.13
24 262.0 992.36 -623.31
25 262.0 517.27 -371.22
6 263.0 326.03 -836.07
7 263.0 317.08 -806.70
8 263.0 311.24 -414.81
9 263.0 292.67 -419.99
10 263.0 524.68 -336.19
11 263.0 527.45 -343.09
12 263.0 526.73 -628.31
13 263.0 270.29 -643.06
14 263.0 557.86 -467.82
15 263.0 919.36 -422.57
16 263.0 342.04 -846.65
17 263.0 357.11 -842.13
18 263.0 616.12 -689.39
19 263.0 665.97 -855.28
20 263.0 399.77 -721.07
21 263.0 404.60 -736.82
22 263.0 339.98 -522.55
23 263.0 356.09 -923.38
24 263.0 995.86 -628.96
25 263.0 517.76 -380.26
6 264.0 328.50 -844.20
7 264.0 319.51 -815.08
8 264.0 320.77 -412.06
9 264.0 302.46 -417.28
10 264.0 518.37 -338.66
11 264.0 528.59 -339.29
12 264.0 534.44 -625.98
13 264.0 267.63 -634.45
14 264.0 557.86 -467.82
15 264.0 919.36 -422.57
16 264.0 336.92 -847.90
17 264.0 350.20 -844.20
18 264.0 613.66 -681.11
19 264.0 663.99 -848.51
20 264.0 397.66 -714.21
21 264.0 402.35 -729.48
22 264.0 337.86 -515.69
23 264.0 353.97 -916.46
24 264.0 997.98 -635.70
25 264.0 518.27 -389.48
6 265.0 330.88 -852.00
7 265.0 321.79 -822.62
8 265.0 330.43 -409.25
9 265.0 311.60 -414.71
10 265.0 510.78 -341.46
11 265.0 528.60 -335.17
12 265.0 542.29 -623.60
13 265.0 265.01 -625.89
14 265.0 557.86 -467.82
15 265.0 919.36 -422.57
16 265.0 333.03 -846.31
17 265.0 345.00 -845.76
18 265.0 611.36 -673.33
19 265.0 662.28 -842.68
20 265.0 395.87 -708.37
21 265.0 400.41 -723.16
22 265.0 335.79 -509.02
23 265.0 351.87 -909.63
24 265.0 999.06 -642.15
25 265.0 518.82 -398.43
6 266.0 333.36 -860.11
7 266.0 324.18 -830.19
8 266.0 339.70 -406.56
9 266.0 321.74 -411.78
10 266.0 501.18 -344.28
11 266.0 524.61 -336.22
12 266.0 550.02 -621.27
13 266.0 262.60 -617.98
14 266.0 557.86 -467.82
15 266.0 919.36 -422.57
16 266.0 331.23 -842.19
17 266.0 341.00 -846.96
18 266.0 609.11 -665.78
19 266.0 660.38 -836.39
20 266.0 393.72 -701.37
21 266.0 398.70 -717.58
22 266.0 333.52 -501.67
23 266.0 349.71 -902.58
24 266.0 998.12 -647.52
25 266.0 521.23 -406.73
6 267.0 335.91 -868.43
7 267.0 326.82 -838.69
8 267.0 349.33 -403.76
9 267.0 331.00 -409.09
10 267.0 490.61 -347.55
11 267.0 518.37 -338.66
12 267.0 558.01 -618.85
13 267.0 260.19 -610.03
14 267.0 557.86 -467.82
15 267.0 919.36 -422.57
16 267.0 329.43 -836.27
17 267.0 336.18 -847.95
18 267.0 606.94 -658.45
19 267.0 658.41 -829.85
20 267.0 391.89 -695.42
21 267.0 396.74 -711.20
22 267.0 331.56 -495.34
23 267.0 347.70 -895.99
24 267.0 995.13 -651.95
25 267.0 524.17 -415.51
6 268.0 338.21 -875.93
7 268.0 329.23 -846.57
8 268.0 358.96 -400.96
9 268.0 340.14 -406.43
10 268.0 479.90 -350.86
11 268.0 510.00 -341.68
12 268.0 566.24 -616.36
13 268.0 257.77 -602.07
14 268.0 557.86 -467.82
15 268.0 919.36 -422.57
16 268.0 327.75 -830.87
17 268.0 332.20 -844.85
18 268.0 604.43 -650.24
19 268.0 656.56 -823.69
20 268.0 389.75 -688.42
21 268.0 394.78 -704.81
22 268.0 329.52 -488.71
23 268.0 345.57 -889.06
24 268.0 988.86 -653.22
25 268.0 527.28 -424.62
6 269.0 340.65 -883.90
7 269.0 331.85 -855.16
8 269.0 368.26 -398.26
9 269.0 349.97 -403.57
10 269.0 469.61 -354.05
11 269.0 499.63 -344.76
12 269.0 573.68 -614.11
13 269.0 255.32 -594.02
14 269.0 557.86 -467.82
15 269.0 919.36 -422.57
16 269.0 325.93 -825.12
17 269.0 330.35 -839.29
18 269.0 602.03 -642.50
19 269.0 654.50 -816.85
20 269.0 387.74 -681.90
21 269.0 392.68 -697.97
22 269.0 327.46 -481.88
23 269.0 343.43 -882.07
24 269.0 982.69 -655.47
25 269.0 527.31 -433.21
6 270.0 343.08 -891.83
7 270.0 334.39 -863.45
8 270.0 377.81 -395.49
9 270.0 359.22 -400.89
10 270.0 459.31 -357.23
11 270.0 488.99 -348.05
12 270.0 580.15 -612.16
13 270.0 252.70 -585.39
14 270.0 557.86 -467.82
15 270.0 919.36 -422.57
16 270.0 323.98 -818.92
17 270.0 328.75 -834.04
18 270.0 599.50 -634.33
19 270.0 652.59 -810.53
20 270.0 385.81 -675.64
21 270.0 390.62 -691.27
22 270.0 325.48 -475.37
23 270.0 341.36 -875.32
24 270.0 976.74 -657.41
25 270.0 529.55 -442.19
6 271.0 345.58 -899.99
7 271.0 336.84 -871.47
8 271.0 387.77 -394.07
9 271.0 368.25 -398.27
10 271.0 447.83 -357.38
11 271.0 478.48 -351.31
12 271.0 583.24 -611.08
13 271.0 250.22 -577.25
14 271.0 557.86 -467.82
15 271.0 919.36 -422.57
16 271.0 322.22 -812.88
17 271.0 326.80 -827.86
18 271.0 597.06 -626.47
19 271.0 650.76 -804.48
20 271.0 383.76 -669.13
21 271.0 388.60 -684.68
22 271.0 323.45 -468.76
23 271.0 339.25 -868.41
24 271.0 971.06 -659.11
25 271.0 532.32 -451.20
6 272.0 347.93 -907.66
7 272.0 339.20 -879.17
8 272.0 397.77 -391.14
9 272.0 378.69 -395.23
10 272.0 438.29 -360.20
11 272.0 468.41 -354.42
12 272.0 583.48 -608.61
13 272.0 248.27 -570.84
14 272.0 557.86 -467.82
15 272.0 919.36 -422.57
16 272.0 320.60 -807.27
17 272.0 324.84 -821.67
18 272.0 594.50 -618.23
19 272.0 648.86 -798.20
20 272.0 381.64 -662.38
21 272.0 386.59 -678.15
22 272.0 321.42 -462.16
23 272.0 337.21 -861.76
24 272.0 965.00 -660.79
25 272.0 534.98 -459.74
6 273.0 350.17 -914.97
7 273.0 341.50 -886.67
8 273.0 406.66 -388.41
9 273.0 389.51 -393.68
10 273.0 428.48 -363.10
11 273.0 458.40 -357.52
12 273.0 579.94 -608.88
13 273.0 248.96 -565.00
14 273.0 557.86 -467.82
15 273.0 919.36 -422.57
16 273.0 318.92 -801.74
17 273.0 323.20 -816.36
18 273.0 591.99 -610.14
19 273.0 646.98 -792.00
20 273.0 379.58 -655.45
21 273.0 384.58 -671.76
22 273.0 319.20 -454.91
23 273.0 335.78 -856.53
24 273.0 959.37 -662.36
25 273.0 536.29 -463.94
6 274.0 352.42 -922.34
7 274.0 344.02 -894.92
8 274.0 416.56 -388.53
9 274.0 397.52 -391.22
10 274.0 417.72 -366.29
11 274.0 447.98 -360.67
12 274.0 574.30 -610.59
13 274.0 254.56 -562.47
14 274.0 557.86 -467.82
15 274.0 919.36 -422.57
16 274.0 316.99 -795.39
17 274.0 321.45 -810.18
18 274.0 589.46 -602.01
19 274.0 644.92 -785.18
20 274.0 377.68 -649.06
21 274.0 382.47 -665.05
22 274.0 317.08 -447.97
23 274.0 337.28 -851.90
24 274.0 952.82 -664.09
25 274.0 536.37 -464.20
6 275.0 355.00 -930.74
7 275.0 346.68 -903.59
8 275.0 426.09 -385.18
9 275.0 406.57 -388.43
10 275.0 407.50 -369.31
11 275.0 437.57 -363.75
12 275.0 567.14 -612.75
13 275.0 262.34 -560.18
14 275.0 557.86 -467.82
15 275.0 919.36 -422.57
16 275.0 315.19 -789.51
17 275.0 319.48 -803.57
18 275.0 587.06 -594.31
19 275.0 642.96 -778.73
20 275.0 375.77 -642.63
21 275.0 380.26 -657.74
22 275.0 315.04 -441.32
23 275.0 342.19 -849.94
24 275.0 947.16 -664.55
25 275.0 536.39 -464.24
6 276.0 357.23 -938.02
7 276.0 349.23 -911.93
8 276.0 435.08 -382.02
9 276.0 416.81 -388.45
10 276.0 397.46 -372.57
11 276.0 427.53 -366.72
12 276.0 558.72 -615.30
13 276.0 270.09 -557.90
14 276.0 557.86 -467.82
15 276.0 919.36 -422.57
16 276.0 313.20 -783.00
17 276.0 317.69 -797.68
18 276.0 584.47 -586.02
19 276.0 641.06 -772.26
20 276.0 373.91 -636.36
21 276.0 378.27 -651.06
22 276.0 312.87 -434.23
23 276.0 348.89 -847.93
24 276.0 941.30 -663.22
25 276.0 536.39 -464.26
6 277.0 359.51 -945.49
7 277.0 351.73 -920.07
8 277.0 444.21 -379.21
9 277.0 425.67 -385.33
10 277.0 387.44 -376.91
11 277.0 416.52 -369.97
12 277.0 551.25 -617.56
13 277.0 278.13 -555.53
14 277.0 557.86 -467.82
15 277.0 919.36 -422.57
16 277.0 311.18 -776.40
17 277.0 315.56 -790.72
18 277.0 582.06 -578.31
19 277.0 639.26 -766.25
20 277.0 371.88 -629.52
21 277.0 376.33 -644.49
22 277.0 310.92 -427.98
23 277.0 355.30 -846.00
24 277.0 936.06 -660.03
25 277.0 536.39 -464.26
6 278.0 361.91 -953.33
7 278.0 354.27 -928.35
8 278.0 452.96 -376.62
9 278.0 435.22 -381.97
10 278.0 376.69 -380.09
11 278.0 406.11 -373.05
12 278.0 543.63 -619.86
13 278.0 286.44 -553.08
14 278.0 557.86 -467.82
15 278.0 919.36 -422.57
16 278.0 309.41 -770.53
17 278.0 313.81 -785.00
18 278.0 579.72 -570.82
19 278.0 637.20 -759.31
20 278.0 370.04 -623.31
21 278.0 374.49 -638.31
22 278.0 309.34 -422.19
23 278.0 362.76 -843.77
24 278.0 931.33 -656.02
25 278.0 536.39 -464.26
6 279.0 364.36 -961.33
7 279.0 356.60 -935.99
8 279.0 462.19 -373.90
9 279.0 444.46 -379.14
10 279.0 366.11 -383.22
11 279.0 395.81 -377.45
12 279.0 536.03 -622.16
13 279.0 295.20 -550.50
14 279.0 557.86 -467.82
15 279.0 919.36 -422.57
16 279.0 307.56 -764.45
17 279.0 311.89 -778.73
18 279.0 577.45 -563.56
19 279.0 635.16 -752.45
20 279.0 368.03 -616.56
21 279.0 372.60 -631.96
22 279.0 309.86 -416.62
23 279.0 370.18 -841.55
24 279.0 926.45 -651.49
25 279.0 536.39 -464.26
6 280.0 367.88 -968.29
7 280.0 359.02 -943.88
8 280.0 471.10 -371.26
9 280.0 453.78 -376.38
10 280.0 356.35 -386.11
11 280.0 385.31 -380.88
12 280.0 527.94 -624.61
13 280.0 303.71 -547.99
14 280.0 557.86 -467.82
15 280.0 919.36 -422.57
16 280.0 305.92 -759.06
17 280.0 310.18 -773.11
18 280.0 575.15 -556.22
19 280.0 633.09 -745.58
20 280.0 366.00 -609.74
21 280.0 370.49 -624.86
22 280.0 314.26 -410.61
23 280.0 377.58 -839.33
24 280.0 921.90 -647.28
25 280.0 536.39 -464.26
6 281.0 375.46 -969.71
7 281.0 361.49 -951.96
8 281.0 480.80 -368.40
9 281.0 463.08 -373.63
10 281.0 346.12 -389.14
11 281.0 375.16 -383.88
12 281.0 519.77 -627.08
13 281.0 311.99 -545.50
14 281.0 557.86 -467.82
15 281.0 919.36 -422.57
16 281.0 304.17 -753.31
17 281.0 308.52 -767.60
18 281.0 572.75 -548.54
19 281.0 631.06 -738.88
20 281.0 363.91 -602.72
21 281.0 368.56 -618.33
22 281.0 321.17 -405.27
23 281.0 384.25 -837.33
24 281.0 917.29 -643.01
25 281.0 536.39 -464.26
6 282.0 382.74 -967.64
7 282.0 363.88 -959.76
8 282.0 490.12 -365.64
9 282.0 472.98 -370.71
10 282.0 335.58 -392.26
11 282.0 364.23 -383.78
12 282.0 512.17 -629.38
13 282.0 320.95 -542.89
14 282.0 557.86 -467.82
15 282.0 919.36 -422.57
16 282.0 302.41 -747.53
17 282.0 306.89 -762.23
18 282.0 570.49 -541.32
19 282.0 629.24 -732.90
20 282.0 362.00 -596.33
21 282.0 366.66 -611.96
22 282.0 330.23 -402.64
23 282.0 391.24 -835.24
24 282.0 912.23 -638.32
25 282.0 536.39 -464.26
6 283.0 390.23 -965.41
7 283.0 366.51 -966.80
8 283.0 498.89 -363.05
9 283.0 482.01 -368.04
10 283.0 325.89 -395.04
11 283.0 354.21 -386.74
12 283.0 504.15 -631.81
13 283.0 329.01 -540.53
14 283.0 557.86 -467.82
15 283.0 919.36 -422.57
16 283.0 300.41 -740.95
17 283.0 305.20 -756.68
18 283.0 568.19 -533.94
19 283.0 627.40 -726.86
20 283.0 360.08 -589.99
21 283.0 364.67 -605.25
22 283.0 340.22 -399.74
23 283.0 398.04 -833.20
24 283.0 907.11 -633.57
25 283.0 536.39 -464.26
6 284.0 397.73 -963.19
7 284.0 373.87 -969.94
8 284.0 507.07 -360.78
9 284.0 490.16 -365.63
10 284.0 315.51 -396.62
11 284.0 343.50 -389.91
12 284.0 495.71 -634.36
13 284.0 335.38 -538.60
14 284.0 557.86 -467.82
15 284.0 919.90 -422.79
16 284.0 298.64 -735.13
17 284.0 303.23 -750.20
18 284.0 565.71 -525.84
19 284.0 625.58 -720.83
20 284.0 358.16 -583.80
21 284.0 362.68 -598.57
22 284.0 349.55 -397.03
23 284.0 405.13 -831.08
24 284.0 902.11 -628.94
25 284.0 536.39 -464.26
6 285.0 405.38 -960.92
7 285.0 381.44 -968.02
8 285.0 512.04 -359.64
9 285.0 498.55 -363.15
10 285.0 305.10 -399.89
11 285.0 332.90 -393.05
12 285.0 487.63 -636.80
13 285.0 341.58 -540.12
14 285.0 556.09 -468.39
15 285.0 924.08 -424.50
16 285.0 296.66 -728.61
17 285.0 301.15 -743.38
18 285.0 563.46 -518.24
19 285.0 623.52 -713.96
20 285.0 356.21 -577.53
21 285.0 360.70 -592.06
22 285.0 359.37 -394.18
23 285.0 411.53 -829.15
24 285.0 897.57 -624.73
25 285.0 536.39 -464.26
6 286.0 413.52 -958.50
7 286.0 390.00 -965.48
8 286.0 516.23 -360.86
9 286.0 503.43 -361.72
10 286.0 294.97 -403.11
11 286.0 322.54 -395.26
12 286.0 479.52 -639.25
13 286.0 343.84 -546.86
14 286.0 551.88 -469.71
15 286.0 930.05 -427.38
16 286.0 294.95 -723.02
17 286.0 299.26 -737.18
18 286.0 561.05 -510.08
19 286.0 621.68 -707.87
20 286.0 354.18 -570.97
21 286.0 358.65 -585.37
22 286.0 368.62 -391.49
23 286.0 418.52 -827.06
24 286.0 892.74 -620.05
25 286.0 536.39 -464.26
6 287.0 420.78 -956.35
7 287.0 398.48 -962.97
8 287.0 520.08 -363.92
9 287.0 507.64 -360.64
10 287.0 284.47 -406.29
11 287.0 311.89 -397.75
12 287.0 471.55 -641.66
13 287.0 346.18 -555.10
14 287.0 545.53 -471.70
15 287.0 936.98 -432.48
16 287.0 293.09 -716.90
17 287.0 297.67 -731.96
18 287.0 558.77 -502.36
19 287.0 619.85 -701.79
20 287.0 352.24 -564.70
21 287.0 356.84 -579.55
22 287.0 377.38 -388.95
23 287.0 424.88 -824.70
24 287.0 888.36 -615.59
25 287.0 536.39 -464.26
6 288.0 429.07 -953.89
7 288.0 407.06 -960.42
8 288.0 520.41 -370.02
9 288.0 511.95 -359.65
10 288.0 274.01 -409.46
11 288.0 301.78 -400.96
12 288.0 463.73 -644.02
13 288.0 348.59 -563.62
14 288.0 537.58 -474.19
15 288.0 943.57 -438.93
16 288.0 291.13 -710.45
17 288.0 295.69 -725.45
18 288.0 556.39 -494.32
19 288.0 618.12 -696.02
20 288.0 350.24 -557.73
21 288.0 354.86 -573.17
22 288.0 386.38 -387.86
23 288.0 428.46 -819.11
24 288.0 884.09 -611.25
25 288.0 536.39 -464.26
6 289.0 436.98 -951.54
7 289.0 414.56 -958.19
8 289.0 520.83 -377.77
9 289.0 516.51 -361.35
10 289.0 264.26 -412.42
11 289.0 291.41 -404.19
12 289.0 455.21 -646.60
13 289.0 350.96 -571.36
14 289.0 532.77 -475.67
15 289.0 951.17 -446.68
16 289.0 289.84 -706.23
17 289.0 293.88 -719.50
18 289.0 554.54 -488.54
19 289.0 616.05 -689.15
20 289.0 348.34 -551.01
21 289.0 352.85 -566.69
22 289.0 395.69 -385.09
23 289.0 427.15 -812.41
24 289.0 879.54 -606.62
25 289.0 536.39 -464.26
6 290.0 444.67 -949.26
7 290.0 422.79 -955.75
8 290.0 521.24 -385.23
9 290.0 520.14 -365.01
10 290.0 253.78 -415.60
11 290.0 281.35 -407.24
12 290.0 447.44 -648.95
13 290.0 353.60 -579.90
14 290.0 524.84 -478.10
15 290.0 956.82 -452.41
16 290.0 289.75 -701.84
17 290.0 292.31 -714.34
18 290.0 553.07 -484.23
19 290.0 614.16 -682.79
20 290.0 346.50 -544.48
21 290.0 350.67 -559.24
22 290.0 404.67 -382.33
23 290.0 425.12 -805.56
24 290.0 875.26 -602.25
25 290.0 536.39 -464.26
6 291.0 452.91 -946.80
7 291.0 431.46 -953.18
8 291.0 521.63 -392.40
9 291.0 520.53 -372.14
10 291.0 243.90 -418.59
11 291.0 270.47 -410.54
12 291.0 439.61 -651.31
13 291.0 356.17 -588.19
14 291.0 517.33 -480.39
15 291.0 962.17 -457.84
16 291.0 293.66 -698.83
17 291.0 290.95 -709.86
18 291.0 552.75 -483.30
19 291.0 612.17 -676.06
20 291.0 344.75 -538.45
21 291.0 348.94 -553.11
22 291.0 412.07 -376.62
23 291.0 423.20 -799.11
24 291.0 871.76 -597.65
25 291.0 536.39 -464.26
6 292.0 457.37 -945.48
7 292.0 439.36 -950.83
8 292.0 522.21 -399.22
9 292.0 520.92 -379.38
10 292.0 233.24 -421.83
11 292.0 260.31 -413.62
12 292.0 432.06 -653.60
13 292.0 358.55 -595.96
14 292.0 510.23 -482.46
15 292.0 967.89 -463.65
16 292.0 299.92 -696.93
17 292.0 289.54 -704.70
18 292.0 552.68 -483.09
19 292.0 610.38 -670.03
20 292.0 342.66 -531.39
21 292.0 347.13 -546.73
22 292.0 421.74 -373.15
23 292.0 421.19 -792.33
24 292.0 869.82 -592.01
25 292.0 536.39 -464.26
6 293.0 462.84 -942.66
7 293.0 445.89 -948.89
8 293.0 524.31 -405.88
9 293.0 521.35 -387.26
10 293.0 223.59 -424.75
11 293.0 249.57 -416.88
12 293.0 424.26 -655.96
13 293.0 361.18 -604.75
14 293.0 502.91 -484.42
15 293.0 972.96 -468.65
16 293.0 305.38 -695.27
17 293.0 291.07 -700.11
18 293.0 552.66 -483.04
19 293.0 608.45 -663.54
20 293.0 340.75 -525.05
21 293.0 345.95 -542.55
22 293.0 430.66 -370.01
23 293.0 419.31 -785.99
24 293.0 867.86 -585.39
25 293.0 536.39 -464.26
6 294.0 464.66 -935.63
7 294.0 452.93 -946.80
8 294.0 526.57 -412.65
9 294.0 521.77 -395.04
10 294.0 216.59 -426.90
11 294.0 239.65 -419.89
12 294.0 416.08 -658.43
13 294.0 363.67 -613.11
14 294.0 495.25 -486.47
15 294.0 978.29 -473.86
16 294.0 311.19 -693.51
17 294.0 296.37 -698.00
18 294.0 552.65 -483.01
19 294.0 606.62 -657.38
20 294.0 338.58 -518.03
21 294.0 344.13 -536.37
22 294.0 440.38 -366.99
23 294.0 417.31 -779.28
24 294.0 866.15 -579.64
25 294.0 536.39 -464.26
6 295.0 462.52 -927.97
7 295.0 456.95 -945.60
8 295.0 528.66 -418.77
9 295.0 523.37 -403.04
10 295.0 208.74 -427.25
11 295.0 229.58 -422.94
12 295.0 408.50 -660.73
13 295.0 366.11 -621.34
14 295.0 487.65 -489.02
15 295.0 983.82 -479.26
16 295.0 317.45 -691.61
17 295.0 302.52 -696.14
18 295.0 552.65 -483.01
19 295.0 604.55 -650.62
20 295.0 336.57 -511.53
21 295.0 342.27 -530.08
22 295.0 449.49 -364.30
23 295.0 415.36 -772.68
24 295.0 864.27 -573.30
25 295.0 536.39 -464.26
6 296.0 460.11 -920.41
7 296.0 462.72 -942.79
8 296.0 531.05 -425.73
9 296.0 525.59 -409.76
10 296.0 202.38 -421.60
11 296.0 219.43 -426.02
12 296.0 400.27 -663.22
13 296.0 368.60 -629.71
14 296.0 480.13 -491.46
15 296.0 989.03 -484.30
16 296.0 323.32 -689.83
17 296.0 309.08 -694.15
18 296.0 552.65 -483.01
19 296.0 602.59 -644.31
20 296.0 334.40 -504.53
21 296.0 340.31 -523.63
22 296.0 458.88 -361.53
23 296.0 413.29 -765.72
24 296.0 862.49 -567.32
25 296.0 536.39 -464.26
6 297.0 457.74 -912.92
7 297.0 464.73 -936.06
8 297.0 530.44 -433.12
9 297.0 527.97 -416.76
10 297.0 199.21 -414.35
11 297.0 211.48 -427.69
12 297.0 392.84 -665.47
13 297.0 371.11 -638.17
14 297.0 472.76 -493.68
15 297.0 995.96 -488.33
16 297.0 328.74 -688.18
17 297.0 314.53 -692.49
18 297.0 552.65 -483.01
19 297.0 600.47 -637.47
20 297.0 332.46 -498.22
21 297.0 338.05 -516.32
22 297.0 468.13 -358.79
23 297.0 411.33 -759.11
24 297.0 860.69 -561.26
25 297.0 536.39 -464.26
6 298.0 455.35 -904.88
7 298.0 462.59 -928.20
8 298.0 532.15 -439.74
9 298.0 530.32 -423.60
10 298.0 196.30 -407.32
11 298.0 203.50 -423.43
12 298.0 388.11 -667.01
13 298.0 373.72 -646.95
14 298.0 465.78 -495.80
15 298.0 1000.16 -495.32
16 298.0 335.08 -686.26
17 298.0 320.53 -690.67
18 298.0 552.65 -483.01
19 298.0 598.36 -630.66
20 298.0 330.62 -492.29
21 298.0 335.94 -509.49
22 298.0 477.31 -356.08
23 298.0 409.18 -751.88
24 298.0 858.89 -555.19
25 298.0 536.39 -464.26
6 299.0 453.06 -897.12
7 299.0 460.22 -920.75
8 299.0 534.44 -447.20
9 299.0 530.91 -430.48
10 299.0 193.65 -400.70
11 299.0 200.17 -416.53
12 299.0 383.00 -671.33
13 299.0 376.19 -655.28
14 299.0 457.86 -498.20
15 299.0 1006.16 -499.70
16 299.0 341.22 -684.39
17 299.0 326.91 -688.74
18 299.0 552.65 -483.01
19 299.0 596.49 -624.65
20 299.0 328.68 -485.94
21 299.0 333.98 -503.14
22 299.0 486.87 -353.25
23 299.0 406.97 -744.53
24 299.0 856.99 -548.78
25 299.0 536.39 -464.26
6 300.0 450.78 -889.57
7 300.0 457.86 -913.33
8 300.0 536.58 -454.15
9 300.0 531.83 -438.71
10 300.0 190.84 -393.70
11 300.0 196.93 -408.88
12 300.0 383.60 -679.30
13 300.0 377.80 -660.70
14 300.0 450.24 -500.50
15 300.0 1011.36 -505.14
16 300.0 347.40 -682.51
17 300.0 332.71 -686.98
18 300.0 552.65 -483.01
19 300.0 594.53 -618.31
20 300.0 326.74 -479.49
21 300.0 331.71 -495.80
22 300.0 496.14 -350.51
23 300.0 404.91 -737.83
24 300.0 855.17 -542.29
25 300.0 536.39 -464.26
6 301.0 448.29 -881.42
7 301.0 455.52 -905.44
8 301.0 538.54 -460.40
9 301.0 534.11 -446.13
10 301.0 189.14 -390.71
11 301.0 194.04 -401.67
12 301.0 386.16 -687.63
13 301.0 378.14 -661.84
14 301.0 442.68 -502.79
15 301.0 1013.96 -514.71
16 301.0 353.36 -680.68
17 301.0 338.60 -685.19
18 301.0 552.65 -483.01
19 301.0 592.44 -611.61
20 301.0 324.96 -473.67
21 301.0 329.52 -488.71
22 301.0 506.07 -347.83
23 301.0 402.88 -731.21
24 301.0 853.70 -535.75
25 301.0 536.39 -464.26
6 302.0 446.07 -874.12
7 302.0 453.11 -897.31
8 302.0 539.15 -462.35
9 302.0 535.96 -452.13
10 302.0 186.64 -390.85
11 302.0 192.47 -397.75
12 302.0 388.72 -695.98
13 302.0 378.41 -662.78
14 302.0 434.72 -505.19
15 302.0 1017.45 -526.05
16 302.0 359.08 -678.93
17 302.0 344.17 -683.49
18 302.0 552.65 -483.01
19 302.0 590.55 -605.52
20 302.0 322.89 -466.94
21 302.0 327.50 -482.00
22 302.0 515.25 -345.79
23 302.0 400.61 -723.83
24 302.0 854.00 -530.05
25 302.0 536.39 -464.26
6 303.0 443.59 -865.96
7 303.0 450.53 -888.77
8 303.0 539.41 -463.19
9 303.0 536.85 -455.01
10 303.0 187.52 -394.25
11 303.0 191.51 -395.36
12 303.0 391.20 -704.06
13 303.0 378.41 -662.78
14 303.0 426.89 -507.54
15 303.0 1022.10 -538.45
16 303.0 365.06 -677.11
17 303.0 350.48 -681.56
18 303.0 552.65 -483.01
19 303.0 588.42 -598.66
20 303.0 321.02 -460.85
21 303.0 325.40 -475.10
22 303.0 523.56 -344.01
23 303.0 398.67 -717.50
24 303.0 852.75 -525.45
25 303.0 536.39 -464.26
6 304.0 441.08 -857.80
7 304.0 447.92 -880.22
8 304.0 539.45 -463.31
9 304.0 537.11 -455.83
10 304.0 189.89 -399.91
11 304.0 189.87 -391.85
12 304.0 393.62 -711.96
13 304.0 378.42 -662.78
14 304.0 419.58 -509.74
15 304.0 1024.57 -551.17
16 304.0 371.54 -675.13
17 304.0 356.01 -679.87
18 304.0 552.65 -483.01
19 304.0 586.49 -592.49
20 304.0 319.13 -454.68
21 304.0 323.75 -469.73
22 304.0 527.55 -343.15
23 304.0 396.64 -710.88
24 304.0 847.89 -522.72
25 304.0 536.39 -464.26
6 305.0 438.76 -850.30
7 305.0 445.37 -871.81
8 305.0 539.45 -463.31
9 305.0 537.16 -456.01
10 305.0 192.79 -407.17
11 305.0 187.27 -390.15
12 305.0 396.20 -720.37
13 305.0 378.42 -662.78
14 305.0 412.03 -512.00
15 305.0 1028.24 -563.32
16 305.0 375.66 -673.87
17 305.0 362.30 -677.95
18 305.0 552.65 -483.01
19 305.0 584.36 -585.67
20 305.0 317.02 -447.80
21 305.0 321.66 -462.94
22 305.0 528.46 -339.78
23 305.0 394.47 -703.81
24 305.0 845.50 -518.14
25 305.0 536.39 -464.26
6 306.0 436.23 -842.13
7 306.0 442.82 -863.43
8 306.0 539.45 -463.31
9 306.0 537.20 -456.12
10 306.0 195.87 -414.66
11 306.0 186.98 -393.24
12 306.0 398.75 -728.68
13 306.0 378.42 -662.78
14 306.0 403.88 -514.45
15 306.0 1032.06 -575.81
16 306.0 380.41 -674.06
17 306.0 366.86 -676.56
18 306.0 552.65 -483.01
19 306.0 582.56 -579.92
20 306.0 315.13 -441.60
21 306.0 319.69 -456.50
22 306.0 528.89 -335.85
23 306.0 392.26 -696.61
24 306.0 843.38 -511.55
25 306.0 536.39 -464.26
6 307.0 433.90 -834.59
7 307.0 440.29 -855.24
8 307.0 539.45 -463.31
9 307.0 537.21 -456.15
10 307.0 197.95 -419.37
11 307.0 189.17 -398.13
12 307.0 401.04 -736.11
13 307.0 378.42 -662.78
14 307.0 395.78 -516.88
15 307.0 1035.96 -588.50
16 307.0 383.19 -677.96
17 307.0 371.78 -675.05
18 307.0 552.65 -483.01
19 307.0 580.61 -573.68
20 307.0 313.04 -434.78
21 307.0 317.64 -449.83
22 307.0 524.97 -336.07
23 307.0 390.05 -689.41
24 307.0 841.55 -505.55
25 307.0 536.39 -464.26
6 308.0 432.03 -828.28
7 308.0 437.93 -847.61
8 308.0 539.45 -463.31
9 308.0 537.21 -456.15
10 308.0 200.60 -426.16
11 308.0 191.68 -404.40
12 308.0 403.52 -744.18
13 308.0 378.42 -662.78
14 308.0 388.09 -519.18
15 308.0 1039.92 -601.38
16 308.0 384.99 -683.83
17 308.0 376.65 -673.72
18 308.0 552.65 -483.01
19 308.0 578.81 -567.94
20 308.0 310.99 -428.20
21 308.0 315.53 -442.93
22 308.0 519.19 -338.34
23 308.0 387.94 -682.53
24 308.0 839.71 -499.55
25 308.0 536.39 -464.26
6 309.0 433.55 -822.97
7 309.0 435.58 -840.03
8 309.0 539.45 -463.31
9 309.0 537.21 -456.15
10 309.0 203.32 -433.50
11 309.0 194.83 -412.17
12 309.0 406.07 -752.64
13 309.0 378.42 -662.78
14 309.0 380.62 -521.42
15 309.0 1043.75 -613.81
16 309.0 386.90 -690.06
17 309.0 381.98 -675.47
18 309.0 552.65 -483.01
19 309.0 576.83 -561.58
20 309.0 309.31 -422.05
21 309.0 313.44 -436.11
22 309.0 511.38 -341.30
23 309.0 386.87 -679.04
24 309.0 837.70 -493.02
25 309.0 536.39 -464.26
6 310.0 439.27 -820.83
7 310.0 433.30 -832.64
8 310.0 539.45 -463.31
9 310.0 537.21 -456.15
10 310.0 204.70 -437.22
11 310.0 197.44 -418.24
12 310.0 408.41 -760.53
13 310.0 378.42 -662.78
14 310.0 372.77 -523.83
15 310.0 1046.64 -623.19
16 310.0 388.68 -695.84
17 310.0 383.95 -680.42
18 310.0 552.65 -483.01
19 310.0 574.74 -554.90
20 310.0 309.98 -416.42
21 310.0 311.72 -430.52
22 310.0 502.17 -343.98
23 310.0 386.53 -677.93
24 310.0 835.79 -486.78
25 310.0 536.39 -464.26
6 311.0 446.96 -818.52
7 311.0 431.80 -826.14
8 311.0 539.45 -463.31
9 311.0 537.21 -456.15
10 311.0 209.78 -438.19
11 311.0 198.76 -421.29
12 311.0 410.90 -768.90
13 311.0 378.42 -662.78
14 311.0 364.62 -526.35
15 311.0 1048.34 -628.73
16 311.0 390.44 -701.59
17 311.0 385.81 -686.49
18 311.0 552.65 -483.01
19 311.0 572.94 -549.15
20 311.0 314.32 -413.93
21 311.0 310.26 -425.88
22 311.0 492.44 -346.99
23 311.0 386.47 -677.74
24 311.0 833.93 -480.71
25 311.0 536.39 -464.26
6 312.0 454.85 -816.14
7 312.0 435.49 -822.04
8 312.0 539.45 -463.31
9 312.0 537.21 -456.15
10 312.0 217.36 -436.11
11 312.0 200.39 -425.58
12 312.0 413.24 -776.78
13 312.0 378.42 -662.78
14 312.0 357.26 -528.72
15 312.0 1048.22 -634.52
16 312.0 392.16 -707.19
17 312.0 387.86 -693.17
18 312.0 552.65 -483.01
19 312.0 570.82 -542.35
20 312.0 320.70 -412.08
21 312.0 309.03 -420.70
22 312.0 482.78 -346.62
23 312.0 386.46 -677.71
24 312.0 831.98 -474.35
25 312.0 536.39 -464.26
6 313.0 462.62 -813.81
7 313.0 441.10 -820.28
8 313.0 539.45 -463.31
9 313.0 537.21 -456.15
10 313.0 226.35 -436.38
11 313.0 202.45 -431.15
12 313.0 415.45 -784.22
13 313.0 378.42 -662.78
14 313.0 351.63 -530.52
15 313.0 1043.78 -637.05
16 313.0 394.14 -713.62
17 313.0 389.46 -698.41
18 313.0 552.65 -483.01
19 313.0 568.95 -536.37
20 313.0 328.59 -409.79
21 313.0 311.58 -415.00
22 313.0 474.06 -349.32
23 313.0 386.45 -677.69
24 313.0 828.97 -468.17
25 313.0 536.39 -464.26
6 314.0 470.38 -811.44
7 314.0 448.77 -817.97
8 314.0 539.45 -463.31
9 314.0 537.21 -456.15
10 314.0 236.67 -436.16
11 314.0 204.52 -436.73
12 314.0 417.78 -792.06
13 314.0 378.42 -662.78
14 314.0 344.59 -533.58
15 314.0 1036.72 -639.18
16 314.0 395.84 -719.18
17 314.0 391.56 -705.24
18 314.0 552.65 -483.01
19 314.0 566.91 -529.87
20 314.0 337.81 -407.11
21 314.0 316.95 -413.17
22 314.0 464.56 -352.26
23 314.0 386.45 -677.69
24 314.0 827.24 -463.32
25 314.0 536.39 -464.26
6 315.0 477.82 -809.19
7 315.0 456.31 -815.70
8 315.0 539.45 -463.31
9 315.0 537.21 -456.15
10 315.0 248.23 -436.14
11 315.0 211.30 -437.84
12 315.0 420.05 -799.72
13 315.0 378.42 -662.78
14 315.0 342.28 -540.19
15 315.0 1029.99 -641.21
16 315.0 397.69 -725.22
17 315.0 393.26 -710.76
18 315.0 552.65 -483.01
19 315.0 565.12 -523.83
20 315.0 346.75 -404.51
21 315.0 324.53 -410.97
22 315.0 455.06 -355.20
23 315.0 386.45 -677.68
24 315.0 828.06 -457.11
25 315.0 536.39 -464.26
6 316.0 485.17 -806.97
7 316.0 464.67 -813.18
8 316.0 539.45 -463.31
9 316.0 537.21 -456.15
10 316.0 257.91 -433.32
11 316.0 219.36 -435.45
12 316.0 422.50 -807.95
13 316.0 378.42 -662.78
14 316.0 343.98 -547.34
15 316.0 1023.23 -643.25
16 316.0 399.61 -731.47
17 316.0 395.24 -717.21
18 316.0 552.65 -483.01
19 316.0 563.25 -517.51
20 316.0 355.74 -401.90
21 316.0 334.38 -408.10
22 316.0 445.33 -358.12
23 316.0 386.45 -677.68
24 316.0 829.41 -451.25
25 316.0 536.39 -464.26
6 317.0 493.33 -804.51
7 317.0 472.73 -810.72
8 317.0 539.45 -463.31
9 317.0 537.21 -456.15
10 317.0 268.51 -430.26
11 317.0 227.84 -435.85
12 317.0 424.83 -815.81
13 317.0 378.42 -662.78
14 317.0 346.23 -555.27
15 317.0 1015.74 -645.51
16 317.0 401.63 -738.05
17 317.0 397.06 -723.15
18 317.0 552.65 -483.01
19 317.0 561.53 -511.71
20 317.0 364.30 -399.41
21 317.0 343.41 -405.48
22 317.0 435.82 -360.93
23 317.0 386.45 -677.68
24 317.0 830.87 -444.87
25 317.0 536.39 -464.26
6 318.0 500.81 -802.25
7 318.0 480.49 -808.38
8 318.0 539.45 -463.31
9 318.0 537.21 -456.15
10 318.0 279.01 -427.24
11 318.0 237.59 -435.90
12 318.0 423.61 -821.63
13 318.0 378.42 -662.78
14 318.0 348.44 -563.08
15 318.0 1007.90 -647.88
16 318.0 403.65 -744.62
17 318.0 399.01 -729.49
18 318.0 552.65 -483.01
19 318.0 559.47 -504.75
20 318.0 373.14 -396.84
21 318.0 352.42 -402.87
22 318.0 426.86 -363.58
23 318.0 386.45 -677.68
24 318.0 832.28 -438.47
25 318.0 536.39 -464.26
6 319.0 508.27 -800.00
7 319.0 488.53 -805.96
8 319.0 539.45 -463.31
9 319.0 537.21 -456.15
10 319.0 288.52 -424.51
11 319.0 249.64 -435.73
12 319.0 417.33 -824.08
13 319.0 378.42 -662.78
14 319.0 350.66 -570.41
15 319.0 1003.39 -649.25
16 319.0 405.40 -750.36
17 319.0 401.04 -736.12
18 319.0 552.65 -483.01
19 319.0 557.52 -498.16
20 319.0 381.40 -394.49
21 319.0 361.99 -400.08
22 319.0 417.14 -366.46
23 319.0 386.45 -677.68
24 319.0 833.82 -431.53
25 319.0 536.39 -464.26
6 320.0 516.03 -797.65
7 320.0 496.42 -803.57
8 320.0 539.45 -463.31
9 320.0 537.21 -456.15
10 320.0 298.55 -421.69
11 320.0 260.30 -432.63
12 320.0 409.07 -826.55
13 320.0 378.42 -662.78
14 320.0 353.14 -578.43
15 320.0 996.63 -651.40
16 320.0 407.22 -756.49
17 320.0 402.79 -741.82
18 320.0 552.65 -483.01
19 320.0 555.88 -492.64
20 320.0 390.27 -393.45
21 320.0 371.64 -397.28
22 320.0 408.29 -369.08
23 320.0 386.45 -677.68
24 320.0 835.32 -424.80
25 320.0 536.39 -464.26
6 321.0 523.39 -795.43
7 321.0 504.64 -801.09
8 321.0 539.45 -463.31
9 321.0 537.21 -456.15
10 321.0 304.36 -421.83
11 321.0 270.56 -429.67
12 321.0 401.15 -828.93
13 321.0 378.42 -662.78
14 321.0 355.53 -586.12
15 321.0 989.59 -652.93
16 321.0 409.16 -763.04
17 321.0 404.66 -747.88
18 321.0 552.65 -483.01
19 321.0 555.12 -490.32
20 321.0 399.21 -390.70
21 321.0 380.24 -394.78
22 321.0 399.38 -371.76
23 321.0 386.45 -677.68
24 321.0 836.60 -418.99
25 321.0 536.39 -464.26
6 322.0 531.82 -792.89
7 322.0 512.67 -798.67
8 322.0 539.45 -463.31
9 322.0 537.21 -456.15
10 322.0 306.71 -425.29
11 322.0 281.43 -426.55
12 322.0 392.76 -831.45
13 322.0 378.42 -662.78
14 322.0 357.96 -594.02
15 322.0 982.54 -655.52
16 322.0 411.02 -769.29
17 322.0 406.71 -754.78
18 322.0 552.65 -483.01
19 322.0 554.97 -489.87
20 322.0 407.54 -388.13
21 322.0 389.50 -393.68
22 322.0 390.55 -375.99
23 322.0 386.45 -677.68
24 322.0 838.35 -413.22
25 322.0 536.39 -464.26
6 323.0 540.27 -790.34
7 323.0 520.29 -796.37
8 323.0 539.45 -463.31
9 323.0 537.21 -456.15
10 323.0 306.92 -425.91
11 323.0 289.03 -424.36
12 323.0 384.76 -833.85
13 323.0 378.42 -662.78
14 323.0 360.22 -601.53
15 323.0 975.67 -657.76
16 323.0 412.87 -775.53
17 323.0 408.63 -761.25
18 323.0 552.65 -483.01
19 323.0 554.97 -489.86
20 323.0 417.06 -388.36
21 323.0 397.81 -391.13
22 323.0 381.13 -378.78
23 323.0 386.45 -677.68
24 323.0 842.62 -408.76
25 323.0 536.39 -464.26
6 324.0 548.71 -787.85
7 324.0 528.77 -793.81
8 324.0 539.45 -463.31
9 324.0 537.21 -456.15
10 324.0 306.98 -426.11
11 324.0 292.84 -423.27
12 324.0 376.20 -836.41
13 324.0 378.42 -662.78
14 324.0 362.61 -609.52
15 324.0 968.31 -659.87
16 324.0 414.61 -781.41
17 324.0 410.52 -767.61
18 324.0 552.65 -483.01
19 324.0 554.97 -489.86
20 324.0 425.65 -385.34
21 324.0 407.14 -388.26
22 324.0 371.51 -381.63
23 324.0 386.45 -677.68
24 324.0 847.35 -405.02
25 324.0 536.39 -464.26
6 325.0 557.00 -785.42
7 325.0 537.40 -791.20
8 325.0 539.45 -463.31
9 325.0 537.21 -456.15
10 325.0 306.98 -426.12
11 325.0 293.93 -422.96
12 325.0 367.84 -838.91
13 325.0 378.42 -662.78
14 325.0 364.86 -617.11
15 325.0 961.34 -661.81
16 325.0 416.50 -787.76
17 325.0 412.11 -772.96
18 325.0 552.65 -483.01
19 325.0 554.97 -489.86
20 325.0 434.40 -382.26
21 325.0 416.03 -388.61
22 325.0 362.17 -384.39
23 325.0 386.45 -677.68
24 325.0 854.12 -403.26
25 325.0 536.39 -464.26
6 326.0 565.24 -783.01
7 326.0 545.92 -788.66
8 326.0 539.45 -463.31
9 326.0 537.21 -456.15
10 326.0 306.98 -426.12
11 326.0 294.20 -422.88
12 326.0 360.43 -841.13
13 326.0 378.42 -662.78
14 326.0 366.98 -624.27
15 326.0 953.98 -663.85
16 326.0 418.12 -793.22
17 326.0 413.91 -779.04
18 326.0 552.65 -483.01
19 326.0 554.97 -489.86
20 326.0 443.03 -379.56
21 326.0 424.89 -385.61
22 326.0 353.40 -386.99
23 326.0 386.45 -677.68
24 326.0 862.34 -401.90
25 326.0 536.39 -464.26
6 327.0 572.78 -780.80
7 327.0 554.24 -786.23
8 327.0 539.45 -463.31
9 327.0 537.21 -456.15
10 327.0 306.98 -426.12
11 327.0 294.45 -422.81
12 327.0 352.70 -843.45
13 327.0 378.42 -662.78
14 327.0 369.36 -632.27
15 327.0 946.63 -664.52
16 327.0 419.86 -799.07
17 327.0 415.52 -784.44
18 327.0 552.65 -483.01
19 327.0 554.97 -489.86
20 327.0 451.63 -377.02
21 327.0 433.47 -382.58
22 327.0 344.56 -389.60
23 327.0 386.45 -677.68
24 327.0 872.16 -400.92
25 327.0 536.39 -464.26
6 328.0 581.03 -778.36
7 328.0 561.93 -783.98
8 328.0 539.45 -463.31
9 328.0 537.21 -456.15
10 328.0 306.98 -426.12
11 328.0 294.45 -422.81
12 328.0 344.52 -845.90
13 328.0 378.42 -662.78
14 328.0 371.79 -640.45
15 328.0 939.39 -662.19
16 328.0 421.78 -805.54
17 328.0 417.16 -789.97
18 328.0 552.65 -483.01
19 328.0 554.97 -489.86
20 328.0 460.53 -374.39
21 328.0 442.21 -379.80
22 328.0 335.66 -392.23
23 328.0 386.45 -677.68
24 328.0 880.55 -402.86
25 328.0 536.39 -464.26
6 329.0 588.64 -776.05
7 329.0 570.55 -781.46
8 329.0 539.45 -463.31
9 329.0 537.21 -456.15
10 329.0 306.98 -426.12
11 329.0 294.45 -422.81
12 329.0 340.64 -847.07
13 329.0 378.42 -662.78
14 329.0 374.04 -648.04
15 329.0 932.91 -657.48
16 329.0 423.71 -812.04
17 329.0 419.23 -796.95
18 329.0 552.65 -483.01
19 329.0 554.97 -489.86
20 329.0 469.79 -371.65
21 329.0 451.19 -377.15
22 329.0 325.76 -395.06
23 329.0 386.45 -677.68
24 329.0 889.07 -404.84
25 329.0 536.39 -464.26
6 330.0 596.60 -773.60
7 330.0 579.05 -778.96
8 330.0 540.21 -465.46
9 330.0 537.21 -456.15
10 330.0 307.60 -428.11
11 330.0 296.29 -422.29
12 330.0 335.29 -847.73
13 330.0 379.15 -664.72
14 330.0 375.71 -653.66
15 330.0 927.78 -652.72
16 330.0 425.49 -817.29
17 330.0 421.23 -803.69
18 330.0 552.12 -481.70
19 330.0 554.97 -489.86
20 330.0 478.77 -369.00
21 330.0 460.45 -374.41
22 330.0 315.58 -396.60
23 330.0 385.71 -675.33
24 330.0 897.98 -406.90
25 330.0 536.89 -466.07
6 331.0 604.70 -771.05
7 331.0 586.76 -776.62
8 331.0 541.62 -469.03
9 331.0 537.89 -458.31
10 331.0 308.65 -431.42
11 331.0 298.24 -421.77
12 331.0 331.57 -843.30
13 331.0 380.49 -667.46
14 331.0 376.79 -657.29
15 331.0 921.91 -647.29
16 331.0 428.87 -821.64
17 331.0 422.75 -808.80
18 331.0 550.76 -479.19
19 331.0 554.73 -489.14
20 331.0 487.11 -366.53
21 331.0 469.80 -371.65
22 331.0 306.61 -399.40
23 331.0 384.26 -670.75
24 331.0 907.11 -409.01
25 331.0 537.60 -469.62
6 332.0 612.21 -768.78
7 332.0 595.33 -774.00
8 332.0 544.34 -474.39
9 332.0 538.93 -461.62
10 332.0 310.35 -436.93
11 332.0 298.69 -421.65
12 332.0 329.28 -835.76
13 332.0 380.49 -667.46
14 332.0 377.69 -660.35
15 332.0 916.68 -642.44
16 332.0 434.94 -822.00
17 332.0 424.49 -814.69
18 332.0 549.17 -476.95
19 332.0 554.06 -487.08
20 332.0 495.65 -364.01
21 332.0 478.24 -369.15
22 332.0 297.60 -402.31
23 332.0 382.31 -664.56
24 332.0 915.85 -411.37
25 332.0 535.99 -474.47
6 333.0 620.13 -766.39
7 333.0 603.34 -771.48
8 333.0 548.09 -480.70
9 333.0 540.83 -467.03
10 333.0 312.78 -444.88
11 333.0 298.73 -421.64
12 333.0 326.74 -827.66
13 333.0 380.49 -667.46
14 333.0 377.73 -660.48
15 333.0 911.50 -637.64
16 333.0 440.16 -820.56
17 333.0 425.84 -818.04
18 333.0 548.87 -476.73
19 333.0 553.12 -484.36
20 333.0 504.47 -361.44
21 333.0 486.67 -366.66
22 333.0 288.03 -405.21
23 333.0 380.08 -657.15
24 333.0 922.63 -413.66
25 333.0 531.63 -476.02
6 334.0 626.37 -764.51
7 334.0 611.59 -768.96
8 334.0 550.61 -486.86
9 334.0 543.71 -473.28
10 334.0 314.99 -452.09
11 334.0 300.05 -421.33
12 334.0 324.21 -819.68
13 334.0 381.92 -668.77
14 334.0 377.74 -660.51
15 334.0 906.16 -632.69
16 334.0 445.55 -818.94
17 334.0 429.71 -821.86
18 334.0 548.80 -476.67
19 334.0 552.81 -483.49
20 334.0 510.47 -359.92
21 334.0 496.25 -363.83
22 334.0 278.24 -408.18
23 334.0 377.90 -649.78
24 334.0 923.42 -413.86
25 334.0 522.55 -478.80
6 335.0 633.08 -761.81
7 335.0 617.99 -767.03
8 335.0 552.69 -493.20
9 335.0 546.76 -478.36
10 335.0 317.13 -459.08
11 335.0 302.95 -421.29
12 335.0 322.02 -812.18
13 335.0 386.06 -670.30
14 335.0 378.27 -662.28
15 335.0 901.02 -627.93
16 335.0 451.09 -817.27
17 335.0 435.81 -821.87
18 335.0 548.79 -476.67
19 335.0 552.68 -483.10
20 335.0 514.32 -359.61
21 335.0 501.63 -362.25
22 335.0 268.83 -411.04
23 335.0 376.01 -643.45
24 335.0 923.04 -413.71
25 335.0 513.61 -481.50
6 336.0 635.51 -754.53
7 336.0 625.26 -764.85
8 336.0 554.49 -499.19
9 336.0 549.93 -484.92
10 336.0 319.25 -466.01
11 336.0 306.54 -424.91
12 336.0 319.76 -804.49
13 336.0 392.69 -668.85
14 336.0 379.03 -666.02
15 336.0 895.93 -623.21
16 336.0 456.63 -815.61
17 336.0 442.59 -819.83
18 336.0 548.78 -476.66
19 336.0 552.65 -483.03
20 336.0 516.73 -363.02
21 336.0 505.65 -361.14
22 336.0 259.78 -413.78
23 336.0 374.07 -636.88
24 336.0 922.82 -413.62
25 336.0 505.27 -483.81
6 337.0 633.56 -747.13
7 337.0 633.00 -761.89
8 337.0 556.54 -506.13
9 337.0 552.25 -491.84
10 337.0 321.47 -473.23
11 337.0 308.52 -431.01
12 337.0 317.25 -796.25
13 337.0 401.41 -666.21
14 337.0 376.14 -670.17
15 337.0 890.86 -618.14
16 337.0 463.09 -813.66
17 337.0 448.13 -818.16
18 337.0 547.05 -475.36
19 337.0 552.64 -482.99
20 337.0 520.20 -366.25
21 337.0 509.58 -360.15
22 337.0 250.80 -416.50
23 337.0 372.09 -630.22
24 337.0 922.76 -413.59
25 337.0 497.10 -485.93
6 338.0 631.26 -739.57
7 338.0 635.66 -755.65
8 338.0 558.40 -512.40
9 338.0 554.06 -497.73
10 338.0 323.78 -480.74
11 338.0 310.85 -438.57
12 338.0 314.84 -788.35
13 338.0 409.84 -663.66
14 338.0 370.97 -671.95
15 338.0 885.59 -612.77
16 338.0 468.72 -811.94
17 338.0 454.72 -816.18
18 338.0 542.75 -474.08
19 338.0 551.86 -481.23
20 338.0 520.55 -372.57
21 338.0 514.73 -359.72
22 338.0 241.45 -419.34
23 338.0 370.15 -623.71
24 338.0 922.74 -413.59
25 338.0 488.75 -488.65
6 339.0 629.05 -732.27
7 339.0 633.66 -747.44
8 339.0 560.58 -519.78
9 339.0 555.92 -504.02
10 339.0 325.98 -488.06
11 339.0 313.30 -446.57
12 339.0 312.23 -779.84
13 339.0 418.05 -661.18
14 339.0 363.55 -674.22
15 339.0 880.38 -607.47
16 339.0 475.02 -810.03
17 339.0 460.86 -814.33
18 339.0 535.83 -474.80
19 339.0 549.94 -477.68
20 339.0 520.93 -379.55
21 339.0 516.74 -363.04
22 339.0 232.65 -422.01
23 339.0 368.08 -616.74
24 339.0 922.74 -413.59
25 339.0 480.14 -491.45
6 340.0 626.53 -723.98
7 340.0 631.67 -740.89
8 340.0 562.60 -526.59
9 340.0 558.06 -511.27
10 340.0 328.19 -495.26
11 340.0 315.63 -454.17
12 340.0 309.77 -771.75
13 340.0 426.04 -658.76
14 340.0 356.49 -676.38
15 340.0 875.43 -602.43
16 340.0 480.67 -808.33
17 340.0 466.35 -812.66
18 340.0 530.73 -476.30
19 340.0 545.13 -474.50
20 340.0 521.29 -386.10
21 340.0 520.21 -366.41
22 340.0 223.07 -424.91
23 340.0 366.12 -610.14
24 340.0 922.74 -413.59
25 340.0 471.92 -493.94
6 341.0 624.23 -716.34
7 341.0 629.30 -733.10
8 341.0 564.56 -533.07
9 341.0 560.20 -518.49
10 341.0 330.64 -503.18
11 341.0 317.85 -461.45
12 341.0 307.18 -763.18
13 341.0 434.52 -656.19
14 341.0 348.71 -678.74
15 341.0 871.19 -596.52
16 341.0 486.92 -806.44
17 341.0 472.69 -810.74
18 341.0 523.56 -478.49
19 341.0 538.84 -474.27
20 341.0 521.68 -393.27
21 341.0 520.57 -372.91
22 341.0 216.51 -426.93
23 341.0 364.08 -603.27
24 341.0 922.74 -413.59
25 341.0 463.69 -496.43
6 342.0 621.69 -707.90
7 342.0 626.92 -725.27
8 342.0 566.88 -540.52
9 342.0 562.03 -524.68
10 342.0 332.88 -510.42
11 342.0 320.10 -468.76
12 342.0 304.70 -755.05
13 342.0 442.31 -653.83
14 342.0 340.62 -677.97
15 342.0 869.12 -589.65
16 342.0 492.97 -804.61
17 342.0 478.21 -809.07
18 342.0 516.33 -480.70
19 342.0 534.30 -475.21
20 342.0 522.39 -399.92
21 342.0 520.97 -380.29
22 342.0 209.40 -427.35
23 342.0 362.04 -596.47
24 342.0 922.74 -413.59
25 342.0 455.40 -498.94
6 343.0 619.29 -699.91
7 343.0 624.54 -717.35
8 343.0 568.96 -547.17
9 343.0 564.38 -532.49
10 343.0 335.00 -517.29
11 343.0 322.46 -476.42
12 343.0 302.39 -747.47
13 343.0 451.07 -651.19
14 343.0 333.14 -680.16
15 343.0 867.05 -582.66
16 343.0 499.11 -802.76
17 343.0 483.82 -807.38
18 343.0 508.02 -483.08
19 343.0 527.58 -477.26
20 343.0 524.61 -406.80
21 343.0 521.38 -387.82
22 343.0 203.09 -422.75
23 343.0 359.99 -589.70
24 343.0 922.74 -413.59
25 343.0 446.60 -501.60
6 344.0 617.00 -692.33
7 344.0 622.01 -708.95
8 344.0 570.94 -553.49
9 344.0 566.21 -538.37
10 344.0 337.38 -524.98
11 344.0 324.62 -483.54
12 344.0 299.84 -739.06
13 344.0 459.68 -648.59
14 344.0 324.98 -682.64
15 344.0 864.93 -575.53
16 344.0 504.87 -801.02
17 344.0 489.72 -805.60
18 344.0 499.95 -485.19
19 344.0 520.58 -479.40
20 344.0 526.92 -413.66
21 344.0 521.74 -394.37
22 344.0 199.52 -415.09
23 344.0 357.99 -583.25
24 344.0 922.74 -413.59
25 344.0 437.62 -504.31
6 345.0 614.51 -683.94
7 345.0 619.57 -700.86
8 345.0 573.27 -560.95
9 345.0 568.38 -545.32
10 345.0 339.48 -531.94
11 345.0 326.96 -491.29
12 345.0 297.39 -731.03
13 345.0 468.09 -646.05
14 345.0 318.01 -684.75
15 345.0 862.76 -568.21
16 345.0 511.20 -799.11
17 345.0 496.18 -803.65
18 345.0 491.82 -487.62
19 345.0 513.99 -481.39
20 345.0 528.89 -419.44
21 345.0 522.99 -401.87
22 345.0 196.77 -408.49
23 345.0 355.72 -575.93
24 345.0 922.74 -413.59
25 345.0 428.71 -506.99
6 346.0 612.07 -675.75
7 346.0 617.20 -692.99
8 346.0 575.31 -567.48
9 346.0 570.68 -552.65
10 346.0 341.58 -539.02
11 346.0 329.47 -499.42
12 346.0 295.06 -723.39
13 346.0 475.81 -643.72
14 346.0 310.80 -686.94
15 346.0 860.64 -561.07
16 346.0 517.61 -797.18
17 346.0 502.85 -801.63
18 346.0 484.14 -490.19
19 346.0 507.06 -483.35
20 346.0 531.05 -425.73
21 346.0 525.17 -408.48
22 346.0 194.32 -402.39
23 346.0 353.43 -568.56
24 346.0 922.74 -413.59
25 346.0 420.69 -509.41
6 347.0 609.87 -668.32
7 347.0 614.78 -684.86
8 347.0 577.46 -574.35
9 347.0 572.89 -559.74
10 347.0 343.87 -546.97
11 347.0 331.92 -507.32
12 347.0 292.48 -714.90
13 347.0 483.69 -641.33
14 347.0 302.68 -689.40
15 347.0 858.59 -554.17
16 347.0 524.14 -795.20
17 347.0 509.73 -799.56
18 347.0 475.97 -492.71
19 347.0 501.02 -484.91
20 347.0 530.37 -432.11
21 347.0 527.41 -415.10
22 347.0 191.69 -395.81
23 347.0 351.49 -562.14
24 347.0 922.74 -413.59
25 347.0 412.50 -511.86
6 348.0 607.57 -660.58
7 348.0 612.40 -676.86
8 348.0 579.68 -581.44
9 348.0 575.03 -566.59
10 348.0 346.08 -554.76
11 348.0 334.19 -514.66
12 348.0 290.16 -707.27
13 348.0 492.12 -638.78
14 348.0 296.10 -691.40
15 348.0 856.31 -546.50
16 348.0 530.55 -793.27
17 348.0 516.10 -797.63
18 348.0 467.74 -495.21
19 348.0 494.96 -486.57
20 348.0 531.71 -438.33
21 348.0 529.76 -421.98
22 348.0 190.18 -392.43
23 348.0 349.45 -554.94
24 348.0 922.74 -413.59
25 348.0 403.50 -514.56
6 349.0 605.23 -652.85
7 349.0 610.27 -669.66
8 349.0 581.97 -588.77
9 349.0 577.02 -572.94
10 349.0 348.25 -562.40
11 349.0 336.58 -522.41
12 349.0 287.60 -698.93
13 349.0 500.06 -636.38
14 349.0 293.21 -692.28
15 349.0 854.54 -539.46
16 349.0 536.32 -791.53
17 349.0 522.81 -795.61
18 349.0 459.48 -497.71
19 349.0 488.89 -488.60
20 349.0 533.82 -445.18
21 349.0 531.49 -428.70
22 349.0 188.16 -390.19
23 349.0 347.61 -548.42
24 349.0 922.74 -413.59
25 349.0 395.35 -517.00
6 350.0 602.63 -644.44
7 350.0 607.75 -661.19
8 350.0 584.13 -595.70
9 350.0 579.50 -580.89
10 350.0 350.35 -569.39
11 350.0 338.04 -527.14
12 350.0 285.00 -690.45
13 350.0 508.03 -633.97
14 350.0 292.54 -692.48
15 350.0 853.79 -533.18
16 350.0 542.23 -789.75
17 350.0 528.70 -793.83
18 350.0 452.32 -499.87
19 350.0 483.15 -490.53
20 350.0 535.80 -451.60
21 350.0 530.96 -435.89
22 350.0 186.51 -391.96
23 350.0 346.04 -542.87
24 350.0 922.74 -413.59
25 350.0 386.67 -519.61
6 351.0 600.08 -636.21
7 351.0 605.46 -653.57
8 351.0 585.63 -600.50
9 351.0 581.67 -587.82
10 351.0 352.78 -577.27
11 351.0 340.21 -534.38
12 351.0 282.35 -681.88
13 351.0 516.40 -631.44
14 351.0 289.48 -693.07
15 351.0 853.55 -526.54
16 351.0 547.88 -788.09
17 351.0 534.23 -792.16
18 351.0 444.29 -502.30
19 351.0 476.99 -492.41
20 351.0 537.81 -458.06
21 351.0 532.96 -442.38
22 351.0 185.03 -396.41
23 351.0 343.90 -535.58
24 351.0 922.74 -413.59
25 351.0 378.61 -522.04
6 352.0 597.73 -628.64
7 352.0 602.78 -644.91
8 352.0 585.49 -605.95
9 352.0 583.07 -592.29
10 352.0 355.16 -584.95
11 352.0 342.35 -541.63
12 352.0 279.76 -673.41
13 352.0 524.53 -628.98
14 352.0 285.36 -690.68
15 352.0 848.67 -523.36
16 352.0 554.08 -786.28
17 352.0 539.68 -790.52
18 352.0 435.96 -504.81
19 352.0 470.99 -494.22
20 352.0 540.02 -464.99
21 352.0 535.04 -449.13
22 352.0 187.07 -401.49
23 352.0 341.97 -529.04
24 352.0 922.74 -413.59
25 352.0 369.62 -524.80
6 353.0 595.44 -621.25
7 353.0 600.53 -637.68
8 353.0 580.84 -608.61
9 353.0 584.81 -597.87
10 353.0 357.43 -592.30
11 353.0 344.55 -549.36
12 353.0 277.37 -665.87
13 353.0 533.38 -626.30
14 353.0 283.19 -684.63
15 353.0 845.48 -518.10
16 353.0 559.74 -784.62
17 353.0 545.26 -788.85
18 353.0 428.39 -507.09
19 353.0 465.11 -496.00
20 353.0 542.78 -471.63
21 353.0 537.33 -456.53
22 353.0 189.90 -408.55
23 353.0 339.80 -521.99
24 353.0 922.74 -413.59
25 353.0 360.81 -527.58
6 354.0 592.87 -612.99
7 354.0 598.33 -630.59
8 354.0 574.51 -610.52
9 354.0 586.20 -603.31
10 354.0 359.79 -600.09
11 354.0 346.82 -557.35
12 354.0 274.83 -657.70
13 354.0 542.30 -623.60
14 354.0 280.70 -676.51
15 354.0 843.24 -511.07
16 354.0 566.30 -782.70
17 354.0 550.53 -787.31
18 354.0 420.34 -509.51
19 354.0 458.91 -497.88
20 354.0 546.39 -477.77
21 354.0 539.41 -463.21
22 354.0 192.46 -414.78
23 354.0 337.71 -515.21
24 354.0 922.74 -413.59
25 354.0 352.99 -530.09
6 355.0 590.61 -605.72
7 355.0 595.82 -622.47
8 355.0 568.04 -612.48
9 355.0 582.77 -607.92
10 355.0 362.08 -607.75
11 355.0 348.84 -564.50
12 355.0 272.31 -649.56
13 355.0 550.85 -621.02
14 355.0 278.22 -668.53
15 355.0 840.91 -503.49
16 355.0 572.48 -780.89
17 355.0 556.73 -785.50
18 355.0 413.14 -511.67
19 355.0 452.77 -499.74
20 355.0 549.54 -483.81
21 355.0 542.20 -470.50
22 355.0 195.30 -421.26
23 355.0 335.62 -508.45
24 355.0 922.74 -413.59
25 355.0 349.23 -531.25
6 356.0 588.31 -598.31
7 356.0 593.44 -614.83
8 356.0 560.96 -614.62
9 356.0 576.45 -609.94
10 356.0 364.27 -615.11
11 356.0 351.11 -571.86
12 356.0 269.93 -641.91
13 356.0 559.10 -618.52
14 356.0 276.00 -661.46
15 356.0 838.69 -496.22
16 356.0 578.67 -779.07
17 356.0 564.00 -783.37
18 356.0 405.75 -513.89
19 356.0 446.04 -501.78
20 356.0 551.63 -489.95
21 356.0 545.63 -476.58
22 356.0 198.16 -428.76
23 356.0 333.61 -501.95
24 356.0 922.74 -413.59
25 356.0 343.58 -532.89
6 357.0 585.90 -590.60
7 357.0 591.04 -607.09
8 357.0 553.53 -616.87
9 357.0 569.73 -611.97
10 357.0 366.39 -622.27
11 357.0 353.53 -579.68
12 357.0 267.62 -634.42
13 357.0 567.54 -615.97
14 357.0 273.68 -653.97
15 357.0 836.60 -489.41
16 357.0 585.12 -777.12
17 357.0 570.23 -781.55
18 357.0 397.45 -516.38
19 357.0 439.62 -503.71
20 357.0 553.14 -494.62
21 357.0 548.51 -481.55
22 357.0 200.96 -436.35
23 357.0 331.37 -494.71
24 357.0 922.74 -413.59
25 357.0 335.71 -535.18
6 358.0 583.44 -582.74
7 358.0 588.50 -598.93
8 358.0 546.89 -618.87
9 358.0 562.58 -614.13
10 358.0 368.61 -629.75
11 358.0 355.85 -587.16
12 358.0 265.20 -626.52
13 358.0 575.31 -613.62
14 358.0 271.34 -646.44
15 358.0 834.23 -481.70
16 358.0 590.85 -775.38
17 358.0 576.10 -779.83
18 358.0 390.24 -518.54
19 358.0 433.48 -505.56
20 358.0 554.99 -500.88
21 358.0 550.85 -487.55
22 358.0 203.80 -443.46
23 358.0 329.45 -488.50
24 358.0 922.74 -413.59
25 358.0 326.84 -537.83
6 359.0 581.08 -575.18
7 359.0 585.92 -590.67
8 359.0 539.73 -621.04
9 359.0 556.02 -616.11
10 359.0 370.74 -636.93
11 359.0 358.18 -594.76
12 359.0 262.89 -618.93
13 359.0 580.83 -611.95
14 359.0 268.87 -638.49
15 359.0 832.11 -474.78
16 359.0 596.88 -773.51
17 359.0 581.54 -778.20
18 359.0 382.64 -520.82
19 359.0 427.63 -507.32
20 359.0 556.96 -507.56
21 359.0 552.97 -494.08
22 359.0 208.02 -451.27
23 359.0 327.58 -482.27
24 359.0 922.74 -413.59
25 359.0 318.50 -540.26
6 360.0 578.49 -566.89
7 360.0 583.68 -583.49
8 360.0 532.71 -623.16
9 360.0 548.15 -618.49
10 360.0 373.00 -644.55
11 360.0 360.48 -602.38
12 360.0 260.50 -611.05
13 360.0 583.50 -610.76
14 360.0 266.47 -630.66
15 360.0 830.43 -470.54
16 360.0 603.33 -771.48
17 360.0 587.66 -776.35
18 360.0 374.90 -523.18
19 360.0 421.06 -509.30
20 360.0 559.01 -514.48
21 360.0 554.34 -498.67
22 360.0 211.47 -458.26
23 360.0 325.51 -475.48
24 360.0 922.74 -413.59
25 360.0 309.72 -542.85
6 361.0 576.15 -559.42
7 361.0 581.08 -575.19
8 361.0 526.35 -625.09
9 361.0 541.27 -620.57
10 361.0 375.37 -652.52
11 361.0 362.69 -609.81
12 361.0 257.93 -602.59
13 361.0 582.27 -608.24
14 361.0 264.28 -623.50
15 361.0 825.59 -466.16
16 361.0 609.39 -769.63
17 361.0 594.15 -774.37
18 361.0 366.65 -525.71
19 361.0 414.28 -511.33
20 361.0 561.06 -521.41
21 361.0 556.41 -505.68
22 361.0 214.14 -467.66
23 361.0 323.26 -468.15
24 361.0 922.74 -413.59
25 361.0 300.56 -545.59
6 362.0 573.83 -551.98
7 362.0 578.71 -567.62
8 362.0 519.35 -627.21
9 362.0 534.73 -622.55
10 362.0 377.55 -659.85
11 362.0 364.86 -617.12
12 362.0 255.45 -594.45
13 362.0 578.52 -609.31
14 362.0 261.89 -615.63
15 362.0 817.71 -464.54
16 362.0 615.69 -767.73
17 362.0 600.46 -772.38
18 362.0 359.04 -528.15
19 362.0 407.89 -513.24
20 362.0 562.83 -527.38
21 362.0 558.38 -512.34
22 362.0 216.93 -477.65
23 362.0 321.14 -461.24
24 362.0 922.74 -413.59
25 362.0 291.49 -548.25
6 363.0 571.24 -543.72
7 363.0 576.34 -560.02
8 363.0 513.09 -629.10
9 363.0 527.90 -624.62
10 363.0 379.92 -667.61
11 363.0 367.28 -625.28
12 363.0 253.03 -586.49
13 363.0 572.53 -611.12
14 363.0 259.50 -607.77
15 363.0 810.00 -465.71
16 363.0 621.55 -765.96
17 363.0 607.48 -770.20
18 363.0 352.97 -530.09
19 363.0 400.91 -515.34
20 363.0 564.62 -533.26
21 363.0 560.26 -518.69
22 363.0 219.61 -486.93
23 363.0 318.92 -454.00
24 363.0 922.74 -413.59
25 363.0 282.54 -549.16
6 364.0 568.76 -535.78
7 364.0 573.95 -552.39
8 364.0 506.27 -631.17
9 364.0 521.94 -626.43
10 364.0 382.44 -675.59
11 364.0 369.67 -633.31
12 364.0 250.43 -577.95
13 364.0 565.03 -613.39
14 364.0 257.25 -600.37
15 364.0 802.37 -468.12
16 364.0 627.37 -764.21
17 364.0 613.44 -768.41
18 364.0 348.89 -531.35
19 364.0 394.79 -517.17
20 364.0 566.81 -540.28
21 364.0 562.03 -524.69
22 364.0 221.91 -494.77
23 364.0 316.95 -447.55
24 364.0 922.74 -413.59
25 364.0 274.24 -550.00
6 365.0 566.45 -528.32
7 365.0 571.43 -544.32
8 365.0 499.97 -633.07
9 365.0 514.91 -628.55
10 365.0 384.77 -683.12
11 365.0 371.90 -640.82
12 365.0 248.17 -570.49
13 365.0 556.13 -616.08
14 365.0 254.88 -592.59
15 365.0 795.72 -470.18
16 365.0 631.53 -763.37
17 365.0 619.39 -766.61
18 365.0 343.39 -534.88
19 365.0 388.93 -518.93
20 365.0 568.69 -546.29
21 365.0 564.15 -531.77
22 365.0 224.03 -501.86
23 365.0 315.00 -441.17
24 365.0 922.74 -413.59
25 365.0 265.95 -552.45
6 366.0 564.07 -520.28
7 366.0 569.00 -536.53
8 366.0 493.62 -634.99
9 366.0 508.67 -630.44
10 366.0 386.98 -690.31
11 366.0 374.09 -648.21
12 366.0 248.88 -565.08
13 366.0 548.07 -618.52
14 366.0 252.44 -584.55
15 366.0 788.63 -472.37
16 366.0 635.38 -765.55
17 366.0 623.47 -765.39
18 366.0 342.56 -542.29
19 366.0 382.13 -520.97
20 366.0 570.56 -552.28
21 366.0 566.19 -538.28
22 366.0 226.00 -508.41
23 366.0 312.94 -434.47
24 366.0 922.74 -413.59
25 366.0 257.38 -554.98
6 367.0 561.91 -512.98
7 367.0 566.63 -528.96
8 367.0 486.88 -637.03
9 367.0 501.76 -632.53
10 367.0 389.13 -697.33
11 367.0 376.56 -656.55
12 367.0 254.74 -562.42
13 367.0 539.14 -621.22
14 367.0 250.17 -577.07
15 367.0 780.95 -474.75
16 367.0 636.91 -769.50
17 367.0 627.80 -764.08
18 367.0 344.66 -549.75
19 367.0 375.72 -522.93
20 367.0 572.54 -558.63
21 367.0 567.96 -543.96
22 367.0 228.03 -515.12
23 367.0 310.84 -427.75
24 367.0 922.74 -413.59
25 367.0 251.97 -556.57
6 368.0 559.53 -504.94
7 368.0 564.39 -521.38
8 368.0 479.47 -639.27
9 368.0 495.64 -634.38
10 368.0 391.41 -704.75
11 368.0 378.92 -664.45
12 368.0 262.18 -560.23
13 368.0 530.87 -623.72
14 368.0 247.72 -569.01
15 368.0 773.63 -477.03
16 368.0 638.68 -775.52
17 368.0 631.37 -763.39
18 368.0 346.82 -557.35
19 368.0 369.78 -524.75
20 368.0 574.41 -564.59
21 368.0 569.89 -550.14
22 368.0 230.14 -522.08
23 368.0 309.37 -422.31
24 368.0 922.74 -413.59
25 368.0 250.19 -557.09
6 369.0 557.06 -496.58
7 369.0 561.88 -512.88
8 369.0 472.82 -641.28
9 369.0 487.61 -636.81
10 369.0 393.50 -711.57
11 369.0 381.40 -672.31
12 369.0 270.57 -557.76
13 369.0 522.96 -626.12
14 369.0 245.34 -561.16
15 369.0 766.83 -479.17
16 369.0 640.51 -781.63
17 369.0 635.51 -765.83
18 369.0 349.16 -565.55
19 369.0 363.18 -526.82
20 369.0 576.36 -570.82
21 369.0 571.68 -555.85
22 369.0 232.05 -528.38
23 369.0 309.70 -416.90
24 369.0 922.74 -413.59
25 369.0 250.12 -557.11
6 370.0 556.09 -490.14
7 370.0 559.40 -504.50
8 370.0 465.68 -643.43
9 370.0 481.22 -638.74
10 370.0 395.80 -719.04
11 370.0 383.75 -679.77
12 370.0 279.21 -555.21
13 370.0 514.20 -628.77
14 370.0 242.88 -553.04
15 370.0 759.92 -481.33
16 370.0 642.42 -787.96
17 370.0 637.43 -771.22
18 370.0 351.49 -573.08
19 370.0 357.09 -528.77
20 370.0 578.24 -576.83
21 370.0 573.50 -561.67
22 370.0 234.07 -535.02
23 370.0 314.05 -410.67
24 370.0 922.74 -413.59
25 370.0 250.12 -557.11
6 371.0 556.47 -484.25
7 371.0 557.15 -496.91
8 371.0 459.38 -645.34
9 371.0 473.83 -640.97
10 371.0 398.25 -727.02
11 371.0 386.30 -688.08
12 371.0 286.92 -552.94
13 371.0 505.25 -631.48
14 371.0 240.58 -545.47
15 371.0 752.91 -482.70
16 371.0 644.40 -794.50
17 371.0 639.41 -778.00
18 371.0 353.81 -580.59
19 371.0 351.63 -530.52
20 371.0 580.19 -583.10
21 371.0 575.67 -568.64
22 371.0 236.14 -541.86
23 371.0 321.04 -405.31
24 371.0 922.74 -413.59
25 371.0 248.58 -557.35
6 372.0 555.93 -482.70
7 372.0 555.95 -492.33
8 372.0 452.06 -647.55
9 372.0 467.29 -642.95
10 372.0 400.58 -734.63
11 372.0 388.73 -696.00
12 372.0 294.46 -550.72
13 372.0 496.94 -633.99
14 372.0 238.14 -537.42
15 372.0 745.20 -481.66
16 372.0 646.33 -800.88
17 372.0 641.62 -785.31
18 372.0 356.21 -588.31
19 372.0 345.71 -532.76
20 372.0 582.15 -589.36
21 372.0 577.68 -575.07
22 372.0 238.28 -548.90
23 372.0 330.73 -402.50
24 372.0 922.74 -413.59
25 372.0 245.14 -556.63
6 373.0 555.79 -482.29
7 373.0 555.88 -490.65
8 373.0 445.02 -649.68
9 373.0 459.61 -645.27
10 373.0 402.96 -742.36
11 373.0 390.95 -703.26
12 373.0 302.83 -548.25
13 373.0 488.71 -636.47
14 373.0 235.69 -529.35
15 373.0 738.68 -477.81
16 373.0 648.18 -806.97
17 373.0 643.57 -791.75
18 373.0 358.54 -595.96
19 373.0 342.12 -538.30
20 373.0 584.33 -596.32
21 373.0 579.42 -580.63
22 373.0 240.37 -555.82
23 373.0 340.51 -399.66
24 373.0 922.74 -413.59
25 373.0 242.64 -552.27
6 374.0 555.67 -481.95
7 374.0 556.23 -489.79
8 374.0 438.20 -651.74
9 374.0 452.75 -647.34
10 374.0 405.19 -749.65
11 374.0 393.21 -710.61
12 374.0 310.43 -545.97
13 374.0 480.13 -639.07
14 374.0 233.34 -521.60
15 374.0 734.97 -471.86
16 374.0 649.81 -812.36
17 374.0 645.53 -798.23
18 374.0 360.88 -603.73
19 374.0 343.27 -544.85
20 374.0 586.42 -603.03
21 374.0 581.55 -587.44
22 374.0 242.28 -562.10
23 374.0 349.47 -397.05
24 374.0 923.28 -413.92
25 374.0 240.54 -545.35
6 375.0 555.67 -481.95
7 375.0 556.39 -489.39
8 375.0 431.17 -653.87
9 375.0 445.76 -649.45
10 375.0 407.34 -756.92
11 375.0 395.55 -718.23
12 375.0 318.37 -543.63
13 375.0 471.35 -641.72
14 375.0 231.03 -513.99
15 375.0 732.67 -465.02
16 375.0 651.56 -818.18
17 375.0 647.07 -803.33
18 375.0 363.12 -611.24
19 375.0 345.12 -551.37
20 375.0 588.62 -610.07
21 375.0 583.86 -594.83
22 375.0 244.23 -568.52
23 375.0 358.89 -394.32
24 375.0 926.69 -415.68
25 375.0 237.85 -536.48
6 376.0 555.67 -481.95
7 376.0 556.40 -489.37
8 376.0 424.85 -655.78
9 376.0 439.52 -651.34
10 376.0 409.52 -764.26
11 376.0 397.75 -725.39
12 376.0 325.91 -541.44
13 376.0 462.79 -644.31
14 376.0 228.68 -506.26
15 376.0 730.35 -457.72
16 376.0 653.53 -824.73
17 376.0 648.79 -809.00
18 376.0 365.28 -618.52
19 376.0 346.89 -557.60
20 376.0 590.55 -616.30
21 376.0 586.17 -602.22
22 376.0 246.25 -575.17
23 376.0 368.31 -391.58
24 376.0 931.25 -418.31
25 376.0 235.35 -528.22
6 377.0 555.67 -481.95
7 377.0 556.40 -489.36
8 377.0 417.41 -658.03
9 377.0 433.31 -653.22
10 377.0 411.91 -772.29
11 377.0 400.21 -733.42
12 377.0 334.00 -539.01
13 377.0 454.07 -646.94
14 377.0 226.49 -498.93
15 377.0 728.03 -450.82
16 377.0 655.24 -830.41
17 377.0 650.94 -816.13
18 377.0 367.69 -626.63
19 377.0 348.53 -563.41
20 377.0 592.39 -622.23
21 377.0 587.84 -607.58
22 377.0 248.22 -581.67
23 377.0 377.95 -388.78
24 377.0 936.82 -422.06
25 377.0 232.73 -519.58
6 378.0 555.67 -481.95
7 378.0 556.40 -489.36
8 378.0 411.04 -659.96
9 378.0 426.33 -655.33
10 378.0 413.96 -779.19
11 378.0 402.51 -740.90
12 378.0 340.57 -539.15
13 378.0 445.24 -649.61
14 378.0 224.95 -491.55
15 378.0 725.16 -443.87
16 378.0 657.12 -836.62
17 378.0 652.85 -822.47
18 378.0 370.14 -634.92
19 378.0 350.41 -569.61
20 378.0 594.28 -628.31
21 378.0 589.73 -613.64
22 378.0 250.24 -588.33
23 378.0 387.50 -387.61
24 378.0 944.98 -424.51
25 378.0 229.99 -510.55
6 379.0 555.67 -481.95
7 379.0 556.40 -489.36
8 379.0 403.72 -662.17
9 379.0 419.95 -657.26
10 379.0 416.16 -786.62
11 379.0 404.83 -748.45
12 379.0 343.28 -544.86
13 379.0 436.72 -652.19
14 379.0 225.14 -482.99
15 379.0 720.66 -438.21
16 379.0 658.98 -842.82
17 379.0 654.63 -828.38
18 379.0 372.35 -642.35
19 379.0 352.21 -575.42
20 379.0 596.29 -634.78
21 379.0 591.69 -619.96
22 379.0 252.16 -594.65
23 379.0 396.89 -384.72
24 379.0 949.60 -425.12
25 379.0 227.29 -501.63
6 380.0 555.67 -481.95
7 380.0 556.40 -489.36
8 380.0 397.06 -664.19
9 380.0 411.80 -659.73
10 380.0 418.37 -794.05
11 380.0 407.25 -756.61
12 380.0 345.47 -552.60
13 380.0 429.96 -654.23
14 380.0 222.23 -472.94
15 380.0 713.92 -434.45
16 380.0 660.94 -849.46
17 380.0 656.31 -833.94
18 380.0 374.57 -649.81
19 380.0 354.29 -582.13
20 380.0 598.32 -641.35
21 380.0 593.83 -626.86
22 380.0 254.16 -601.22
23 380.0 406.57 -381.60
24 380.0 950.35 -424.86
25 380.0 224.94 -492.55
6 381.0 555.67 -481.95
7 381.0 556.40 -489.36
8 381.0 389.95 -666.35
9 381.0 405.39 -661.67
10 381.0 420.54 -801.36
11 381.0 409.67 -764.74
12 381.0 347.73 -560.56
13 381.0 421.63 -656.75
14 381.0 219.46 -462.86
15 381.0 706.96 -432.48
16 381.0 662.82 -855.90
17 381.0 658.51 -841.25
18 381.0 376.69 -656.96
19 381.0 356.09 -587.93
20 381.0 600.38 -647.99
21 381.0 595.81 -633.25
22 381.0 256.24 -608.05
23 381.0 414.23 -375.79
24 381.0 958.00 -425.56
25 381.0 225.20 -483.20
6 382.0 555.67 -481.95
7 382.0 556.40 -489.36
8 382.0 384.58 -666.59
9 382.0 398.10 -663.87
10 382.0 422.75 -808.82
11 382.0 412.06 -772.82
12 382.0 350.00 -568.27
13 382.0 414.48 -658.92
14 382.0 217.27 -455.15
15 382.0 699.82 -431.01
16 382.0 664.65 -862.15
17 382.0 660.25 -847.13
18 382.0 378.09 -661.70
19 382.0 358.00 -594.18
20 382.0 602.41 -654.55
21 382.0 597.80 -639.66
22 382.0 258.35 -615.01
23 382.0 423.94 -372.37
24 382.0 965.81 -428.96
25 382.0 222.01 -472.17
6 383.0 555.67 -481.95
7 383.0 556.40 -489.36
8 383.0 381.73 -662.70
9 383.0 392.68 -665.52
10 383.0 424.87 -815.94
11 383.0 414.40 -780.69
12 383.0 352.43 -576.13
13 383.0 407.05 -661.17
14 383.0 216.82 -447.13
15 383.0 691.80 -429.36
16 383.0 666.29 -867.76
17 383.0 662.21 -853.82
18 383.0 378.28 -662.31
19 383.0 359.90 -600.43
20 383.0 604.32 -660.87
21 383.0 599.93 -646.54
22 383.0 260.36 -621.63
23 383.0 433.74 -368.95
24 383.0 971.48 -432.76
25 383.0 219.57 -463.24
6 384.0 555.67 -481.95
7 384.0 556.40 -489.36
8 384.0 379.69 -655.81
9 384.0 387.63 -666.86
10 384.0 427.13 -823.42
11 384.0 416.82 -788.83
12 384.0 354.81 -583.82
13 384.0 401.39 -662.88
14 384.0 222.96 -440.99
15 384.0 684.82 -427.93
16 384.0 666.78 -874.54
17 384.0 663.80 -859.26
18 384.0 378.39 -662.68
19 384.0 361.65 -606.30
20 384.0 606.22 -667.27
21 384.0 602.01 -653.26
22 384.0 262.37 -628.22
23 384.0 443.25 -366.14
24 384.0 974.72 -435.07
25 384.0 217.36 -455.61
6 385.0 555.67 -481.95
7 385.0 556.40 -489.36
8 385.0 377.55 -648.61
9 385.0 382.36 -664.13
10 385.0 429.46 -831.06
11 385.0 419.20 -796.85
12 385.0 357.21 -591.56
13 385.0 395.88 -664.55
14 385.0 232.55 -437.56
15 385.0 677.71 -426.42
16 385.0 662.95 -878.72
17 385.0 665.83 -866.20
18 385.0 378.41 -662.75
19 385.0 363.47 -612.43
20 385.0 608.30 -674.25
21 385.0 604.02 -659.86
22 385.0 264.55 -635.30
23 385.0 452.66 -363.36
24 385.0 977.22 -434.69
25 385.0 216.91 -446.51
6 386.0 555.67 -481.95
7 386.0 556.40 -489.36
8 386.0 375.56 -641.90
9 386.0 380.34 -658.03
10 386.0 431.80 -838.62
11 386.0 421.41 -804.28
12 386.0 359.53 -599.20
13 386.0 389.65 -666.43
14 386.0 242.94 -434.34
15 386.0 670.65 -425.94
16 386.0 657.48 -880.87
17 386.0 667.10 -871.93
18 386.0 378.41 -662.77
19 386.0 365.43 -619.04
20 386.0 610.32 -681.08
21 386.0 606.07 -666.76
22 386.0 266.69 -642.24
23 386.0 461.93 -360.62
24 386.0 976.84 -432.72
25 386.0 223.09 -437.55
6 387.0 555.67 -481.95
7 387.0 556.40 -489.36
8 387.0 373.52 -635.06
9 387.0 378.34 -651.26
10 387.0 433.90 -845.43
11 387.0 423.65 -811.86
12 387.0 361.86 -607.00
13 387.0 385.76 -668.11
14 387.0 253.73 -431.21
15 387.0 662.87 -427.05
16 387.0 651.01 -882.87
17 387.0 665.49 -876.81
18 387.0 378.42 -662.78
19 387.0 367.28 -625.26
20 387.0 612.23 -687.51
21 387.0 607.81 -672.62
22 387.0 268.70 -648.71
23 387.0 471.82 -357.70
24 387.0 976.27 -428.32
25 387.0 232.94 -430.62
6 388.0 555.67 -481.95
7 388.0 556.40 -489.36
8 388.0 371.34 -627.72
9 388.0 376.26 -644.28
10 388.0 436.21 -852.90
11 388.0 425.89 -819.33
12 388.0 364.37 -615.45
13 388.0 382.60 -673.05
14 388.0 263.00 -425.19
15 388.0 656.07 -429.29
16 388.0 645.55 -884.56
17 388.0 660.00 -880.09
18 388.0 378.42 -662.78
19 388.0 369.13 -631.51
20 388.0 614.13 -693.87
21 388.0 609.77 -679.21
22 388.0 270.85 -655.65
23 388.0 480.69 -355.08
24 388.0 972.05 -425.32
25 388.0 245.10 -427.05
6 389.0 555.67 -481.95
7 389.0 556.40 -489.36
8 389.0 369.29 -620.80
9 389.0 373.84 -636.13
10 389.0 438.57 -860.53
11 389.0 428.14 -826.73
12 389.0 366.58 -622.90
13 389.0 383.92 -680.34
14 389.0 272.81 -422.37
15 389.0 649.32 -433.00
16 389.0 639.57 -886.41
17 389.0 654.68 -881.74
18 389.0 378.42 -662.78
19 389.0 370.87 -637.35
20 389.0 616.00 -700.07
21 389.0 611.74 -685.87
22 389.0 273.12 -662.99
23 389.0 489.73 -352.41
24 389.0 966.03 -422.27
25 389.0 257.23 -423.53
6 390.0 555.67 -481.95
7 390.0 556.40 -489.36
8 390.0 367.24 -613.89
9 390.0 371.75 -629.10
10 390.0 440.91 -868.14
11 390.0 430.42 -834.17
12 390.0 368.38 -628.98
13 390.0 386.52 -688.80
14 390.0 282.84 -419.48
15 390.0 642.60 -437.43
16 390.0 633.12 -888.40
17 390.0 648.78 -883.56
18 390.0 378.42 -662.78
19 390.0 372.64 -643.33
20 390.0 617.85 -706.23
21 390.0 613.51 -691.80
22 390.0 275.28 -669.81
23 390.0 498.90 -349.70
24 390.0 957.83 -421.60
25 390.0 268.66 -420.24
6 391.0 555.67 -481.95
7 391.0 556.40 -489.36
8 391.0 365.09 -606.68
9 391.0 369.65 -622.01
10 391.0 443.35 -876.18
11 391.0 432.71 -841.57
12 391.0 370.22 -635.17
13 391.0 388.89 -696.53
14 391.0 293.73 -416.36
15 391.0 636.05 -441.46
16 391.0 627.00 -890.29
17 391.0 641.77 -885.73
18 391.0 378.42 -662.78
19 391.0 374.47 -649.48
20 391.0 619.86 -712.88
21 391.0 615.42 -698.14
22 391.0 277.31 -676.34
23 391.0 508.81 -347.17
24 391.0 948.97 -419.55
25 391.0 280.95 -416.70
6 392.0 555.67 -481.95
7 392.0 556.40 -489.36
8 392.0 362.91 -599.36
9 392.0 367.45 -614.59
10 392.0 445.65 -883.76
11 392.0 435.28 -849.89
12 392.0 372.00 -641.17
13 392.0 391.40 -704.72
14 392.0 303.63 -413.63
15 392.0 628.55 -444.48
16 392.0 621.59 -891.96
17 392.0 635.84 -887.56
18 392.0 378.42 -662.78
19 392.0 375.74 -653.78
20 392.0 621.63 -718.76
21 392.0 617.19 -704.03
22 392.0 279.59 -683.81
23 392.0 518.52 -345.09
24 392.0 949.97 -420.42
25 392.0 292.40 -413.41
6 393.0 555.67 -481.95
7 393.0 556.40 -489.36
8 393.0 360.74 -592.19
9 393.0 365.28 -607.30
10 393.0 447.98 -891.36
11 393.0 437.72 -857.79
12 393.0 373.37 -645.80
13 393.0 393.97 -713.07
14 393.0 314.53 -410.53
15 393.0 620.98 -447.17
16 393.0 615.96 -893.69
17 393.0 629.82 -889.42
18 393.0 378.42 -662.78
19 393.0 376.08 -654.91
20 393.0 623.42 -724.70
21 393.0 619.15 -710.55
22 393.0 281.84 -691.08
23 393.0 525.51 -343.59
24 393.0 941.93 -416.27
25 393.0 304.01 -410.19
6 394.0 555.67 -481.95
7 394.0 556.40 -489.36
8 394.0 358.83 -585.95
9 394.0 363.30 -600.66
10 394.0 450.12 -898.44
11 394.0 440.15 -865.63
12 394.0 373.87 -647.46
13 394.0 396.56 -721.54
14 394.0 324.54 -407.62
15 394.0 613.99 -449.56
16 394.0 610.30 -895.42
17 394.0 624.25 -891.14
18 394.0 378.42 -662.78
19 394.0 376.20 -655.30
20 394.0 625.39 -731.22
21 394.0 620.94 -716.50
22 394.0 283.96 -697.97
23 394.0 528.00 -341.45
24 394.0 934.73 -409.94
25 394.0 316.06 -406.76
6 395.0 555.67 -481.95
7 395.0 556.40 -489.36
8 395.0 356.77 -579.32
9 395.0 361.43 -594.46
10 395.0 452.46 -906.34
11 395.0 442.63 -873.82
12 395.0 373.96 -647.79
13 395.0 398.93 -729.26
14 395.0 334.75 -404.66
15 395.0 606.78 -452.01
16 395.0 604.66 -897.15
17 395.0 618.41 -892.94
18 395.0 378.42 -662.78
19 395.0 376.24 -655.47
20 395.0 627.32 -737.57
21 395.0 623.00 -723.32
22 395.0 286.12 -705.02
23 395.0 528.84 -338.35
24 395.0 926.51 -406.78
25 395.0 328.18 -403.24
6 396.0 555.67 -481.95
7 396.0 556.40 -489.36
8 396.0 354.79 -572.92
9 396.0 359.31 -587.50
10 396.0 454.83 -914.36
11 396.0 444.91 -881.33
12 396.0 374.10 -648.24
13 396.0 401.56 -737.80
14 396.0 344.83 -401.73
15 396.0 599.40 -454.40
16 396.0 598.48 -899.05
17 396.0 612.74 -894.68
18 396.0 378.42 -662.78
19 396.0 376.26 -655.54
20 396.0 629.44 -744.56
21 396.0 624.68 -728.88
22 396.0 288.37 -712.38
23 396.0 528.05 -335.13
24 396.0 917.91 -403.72
25 396.0 340.32 -399.71
6 397.0 555.67 -481.95
7 397.0 556.40 -489.36
8 397.0 352.66 -566.05
9 397.0 357.51 -581.70
10 397.0 457.37 -922.35
11 397.0 447.27 -889.06
12 397.0 374.12 -648.32
13 397.0 404.00 -745.76
14 397.0 354.79 -398.84
15 397.0 592.35 -456.68
16 397.0 592.00 -901.03
17 397.0 606.93 -896.46
18 397.0 378.42 -662.78
19 397.0 376.28 -655.58
20 397.0 631.31 -750.69
21 397.0 626.93 -736.28
22 397.0 290.30 -718.71
23 397.0 524.70 -336.18
24 397.0 909.83 -401.46
25 397.0 352.05 -396.30
6 398.0 555.67 -481.95
7 398.0 556.40 -489.36
8 398.0 350.81 -559.75
9 398.0 355.17 -574.15
10 398.0 459.72 -929.74
11 398.0 449.61 -896.71
12 398.0 374.14 -648.39
13 398.0 406.68 -754.68
14 398.0 364.84 -395.92
15 398.0 585.41 -458.95
16 398.0 586.28 -902.78
17 398.0 600.17 -898.53
18 398.0 378.42 -662.78
19 398.0 376.28 -655.59
20 398.0 632.51 -756.01
21 398.0 628.87 -742.66
22 398.0 292.30 -725.31
23 398.0 518.99 -338.42
24 398.0 901.14 -399.30
25 398.0 363.99 -392.83
6 399.0 555.67 -481.95
7 399.0 556.40 -489.36
8 399.0 349.03 -553.42
9 399.0 353.34 -568.27
10 399.0 461.00 -933.78
11 399.0 452.00 -904.81
12 399.0 374.15 -648.40
13 399.0 409.00 -762.50
14 399.0 375.26 -392.90
15 399.0 578.82 -461.12
16 399.0 579.95 -904.72
17 399.0 594.43 -900.29
18 399.0 378.42 -662.78
19 399.0 376.28 -655.59
20 399.0 630.27 -759.76
21 399.0 630.53 -748.13
22 399.0 294.40 -732.20
23 399.0 511.23 -341.34
24 399.0 892.44 -397.16
25 399.0 376.29 -389.26
6 400.0 555.67 -481.95
7 400.0 556.40 -489.36
8 400.0 347.04 -546.38
9 400.0 351.60 -562.54
10 400.0 463.75 -939.36
11 400.0 454.32 -912.65
12 400.0 374.15 -648.40
13 400.0 411.38 -770.51
14 400.0 385.32 -391.19
15 400.0 572.08 -463.19
16 400.0 573.70 -906.64
17 400.0 588.22 -902.19
18 400.0 378.42 -662.78
19 400.0 376.28 -655.59
20 400.0 625.48 -761.44
21 400.0 631.65 -751.86
22 400.0 296.62 -739.49
23 400.0 501.71 -344.12
24 400.0 883.48 -394.84
25 400.0 387.68 -387.55
6 401.0 555.67 -481.95
7 401.0 556.40 -489.36
8 401.0 345.98 -542.65
9 401.0 349.54 -555.23
10 401.0 470.96 -941.25
11 401.0 456.80 -920.56
12 401.0 374.15 -648.40
13 401.0 413.80 -778.67
14 401.0 395.92 -388.37
15 401.0 565.35 -465.35
16 401.0 568.23 -908.32
17 401.0 581.59 -904.22
18 401.0 378.42 -662.78
19 401.0 376.28 -655.59
20 401.0 618.89 -763.42
21 401.0 632.38 -756.71
22 401.0 298.71 -746.37
23 401.0 492.86 -346.86
24 401.0 875.20 -392.94
25 401.0 399.46 -383.93
6 402.0 555.67 -481.95
7 402.0 556.40 -489.36
8 402.0 343.12 -537.01
9 402.0 348.37 -551.12
10 402.0 478.25 -939.20
11 402.0 459.42 -928.80
12 402.0 374.15 -648.40
13 402.0 416.14 -786.56
14 402.0 406.46 -385.12
15 402.0 558.62 -467.58
16 402.0 562.39 -910.12
17 402.0 575.98 -905.94
18 402.0 378.42 -662.78
19 402.0 376.28 -655.59
20 402.0 611.98 -765.50
21 402.0 629.11 -760.27
22 402.0 300.77 -753.13
23 402.0 482.66 -346.66
24 402.0 866.53 -390.95
25 402.0 411.11 -382.54
6 403.0 555.67 -481.95
7 403.0 556.40 -489.36
8 403.0 336.54 -535.18
9 403.0 346.76 -545.40
10 403.0 486.04 -936.78
11 403.0 461.04 -933.91
12 403.0 374.15 -648.40
13 403.0 418.67 -795.08
14 403.0 417.07 -384.97
15 403.0 551.18 -469.92
16 403.0 555.98 -912.11
17 403.0 571.02 -907.46
18 403.0 378.42 -662.78
19 403.0 376.28 -655.59
20 403.0 605.96 -767.31
21 403.0 623.83 -761.94
22 403.0 302.79 -759.76
23 403.0 473.74 -349.42
24 403.0 858.18 -389.03
25 403.0 422.23 -379.76
6 404.0 555.67 -481.95
7 404.0 556.40 -489.36
8 404.0 330.34 -536.79
9 404.0 344.40 -538.67
10 404.0 493.23 -934.56
11 404.0 464.17 -939.74
12 404.0 374.15 -648.40
13 404.0 421.20 -803.57
14 404.0 427.51 -381.29
15 404.0 543.47 -472.34
16 404.0 550.25 -913.88
17 404.0 564.08 -909.60
18 404.0 378.42 -662.78
19 404.0 376.28 -655.59
20 404.0 599.70 -769.27
21 404.0 617.30 -763.90
22 404.0 304.89 -766.64
23 404.0 463.98 -352.44
24 404.0 849.25 -386.98
25 404.0 434.05 -375.60
6 405.0 555.67 -481.95
7 405.0 556.40 -489.36
8 405.0 323.93 -538.68
9 405.0 339.60 -535.14
10 405.0 500.32 -932.36
11 405.0 471.34 -941.19
12 405.0 374.15 -648.40
13 405.0 423.73 -812.13
14 405.0 437.55 -377.84
15 405.0 535.64 -474.80
16 405.0 543.65 -915.83
17 405.0 558.14 -911.44
18 405.0 378.42 -662.78
19 405.0 376.28 -655.59
20 405.0 593.61 -771.19
21 405.0 610.32 -766.00
22 405.0 307.05 -773.80
23 405.0 454.37 -355.41
24 405.0 840.35 -384.94
25 405.0 446.35 -371.90
6 406.0 555.67 -481.95
7 406.0 556.40 -489.36
8 406.0 317.53 -540.54
9 406.0 332.26 -536.20
10 406.0 507.30 -930.20
11 406.0 478.28 -939.19
12 406.0 374.15 -648.40
13 406.0 425.21 -818.21
14 406.0 448.17 -374.70
15 406.0 531.28 -476.13
16 406.0 537.06 -917.78
17 406.0 551.70 -913.43
18 406.0 378.42 -662.78
19 406.0 376.28 -655.59
20 406.0 586.91 -773.24
21 406.0 603.48 -768.08
22 406.0 308.96 -780.08
23 406.0 445.14 -358.17
24 406.0 831.49 -382.91
25 406.0 458.29 -368.37
6 407.0 555.67 -481.95
7 407.0 556.40 -489.36
8 407.0 310.49 -542.62
9 407.0 325.43 -538.25
10 407.0 514.79 -927.90
11 407.0 486.17 -936.74
12 407.0 374.15 -648.40
13 407.0 421.26 -822.88
14 407.0 458.13 -371.76
15 407.0 523.51 -478.50
16 407.0 531.63 -919.43
17 407.0 545.66 -915.24
18 407.0 378.42 -662.78
19 407.0 376.28 -655.59
20 407.0 580.14 -775.29
21 407.0 596.02 -770.43
22 407.0 311.14 -787.21
23 407.0 435.98 -360.89
24 407.0 822.51 -380.84
25 407.0 470.55 -364.75
6 408.0 555.67 -481.95
7 408.0 556.40 -489.36
8 408.0 303.04 -544.85
9 408.0 318.51 -540.26
10 408.0 522.81 -925.46
11 408.0 494.32 -934.22
12 408.0 374.15 -648.40
13 408.0 415.45 -824.64
14 408.0 468.47 -368.70
15 408.0 516.73 -480.58
16 408.0 525.80 -921.20
17 408.0 539.89 -916.94
18 408.0 378.42 -662.78
19 408.0 376.28 -655.59
20 408.0 574.14 -777.06
21 408.0 588.91 -772.63
22 408.0 313.24 -794.05
23 408.0 426.50 -363.69
24 408.0 814.34 -378.97
25 408.0 482.21 -361.31
6 409.0 555.67 -481.95
7 409.0 556.40 -489.36
8 409.0 296.05 -546.91
9 409.0 311.01 -542.46
10 409.0 530.38 -923.15
11 409.0 502.12 -931.80
12 409.0 374.15 -648.40
13 409.0 408.26 -826.80
14 409.0 478.56 -365.72
15 409.0 509.24 -482.74
16 409.0 519.80 -923.03
17 409.0 534.08 -918.68
18 409.0 378.42 -662.78
19 409.0 376.28 -655.59
20 409.0 568.15 -778.82
21 409.0 582.18 -774.67
22 409.0 315.14 -800.30
23 409.0 417.59 -366.33
24 409.0 805.97 -377.06
25 409.0 493.95 -357.84
6 410.0 555.67 -481.95
7 410.0 556.40 -489.36
8 410.0 289.49 -548.84
9 410.0 303.78 -544.64
10 410.0 537.48 -920.99
11 410.0 509.43 -929.54
12 410.0 374.15 -648.40
13 410.0 400.37 -829.17
14 410.0 489.33 -362.54
15 410.0 501.95 -484.67
16 410.0 513.58 -924.92
17 410.0 527.59 -920.66
18 410.0 378.42 -662.78
19 410.0 376.28 -655.59
20 410.0 561.30 -780.83
21 410.0 576.75 -776.30
22 410.0 317.25 -807.28
23 410.0 407.75 -369.24
24 410.0 796.77 -375.02
25 410.0 507.01 -357.49
6 411.0 555.67 -481.95
7 411.0 556.40 -489.36
8 411.0 282.44 -549.13
9 411.0 297.23 -546.56
10 411.0 544.93 -918.78
11 411.0 516.72 -927.31
12 411.0 374.15 -648.40
13 411.0 391.56 -831.81
14 411.0 499.91 -359.42
15 411.0 494.03 -486.88
16 411.0 507.80 -926.69
17 411.0 521.11 -922.63
18 411.0 378.42 -662.78
19 411.0 376.28 -655.59
20 411.0 555.04 -782.66
21 411.0 569.75 -778.35
22 411.0 319.31 -814.38
23 411.0 398.14 -372.27
24 411.0 788.52 -373.20
25 411.0 519.27 -354.71
6 412.0 555.67 -481.95
7 412.0 556.40 -489.36
8 412.0 274.70 -549.87
9 412.0 290.39 -548.58
10 412.0 552.98 -916.38
11 412.0 524.59 -924.92
12 412.0 374.15 -648.40
13 412.0 383.39 -834.26
14 412.0 510.39 -356.64
15 412.0 487.15 -489.19
16 412.0 502.23 -928.42
17 412.0 515.64 -924.30
18 412.0 378.42 -662.78
19 412.0 376.28 -655.59
20 412.0 548.91 -784.45
21 412.0 563.57 -780.16
22 412.0 321.25 -820.91
23 412.0 389.95 -376.17
24 412.0 779.38 -371.19
25 412.0 531.15 -352.03
6 413.0 555.67 -481.95
7 413.0 556.40 -489.36
8 413.0 267.71 -551.93
9 413.0 283.06 -549.34
10 413.0 560.66 -914.01
11 413.0 531.96 -922.67
12 413.0 374.15 -648.40
13 413.0 375.47 -836.63
14 413.0 520.71 -351.13
15 413.0 479.65 -491.60
16 413.0 496.69 -930.13
17 413.0 509.82 -926.07
18 413.0 378.42 -662.78
19 413.0 376.28 -655.59
20 413.0 542.29 -786.39
21 413.0 557.73 -781.87
22 413.0 323.26 -827.28
23 413.0 380.32 -379.02
24 413.0 771.00 -371.21
25 413.0 537.78 -348.31
6 414.0 555.67 -481.95
7 414.0 556.40 -489.36
8 414.0 260.39 -554.09
9 414.0 275.53 -549.62
10 414.0 568.02 -911.73
11 414.0 539.59 -920.37
12 414.0 374.15 -648.40
13 414.0 367.72 -838.94
14 414.0 530.82 -348.67
15 414.0 472.36 -493.81
16 414.0 490.34 -932.10
17 414.0 504.93 -927.58
18 414.0 378.42 -662.78
19 414.0 376.28 -655.59
20 414.0 535.67 -788.38
21 414.0 551.50 -783.69
22 414.0 325.45 -834.20
23 414.0 371.56 -381.61
24 414.0 762.38 -369.00
25 414.0 541.23 -347.21
6 415.0 555.67 -481.95
7 415.0 556.40 -489.36
8 415.0 253.49 -556.12
9 415.0 268.90 -551.58
10 415.0 575.67 -909.39
11 415.0 547.74 -917.95
12 415.0 374.15 -648.40
13 415.0 358.90 -841.59
14 415.0 537.43 -345.07
15 415.0 465.19 -495.98
16 415.0 484.66 -933.86
17 415.0 499.03 -929.41
18 415.0 378.42 -662.78
19 415.0 376.28 -655.59
20 415.0 529.74 -790.17
21 415.0 544.74 -785.68
22 415.0 327.54 -841.03
23 415.0 362.26 -384.36
24 415.0 753.36 -366.95
25 415.0 542.31 -346.86
6 416.0 555.67 -481.95
7 416.0 556.40 -489.36
8 416.0 248.65 -557.34
9 416.0 261.54 -553.75
10 416.0 583.21 -907.07
11 416.0 555.19 -915.70
12 416.0 374.15 -648.40
13 416.0 350.44 -844.13
14 416.0 541.15 -343.87
15 416.0 458.03 -498.15
16 416.0 478.43 -935.79
17 416.0 492.78 -931.34
18 416.0 378.42 -662.78
19 416.0 376.28 -655.59
20 416.0 523.87 -791.94
21 416.0 538.43 -787.55
22 416.0 329.50 -847.46
23 416.0 352.81 -387.16
24 416.0 745.15 -365.08
25 416.0 542.36 -346.85
6 417.0 555.67 -481.95
7 417.0 556.40 -489.36
8 417.0 244.11 -555.70
9 417.0 257.31 -555.00
10 417.0 590.96 -904.70
11 417.0 563.08 -913.26
12 417.0 374.15 -648.40
13 417.0 343.07 -846.34
14 417.0 541.28 -343.83
15 417.0 450.77 -500.34
16 417.0 472.59 -937.60
17 417.0 486.13 -933.41
18 417.0 378.42 -662.78
19 417.0 376.28 -655.59
20 417.0 516.96 -794.03
21 417.0 532.17 -789.44
22 417.0 331.50 -854.01
23 417.0 343.38 -389.95
24 417.0 735.76 -366.21
25 417.0 542.36 -346.85
6 418.0 555.67 -481.95
7 418.0 556.40 -489.36
8 418.0 242.07 -550.39
9 418.0 252.53 -556.40
10 418.0 598.38 -902.43
11 418.0 570.35 -911.02
12 418.0 374.15 -648.40
13 418.0 336.90 -847.90
14 418.0 541.34 -343.81
15 418.0 443.46 -502.56
16 418.0 468.28 -938.17
17 418.0 480.51 -935.15
18 418.0 378.42 -662.78
19 418.0 376.28 -655.59
20 418.0 510.51 -795.97
21 418.0 525.01 -791.60
22 418.0 333.78 -861.47
23 418.0 334.44 -392.60
24 418.0 727.02 -364.18
25 418.0 542.36 -346.85
6 419.0 555.67 -481.95
7 419.0 556.40 -489.36
8 419.0 239.90 -543.24
9 419.0 246.76 -557.30
10 419.0 606.08 -900.07
11 419.0 577.85 -908.72
12 419.0 374.15 -648.40
13 419.0 331.87 -844.15
14 419.0 541.37 -343.80
15 419.0 435.76 -504.87
16 419.0 464.99 -935.35
17 419.0 476.46 -936.40
18 419.0 378.42 -662.78
19 419.0 376.28 -655.59
20 419.0 503.67 -798.04
21 419.0 518.89 -793.45
22 419.0 335.78 -867.98
23 419.0 325.52 -395.11
24 419.0 718.89 -362.29
25 419.0 542.36 -346.85
6 420.0 555.09 -480.00
7 420.0 556.40 -489.36
8 420.0 237.64 -535.78
9 420.0 243.06 -553.57
10 420.0 613.73 -897.72
11 420.0 585.20 -906.46
12 420.0 374.15 -648.40
13 420.0 329.97 -838.02
14 420.0 543.84 -343.22
15 420.0 428.72 -506.99
16 420.0 463.43 -930.85
17 420.0 472.52 -937.63
18 420.0 378.82 -664.54
19 420.0 376.28 -655.59
20 420.0 496.61 -800.17
21 420.0 512.34 -795.42
22 420.0 337.90 -874.92
23 420.0 316.01 -396.47
24 420.0 709.76 -360.19
25 420.0 544.20 -346.40
6 421.0 554.48 -476.53
7 421.0 556.98 -487.85
8 421.0 235.42 -528.47
9 421.0 241.45 -548.34
10 421.0 621.75 -895.26
11 421.0 593.11 -904.04
12 421.0 374.15 -648.40
13 421.0 327.51 -830.11
14 421.0 548.66 -342.51
15 421.0 421.95 -509.03
16 421.0 461.56 -924.96
17 421.0 467.85 -938.06
18 421.0 378.27 -668.48
19 421.0 376.62 -656.74
20 421.0 489.75 -802.24
21 421.0 505.37 -797.52
22 421.0 339.83 -881.21
23 421.0 306.48 -399.44
24 421.0 701.61 -358.32
25 421.0 549.13 -345.68
6 422.0 556.21 -472.16
7 422.0 556.36 -483.92
8 422.0 233.26 -521.35
9 422.0 239.46 -541.78
10 422.0 629.04 -893.01
11 422.0 601.00 -901.62
12 422.0 374.48 -649.53
13 422.0 324.80 -821.53
14 422.0 555.33 -341.45
15 422.0 414.19 -511.36
16 422.0 459.84 -919.56
17 422.0 464.46 -934.18
18 422.0 372.65 -671.44
19 422.0 377.52 -659.78
20 422.0 483.55 -804.11
21 422.0 497.96 -799.76
22 422.0 342.01 -888.35
23 422.0 296.81 -402.55
24 422.0 693.07 -356.36
25 422.0 555.69 -344.64
6 423.0 562.31 -469.72
7 423.0 555.12 -480.11
8 423.0 231.15 -514.39
9 423.0 237.04 -533.81
10 423.0 635.92 -890.89
11 423.0 608.30 -899.38
12 423.0 375.35 -652.46
13 423.0 322.48 -813.82
14 423.0 564.28 -340.65
15 423.0 407.10 -513.48
16 423.0 457.88 -913.38
17 423.0 463.00 -929.50
18 423.0 364.73 -673.86
19 423.0 378.90 -665.12
20 423.0 477.10 -806.06
21 423.0 491.28 -801.78
22 423.0 344.27 -895.72
23 423.0 287.29 -405.44
24 423.0 684.47 -354.38
25 423.0 564.54 -343.84
6 424.0 570.19 -467.12
7 424.0 554.55 -474.87
8 424.0 228.90 -506.99
9 424.0 234.71 -526.12
10 424.0 643.57 -888.52
11 424.0 616.58 -896.85
12 424.0 376.76 -657.20
13 424.0 320.18 -805.87
14 424.0 574.76 -340.78
15 424.0 400.37 -515.50
16 424.0 456.07 -907.31
17 424.0 460.77 -922.47
18 424.0 356.94 -676.24
19 424.0 377.35 -669.48
20 424.0 470.85 -807.95
21 424.0 484.79 -803.74
22 424.0 346.28 -902.27
23 424.0 278.14 -408.21
24 424.0 675.77 -352.38
25 424.0 575.17 -344.04
6 425.0 578.23 -464.65
7 425.0 560.02 -470.48
8 425.0 226.93 -500.40
9 425.0 232.24 -517.99
10 425.0 650.62 -886.35
11 425.0 624.47 -894.42
12 425.0 378.14 -661.84
13 425.0 317.61 -797.43
14 425.0 585.81 -342.53
15 425.0 392.51 -517.86
16 425.0 454.19 -900.94
17 425.0 458.87 -916.50
18 425.0 348.80 -678.73
19 425.0 372.64 -671.44
20 425.0 464.58 -809.86
21 425.0 479.27 -805.41
22 425.0 348.41 -909.24
23 425.0 269.12 -410.95
24 425.0 666.57 -350.27
25 425.0 587.36 -346.13
6 426.0 586.00 -462.12
7 426.0 567.97 -467.85
8 426.0 224.98 -493.02
9 426.0 229.86 -510.13
10 426.0 657.88 -884.11
11 426.0 632.09 -892.07
12 426.0 380.06 -666.71
13 426.0 314.90 -788.54
14 426.0 596.63 -344.92
15 426.0 384.66 -520.21
16 426.0 452.32 -894.62
17 426.0 456.89 -910.07
18 426.0 341.37 -681.00
19 426.0 366.52 -673.31
20 426.0 458.61 -811.67
21 426.0 473.06 -807.28
22 426.0 350.65 -916.54
23 426.0 260.31 -413.62
24 426.0 657.41 -348.17
25 426.0 599.14 -348.76
6 427.0 593.29 -459.73
7 427.0 576.41 -465.21
8 427.0 225.91 -485.67
9 427.0 227.71 -503.03
10 427.0 665.30 -881.04
11 427.0 639.74 -889.71
12 427.0 385.36 -670.20
13 427.0 312.43 -780.50
14 427.0 607.78 -347.42
15 427.0 377.30 -522.44
16 427.0 450.43 -888.43
17 427.0 454.98 -903.63
18 427.0 333.44 -683.42
19 427.0 360.37 -675.20
20 427.0 452.05 -813.65
21 427.0 467.50 -808.97
22 427.0 352.92 -923.95
23 427.0 250.38 -416.63
24 427.0 648.97 -346.23
25 427.0 610.39 -351.28
6 428.0 600.66 -457.35
7 428.0 584.93 -462.47
8 428.0 223.22 -476.37
9 428.0 225.29 -494.93
10 428.0 670.08 -874.64
11 428.0 647.82 -887.21
12 428.0 393.23 -668.69
13 428.0 309.71 -771.56
14 428.0 617.96 -349.69
15 428.0 369.82 -524.74
16 428.0 448.74 -882.92
17 428.0 452.96 -896.79
18 428.0 325.60 -685.79
19 428.0 354.19 -677.08
20 428.0 445.75 -815.54
21 428.0 460.60 -811.08
22 428.0 355.19 -931.38
23 428.0 240.69 -419.57
24 428.0 640.65 -344.34
25 428.0 621.88 -353.86
6 429.0 608.17 -454.93
7 429.0 592.47 -460.00
8 429.0 220.55 -466.84
9 429.0 226.04 -487.26
10 429.0 669.22 -866.37
11 429.0 655.91 -884.72
12 429.0 401.07 -666.32
13 429.0 307.02 -762.66
14 429.0 628.33 -352.08
15 429.0 362.09 -527.17
16 429.0 446.96 -877.04
17 429.0 451.23 -891.04
18 429.0 318.05 -688.09
19 429.0 347.69 -679.07
20 429.0 438.90 -817.61
21 429.0 454.17 -813.01
22 429.0 357.33 -938.37
23 429.0 231.13 -422.47
24 429.0 631.74 -342.33
25 429.0 633.65 -356.61
6 430.0 616.05 -452.24
7 430.0 599.87 -457.61
8 430.0 218.05 -457.85
9 430.0 223.75 -478.18
10 430.0 667.17 -859.39
11 430.0 663.44 -882.05
12 430.0 409.44 -663.78
13 430.0 304.31 -753.77
14 430.0 638.89 -354.55
15 430.0 355.28 -529.35
16 430.0 445.12 -871.00
17 430.0 449.55 -885.57
18 430.0 310.12 -690.49
19 430.0 341.04 -681.11
20 430.0 433.63 -818.99
21 430.0 447.05 -815.15
22 430.0 359.57 -945.67
23 430.0 222.23 -425.17
24 430.0 623.02 -340.38
25 430.0 645.83 -359.45
6 431.0 623.83 -449.58
7 431.0 607.27 -455.22
8 431.0 216.36 -450.35
9 431.0 221.02 -468.54
10 431.0 665.12 -852.39
11 431.0 669.20 -877.15
12 431.0 417.93 -661.21
13 431.0 301.88 -745.78
14 431.0 649.03 -356.91
15 431.0 350.90 -530.75
16 431.0 443.24 -864.81
17 431.0 447.67 -879.39
18 431.0 301.92 -692.98
19 431.0 334.39 -683.13
20 431.0 428.88 -817.09
21 431.0 442.36 -816.56
22 431.0 361.61 -952.35
23 431.0 216.43 -426.93
24 431.0 614.75 -338.52
25 431.0 658.22 -362.35
6 432.0 631.91 -446.64
7 432.0 615.71 -452.35
8 432.0 219.51 -442.93
9 432.0 218.53 -459.43
10 432.0 663.09 -845.45
11 432.0 670.08 -869.85
12 432.0 426.26 -658.69
13 432.0 299.28 -737.25
14 432.0 660.13 -359.51
15 432.0 345.35 -532.93
16 432.0 441.41 -858.86
17 432.0 445.77 -873.13
18 432.0 295.56 -694.91
19 432.0 328.39 -684.95
20 432.0 426.99 -811.84
21 432.0 437.49 -818.03
22 432.0 363.52 -958.59
23 432.0 208.90 -427.27
24 432.0 606.30 -336.63
25 432.0 669.82 -365.07
6 433.0 638.86 -443.60
7 433.0 623.66 -449.63
8 433.0 226.05 -439.89
9 433.0 216.62 -451.81
10 433.0 660.80 -837.78
11 433.0 668.06 -862.41
12 433.0 434.63 -656.16
13 433.0 296.73 -728.86
14 433.0 670.22 -361.87
15 433.0 342.15 -539.19
16 433.0 439.56 -852.88
17 433.0 444.06 -867.49
18 433.0 293.07 -695.66
19 433.0 321.49 -687.04
20 433.0 425.20 -805.83
21 433.0 432.45 -819.15
22 433.0 364.80 -962.76
23 433.0 202.88 -422.41
24 433.0 597.61 -334.69
25 433.0 682.23 -368.02
6 434.0 646.00 -439.02
7 434.0 631.39 -446.83
8 434.0 235.17 -436.62
9 434.0 218.53 -444.00
10 434.0 658.41 -829.85
11 434.0 665.69 -854.33
12 434.0 442.06 -653.91
13 434.0 294.10 -720.20
14 434.0 680.92 -364.42
15 434.0 343.76 -546.56
16 434.0 437.68 -846.80
17 434.0 442.02 -860.86
18 434.0 292.89 -695.72
19 434.0 314.73 -689.09
20 434.0 423.30 -799.44
21 434.0 428.25 -815.73
22 434.0 366.27 -964.61
23 434.0 199.47 -414.96
24 434.0 588.70 -332.69
25 434.0 694.37 -370.93
6 435.0 652.42 -434.77
7 435.0 638.95 -443.55
8 435.0 244.43 -433.91
9 435.0 226.26 -439.81
10 435.0 656.04 -821.99
11 435.0 663.28 -846.09
12 435.0 449.90 -651.54
13 435.0 291.73 -712.44
14 435.0 691.30 -366.90
15 435.0 345.72 -553.47
16 435.0 436.01 -841.42
17 435.0 440.39 -855.56
18 435.0 292.81 -695.74
19 435.0 308.02 -691.13
20 435.0 421.34 -792.82
21 435.0 426.54 -810.34
22 435.0 368.04 -963.08
23 435.0 196.81 -408.58
24 435.0 580.34 -330.82
25 435.0 706.62 -373.85
6 436.0 659.58 -431.34
7 436.0 645.21 -439.53
8 436.0 253.42 -431.30
9 436.0 235.50 -436.50
10 436.0 653.78 -814.46
11 436.0 660.93 -838.19
12 436.0 458.04 -649.09
13 436.0 289.37 -704.68
14 436.0 702.20 -369.51
15 436.0 347.81 -560.85
16 436.0 434.32 -835.95
17 436.0 438.50 -849.45
18 436.0 292.81 -695.74
19 436.0 302.80 -692.71
20 436.0 419.28 -785.91
21 436.0 424.42 -803.22
22 436.0 367.48 -960.57
23 436.0 194.28 -402.28
24 436.0 571.08 -328.75
25 436.0 718.92 -376.78
6 437.0 667.48 -429.35
7 437.0 652.07 -435.00
8 437.0 263.25 -428.45
9 437.0 244.78 -433.81
10 437.0 651.65 -807.42
11 437.0 658.75 -830.95
12 437.0 466.36 -646.57
13 437.0 286.97 -696.87
14 437.0 713.02 -372.08
15 437.0 349.87 -567.86
16 437.0 432.63 -830.49
17 437.0 436.92 -844.36
18 437.0 292.15 -696.03
19 437.0 300.59 -693.38
20 437.0 417.54 -780.02
21 437.0 422.51 -796.76
22 437.0 366.23 -956.49
23 437.0 191.60 -395.59
24 437.0 562.89 -329.31
25 437.0 730.86 -379.63
6 438.0 676.12 -429.34
7 438.0 659.46 -431.39
8 438.0 272.12 -425.90
9 438.0 254.52 -430.98
10 438.0 649.55 -800.49
11 438.0 656.27 -822.73
12 438.0 474.04 -644.25
13 438.0 284.47 -688.75
14 438.0 724.04 -374.71
15 438.0 351.99 -574.72
16 438.0 431.20 -826.92
17 438.0 435.27 -839.02
18 438.0 291.62 -696.28
19 438.0 299.44 -693.73
20 438.0 415.54 -773.30
21 438.0 420.37 -789.56
22 438.0 364.39 -950.47
23 438.0 189.64 -391.42
24 438.0 555.48 -331.56
25 438.0 742.54 -383.98
6 439.0 683.89 -431.00
7 439.0 668.15 -429.30
8 439.0 281.93 -423.08
9 439.0 263.41 -428.40
10 439.0 647.46 -793.59
11 439.0 654.07 -815.44
12 439.0 482.36 -641.73
13 439.0 282.02 -680.81
14 439.0 734.02 -377.10
15 439.0 354.13 -581.61
16 439.0 426.65 -822.81
17 439.0 434.18 -835.48
18 439.0 289.38 -697.32
19 439.0 299.01 -693.86
20 439.0 413.55 -766.59
21 439.0 418.30 -782.60
22 439.0 362.14 -943.14
23 439.0 187.20 -390.15
24 439.0 547.51 -332.73
25 439.0 755.08 -386.71
6 440.0 691.80 -432.63
7 440.0 675.23 -429.28
8 440.0 290.93 -420.49
9 440.0 272.93 -425.67
10 440.0 645.05 -785.63
11 440.0 651.73 -807.69
12 440.0 490.00 -639.42
13 440.0 279.46 -672.43
14 440.0 743.38 -380.88
15 440.0 356.45 -589.09
16 440.0 421.08 -822.95
17 440.0 432.42 -829.80
18 440.0 286.63 -700.82
19 440.0 297.03 -694.46
20 440.0 411.67 -760.25
21 440.0 416.26 -775.73
22 440.0 359.89 -935.80
23 440.0 184.11 -394.67
24 440.0 538.96 -335.15
25 440.0 767.42 -389.40
6 441.0 700.35 -434.38
7 441.0 683.20 -430.86
8 441.0 299.97 -417.98
9 441.0 281.30 -423.26
10 441.0 642.78 -778.14
11 441.0 649.41 -800.01
12 441.0 498.01 -637.00
13 441.0 276.75 -663.88
14 441.0 754.33 -383.27
15 441.0 358.50 -595.82
16 441.0 415.34 -824.67
17 441.0 430.65 -825.76
18 441.0 286.93 -707.64
19 441.0 293.25 -695.61
20 441.0 409.81 -753.99
21 441.0 414.43 -769.57
22 441.0 357.63 -928.41
23 441.0 186.39 -399.79
24 441.0 530.39 -337.60
25 441.0 779.47 -392.03
6 442.0 708.62 -436.10
7 442.0 692.08 -432.69
8 442.0 309.53 -415.29
9 442.0 290.24 -420.69
10 442.0 640.65 -770.84
11 442.0 647.08 -792.32
12 442.0 505.63 -634.70
13 442.0 274.30 -655.97
14 442.0 765.28 -385.66
15 442.0 360.61 -602.83
16 442.0 409.55 -826.41
17 442.0 425.79 -822.59
18 442.0 289.37 -715.65
19 442.0 287.78 -698.88
20 442.0 407.93 -747.66
21 442.0 412.61 -763.42
22 442.0 355.56 -921.65
23 442.0 189.03 -406.37
24 442.0 524.95 -339.22
25 442.0 791.36 -394.63
6 443.0 716.75 -439.29
7 443.0 699.73 -434.26
8 443.0 318.57 -412.70
9 443.0 299.88 -418.00
10 443.0 638.39 -763.32
11 443.0 644.92 -785.18
12 443.0 513.55 -632.30
13 443.0 271.86 -648.10
14 443.0 776.12 -388.02
15 443.0 362.83 -610.28
16 443.0 403.13 -828.34
17 443.0 419.32 -823.48
18 443.0 291.66 -723.20
19 443.0 286.43 -705.30
20 443.0 406.08 -741.64
21 443.0 410.47 -756.23
22 443.0 353.29 -914.26
23 443.0 191.81 -413.21
24 443.0 521.20 -340.71
25 443.0 803.53 -397.42
6 444.0 722.50 -445.65
7 444.0 708.19 -435.99
8 444.0 327.45 -410.12
9 444.0 308.98 -415.44
10 444.0 636.31 -756.32
11 444.0 642.42 -776.93
12 444.0 521.98 -629.76
13 444.0 269.21 -639.60
14 444.0 787.17 -390.43
15 444.0 365.09 -617.90
16 444.0 396.59 -830.30
17 444.0 412.93 -825.39
18 444.0 294.12 -731.28
19 444.0 288.23 -711.94
20 444.0 403.96 -734.72
21 444.0 408.72 -750.32
22 444.0 351.03 -906.88
23 444.0 194.88 -420.34
24 444.0 517.11 -341.05
25 444.0 815.50 -400.16
6 445.0 725.61 -453.65
7 445.0 715.82 -438.75
8 445.0 336.67 -407.44
9 445.0 318.62 -412.68
10 445.0 634.04 -748.72
11 445.0 640.31 -769.70
12 445.0 530.19 -627.27
13 445.0 266.84 -631.85
14 445.0 797.33 -392.72
15 445.0 367.37 -625.57
16 445.0 390.61 -832.09
17 445.0 405.55 -827.61
18 445.0 296.53 -739.20
19 445.0 290.23 -718.51
20 445.0 401.94 -728.15
21 445.0 406.77 -743.89
22 445.0 348.75 -899.43
23 445.0 197.76 -427.68
24 445.0 516.85 -343.66
25 445.0 827.46 -402.65
6 446.0 728.31 -461.71
7 446.0 721.65 -444.32
8 446.0 346.22 -404.67
9 446.0 328.27 -409.88
10 446.0 631.68 -740.95
11 446.0 638.10 -762.33
12 446.0 538.20 -624.84
13 446.0 264.30 -623.55
14 446.0 807.36 -395.01
15 446.0 369.42 -632.49
16 446.0 385.16 -833.72
17 446.0 399.59 -829.40
18 446.0 298.83 -746.76
19 446.0 292.20 -724.96
20 446.0 400.15 -722.32
21 446.0 404.68 -737.08
22 446.0 346.51 -892.13
23 446.0 200.88 -436.14
24 446.0 516.45 -348.34
25 446.0 833.35 -408.77
6 447.0 730.55 -468.97
7 447.0 725.13 -452.23
8 447.0 356.04 -401.81
9 447.0 337.74 -407.13
10 447.0 629.49 -733.71
11 447.0 635.73 -754.38
12 447.0 546.05 -622.47
13 447.0 261.72 -615.08
14 447.0 817.94 -397.41
15 447.0 371.65 -639.99
16 447.0 379.19 -835.51
17 447.0 393.72 -831.16
18 447.0 301.32 -754.93
19 447.0 294.31 -731.89
20 447.0 398.28 -716.21
21 447.0 402.77 -730.84
22 447.0 344.30 -884.91
23 447.0 203.44 -442.58
24 447.0 516.65 -355.07
25 447.0 833.75 -417.08
6 448.0 733.42 -476.01
7 448.0 727.69 -459.83
8 448.0 366.05 -398.91
9 448.0 347.60 -404.26
10 448.0 627.07 -725.76
11 448.0 633.45 -746.75
12 448.0 553.44 -620.23
13 448.0 259.31 -607.16
14 448.0 828.43 -399.58
15 448.0 373.72 -646.98
16 448.0 372.95 -837.38
17 448.0 388.25 -832.80
18 448.0 303.63 -762.51
19 448.0 296.26 -738.31
20 448.0 396.45 -710.27
21 448.0 400.81 -724.45
22 448.0 342.38 -878.65
23 448.0 207.06 -449.68
24 448.0 516.77 -361.61
25 448.0 831.93 -425.29
6 449.0 738.32 -481.76
7 449.0 730.09 -467.49
8 449.0 375.17 -396.25
9 449.0 357.57 -401.37
10 449.0 624.79 -718.19
11 449.0 631.27 -739.59
12 449.0 561.99 -617.65
13 449.0 256.75 -598.73
14 449.0 837.92 -403.14
15 449.0 375.91 -654.35
16 449.0 366.32 -839.37
17 449.0 381.58 -834.80
18 449.0 305.82 -769.70
19 449.0 298.26 -744.87
20 449.0 394.44 -703.70
21 449.0 399.08 -718.82
22 449.0 340.22 -871.58
23 449.0 211.23 -457.47
24 449.0 516.99 -366.06
25 449.0 829.84 -434.71
6 450.0 746.27 -485.20
7 450.0 733.02 -475.30
8 450.0 384.43 -394.18
9 450.0 366.73 -398.71
10 450.0 622.45 -710.42
11 450.0 628.76 -731.33
12 450.0 569.73 -615.31
13 450.0 254.10 -590.01
14 450.0 848.72 -405.27
15 450.0 378.20 -662.06
16 450.0 360.37 -841.15
17 450.0 375.06 -836.75
18 450.0 308.25 -777.76
19 450.0 300.22 -751.31
20 450.0 392.46 -697.27
21 450.0 396.85 -711.57
22 450.0 338.14 -864.79
23 450.0 213.76 -466.27
24 450.0 517.32 -372.09
25 450.0 828.20 -442.08
6 451.0 754.81 -485.83
7 451.0 737.87 -481.44
8 451.0 393.61 -392.42
9 451.0 375.42 -396.18
10 451.0 620.05 -702.44
11 451.0 626.25 -723.04
12 451.0 577.80 -612.87
13 451.0 251.50 -581.46
14 451.0 858.72 -407.63
15 451.0 378.41 -668.32
16 451.0 353.83 -843.11
17 451.0 369.38 -838.45
18 451.0 310.47 -785.03
19 451.0 302.03 -757.25
20 451.0 390.42 -690.60
21 451.0 394.78 -704.83
22 451.0 336.11 -858.17
23 451.0 216.36 -475.67
24 451.0 517.66 -378.43
25 451.0 826.17 -451.07
6 452.0 763.02 -483.72
7 452.0 745.00 -484.90
8 452.0 403.49 -389.38
9 452.0 384.00 -394.17
10 452.0 617.92 -695.36
11 452.0 624.01 -715.58
12 452.0 582.29 -611.51
13 452.0 248.81 -572.62
14 452.0 869.86 -410.25
15 452.0 373.04 -671.32
16 452.0 348.22 -844.79
17 452.0 362.83 -840.41
18 452.0 312.77 -792.54
19 452.0 303.86 -763.27
20 452.0 388.28 -683.65
21 452.0 392.94 -698.83
22 452.0 336.11 -853.19
23 452.0 219.09 -485.12
24 452.0 518.02 -385.00
25 452.0 824.86 -456.78
6 453.0 771.25 -481.14
7 453.0 753.65 -485.96
8 453.0 413.72 -388.78
9 453.0 393.70 -392.39
10 453.0 615.68 -687.91
11 453.0 621.79 -708.23
12 453.0 584.09 -609.64
13 453.0 248.06 -566.41
14 453.0 880.75 -412.77
15 453.0 365.53 -673.61
16 453.0 342.37 -846.55
17 453.0 356.37 -842.35
18 453.0 315.01 -799.89
19 453.0 305.71 -769.35
20 453.0 386.24 -677.01
21 453.0 390.75 -691.70
22 453.0 340.97 -850.30
23 453.0 221.51 -493.39
24 453.0 518.39 -391.73
25 453.0 824.36 -464.36
6 454.0 779.49 -478.56
7 454.0 761.45 -484.20
8 454.0 423.19 -386.20
9 454.0 403.62 -389.34
10 454.0 613.52 -680.64
11 454.0 619.51 -700.66
12 454.0 581.47 -608.42
13 454.0 253.39 -562.81
14 454.0 891.35 -415.22
15 454.0 358.36 -675.81
16 454.0 337.29 -847.84
17 454.0 351.07 -843.94
18 454.0 317.47 -807.97
19 454.0 307.62 -775.69
20 454.0 384.20 -670.54
21 454.0 388.85 -685.50
22 454.0 348.18 -848.14
23 454.0 223.68 -500.71
24 454.0 518.86 -398.76
25 454.0 828.10 -473.08
6 455.0 787.59 -476.05
7 455.0 769.84 -481.58
8 455.0 432.97 -382.76
9 455.0 414.04 -388.87
10 455.0 611.27 -673.05
11 455.0 617.28 -693.25
12 455.0 576.86 -609.81
13 455.0 261.63 -560.39
14 455.0 901.52 -417.57
15 455.0 351.24 -677.99
16 455.0 332.82 -846.13
17 455.0 345.96 -845.47
18 455.0 319.60 -815.37
19 455.0 309.49 -781.81
20 455.0 382.12 -663.95
21 455.0 386.84 -678.94
22 455.0 355.00 -846.10
23 455.0 225.61 -507.15
24 455.0 520.68 -405.06
25 455.0 831.00 -482.05
6 456.0 794.88 -473.79
7 456.0 777.98 -479.03
8 456.0 442.43 -379.73
9 456.0 424.13 -385.87
10 456.0 609.14 -665.87
11 456.0 614.96 -685.47
12 456.0 570.29 -611.80
13 456.0 269.48 -558.07
14 456.0 912.22 -420.27
15 456.0 343.35 -677.98
16 456.0 331.19 -842.07
17 456.0 341.16 -846.91
18 456.0 321.77 -822.56
19 456.0 311.58 -788.65
20 456.0 380.28 -657.81
21 456.0 384.62 -671.87
22 456.0 361.44 -844.16
23 456.0 227.61 -513.72
24 456.0 522.92 -411.88
25 456.0 833.59 -490.51
6 457.0 802.14 -471.54
7 457.0 785.86 -476.58
8 457.0 451.67 -377.01
9 457.0 433.56 -382.55
10 457.0 606.93 -658.41
11 457.0 612.80 -678.19
12 457.0 562.64 -614.11
13 457.0 277.87 -555.60
14 457.0 920.15 -422.96
15 457.0 335.66 -679.40
16 457.0 329.41 -836.20
17 457.0 336.89 -847.91
18 457.0 324.32 -830.63
19 457.0 313.38 -794.53
20 457.0 378.50 -651.82
21 457.0 382.88 -666.35
22 457.0 368.05 -842.18
23 457.0 229.67 -520.53
24 457.0 524.97 -417.85
25 457.0 836.07 -498.63
6 458.0 810.21 -469.01
7 458.0 793.39 -474.25
8 458.0 461.51 -374.10
9 458.0 442.13 -379.82
10 458.0 604.83 -651.54
11 458.0 610.44 -670.25
12 458.0 554.67 -616.52
13 458.0 286.53 -553.05
14 458.0 919.41 -422.59
15 458.0 328.41 -681.60
16 458.0 327.46 -829.97
17 458.0 332.29 -845.03
18 458.0 326.76 -838.48
19 458.0 315.34 -800.97
20 458.0 376.62 -645.48
21 458.0 381.04 -660.36
22 458.0 375.13 -840.06
23 458.0 231.91 -527.91
24 458.0 527.16 -424.26
25 458.0 838.57 -506.77
6 459.0 814.20 -468.09
7 459.0 801.47 -471.75
8 459.0 470.56 -371.42
9 459.0 452.15 -376.86
10 459.0 602.52 -644.08
11 459.0 608.23 -662.79
12 459.0 546.33 -619.04
13 459.0 294.54 -550.69
14 459.0 919.38 -422.57
15 459.0 321.08 -683.82
16 459.0 325.46 -823.62
17 459.0 330.35 -839.30
18 459.0 329.06 -846.04
19 459.0 317.36 -807.64
20 459.0 374.53 -638.44
21 459.0 379.12 -653.89
22 459.0 381.98 -838.01
23 459.0 233.89 -534.45
24 459.0 528.06 -430.88
25 459.0 840.94 -514.44
6 460.0 820.53 -466.57
7 460.0 805.39 -470.54
8 460.0 480.42 -368.51
9 460.0 461.19 -374.19
10 460.0 600.08 -636.21
11 460.0 605.91 -655.02
12 460.0 538.39 -621.44
13 460.0 302.43 -548.37
14 460.0 919.37 -422.57
15 460.0 314.38 -685.85
16 460.0 323.54 -817.54
17 460.0 328.37 -832.84
18 460.0 331.35 -853.54
19 460.0 319.20 -813.99
20 460.0 372.55 -631.77
21 460.0 377.17 -647.33
22 460.0 388.96 -835.92
23 460.0 235.91 -541.08
24 460.0 527.95 -436.98
25 460.0 842.58 -523.63
6 461.0 826.54 -462.03
7 461.0 810.65 -468.86
8 461.0 490.30 -365.59
9 461.0 471.31 -371.20
10 461.0 597.92 -629.25
11 461.0 603.56 -647.42
12 461.0 530.08 -623.96
13 461.0 310.92 -545.82
14 461.0 919.36 -422.57
15 461.0 306.96 -688.11
16 461.0 321.94 -811.89
17 461.0 326.19 -825.94
18 461.0 333.78 -861.47
19 461.0 321.04 -820.25
20 461.0 370.72 -625.63
21 461.0 375.02 -640.08
22 461.0 396.30 -833.72
23 461.0 237.87 -547.57
24 461.0 529.73 -442.75
25 461.0 840.84 -531.00
6 462.0 829.92 -456.42
7 462.0 814.47 -468.04
8 462.0 499.60 -362.84
9 462.0 480.98 -368.34
10 462.0 595.67 -621.99
11 462.0 601.07 -639.40
12 462.0 522.38 -626.30
13 462.0 319.67 -543.26
14 462.0 919.36 -422.57
15 462.0 300.00 -690.22
16 462.0 320.24 -806.08
17 462.0 324.50 -820.58
18 462.0 336.08 -868.97
19 462.0 323.14 -826.88
20 462.0 368.97 -619.71
21 462.0 373.13 -633.75
22 462.0 403.45 -831.58
23 462.0 240.09 -554.89
24 462.0 531.80 -449.49
25 462.0 846.01 -536.86
6 463.0 835.98 -456.58
7 463.0 820.17 -466.66
8 463.0 508.82 -360.34
9 463.0 489.76 -365.75
10 463.0 593.43 -614.79
11 463.0 598.86 -632.28
12 463.0 513.93 -628.85
13 463.0 328.26 -540.75
14 463.0 919.36 -422.57
15 463.0 294.83 -691.78
16 463.0 318.44 -800.14
17 463.0 322.79 -814.92
18 463.0 338.33 -876.31
19 463.0 325.26 -833.60
20 463.0 367.14 -613.55
21 463.0 371.54 -628.39
22 463.0 410.32 -829.51
23 463.0 242.13 -561.60
24 463.0 533.58 -455.29
25 463.0 852.29 -535.65
6 464.0 844.21 -458.39
7 464.0 826.49 -462.13
8 464.0 514.07 -359.55
9 464.0 498.81 -363.08
10 464.0 591.26 -607.82
11 464.0 596.64 -625.11
12 464.0 506.13 -631.21
13 464.0 335.25 -538.64
14 464.0 919.74 -422.73
15 464.0 289.27 -693.09
16 464.0 316.46 -793.65
17 464.0 320.97 -808.47
18 464.0 340.51 -883.45
19 464.0 327.14 -839.75
20 464.0 365.29 -607.35
21 464.0 369.55 -621.67
22 464.0 417.45 -827.38
23 464.0 244.17 -568.32
24 464.0 535.52 -461.46
25 464.0 855.21 -529.95
6 465.0 854.14 -460.58
7 465.0 829.41 -456.78
8 465.0 516.65 -362.41
9 465.0 504.35 -361.47
10 465.0 588.80 -599.87
11 465.0 594.28 -617.53
12 465.0 498.44 -633.53
13 465.0 341.40 -539.92
14 465.0 923.51 -424.27
15 465.0 284.61 -689.11
16 465.0 314.59 -787.54
17 465.0 319.14 -802.45
18 465.0 342.83 -891.02
19 465.0 328.93 -845.60
20 465.0 363.28 -600.59
21 465.0 367.92 -616.19
22 465.0 421.72 -826.10
23 465.0 246.29 -575.32
24 465.0 536.35 -464.13
25 465.0 862.17 -527.10
6 466.0 866.22 -463.24
7 466.0 835.17 -456.40
8 466.0 520.17 -365.56
9 466.0 508.98 -360.30
10 466.0 586.57 -592.76
11 466.0 591.73 -609.32
12 466.0 490.19 -636.03
13 466.0 343.73 -546.47
14 466.0 929.21 -426.92
15 466.0 282.82 -683.41
16 466.0 312.65 -781.21
17 466.0 317.32 -796.49
18 466.0 345.30 -899.07
19 466.0 330.88 -851.99
20 466.0 361.35 -594.18
21 466.0 365.84 -609.17
22 466.0 427.20 -822.58
23 466.0 248.53 -582.68
24 466.0 536.38 -464.24
25 466.0 870.42 -524.56
6 467.0 880.56 -466.39
7 467.0 842.92 -458.11
8 467.0 520.56 -372.83
9 467.0 513.85 -359.49
10 467.0 584.31 -585.50
11 467.0 589.34 -601.62
12 467.0 481.95 -638.52
13 467.0 345.99 -554.45
14 467.0 935.51 -431.25
15 467.0 280.48 -675.79
16 467.0 310.71 -774.86
17 467.0 315.22 -789.59
18 467.0 347.57 -906.49
19 467.0 332.75 -858.10
20 467.0 359.29 -587.43
21 467.0 363.91 -602.70
22 467.0 428.18 -816.68
23 467.0 250.52 -589.23
24 467.0 536.39 -464.26
25 467.0 878.51 -522.07
6 468.0 885.03 -479.06
7 468.0 852.87 -460.30
8 468.0 520.99 -380.63
9 468.0 516.71 -362.82
10 468.0 581.94 -577.93
11 468.0 586.93 -593.90
12 468.0 473.63 -641.03
13 468.0 348.52 -563.35
14 468.0 942.57 -437.90
15 468.0 278.15 -668.33
16 468.0 308.98 -769.12
17 468.0 313.25 -783.16
18 468.0 350.03 -914.51
19 468.0 334.79 -864.76
20 468.0 357.40 -581.34
21 468.0 361.83 -595.77
22 468.0 426.57 -810.44
23 468.0 252.42 -595.48
24 468.0 536.39 -464.26
25 468.0 885.92 -519.79
6 469.0 889.07 -492.57
7 469.0 864.37 -462.83
8 469.0 521.38 -387.73
9 469.0 520.23 -366.78
10 469.0 579.76 -570.96
11 469.0 584.61 -586.47
12 469.0 465.45 -643.50
13 469.0 351.11 -571.86
14 469.0 949.95 -445.44
15 469.0 275.89 -661.09
16 469.0 307.05 -762.78
17 469.0 311.49 -777.42
18 469.0 352.35 -922.10
19 469.0 336.83 -871.43
20 469.0 355.37 -574.79
21 469.0 359.95 -589.59
22 469.0 424.41 -803.16
23 469.0 254.34 -601.80
24 469.0 536.39 -464.26
25 469.0 889.84 -518.58
6 470.0 892.67 -504.64
7 470.0 878.04 -465.84
8 470.0 521.74 -394.33
9 470.0 520.62 -373.79
10 470.0 577.61 -564.07
11 470.0 582.52 -579.78
12 470.0 457.53 -645.89
13 470.0 353.75 -580.38
14 470.0 957.01 -452.60
15 470.0 273.81 -654.40
16 470.0 305.04 -756.18
17 470.0 309.50 -770.85
18 470.0 354.74 -929.90
19 470.0 338.63 -877.31
20 470.0 353.35 -568.31
21 470.0 357.81 -582.68
22 470.0 422.27 -795.96
23 470.0 256.50 -608.93
24 470.0 536.39 -464.26
25 470.0 890.54 -518.36
6 471.0 895.83 -512.16
7 471.0 884.38 -476.87
8 471.0 522.73 -401.07
9 471.0 521.02 -381.11
10 471.0 575.21 -556.41
11 471.0 580.42 -573.07
12 471.0 449.52 -648.32
13 471.0 356.36 -588.79
14 471.0 962.32 -457.99
15 471.0 271.44 -646.78
16 471.0 303.24 -750.25
17 471.0 307.66 -764.77
18 471.0 357.14 -937.75
19 471.0 340.57 -883.62
20 471.0 351.27 -561.36
21 471.0 356.01 -576.89
22 471.0 420.18 -788.92
23 471.0 258.63 -615.95
24 471.0 536.39 -464.26
25 471.0 890.78 -518.29
6 472.0 902.33 -514.42
7 472.0 888.41 -490.37
8 472.0 524.98 -407.90
9 472.0 521.47 -389.47
10 472.0 572.85 -548.87
11 472.0 577.83 -564.78
12 472.0 440.94 -650.91
13 472.0 358.78 -596.74
14 472.0 967.57 -463.33
15 472.0 269.11 -639.24
16 472.0 301.50 -744.53
17 472.0 305.74 -758.44
18 472.0 359.56 -945.65
19 472.0 342.69 -890.56
20 472.0 349.58 -555.39
21 472.0 353.82 -569.81
22 472.0 417.96 -781.46
23 472.0 260.56 -622.29
24 472.0 536.39 -464.26
25 472.0 890.80 -518.28
6 473.0 909.66 -512.57
7 473.0 892.05 -502.57
8 473.0 527.12 -414.27
9 473.0 521.90 -396.96
10 473.0 570.73 -542.07
11 473.0 575.47 -557.24
12 473.0 433.00 -653.31
13 473.0 361.24 -604.93
14 473.0 973.01 -468.70
15 473.0 266.91 -632.09
16 473.0 299.62 -738.35
17 473.0 304.07 -752.98
18 473.0 361.91 -953.32
19 473.0 344.68 -897.07
20 473.0 347.78 -549.02
21 473.0 351.96 -563.79
22 473.0 415.96 -774.73
23 473.0 262.68 -629.22
24 473.0 536.39 -464.26
25 473.0 890.80 -518.28
6 474.0 917.72 -510.17
7 474.0 894.71 -510.34
8 474.0 529.31 -420.67
9 474.0 523.85 -404.48
10 474.0 568.48 -534.89
11 474.0 573.22 -550.03
12 474.0 425.27 -655.65
13 474.0 363.81 -613.58
14 474.0 978.41 -473.97
15 474.0 264.74 -625.00
16 474.0 297.95 -732.87
17 474.0 302.12 -746.57
18 474.0 364.32 -961.19
19 474.0 346.65 -903.48
20 474.0 346.37 -544.02
21 474.0 350.30 -557.93
22 474.0 413.81 -767.48
23 474.0 264.59 -635.43
24 474.0 536.39 -464.26
25 474.0 890.80 -518.28
6 475.0 925.05 -507.97
7 475.0 900.84 -514.64
8 475.0 531.31 -427.04
9 475.0 526.38 -412.09
10 475.0 566.22 -527.55
11 475.0 570.96 -542.80
12 475.0 417.29 -658.07
13 475.0 366.45 -622.47
14 475.0 984.05 -479.47
15 475.0 262.40 -617.33
16 475.0 296.27 -727.33
17 475.0 300.63 -741.67
18 475.0 367.30 -967.76
19 475.0 348.67 -910.08
20 475.0 344.44 -537.39
21 475.0 348.91 -553.02
22 475.0 411.88 -760.98
23 475.0 266.66 -642.14
24 475.0 536.39 -464.26
25 475.0 890.80 -518.28
6 476.0 932.79 -505.66
7 476.0 908.46 -512.93
8 476.0 530.56 -434.48
9 476.0 528.56 -418.45
10 476.0 563.91 -519.75
11 476.0 568.88 -536.16
12 476.0 409.01 -660.57
13 476.0 369.03 -631.17
14 476.0 989.70 -484.87
15 476.0 260.30 -610.40
16 476.0 294.62 -721.91
17 476.0 298.73 -735.43
18 476.0 374.15 -969.90
19 476.0 350.64 -916.52
20 476.0 342.38 -530.45
21 476.0 347.16 -546.84
22 476.0 409.83 -754.06
23 476.0 268.62 -648.46
24 476.0 536.39 -464.26
25 476.0 893.21 -517.55
6 477.0 941.07 -503.19
7 477.0 916.87 -510.42
8 477.0 532.71 -441.57
9 477.0 530.99 -425.57
10 477.0 561.77 -512.51
11 477.0 566.33 -527.92
12 477.0 401.62 -662.81
13 477.0 371.50 -639.48
14 477.0 994.86 -491.44
15 477.0 257.95 -602.69
16 477.0 292.72 -715.68
17 477.0 297.24 -730.55
18 477.0 382.02 -967.85
19 477.0 352.76 -923.43
20 477.0 340.54 -524.39
21 477.0 345.95 -542.56
22 477.0 407.66 -746.77
23 477.0 270.69 -655.13
24 477.0 536.39 -464.26
25 477.0 897.82 -516.15
6 478.0 947.86 -500.85
7 478.0 924.55 -508.12
8 478.0 534.98 -448.95
9 478.0 530.40 -432.72
10 478.0 559.54 -504.99
11 478.0 564.12 -520.47
12 478.0 393.14 -665.38
13 478.0 374.10 -648.23
14 478.0 1000.85 -495.83
15 478.0 255.67 -595.19
16 478.0 290.84 -709.52
17 478.0 295.22 -723.90
18 478.0 389.97 -965.49
19 478.0 354.85 -930.25
20 478.0 338.65 -518.25
21 478.0 344.14 -536.40
22 478.0 405.64 -740.21
23 478.0 272.69 -661.61
24 478.0 536.39 -464.26
25 478.0 904.26 -514.20
6 479.0 952.34 -495.36
7 479.0 932.59 -505.72
8 479.0 536.94 -455.28
9 479.0 532.17 -439.81
10 479.0 557.26 -497.28
11 479.0 561.95 -513.11
12 479.0 387.45 -667.32
13 479.0 376.68 -656.92
14 479.0 1007.43 -500.64
15 479.0 253.36 -587.56
16 479.0 289.57 -704.91
17 479.0 293.34 -717.70
18 479.0 397.81 -963.16
19 479.0 356.75 -936.47
20 479.0 336.55 -511.46
21 479.0 342.01 -529.19
22 479.0 403.45 -733.06
23 479.0 274.85 -668.57
24 479.0 536.39 -464.26
25 479.0 913.19 -511.52
6 480.0 950.70 -487.30
7 480.0 941.23 -503.14
8 480.0 538.77 -461.12
9 480.0 534.33 -446.84
10 480.0 555.32 -490.95
11 480.0 559.70 -505.52
12 480.0 382.46 -673.63
13 480.0 377.98 -661.30
14 480.0 1011.72 -506.62
15 480.0 251.28 -580.72
16 480.0 291.04 -700.14
17 480.0 292.10 -713.65
18 480.0 405.61 -960.85
19 480.0 358.62 -942.58
20 480.0 334.47 -504.74
21 480.0 339.73 -521.77
22 480.0 401.32 -726.14
23 480.0 277.08 -675.60
24 480.0 536.39 -464.26
25 480.0 922.32 -508.79
6 481.0 948.09 -479.52
7 481.0 948.51 -500.56
8 481.0 539.25 -462.67
9 481.0 536.04 -452.38
10 481.0 553.48 -485.38
11 481.0 557.47 -497.98
12 481.0 384.14 -681.04
13 481.0 378.37 -662.64
14 481.0 1014.30 -515.93
15 481.0 248.89 -572.88
16 481.0 295.39 -698.30
17 481.0 290.57 -708.63
18 481.0 413.12 -958.62
19 481.0 360.52 -948.78
20 481.0 332.62 -498.77
21 481.0 337.47 -514.45
22 481.0 399.07 -718.79
23 481.0 279.14 -682.32
24 481.0 536.39 -464.26
25 481.0 930.72 -506.28
6 482.0 945.48 -471.27
7 482.0 952.37 -493.59
8 482.0 539.42 -463.24
9 482.0 536.74 -454.66
10 482.0 552.80 -483.45
11 482.0 555.88 -492.60
12 482.0 386.62 -689.13
13 482.0 378.40 -662.74
14 482.0 1017.94 -527.07
15 482.0 246.83 -566.10
16 482.0 301.80 -696.35
17 482.0 289.46 -704.17
18 482.0 421.30 -956.19
19 482.0 362.49 -955.21
20 482.0 330.60 -492.23
21 482.0 335.57 -508.29
22 482.0 397.10 -712.37
23 482.0 281.37 -689.58
24 482.0 536.39 -464.26
25 482.0 939.63 -503.62
6 483.0 943.28 -463.75
7 483.0 950.36 -486.29
8 483.0 539.44 -463.29
9 483.0 537.00 -455.47
10 483.0 552.68 -483.12
11 483.0 555.47 -491.40
12 483.0 388.96 -696.76
13 483.0 378.41 -662.77
14 483.0 1022.46 -539.96
15 483.0 244.63 -558.85
16 483.0 307.36 -694.67
17 483.0 291.93 -699.61
18 483.0 428.81 -953.96
19 483.0 364.53 -961.89
20 483.0 328.54 -485.46
21 483.0 333.56 -501.78
22 483.0 395.13 -705.96
23 483.0 283.49 -696.46
24 483.0 536.39 -464.26
25 483.0 947.64 -501.40
6 484.0 941.04 -455.95
7 484.0 947.59 -477.97
8 484.0 539.44 -463.31
9 484.0 537.12 -455.88
10 484.0 552.66 -483.04
11 484.0 555.10 -490.26
12 484.0 391.54 -705.16
13 484.0 378.41 -662.77
14 484.0 1025.07 -552.81
15 484.0 242.55 -551.96
16 484.0 313.28 -692.87
17 484.0 297.25 -697.73
18 484.0 436.99 -951.54
19 484.0 367.32 -967.78
20 484.0 326.44 -478.47
21 484.0 331.44 -494.94
22 484.0 393.16 -699.55
23 484.0 285.46 -702.84
24 484.0 536.39 -464.26
25 484.0 954.87 -503.07
6 485.0 938.96 -448.39
7 485.0 945.13 -470.08
8 485.0 539.45 -463.31
9 485.0 537.19 -456.09
10 485.0 552.65 -483.01
11 485.0 555.03 -490.04
12 485.0 394.13 -713.60
13 485.0 378.41 -662.78
14 485.0 1028.84 -565.31
15 485.0 240.50 -545.20
16 485.0 318.95 -691.15
17 485.0 304.42 -695.56
18 485.0 444.60 -949.28
19 485.0 372.37 -970.17
20 485.0 324.32 -471.58
21 485.0 329.33 -488.10
22 485.0 391.14 -692.97
23 485.0 287.45 -709.37
24 485.0 536.39 -464.26
25 485.0 958.78 -510.48
6 486.0 937.59 -443.43
7 486.0 942.90 -462.44
8 486.0 539.45 -463.31
9 486.0 537.20 -456.12
10 486.0 552.65 -483.01
11 486.0 554.99 -489.93
12 486.0 396.40 -721.00
13 486.0 378.41 -662.78
14 486.0 1032.94 -578.68
15 486.0 238.19 -537.59
16 486.0 325.16 -689.27
17 486.0 309.82 -693.92
18 486.0 452.29 -946.99
19 486.0 378.74 -968.82
20 486.0 322.34 -465.15
21 486.0 327.42 -481.73
22 486.0 388.96 -685.87
23 486.0 289.39 -715.74
24 486.0 536.39 -464.26
25 486.0 961.40 -518.43
6 487.0 936.50 -435.78
7 487.0 940.54 -454.12
8 487.0 539.45 -463.31
9 487.0 537.21 -456.14
10 487.0 552.65 -483.01
11 487.0 554.98 -489.90
12 487.0 398.71 -728.53
13 487.0 378.42 -662.78
14 487.0 1036.89 -591.54
15 487.0 236.16 -530.91
16 487.0 331.09 -687.47
17 487.0 316.00 -692.05
18 487.0 460.32 -944.60
19 487.0 385.27 -966.89
20 487.0 320.26 -458.39
21 487.0 325.49 -475.40
22 487.0 387.30 -680.44
23 487.0 291.31 -722.05
24 487.0 536.39 -464.26
25 487.0 963.72 -526.52
6 488.0 935.64 -426.10
7 488.0 938.29 -445.97
8 488.0 539.45 -463.31
9 488.0 537.21 -456.15
10 488.0 552.65 -483.01
11 488.0 554.97 -489.87
12 488.0 401.03 -736.10
13 488.0 378.42 -662.78
14 488.0 1040.92 -604.63
15 488.0 233.83 -523.21
16 488.0 337.62 -685.49
17 488.0 322.64 -690.03
18 488.0 468.64 -942.13
19 488.0 391.95 -964.90
20 488.0 318.22 -451.71
21 488.0 323.54 -469.06
22 488.0 386.81 -678.87
23 488.0 293.56 -729.43
24 488.0 536.39 -464.26
25 488.0 966.13 -534.96
6 489.0 934.89 -417.74
7 489.0 936.70 -438.00
8 489.0 539.45 -463.31
9 489.0 537.21 -456.15
10 489.0 552.65 -483.01
11 489.0 554.97 -489.87
12 489.0 403.36 -743.67
13 489.0 378.42 -662.78
14 489.0 1044.79 -617.20
15 489.0 231.74 -516.33
16 489.0 343.76 -683.62
17 489.0 328.60 -688.22
18 489.0 475.91 -939.92
19 489.0 398.73 -962.89
20 489.0 316.22 -445.17
21 489.0 321.29 -461.75
22 489.0 386.52 -677.90
23 489.0 295.53 -735.92
24 489.0 536.39 -464.26
25 489.0 968.60 -543.47
6 490.0 934.52 -413.56
7 490.0 935.88 -428.81
8 490.0 539.45 -463.31
9 490.0 537.21 -456.15
10 490.0 552.65 -483.01
11 490.0 554.97 -489.86
12 490.0 405.62 -751.12
13 490.0 378.42 -662.78
14 490.0 1047.86 -627.17
15 490.0 229.48 -508.88
16 490.0 350.04 -681.70
17 490.0 335.03 -686.27
18 490.0 484.10 -937.39
19 490.0 404.85 -961.07
20 490.0 314.22 -438.63
21 490.0 319.20 -454.90
22 490.0 386.47 -677.76
23 490.0 297.45 -742.22
24 490.0 536.39 -464.26
25 490.0 971.26 -552.63
6 491.0 931.71 -409.06
7 491.0 935.35 -422.84
8 491.0 539.45 -463.31
9 491.0 537.21 -456.15
10 491.0 552.65 -483.01
11 491.0 554.97 -489.86
12 491.0 408.05 -759.30
13 491.0 378.42 -662.78
14 491.0 1048.85 -632.93
15 491.0 227.40 -501.99
16 491.0 356.29 -679.79
17 491.0 340.94 -684.48
18 491.0 491.55 -935.08
19 491.0 411.37 -959.14
20 491.0 312.38 -432.62
21 491.0 316.92 -447.45
22 491.0 386.46 -677.72
23 491.0 299.59 -749.24
24 491.0 536.39 -464.26
25 491.0 973.84 -561.48
6 492.0 924.47 -405.94
7 492.0 934.81 -416.77
8 492.0 539.45 -463.31
9 492.0 537.21 -456.15
10 492.0 552.65 -483.01
11 492.0 554.97 -489.86
12 492.0 410.37 -767.10
13 492.0 378.42 -662.78
14 492.0 1044.75 -636.76
15 492.0 225.19 -494.61
16 492.0 362.69 -677.83
17 492.0 347.34 -682.52
18 492.0 498.77 -932.84
19 492.0 417.70 -957.26
20 492.0 310.55 -426.82
21 492.0 315.00 -441.18
22 492.0 386.46 -677.70
23 492.0 301.86 -756.69
24 492.0 536.39 -464.26
25 492.0 976.26 -569.83
6 493.0 915.56 -402.97
7 493.0 934.47 -412.97
8 493.0 539.45 -463.31
9 493.0 537.21 -456.15
10 493.0 552.65 -483.01
11 493.0 554.97 -489.86
12 493.0 412.86 -775.49
13 493.0 378.42 -662.78
14 493.0 1037.00 -639.09
15 493.0 226.10 -487.91
16 493.0 368.23 -676.14
17 493.0 354.00 -680.49
18 493.0 506.80 -930.35
19 493.0 424.55 -955.23
20 493.0 309.06 -420.84
21 493.0 313.27 -435.52
22 493.0 386.45 -677.69
23 493.0 304.11 -764.09
24 493.0 536.39 -464.26
25 493.0 978.93 -578.99
6 494.0 905.04 -400.22
7 494.0 931.19 -408.72
8 494.0 539.45 -463.31
9 494.0 537.21 -456.15
10 494.0 552.65 -483.01
11 494.0 554.97 -489.86
12 494.0 415.17 -783.26
13 494.0 378.42 -662.78
14 494.0 1029.59 -641.33
15 494.0 224.22 -479.82
16 494.0 374.58 -674.19
17 494.0 359.60 -678.78
18 494.0 514.88 -927.87
19 494.0 431.05 -953.30
20 494.0 310.48 -415.61
21 494.0 311.53 -429.93
22 494.0 386.45 -677.69
23 494.0 306.16 -770.84
24 494.0 536.39 -464.26
25 494.0 981.44 -587.63
6 495.0 894.68 -397.74
7 495.0 923.84 -405.72
8 495.0 539.45 -463.31
9 495.0 537.21 -456.15
10 495.0 552.65 -483.01
11 495.0 554.97 -489.86
12 495.0 417.66 -791.67
13 495.0 378.42 -662.78
14 495.0 1022.41 -643.50
15 495.0 221.54 -470.45
16 495.0 378.92 -673.64
17 495.0 365.97 -676.83
18 495.0 522.18 -925.65
19 495.0 436.99 -951.54
20 495.0 316.40 -413.33
21 495.0 310.18 -425.64
22 495.0 386.45 -677.68
23 495.0 308.36 -778.12
24 495.0 536.39 -464.26
25 495.0 983.86 -595.96
6 496.0 884.02 -394.97
7 496.0 914.65 -402.73
8 496.0 539.45 -463.31
9 496.0 537.21 -456.15
10 496.0 552.65 -483.01
11 496.0 554.97 -489.86
12 496.0 419.97 -799.44
13 496.0 378.42 -662.78
14 496.0 1015.26 -645.65
15 496.0 218.67 -459.93
16 496.0 382.38 -676.26
17 496.0 370.35 -675.49
18 496.0 530.41 -923.14
19 496.0 443.79 -949.52
20 496.0 323.99 -411.12
21 496.0 309.06 -420.14
22 496.0 386.45 -677.68
23 496.0 310.28 -784.41
24 496.0 536.39 -464.26
25 496.0 986.48 -604.96
6 497.0 872.85 -392.40
7 497.0 903.67 -399.90
8 497.0 539.45 -463.31
9 497.0 537.21 -456.15
10 497.0 552.65 -483.01
11 497.0 554.97 -489.86
12 497.0 422.41 -807.66
13 497.0 378.42 -662.78
14 497.0 1008.06 -647.83
15 497.0 216.80 -452.73
16 497.0 384.10 -680.94
17 497.0 374.26 -674.29
18 497.0 537.84 -920.88
19 497.0 449.96 -947.68
20 497.0 332.33 -408.70
21 497.0 311.76 -414.91
22 497.0 386.45 -677.68
23 497.0 312.27 -790.91
24 497.0 536.39 -464.26
25 497.0 988.99 -613.51
6 498.0 862.14 -389.94
7 498.0 892.62 -397.20
8 498.0 539.45 -463.31
9 498.0 537.21 -456.15
10 498.0 552.65 -483.01
11 498.0 554.97 -489.86
12 498.0 424.75 -815.55
13 498.0 378.42 -662.78
14 498.0 1003.37 -649.26
15 498.0 217.83 -445.00
16 498.0 386.03 -687.22
17 498.0 379.39 -673.75
18 498.0 544.96 -918.77
19 498.0 455.87 -945.92
20 498.0 341.33 -406.09
21 498.0 317.26 -413.08
22 498.0 386.45 -677.68
23 498.0 314.34 -797.69
24 498.0 536.39 -464.26
25 498.0 991.89 -622.59
6 499.0 851.91 -387.59
7 499.0 881.85 -394.46
8 499.0 539.45 -463.31
9 499.0 537.21 -456.15
10 499.0 552.65 -483.01
11 499.0 554.97 -489.86
12 499.0 424.13 -821.06
13 499.0 378.42 -662.78
14 499.0 997.31 -651.08
15 499.0 224.13 -440.57
16 499.0 387.89 -693.28
17 499.0 382.90 -677.31
18 499.0 553.26 -916.29
19 499.0 461.64 -944.21
20 499.0 350.22 -403.50
21 499.0 324.52 -410.97
22 499.0 386.45 -677.68
23 499.0 316.31 -804.16
24 499.0 536.39 -464.26
25 499.0 996.41 -630.59
6 500.0 841.84 -382.00
7 500.0 870.67 -391.90
8 500.0 539.45 -463.31
9 500.0 537.21 -456.15
10 500.0 552.65 -483.01
11 500.0 554.97 -489.86
12 500.0 418.02 -823.87
13 500.0 378.42 -662.78
14 500.0 989.13 -653.11
15 500.0 233.81 -437.11
16 500.0 389.69 -699.13
17 500.0 384.63 -682.65
18 500.0 561.52 -913.74
19 500.0 467.96 -942.33
20 500.0 359.49 -400.81
21 500.0 333.90 -408.24
22 500.0 386.45 -677.68
23 500.0 318.43 -811.27
24 500.0 536.39 -464.26
25 500.0 998.87 -639.15
6 501.0 830.62 -379.42
7 501.0 859.14 -389.25
8 501.0 539.45 -463.31
9 501.0 537.21 -456.15
10 501.0 552.65 -483.01
11 501.0 554.97 -489.86
12 501.0 410.63 -826.08
13 501.0 378.42 -662.78
14 501.0 981.53 -655.85
15 501.0 244.20 -433.98
16 501.0 391.64 -705.51
17 501.0 386.86 -689.92
18 501.0 569.57 -911.25
19 501.0 474.82 -940.26
20 501.0 368.47 -398.20
21 501.0 343.36 -405.50
22 501.0 386.45 -677.68
23 501.0 320.31 -817.90
24 501.0 536.39 -464.26
25 501.0 998.34 -646.94
6 502.0 820.35 -377.07
7 502.0 848.29 -386.76
8 502.0 539.45 -463.31
9 502.0 537.21 -456.15
10 502.0 552.65 -483.01
11 502.0 554.97 -489.86
12 502.0 402.34 -828.58
13 502.0 378.42 -662.78
14 502.0 974.36 -658.18
15 502.0 253.52 -431.27
16 502.0 393.43 -711.34
17 502.0 389.00 -696.88
18 502.0 576.69 -909.07
19 502.0 481.67 -938.14
20 502.0 376.90 -395.75
21 502.0 352.97 -402.70
22 502.0 386.45 -677.68
23 502.0 322.53 -824.97
24 502.0 536.39 -464.26
25 502.0 992.51 -652.12
6 503.0 809.39 -374.55
7 503.0 836.69 -384.10
8 503.0 539.45 -463.31
9 503.0 537.21 -456.15
10 503.0 552.65 -483.01
11 503.0 554.97 -489.86
12 503.0 394.11 -831.05
13 503.0 378.42 -662.78
14 503.0 966.89 -660.27
15 503.0 262.84 -428.57
16 503.0 395.23 -717.19
17 503.0 390.74 -702.55
18 503.0 583.88 -906.87
19 503.0 487.65 -936.29
20 503.0 386.42 -394.26
21 503.0 362.82 -399.84
22 503.0 386.45 -677.68
23 503.0 324.69 -831.81
24 503.0 536.39 -464.26
25 503.0 984.45 -654.90
6 504.0 797.93 -372.01
7 504.0 826.09 -381.67
8 504.0 539.45 -463.31
9 504.0 537.21 -456.15
10 504.0 552.65 -483.01
11 504.0 554.97 -489.86
12 504.0 386.38 -833.36
13 504.0 378.42 -662.78
14 504.0 959.77 -662.25
15 504.0 271.51 -422.74
16 504.0 397.25 -723.78
17 504.0 392.58 -708.56
18 504.0 590.98 -904.69
19 504.0 493.50 -934.47
20 504.0 395.25 -391.91
21 504.0 372.04 -397.16
22 504.0 386.45 -677.68
23 504.0 326.75 -838.46
24 504.0 536.39 -464.26
25 504.0 976.81 -657.38
6 505.0 786.48 -369.48
7 505.0 815.52 -379.24
8 505.0 539.45 -463.31
9 505.0 537.21 -456.15
10 505.0 552.65 -483.01
11 505.0 554.97 -489.86
12 505.0 378.55 -835.70
13 505.0 378.42 -662.78
14 505.0 952.79 -664.09
15 505.0 281.11 -419.98
16 505.0 399.22 -730.18
17 505.0 394.73 -715.56
18 505.0 598.60 -902.36
19 505.0 500.10 -932.43
20 505.0 404.38 -389.11
21 505.0 381.26 -394.52
22 505.0 386.45 -677.68
23 505.0 328.89 -845.46
24 505.0 536.39 -464.26
25 505.0 968.50 -659.82
6 506.0 775.30 -366.72
7 506.0 804.61 -376.76
8 506.0 539.45 -463.31
9 506.0 537.21 -456.15
10 506.0 552.65 -483.01
11 506.0 554.97 -489.86
12 506.0 371.04 -837.95
13 506.0 378.42 -662.78
14 506.0 945.69 -664.47
15 506.0 288.44 -417.87
16 506.0 401.17 -736.56
17 506.0 396.48 -721.28
18 506.0 605.73 -900.17
19 506.0 506.48 -930.45
20 506.0 412.97 -388.55
21 506.0 391.30 -393.13
22 506.0 386.45 -677.68
23 506.0 330.97 -852.28
24 506.0 536.39 -464.26
25 506.0 961.19 -661.85
6 507.0 764.78 -362.98
7 507.0 792.79 -374.14
8 507.0 539.45 -463.31
9 507.0 537.21 -456.15
10 507.0 552.65 -483.01
11 507.0 554.97 -489.86
12 507.0 362.98 -840.37
13 507.0 378.42 -662.78
14 507.0 938.80 -661.85
15 507.0 291.87 -416.89
16 507.0 403.03 -742.60
17 507.0 398.49 -727.83
18 507.0 613.04 -897.93
19 507.0 512.42 -928.62
20 507.0 421.47 -386.81
21 507.0 400.61 -390.26
22 507.0 386.45 -677.68
23 507.0 333.11 -859.28
24 507.0 536.39 -464.26
25 507.0 953.75 -663.91
6 508.0 753.60 -360.44
7 508.0 781.70 -371.70
8 508.0 539.45 -463.31
9 508.0 537.21 -456.15
10 508.0 552.65 -483.01
11 508.0 554.97 -489.86
12 508.0 354.74 -842.84
13 508.0 378.42 -662.78
14 508.0 932.13 -656.76
15 508.0 292.33 -416.76
16 508.0 404.92 -748.76
17 508.0 400.41 -734.07
18 508.0 620.30 -895.71
19 508.0 518.94 -926.64
20 508.0 429.75 -383.89
21 508.0 410.01 -387.81
22 508.0 386.45 -677.68
23 508.0 335.23 -866.20
24 508.0 536.39 -464.26
25 508.0 946.13 -664.50
6 509.0 742.21 -357.84
7 509.0 771.28 -367.94
8 509.0 539.45 -463.31
9 509.0 537.21 -456.15
10 509.0 552.65 -483.01
11 509.0 554.97 -489.86
12 509.0 346.48 -845.32
13 509.0 378.42 -662.78
14 509.0 926.09 -651.16
15 509.0 292.58 -416.69
16 509.0 406.66 -754.63
17 509.0 402.39 -740.53
18 509.0 628.13 -893.29
19 509.0 525.47 -924.65
20 509.0 438.06 -381.02
21 509.0 419.02 -387.67
22 509.0 386.45 -677.68
23 509.0 337.32 -873.02
24 509.0 536.39 -464.26
25 509.0 938.45 -661.65
6 510.0 730.94 -355.24
7 510.0 759.68 -365.10
8 510.0 540.02 -464.97
9 510.0 537.21 -456.15
10 510.0 552.18 -481.66
11 510.0 554.97 -489.86
12 510.0 341.27 -846.88
13 510.0 379.24 -664.92
14 510.0 920.05 -645.56
15 510.0 294.74 -416.09
16 510.0 408.41 -760.52
17 510.0 404.01 -745.79
18 510.0 635.31 -891.08
19 510.0 531.55 -922.80
20 510.0 447.44 -378.26
21 510.0 428.04 -384.50
22 510.0 385.89 -675.91
23 510.0 339.46 -880.01
24 510.0 536.91 -466.14
25 510.0 932.62 -657.21
6 511.0 719.88 -352.66
7 511.0 748.38 -362.53
8 511.0 541.34 -468.33
9 511.0 537.73 -457.81
10 511.0 551.18 -478.60
11 511.0 554.61 -488.78
12 511.0 334.97 -847.65
13 511.0 380.49 -667.46
14 511.0 914.00 -639.96
15 511.0 298.21 -415.15
16 511.0 410.26 -766.76
17 511.0 405.80 -751.71
18 511.0 642.74 -888.78
19 511.0 537.52 -920.98
20 511.0 456.83 -375.48
21 511.0 437.06 -381.32
22 511.0 384.83 -672.55
23 511.0 341.74 -887.47
24 511.0 537.60 -469.57
25 511.0 926.85 -651.86
6 512.0 708.68 -350.09
7 512.0 737.57 -360.06
8 512.0 543.69 -473.25
9 512.0 538.44 -460.08
10 512.0 549.75 -474.25
11 512.0 553.95 -486.75
12 512.0 331.52 -843.14
13 512.0 380.49 -667.46
14 512.0 908.70 -635.04
15 512.0 303.39 -413.69
16 512.0 412.23 -773.38
17 512.0 407.85 -758.64
18 512.0 650.90 -886.26
19 512.0 543.99 -919.06
20 512.0 465.14 -373.03
21 512.0 446.38 -378.57
22 512.0 383.25 -667.52
23 512.0 343.65 -893.68
24 512.0 535.94 -474.51
25 512.0 920.28 -645.77
6 513.0 697.49 -347.52
7 513.0 726.16 -357.41
8 513.0 547.57 -479.65
9 513.0 539.65 -463.97
10 513.0 547.85 -468.47
11 513.0 552.43 -482.40
12 513.0 329.27 -835.72
13 513.0 380.49 -667.46
14 513.0 903.33 -630.06
15 513.0 309.87 -411.87
16 513.0 414.15 -779.84
17 513.0 409.87 -765.44
18 513.0 658.68 -883.86
19 513.0 550.96 -917.00
20 513.0 474.29 -370.32
21 513.0 454.72 -376.10
22 513.0 381.01 -660.26
23 513.0 345.87 -900.94
24 513.0 533.12 -475.57
25 513.0 915.14 -641.01
6 514.0 686.17 -344.92
7 514.0 715.42 -354.92
8 514.0 550.25 -485.84
9 514.0 541.98 -469.95
10 514.0 545.54 -461.35
11 514.0 550.37 -476.15
12 514.0 326.58 -827.17
13 514.0 382.13 -668.96
14 514.0 897.13 -624.32
15 514.0 317.82 -409.58
16 514.0 415.95 -785.89
17 514.0 411.82 -772.01
18 514.0 665.65 -880.82
19 514.0 557.17 -915.08
20 514.0 483.39 -367.63
21 514.0 464.40 -373.24
22 514.0 378.80 -652.83
23 514.0 347.91 -907.62
24 514.0 526.90 -477.47
25 514.0 909.89 -636.15
6 515.0 675.35 -342.43
7 515.0 704.54 -349.14
8 515.0 552.40 -492.32
9 515.0 545.78 -476.82
10 515.0 543.07 -453.44
11 515.0 548.08 -469.17
12 515.0 324.00 -818.99
13 515.0 386.51 -670.23
14 515.0 891.14 -618.42
15 515.0 327.48 -406.77
16 515.0 417.82 -792.20
17 515.0 413.47 -777.56
18 515.0 669.98 -874.97
19 515.0 563.09 -913.26
20 515.0 492.60 -364.91
21 515.0 474.01 -370.41
22 515.0 376.76 -645.97
23 515.0 349.92 -914.17
24 515.0 520.23 -479.51
25 515.0 903.33 -630.07
6 516.0 664.39 -339.92
7 516.0 692.82 -346.44
8 516.0 554.05 -497.69
9 516.0 549.26 -483.04
10 516.0 540.66 -445.65
11 516.0 545.72 -461.93
12 516.0 321.82 -811.48
13 516.0 392.37 -668.95
14 516.0 885.77 -612.96
15 516.0 337.25 -403.93
16 516.0 419.60 -798.19
17 516.0 415.26 -783.57
18 516.0 669.54 -867.48
19 516.0 569.46 -911.29
20 516.0 501.03 -362.42
21 516.0 483.11 -367.71
22 516.0 374.72 -639.09
23 516.0 352.01 -920.98
24 516.0 514.29 -481.30
25 516.0 897.07 -624.26
6 517.0 653.43 -337.40
7 517.0 681.77 -343.91
8 517.0 556.23 -505.09
9 517.0 551.85 -490.61
10 517.0 538.36 -438.15
11 517.0 543.15 -453.70
12 517.0 319.61 -803.99
13 517.0 399.57 -666.77
14 517.0 880.30 -607.40
15 517.0 347.68 -400.91
16 517.0 421.29 -803.90
17 517.0 417.18 -790.06
18 517.0 667.10 -859.13
19 517.0 576.25 -909.21
20 517.0 509.07 -360.27
21 517.0 491.35 -365.28
22 517.0 372.67 -632.19
23 517.0 353.99 -927.46
24 517.0 508.12 -483.06
25 517.0 891.69 -618.98
6 518.0 642.99 -335.03
7 518.0 670.49 -341.32
8 518.0 558.20 -511.74
9 518.0 553.78 -496.79
10 518.0 536.48 -430.12
11 518.0 540.84 -446.22
12 518.0 317.21 -796.12
13 518.0 407.34 -664.42
14 518.0 874.45 -601.43
15 518.0 357.90 -397.94
16 518.0 423.21 -810.34
17 518.0 418.75 -795.34
18 518.0 664.99 -851.93
19 518.0 582.63 -907.25
20 518.0 513.48 -359.45
21 518.0 500.02 -362.72
22 518.0 370.45 -624.70
23 518.0 355.93 -933.79
24 518.0 502.10 -484.63
25 518.0 886.11 -613.31
6 519.0 632.22 -332.61
7 519.0 658.71 -338.61
8 519.0 560.07 -518.05
9 519.0 555.65 -503.11
10 519.0 536.86 -422.93
11 519.0 538.54 -438.74
12 519.0 314.83 -788.32
13 519.0 415.38 -661.98
14 519.0 870.59 -594.60
15 519.0 367.38 -395.19
16 519.0 424.85 -815.89
17 519.0 420.70 -801.90
18 519.0 662.58 -843.70
19 519.0 589.07 -905.28
20 519.0 516.64 -362.29
21 519.0 504.61 -361.40
22 519.0 368.50 -618.16
23 519.0 357.90 -940.22
24 519.0 495.41 -486.42
25 519.0 880.49 -607.59
6 520.0 621.49 -330.20
7 520.0 646.99 -335.93
8 520.0 562.25 -525.41
9 520.0 557.70 -510.04
10 520.0 534.33 -415.56
11 520.0 536.54 -431.15
12 520.0 312.44 -780.53
13 520.0 423.97 -659.38
14 520.0 868.54 -587.69
15 520.0 377.49 -392.25
16 520.0 428.43 -821.24
17 520.0 422.25 -807.13
18 520.0 660.38 -836.38
19 520.0 595.51 -903.30
20 520.0 520.11 -364.51
21 520.0 509.93 -360.06
22 520.0 366.36 -610.94
23 520.0 359.94 -946.88
24 520.0 489.34 -488.45
25 520.0 874.65 -601.63
6 521.0 610.44 -327.73
7 521.0 636.16 -333.49
8 521.0 564.45 -532.73
9 521.0 559.78 -517.06
10 521.0 531.63 -407.62
11 521.0 537.25 -424.09
12 521.0 310.06 -772.72
13 521.0 432.14 -656.91
14 521.0 866.49 -580.77
15 521.0 387.10 -390.96
16 521.0 434.16 -822.12
17 521.0 424.20 -813.68
18 521.0 658.12 -828.87
19 521.0 601.91 -901.34
20 521.0 520.44 -370.50
21 521.0 513.65 -359.44
22 521.0 364.24 -603.82
23 521.0 361.88 -953.23
24 521.0 483.48 -490.41
25 521.0 871.06 -596.18
6 522.0 599.17 -325.21
7 522.0 624.86 -330.96
8 522.0 566.52 -539.34
9 522.0 561.95 -524.39
10 522.0 529.03 -400.26
11 522.0 534.61 -416.37
12 522.0 307.66 -764.76
13 522.0 440.86 -654.27
14 522.0 864.16 -572.93
15 522.0 397.02 -388.03
16 522.0 439.99 -820.62
17 522.0 425.78 -817.93
18 522.0 655.90 -821.52
19 522.0 608.34 -899.37
20 522.0 520.84 -377.84
21 522.0 516.65 -362.40
22 522.0 362.34 -597.47
23 522.0 364.03 -960.25
24 522.0 477.51 -492.25
25 522.0 868.96 -589.09
6 523.0 588.16 -322.74
7 523.0 613.34 -328.38
8 523.0 568.61 -546.04
9 523.0 563.82 -530.70
10 523.0 525.90 -392.86
11 523.0 532.10 -409.03
12 523.0 305.11 -756.38
13 523.0 449.33 -651.71
14 523.0 861.92 -565.38
15 523.0 406.88 -384.99
16 523.0 445.45 -818.97
17 523.0 430.16 -821.98
18 523.0 653.47 -813.46
19 523.0 614.16 -897.59
20 523.0 521.20 -384.59
21 523.0 520.20 -366.09
22 523.0 360.37 -590.97
23 523.0 364.86 -962.97
24 523.0 471.81 -493.97
25 523.0 866.61 -581.20
6 524.0 577.87 -320.44
7 524.0 602.06 -325.85
8 524.0 570.63 -552.52
9 524.0 565.90 -537.37
10 524.0 522.43 -386.06
11 524.0 529.45 -401.27
12 524.0 302.58 -748.09
13 524.0 457.28 -649.32
14 524.0 859.65 -557.72
15 524.0 417.10 -384.96
16 524.0 451.93 -817.02
17 524.0 436.00 -821.82
18 524.0 651.23 -806.03
19 524.0 619.92 -895.82
20 524.0 521.58 -391.52
21 524.0 520.57 -372.87
22 524.0 358.40 -584.59
23 524.0 366.42 -964.64
24 524.0 466.04 -495.72
25 524.0 864.49 -574.05
6 525.0 566.79 -318.58
7 525.0 591.38 -323.46
8 525.0 572.70 -559.13
9 525.0 568.12 -544.48
10 525.0 519.30 -378.67
11 525.0 526.33 -393.89
12 525.0 300.02 -739.67
13 525.0 465.19 -646.93
14 525.0 857.54 -550.65
15 525.0 427.44 -381.32
16 525.0 457.57 -815.32
17 525.0 443.15 -819.66
18 525.0 648.73 -797.79
19 525.0 625.72 -894.04
20 525.0 522.03 -398.13
21 525.0 520.95 -379.90
22 525.0 356.32 -577.87
23 525.0 368.06 -962.48
24 525.0 459.66 -497.65
25 525.0 862.13 -566.08
6 526.0 555.59 -321.86
7 526.0 580.05 -320.93
8 526.0 575.01 -566.50
9 526.0 570.07 -550.70
10 526.0 518.61 -371.12
11 526.0 522.51 -386.23
12 526.0 297.52 -731.46
13 526.0 473.97 -644.27
14 526.0 855.21 -542.54
15 526.0 437.45 -377.87
16 526.0 463.72 -813.47
17 526.0 449.46 -817.76
18 526.0 646.46 -790.26
19 526.0 631.68 -892.20
20 526.0 523.69 -403.99
21 526.0 521.33 -386.95
22 526.0 354.16 -570.91
23 526.0 366.39 -957.03
24 526.0 453.96 -499.38
25 526.0 859.93 -558.69
6 527.0 543.44 -323.91
7 527.0 568.29 -318.56
8 527.0 577.05 -573.04
9 527.0 572.56 -558.69
10 527.0 520.63 -363.29
11 527.0 519.62 -379.50
12 527.0 295.15 -723.67
13 527.0 482.42 -641.72
14 527.0 853.69 -534.64
15 527.0 447.27 -374.97
16 527.0 469.94 -811.57
17 527.0 455.38 -815.98
18 527.0 643.96 -782.03
19 527.0 637.44 -890.42
20 527.0 525.78 -410.35
21 527.0 521.69 -393.54
22 527.0 352.08 -564.19
23 527.0 364.41 -950.54
24 527.0 447.48 -501.34
25 527.0 857.52 -550.57
6 528.0 532.84 -326.92
7 528.0 556.17 -321.78
8 528.0 579.31 -580.27
9 528.0 574.63 -565.30
10 528.0 521.77 -359.89
11 528.0 518.59 -372.23
12 528.0 292.63 -715.39
13 528.0 490.48 -639.28
14 528.0 853.78 -527.65
15 528.0 457.79 -371.86
16 528.0 475.64 -809.85
17 528.0 461.69 -814.09
18 528.0 641.71 -774.53
19 528.0 643.29 -888.61
20 528.0 528.09 -417.09
21 528.0 522.63 -400.77
22 528.0 350.12 -557.31
23 528.0 362.42 -944.05
24 528.0 441.30 -503.21
25 528.0 855.85 -545.15
6 529.0 522.20 -330.32
7 529.0 542.96 -324.04
8 529.0 581.34 -586.77
9 529.0 576.78 -572.19
10 529.0 523.35 -355.21
11 529.0 519.10 -367.95
12 529.0 290.14 -707.20
13 529.0 498.97 -636.71
14 529.0 849.02 -523.59
15 529.0 467.98 -368.85
16 529.0 481.58 -808.05
17 529.0 467.17 -812.41
18 529.0 639.58 -767.29
19 529.0 649.34 -886.74
20 529.0 530.15 -423.13
21 529.0 525.03 -408.07
22 529.0 348.03 -549.92
23 529.0 360.44 -937.59
24 529.0 435.11 -505.07
25 529.0 853.93 -537.32
6 530.0 511.88 -334.38
7 530.0 532.38 -327.05
8 530.0 583.67 -594.21
9 530.0 578.92 -579.02
10 530.0 525.49 -348.88
11 530.0 520.67 -363.17
12 530.0 287.77 -699.50
13 530.0 507.52 -634.13
14 530.0 845.27 -517.43
15 530.0 478.22 -365.82
16 530.0 487.79 -806.18
17 530.0 473.55 -810.48
18 530.0 637.42 -760.07
19 530.0 655.81 -884.75
20 530.0 530.99 -430.23
21 530.0 527.06 -414.10
22 530.0 346.43 -544.23
23 530.0 358.18 -930.23
24 530.0 428.73 -506.99
25 530.0 854.02 -529.63
6 531.0 501.65 -337.44
7 531.0 522.11 -333.78
8 531.0 585.64 -600.51
9 531.0 581.14 -586.14
10 531.0 527.26 -343.64
11 531.0 522.62 -357.39
12 531.0 285.26 -691.30
13 531.0 516.08 -631.54
14 531.0 842.81 -509.68
15 531.0 487.60 -363.05
16 531.0 493.89 -804.34
17 531.0 479.63 -808.64
18 531.0 635.21 -752.63
19 531.0 662.00 -882.72
20 531.0 531.15 -436.50
21 531.0 529.32 -420.70
22 531.0 344.32 -536.99
23 531.0 356.22 -923.81
24 531.0 422.78 -508.78
25 531.0 850.74 -524.22
6 532.0 491.21 -340.66
7 532.0 511.60 -337.91
8 532.0 585.23 -606.24
9 532.0 583.04 -592.20
10 532.0 528.59 -339.30
11 532.0 524.44 -352.00
12 532.0 282.95 -683.86
13 532.0 524.55 -628.98
14 532.0 840.56 -502.34
15 532.0 497.76 -360.05
16 532.0 500.38 -802.38
17 532.0 485.43 -806.89
18 532.0 632.82 -744.70
19 532.0 667.84 -878.99
20 532.0 533.00 -442.52
21 532.0 531.33 -427.19
22 532.0 342.30 -530.16
23 532.0 354.25 -917.39
24 532.0 416.28 -510.73
25 532.0 845.75 -518.91
6 533.0 480.02 -344.13
7 533.0 499.97 -341.30
8 533.0 580.57 -608.69
9 533.0 584.65 -597.36
10 533.0 528.18 -335.14
11 533.0 526.03 -347.29
12 533.0 280.52 -675.89
13 533.0 532.31 -626.62
14 533.0 838.37 -495.20
15 533.0 508.25 -357.18
16 533.0 506.58 -800.51
17 533.0 491.86 -804.95
18 533.0 630.33 -736.49
19 533.0 670.31 -872.62
20 533.0 534.98 -448.94
21 533.0 530.46 -433.32
22 533.0 340.13 -523.06
23 533.0 352.17 -910.61
24 533.0 410.36 -512.50
25 533.0 843.29 -511.25
6 534.0 469.52 -347.38
7 534.0 488.83 -344.75
8 534.0 574.02 -610.67
9 534.0 586.11 -602.75
10 534.0 523.74 -336.56
11 534.0 527.56 -342.75
12 534.0 278.17 -668.38
13 534.0 540.89 -624.03
14 534.0 836.17 -488.00
15 534.0 518.18 -354.94
16 534.0 512.17 -798.82
17 534.0 498.04 -803.09
18 534.0 627.82 -728.23
19 534.0 668.98 -865.55
20 534.0 537.00 -455.50
21 534.0 532.36 -440.43
22 534.0 338.07 -516.38
23 534.0 350.22 -904.22
24 534.0 404.10 -514.38
25 534.0 840.95 -503.60
6 535.0 458.63 -350.75
7 535.0 478.07 -348.08
8 535.0 567.46 -612.66
9 535.0 583.36 -607.65
10 535.0 516.93 -339.23
11 535.0 528.86 -338.29
12 535.0 275.66 -660.36
13 535.0 549.08 -621.55
14 535.0 834.00 -480.93
15 535.0 528.92 -352.61
16 535.0 518.48 -796.91
17 535.0 503.64 -801.39
18 535.0 625.40 -720.20
19 535.0 667.04 -858.93
20 535.0 538.96 -461.72
21 535.0 534.46 -447.25
22 535.0 336.06 -509.88
23 535.0 348.03 -897.10
24 535.0 397.37 -516.40
25 535.0 838.89 -496.88
6 536.0 447.96 -354.00
7 536.0 466.51 -351.66
8 536.0 560.67 -614.71
9 536.0 577.49 -609.62
10 536.0 507.98 -342.23
11 536.0 527.29 -335.17
12 536.0 273.31 -652.77
13 536.0 557.29 -619.07
14 536.0 831.88 -474.03
15 536.0 538.54 -348.07
16 536.0 524.91 -794.97
17 536.0 510.11 -799.44
18 536.0 623.04 -712.37
19 536.0 665.05 -852.13
20 536.0 541.03 -467.54
21 536.0 536.23 -453.01
22 536.0 333.84 -502.70
23 536.0 346.10 -890.78
24 536.0 391.05 -518.29
25 536.0 836.66 -489.61
6 537.0 436.95 -357.26
7 537.0 455.41 -355.09
8 537.0 553.79 -616.79
9 537.0 570.05 -611.87
10 537.0 497.68 -345.37
11 537.0 521.78 -337.33
12 537.0 270.99 -645.31
13 537.0 565.78 -616.50
14 537.0 829.98 -469.87
15 537.0 547.90 -345.88
16 537.0 531.12 -793.10
17 537.0 516.36 -797.56
18 537.0 620.86 -705.13
19 537.0 663.18 -845.75
20 537.0 544.04 -473.87
21 537.0 538.22 -459.36
22 537.0 331.76 -495.96
23 537.0 344.06 -884.14
24 537.0 385.08 -520.09
25 537.0 834.65 -483.05
6 538.0 426.24 -360.43
7 538.0 444.58 -358.34
8 538.0 546.88 -618.88
9 538.0 562.50 -614.15
10 538.0 487.66 -348.47
11 538.0 515.03 -339.97
12 538.0 268.44 -637.08
13 538.0 574.34 -613.91
14 538.0 825.34 -466.02
15 538.0 558.10 -344.30
16 538.0 537.52 -791.17
17 538.0 522.58 -795.68
18 538.0 618.70 -697.97
19 538.0 661.35 -839.60
20 538.0 547.34 -479.27
21 538.0 540.58 -466.41
22 538.0 329.45 -488.50
23 538.0 342.15 -877.89
24 538.0 378.93 -521.94
25 538.0 833.31 -478.69
6 539.0 416.36 -366.69
7 539.0 434.90 -361.21
8 539.0 539.99 -620.96
9 539.0 555.69 -616.21
10 539.0 477.59 -351.58
11 539.0 506.87 -342.53
12 539.0 266.11 -629.47
13 539.0 580.58 -612.03
14 539.0 817.16 -464.50
15 539.0 568.67 -343.66
16 539.0 543.51 -789.37
17 539.0 529.64 -793.54
18 539.0 616.28 -689.93
19 539.0 659.48 -833.40
20 539.0 549.96 -485.01
21 539.0 542.76 -471.60
22 539.0 327.21 -481.03
23 539.0 340.13 -871.30
24 539.0 372.51 -523.91
25 539.0 831.45 -472.75
6 540.0 405.62 -369.87
7 540.0 424.30 -364.34
8 540.0 533.18 -623.02
9 540.0 548.75 -618.31
10 540.0 467.97 -354.55
11 540.0 496.50 -345.73
12 540.0 263.50 -620.95
13 540.0 583.74 -610.47
14 540.0 808.94 -466.06
15 540.0 578.73 -344.40
16 540.0 549.29 -787.68
17 540.0 534.83 -791.98
18 540.0 613.96 -682.10
19 540.0 657.42 -826.57
20 540.0 551.95 -490.91
21 540.0 546.08 -477.29
22 540.0 325.17 -474.35
23 540.0 337.87 -863.90
24 540.0 366.53 -525.75
25 540.0 827.54 -464.97
6 541.0 395.78 -373.76
7 541.0 413.78 -367.45
8 541.0 526.84 -624.94
9 541.0 542.10 -620.32
10 541.0 457.72 -357.73
11 541.0 486.22 -348.91
12 541.0 261.07 -612.93
13 541.0 582.66 -608.36
14 541.0 801.49 -468.39
15 541.0 588.84 -346.47
16 541.0 555.82 -785.77
17 541.0 540.84 -790.16
18 541.0 611.79 -674.78
19 541.0 655.50 -820.17
20 541.0 553.73 -496.63
21 541.0 549.16 -482.85
22 541.0 323.11 -467.67
23 541.0 336.28 -858.72
24 541.0 360.33 -527.73
25 541.0 827.27 -460.77
6 542.0 385.07 -377.62
7 542.0 404.41 -370.23
8 542.0 519.40 -627.20
9 542.0 535.86 -622.21
10 542.0 447.03 -360.95
11 542.0 475.80 -352.13
12 542.0 258.47 -604.38
13 542.0 579.48 -609.02
14 542.0 794.49 -470.56
15 542.0 598.55 -348.63
16 542.0 561.66 -784.06
17 542.0 547.60 -788.17
18 542.0 609.42 -666.81
19 542.0 653.73 -814.30
20 542.0 555.72 -503.34
21 542.0 551.72 -490.21
22 542.0 320.98 -460.72
23 542.0 335.88 -853.99
24 542.0 354.40 -529.64
25 542.0 828.68 -454.44
6 543.0 374.42 -380.77
7 543.0 394.18 -374.73
8 543.0 512.26 -629.35
9 543.0 528.56 -624.42
10 543.0 436.14 -360.84
11 543.0 465.38 -355.36
12 543.0 256.12 -596.66
13 543.0 574.01 -610.67
14 543.0 786.62 -473.00
15 543.0 608.59 -350.88
16 543.0 567.82 -782.26
17 543.0 552.84 -786.64
18 543.0 607.25 -659.51
19 543.0 651.65 -807.43
20 543.0 557.48 -509.29
21 543.0 553.15 -494.66
22 543.0 319.04 -454.39
23 543.0 339.80 -850.65
24 543.0 350.39 -530.91
25 543.0 830.56 -446.23
6 544.0 363.87 -383.89
7 544.0 383.85 -377.98
8 544.0 505.26 -631.47
9 544.0 521.58 -626.54
10 544.0 425.48 -363.99
11 544.0 455.30 -358.48
12 544.0 253.74 -588.83
13 544.0 567.03 -612.79
14 544.0 779.65 -475.15
15 544.0 618.28 -353.04
16 544.0 573.53 -780.58
17 544.0 558.68 -784.93
18 544.0 605.03 -652.17
19 544.0 649.59 -800.63
20 544.0 559.45 -515.96
21 544.0 555.13 -501.35
22 544.0 316.84 -447.20
23 544.0 346.04 -848.78
24 544.0 343.88 -532.80
25 544.0 832.61 -437.01
6 545.0 353.42 -386.98
7 545.0 373.43 -381.06
8 545.0 498.40 -633.55
9 545.0 513.87 -628.87
10 545.0 415.53 -366.94
11 545.0 444.31 -361.75
12 545.0 251.22 -580.54
13 545.0 558.67 -615.31
14 545.0 772.42 -477.41
15 545.0 628.52 -355.41
16 545.0 579.36 -778.86
17 545.0 564.78 -783.14
18 545.0 602.79 -644.95
19 545.0 647.76 -794.57
20 545.0 561.53 -522.98
21 545.0 557.19 -508.31
22 545.0 314.88 -440.80
23 545.0 353.36 -846.59
24 545.0 337.83 -534.56
25 545.0 834.43 -428.80
6 546.0 342.84 -390.11
7 546.0 363.18 -384.09
8 546.0 491.98 -635.48
9 546.0 506.62 -631.06
10 546.0 405.24 -369.98
11 546.0 434.16 -364.75
12 546.0 248.77 -572.49
13 546.0 549.88 -617.97
14 546.0 764.84 -479.79
15 546.0 638.28 -357.69
16 546.0 585.13 -777.11
17 546.0 571.17 -781.28
18 546.0 600.34 -637.06
19 546.0 645.79 -788.07
20 546.0 563.54 -529.77
21 546.0 559.19 -515.08
22 546.0 312.78 -433.94
23 546.0 360.58 -844.42
24 546.0 331.76 -536.35
25 546.0 836.34 -420.19
6 547.0 331.85 -393.36
7 547.0 352.81 -387.16
8 547.0 484.77 -637.66
9 547.0 500.35 -632.96
10 547.0 395.92 -373.66
11 547.0 423.63 -367.87
12 547.0 248.19 -565.91
13 547.0 540.98 -620.66
14 547.0 756.70 -482.21
15 547.0 648.57 -360.10
16 547.0 590.55 -775.47
17 547.0 577.04 -779.55
18 547.0 597.81 -628.90
19 547.0 643.86 -781.69
20 547.0 565.42 -535.82
21 547.0 560.94 -520.98
22 547.0 310.98 -428.19
23 547.0 367.80 -842.26
24 547.0 325.10 -538.34
25 547.0 837.93 -413.85
6 548.0 321.24 -395.22
7 548.0 341.61 -390.47
8 548.0 477.68 -639.81
9 548.0 492.80 -635.24
10 548.0 386.66 -377.14
11 548.0 413.07 -370.99
12 548.0 254.08 -562.61
13 548.0 532.77 -623.14
14 548.0 748.45 -482.43
15 548.0 658.91 -362.51
16 548.0 596.72 -773.56
17 548.0 581.81 -778.12
18 548.0 595.51 -621.48
19 548.0 642.09 -775.83
20 548.0 567.28 -541.78
21 548.0 562.85 -527.44
22 548.0 309.38 -422.35
23 548.0 374.96 -840.11
24 548.0 319.42 -539.99
25 548.0 843.97 -407.49
6 549.0 310.44 -398.20
7 549.0 331.23 -393.54
8 549.0 471.35 -641.72
9 549.0 486.34 -637.19
10 549.0 377.07 -379.98
11 549.0 402.99 -373.98
12 549.0 261.64 -560.38
13 549.0 525.04 -625.49
14 549.0 741.11 -479.83
15 549.0 669.46 -364.98
16 549.0 602.56 -771.72
17 549.0 587.54 -776.38
18 549.0 593.29 -614.33
19 549.0 640.41 -770.03
20 549.0 569.17 -547.82
21 549.0 564.55 -533.03
22 549.0 309.79 -416.74
23 549.0 381.61 -838.12
24 549.0 312.96 -541.87
25 549.0 853.53 -403.12
6 550.0 300.41 -401.41
7 550.0 319.57 -395.48
8 550.0 464.65 -643.75
9 550.0 480.05 -639.09
10 550.0 366.79 -383.02
11 550.0 393.40 -378.49
12 550.0 269.20 -558.16
13 550.0 516.23 -628.16
14 550.0 736.19 -474.40
15 550.0 680.50 -364.32
16 550.0 608.54 -769.88
17 550.0 593.24 -774.66
18 550.0 591.00 -606.98
19 550.0 638.58 -763.94
20 550.0 571.26 -554.52
21 550.0 566.66 -539.80
22 550.0 314.16 -410.64
23 550.0 388.94 -835.93
24 550.0 306.49 -543.83
25 550.0 865.99 -402.76
6 551.0 290.08 -404.59
7 551.0 309.78 -398.41
8 551.0 457.60 -645.88
9 551.0 473.80 -640.98
10 551.0 356.43 -386.09
11 551.0 381.75 -378.60
12 551.0 277.69 -555.66
13 551.0 508.31 -630.55
14 551.0 733.26 -466.93
15 551.0 690.42 -366.69
16 551.0 614.25 -768.16
17 551.0 600.08 -772.51
18 551.0 588.63 -599.32
19 551.0 636.64 -757.43
20 551.0 573.42 -561.42
21 551.0 568.76 -546.51
22 551.0 320.85 -405.37
23 551.0 395.78 -833.88
24 551.0 299.74 -545.83
25 551.0 879.04 -402.52
6 552.0 279.52 -407.79
7 552.0 299.72 -401.63
8 552.0 450.89 -647.90
9 552.0 465.89 -643.37
10 552.0 346.72 -388.96
11 552.0 371.32 -381.68
12 552.0 285.60 -553.33
13 552.0 500.51 -632.91
14 552.0 730.90 -459.37
15 552.0 700.13 -369.02
16 552.0 620.84 -766.18
17 552.0 606.26 -770.57
18 552.0 586.19 -591.52
19 552.0 634.61 -750.57
20 552.0 575.43 -567.86
21 552.0 570.78 -552.97
22 552.0 329.87 -402.75
23 552.0 402.96 -831.73
24 552.0 293.72 -547.60
25 552.0 891.04 -405.29
6 553.0 269.17 -410.93
7 553.0 288.64 -405.03
8 553.0 443.56 -650.12
9 553.0 459.83 -645.20
10 553.0 336.67 -391.93
11 553.0 360.19 -384.98
12 553.0 293.23 -551.08
13 553.0 491.56 -635.61
14 553.0 728.22 -451.37
15 553.0 709.60 -371.27
16 553.0 626.86 -764.36
17 553.0 612.29 -768.75
18 553.0 583.91 -584.23
19 553.0 632.51 -743.65
20 553.0 577.39 -574.14
21 553.0 572.66 -558.99
22 553.0 338.64 -400.20
23 553.0 409.68 -829.71
24 553.0 287.19 -549.52
25 553.0 903.00 -408.06
6 554.0 258.83 -414.07
7 554.0 278.27 -408.17
8 554.0 436.24 -652.33
9 554.0 452.48 -647.42
10 554.0 326.49 -394.93
11 554.0 349.83 -388.04
12 554.0 301.59 -548.61
13 554.0 483.62 -638.01
14 554.0 725.11 -443.79
15 554.0 720.01 -373.74
16 554.0 631.85 -763.39
17 554.0 617.85 -767.08
18 554.0 581.51 -576.54
19 554.0 630.67 -737.61
20 554.0 579.50 -580.89
21 554.0 574.74 -565.65
22 554.0 348.29 -397.40
23 554.0 416.02 -827.80
24 554.0 280.97 -548.62
25 554.0 915.21 -411.15
6 555.0 247.98 -417.36
7 555.0 268.39 -411.17
8 555.0 429.28 -654.44
9 555.0 444.46 -649.85
10 555.0 315.96 -396.48
11 555.0 338.85 -391.29
12 555.0 309.55 -546.24
13 555.0 475.90 -640.35
14 555.0 720.13 -437.79
15 555.0 729.57 -376.03
16 555.0 635.57 -765.96
17 555.0 623.03 -765.52
18 555.0 578.95 -568.38
19 555.0 628.84 -731.60
20 555.0 581.59 -587.57
21 555.0 576.87 -572.46
22 555.0 358.21 -394.51
23 555.0 420.24 -826.55
24 555.0 275.07 -549.75
25 555.0 922.70 -413.69
6 556.0 236.96 -420.70
7 556.0 257.37 -414.51
8 556.0 422.29 -656.55
9 556.0 437.37 -651.99
10 556.0 305.77 -399.67
11 556.0 328.40 -394.38
12 556.0 317.07 -544.00
13 556.0 467.59 -642.86
14 556.0 712.59 -433.99
15 556.0 738.79 -378.97
16 556.0 637.13 -770.24
17 556.0 627.46 -764.18
18 556.0 576.44 -560.33
19 556.0 626.78 -724.81
20 556.0 583.69 -594.29
21 556.0 578.84 -578.77
22 556.0 367.01 -391.96
23 556.0 425.58 -824.35
24 556.0 268.73 -551.63
25 556.0 923.23 -413.78
6 557.0 225.91 -424.05
7 557.0 246.12 -417.92
8 557.0 414.99 -658.76
9 557.0 430.06 -654.20
10 557.0 296.04 -402.78
11 557.0 317.28 -396.07
12 557.0 325.20 -541.65
13 557.0 458.81 -645.51
14 557.0 705.06 -432.09
15 557.0 748.19 -381.93
16 557.0 638.82 -776.01
17 557.0 632.43 -763.54
18 557.0 574.02 -552.60
19 557.0 624.87 -718.45
20 557.0 585.77 -600.93
21 557.0 580.88 -585.31
22 557.0 375.80 -389.40
23 557.0 428.46 -818.55
24 557.0 262.25 -553.54
25 557.0 925.86 -415.25
6 558.0 216.55 -426.92
7 558.0 235.76 -421.07
8 558.0 407.73 -660.96
9 558.0 423.67 -656.14
10 558.0 286.48 -405.68
11 558.0 307.12 -399.23
12 558.0 333.42 -539.19
13 558.0 450.96 -647.88
14 558.0 697.75 -430.58
15 558.0 758.32 -384.14
16 558.0 640.61 -781.98
17 558.0 636.32 -767.57
18 558.0 571.46 -544.42
19 558.0 622.84 -711.72
20 558.0 587.88 -607.72
21 558.0 583.20 -592.70
22 558.0 385.26 -388.08
23 558.0 426.84 -811.35
24 558.0 255.96 -555.40
25 558.0 932.58 -419.25
6 559.0 208.07 -427.14
7 559.0 225.74 -424.10
8 559.0 401.38 -662.88
9 559.0 416.45 -658.32
10 559.0 276.01 -408.86
11 559.0 297.20 -402.43
12 559.0 339.83 -538.61
13 559.0 442.23 -650.52
14 559.0 690.40 -429.07
15 559.0 768.86 -386.44
16 559.0 642.43 -787.97
17 559.0 638.02 -773.25
18 559.0 569.06 -536.75
19 559.0 620.79 -704.90
20 559.0 589.85 -614.05
21 559.0 585.41 -599.78
22 559.0 394.13 -385.57
23 559.0 424.80 -804.48
24 559.0 251.59 -556.68
25 559.0 941.54 -424.12
6 560.0 201.94 -420.61
7 560.0 216.39 -426.95
8 560.0 394.10 -665.09
9 560.0 410.24 -660.20
10 560.0 266.46 -411.75
11 560.0 286.53 -405.67
12 560.0 343.01 -543.91
13 560.0 433.43 -653.18
14 560.0 682.42 -427.43
15 560.0 779.36 -388.73
16 560.0 644.15 -793.68
17 560.0 639.92 -779.70
18 560.0 566.73 -529.27
19 560.0 618.69 -697.93
20 560.0 591.86 -620.53
21 560.0 587.36 -606.05
22 560.0 403.71 -382.62
23 560.0 422.77 -797.65
24 560.0 246.33 -557.19
25 560.0 949.28 -425.10
6 561.0 197.53 -410.32
7 561.0 208.57 -427.22
8 561.0 389.17 -666.57
9 561.0 402.84 -662.44
10 561.0 256.06 -414.91
11 561.0 276.52 -408.70
12 561.0 345.27 -551.91
13 561.0 425.69 -655.53
14 561.0 674.51 -426.05
15 561.0 789.14 -390.86
16 561.0 645.86 -799.33
17 561.0 641.79 -785.88
18 561.0 564.50 -521.76
19 561.0 616.59 -690.96
20 561.0 593.83 -626.88
21 561.0 589.29 -612.24
22 561.0 411.05 -377.23
23 561.0 420.90 -791.36
24 561.0 243.22 -553.90
25 561.0 951.95 -424.98
6 562.0 194.64 -403.18
7 562.0 202.04 -420.87
8 562.0 383.93 -666.14
9 562.0 397.87 -663.94
10 562.0 246.44 -417.83
11 562.0 265.75 -411.97
12 562.0 347.45 -559.59
13 562.0 417.28 -658.07
14 562.0 666.85 -426.18
15 562.0 799.18 -393.14
16 562.0 647.52 -804.82
17 562.0 643.24 -790.68
18 562.0 562.05 -513.47
19 562.0 614.59 -684.24
20 562.0 595.94 -633.68
21 562.0 591.31 -618.73
22 562.0 420.50 -373.58
23 562.0 418.71 -783.96
24 562.0 241.72 -549.24
25 562.0 964.65 -428.32
6 563.0 191.58 -395.54
7 563.0 198.31 -412.19
8 563.0 381.49 -661.88
9 563.0 392.47 -665.58
10 563.0 236.40 -420.87
11 563.0 255.64 -415.03
12 563.0 349.74 -567.44
13 563.0 408.77 -660.65
14 563.0 658.71 -428.25
15 563.0 809.22 -395.44
16 563.0 649.28 -810.62
17 563.0 644.99 -796.43
18 563.0 559.93 -506.28
19 563.0 612.82 -678.27
20 563.0 597.96 -640.19
21 563.0 593.55 -625.95
22 563.0 430.30 -370.13
23 563.0 416.66 -777.08
24 563.0 239.79 -542.89
25 563.0 971.65 -432.88
6 564.0 190.01 -392.12
7 564.0 195.18 -404.53
8 564.0 379.57 -655.42
9 564.0 387.01 -666.95
10 564.0 225.91 -424.05
11 564.0 245.76 -418.03
12 564.0 352.17 -575.30
13 564.0 401.58 -662.82
14 564.0 651.92 -431.40
15 564.0 819.84 -397.80
16 564.0 651.17 -816.87
17 564.0 646.71 -802.14
18 564.0 557.61 -498.44
19 564.0 611.04 -672.28
20 564.0 600.15 -647.23
21 564.0 595.48 -632.18
22 564.0 439.24 -367.33
23 564.0 414.77 -770.72
24 564.0 237.76 -536.17
25 564.0 975.06 -435.24
6 565.0 187.22 -390.15
7 565.0 193.58 -400.52
8 565.0 377.48 -648.37
9 565.0 382.16 -663.69
10 565.0 216.42 -426.95
11 565.0 235.84 -421.04
12 565.0 354.47 -582.72
13 565.0 396.38 -664.40
14 565.0 644.81 -435.97
15 565.0 830.09 -400.03
16 565.0 653.12 -823.36
17 565.0 648.72 -808.77
18 565.0 555.81 -492.44
19 565.0 609.19 -666.02
20 565.0 602.27 -654.07
21 565.0 597.69 -639.31
22 565.0 448.19 -364.68
23 565.0 412.67 -763.64
24 565.0 235.78 -529.64
25 565.0 976.96 -433.03
6 566.0 183.85 -394.17
7 566.0 191.75 -395.95
8 566.0 375.41 -641.40
9 566.0 380.33 -657.97
10 566.0 208.34 -427.18
11 566.0 225.24 -424.25
12 566.0 356.77 -590.12
13 566.0 390.20 -666.27
14 566.0 637.68 -440.60
15 566.0 840.35 -403.63
16 566.0 654.99 -829.56
17 566.0 650.49 -814.62
18 566.0 553.74 -486.12
19 566.0 607.41 -660.03
20 566.0 604.17 -660.35
21 566.0 599.67 -645.71
22 566.0 457.67 -361.88
23 566.0 410.46 -756.20
24 566.0 233.90 -523.46
25 566.0 976.01 -428.14
6 567.0 185.99 -398.79
7 567.0 190.98 -394.03
8 567.0 373.39 -634.60
9 567.0 377.96 -649.99
10 567.0 202.40 -421.63
11 567.0 216.99 -426.77
12 567.0 359.31 -598.47
13 567.0 386.77 -667.64
14 567.0 630.97 -443.57
15 567.0 850.58 -405.71
16 567.0 656.80 -835.57
17 567.0 652.43 -821.08
18 567.0 552.88 -483.67
19 567.0 605.60 -654.03
20 567.0 606.22 -667.25
21 567.0 601.71 -652.27
22 567.0 466.55 -359.26
23 567.0 408.41 -749.28
24 567.0 231.84 -516.66
25 567.0 971.90 -425.21
6 568.0 188.44 -404.91
7 568.0 189.22 -390.75
8 568.0 371.32 -627.66
9 568.0 375.76 -642.58
10 568.0 199.04 -413.95
11 568.0 209.67 -427.40
12 568.0 361.52 -605.88
13 568.0 382.88 -671.87
14 568.0 623.43 -446.32
15 568.0 861.06 -408.18
16 568.0 658.62 -841.61
17 568.0 654.40 -827.62
18 568.0 552.75 -483.31
19 568.0 603.59 -647.52
20 568.0 608.01 -673.28
21 568.0 603.66 -658.64
22 568.0 476.35 -356.36
23 568.0 406.35 -742.52
24 568.0 229.83 -510.03
25 568.0 965.01 -421.93
6 569.0 191.35 -412.12
7 569.0 186.70 -390.77
8 569.0 369.39 -621.13
9 569.0 373.62 -635.39
10 569.0 196.11 -406.85
11 569.0 202.69 -422.10
12 569.0 363.83 -613.64
13 569.0 383.67 -679.51
14 569.0 615.45 -449.06
15 569.0 870.61 -410.42
16 569.0 660.44 -847.75
17 569.0 656.33 -834.00
18 569.0 552.66 -483.05
19 569.0 601.51 -640.82
20 569.0 609.74 -679.12
21 569.0 605.47 -664.72
22 569.0 486.14 -353.47
23 569.0 404.17 -735.41
24 569.0 228.12 -504.38
25 569.0 955.47 -421.73
6 570.0 194.32 -419.13
7 570.0 184.55 -395.49
8 570.0 367.39 -614.41
9 570.0 371.72 -628.97
10 570.0 193.05 -399.21
11 570.0 199.46 -414.95
12 570.0 366.15 -621.47
13 570.0 386.33 -688.18
14 570.0 608.10 -451.58
15 570.0 880.37 -412.68
16 570.0 662.09 -853.41
17 570.0 657.91 -839.25
18 570.0 552.65 -483.02
19 570.0 599.70 -634.98
20 570.0 611.64 -685.54
21 570.0 607.38 -671.18
22 570.0 495.08 -350.82
23 570.0 401.93 -728.12
24 570.0 226.37 -498.54
25 570.0 952.24 -421.91
6 571.0 195.85 -422.62
7 571.0 186.49 -400.03
8 571.0 365.25 -607.22
9 571.0 369.76 -622.39
10 571.0 190.76 -393.52
11 571.0 196.52 -407.86
12 571.0 368.46 -629.24
13 571.0 388.86 -696.44
14 571.0 601.05 -453.86
15 571.0 890.85 -415.11
16 571.0 663.79 -859.21
17 571.0 659.50 -844.56
18 571.0 552.65 -483.01
19 571.0 597.65 -628.36
20 571.0 613.62 -692.17
21 571.0 609.33 -677.75
22 571.0 504.38 -348.25
23 571.0 400.01 -721.85
24 571.0 224.96 -492.83
25 571.0 942.77 -416.71
6 572.0 197.93 -428.15
7 572.0 188.97 -406.24
8 572.0 363.10 -600.00
9 572.0 367.85 -615.94
10 572.0 188.90 -390.58
11 572.0 194.00 -401.58
12 572.0 370.91 -637.51
13 572.0 391.53 -705.12
14 572.0 593.40 -456.34
15 572.0 900.81 -417.41
16 572.0 665.71 -865.77
17 572.0 661.16 -850.22
18 572.0 552.65 -483.01
19 572.0 595.54 -621.57
20 572.0 615.53 -698.51
21 572.0 611.17 -683.93
22 572.0 513.55 -346.15
23 572.0 398.06 -715.50
24 572.0 225.97 -486.30
25 572.0 932.20 -412.39
6 573.0 200.72 -435.70
7 573.0 192.07 -413.85
8 573.0 360.93 -592.82
9 573.0 365.72 -608.78
10 573.0 186.54 -391.74
11 573.0 192.58 -398.02
12 573.0 373.41 -645.90
13 573.0 393.94 -712.98
14 573.0 586.30 -458.65
15 573.0 910.38 -419.73
16 573.0 667.12 -872.46
17 573.0 663.04 -856.66
18 573.0 552.65 -483.01
19 573.0 593.44 -614.83
20 573.0 617.37 -704.62
21 573.0 612.91 -689.80
22 573.0 521.64 -344.42
23 573.0 396.02 -708.87
24 573.0 223.94 -478.86
25 573.0 920.90 -408.08
6 574.0 203.80 -443.48
7 574.0 194.70 -419.96
8 574.0 358.95 -586.36
9 574.0 363.63 -601.77
10 574.0 187.48 -394.17
11 574.0 191.15 -394.45
12 574.0 375.82 -654.02
13 574.0 396.67 -721.89
14 574.0 578.39 -461.26
15 574.0 917.87 -422.18
16 574.0 664.05 -878.05
17 574.0 665.14 -863.84
18 574.0 552.65 -483.01
19 574.0 591.56 -608.78
20 574.0 619.22 -710.77
21 574.0 614.77 -695.99
22 574.0 527.60 -343.13
23 574.0 393.76 -701.50
24 574.0 221.46 -470.16
25 574.0 908.82 -404.50
6 575.0 208.60 -452.22
7 575.0 197.97 -428.27
8 575.0 356.67 -579.01
9 575.0 361.57 -594.93
10 575.0 189.50 -398.94
11 575.0 189.82 -391.76
12 575.0 377.65 -660.20
13 575.0 399.36 -730.65
14 575.0 570.87 -463.56
15 575.0 920.39 -422.97
16 575.0 657.76 -880.78
17 575.0 666.99 -870.66
18 575.0 552.65 -483.01
19 575.0 589.49 -602.10
20 575.0 621.10 -717.00
21 575.0 616.71 -702.44
22 575.0 528.50 -339.62
23 575.0 391.66 -694.64
24 575.0 219.00 -461.15
25 575.0 896.34 -401.47
6 576.0 212.10 -460.30
7 576.0 201.62 -438.14
8 576.0 354.63 -572.43
9 576.0 359.25 -587.32
10 576.0 191.97 -405.11
11 576.0 187.54 -390.14
12 576.0 378.20 -662.06
13 576.0 401.76 -738.47
14 576.0 563.29 -466.03
15 576.0 919.55 -422.64
16 576.0 651.23 -882.80
17 576.0 665.36 -876.95
18 576.0 552.65 -483.01
19 576.0 587.65 -596.21
20 576.0 622.98 -723.26
21 576.0 618.56 -708.59
22 576.0 528.73 -335.46
23 576.0 389.54 -687.74
24 576.0 217.24 -455.01
25 576.0 884.80 -398.48
6 577.0 215.00 -470.79
7 577.0 204.90 -445.79
8 577.0 352.54 -565.68
9 577.0 357.36 -581.22
10 577.0 195.07 -412.73
11 577.0 186.73 -392.79
12 577.0 378.41 -662.77
13 577.0 404.45 -747.21
14 577.0 555.14 -468.68
15 577.0 919.40 -422.58
16 577.0 644.72 -884.81
17 577.0 659.87 -880.13
18 577.0 552.65 -483.01
19 577.0 585.62 -589.72
20 577.0 624.85 -729.44
21 577.0 620.54 -715.16
22 577.0 525.37 -335.92
23 577.0 387.33 -680.56
24 577.0 216.62 -448.49
25 577.0 872.42 -395.58
6 578.0 218.12 -481.76
7 578.0 209.66 -454.04
8 578.0 350.59 -558.96
9 578.0 355.05 -573.76
10 578.0 198.01 -419.50
11 578.0 188.79 -397.18
12 578.0 378.41 -662.78
13 578.0 407.01 -755.80
14 578.0 548.17 -470.87
15 578.0 919.37 -422.57
16 578.0 638.24 -886.82
17 578.0 653.36 -882.14
18 578.0 552.65 -483.01
19 578.0 583.74 -583.71
20 578.0 626.72 -735.61
21 578.0 622.42 -721.41
22 578.0 520.20 -337.95
23 578.0 386.45 -677.69
24 578.0 219.95 -442.68
25 578.0 860.09 -392.75
6 579.0 220.96 -491.53
7 579.0 212.63 -462.07
8 579.0 348.69 -552.22
9 579.0 352.87 -566.75
10 579.0 201.35 -428.17
11 579.0 191.40 -403.70
12 579.0 378.42 -662.78
13 579.0 409.31 -763.53
14 579.0 540.79 -473.19
15 579.0 919.36 -422.57
16 579.0 632.67 -888.54
17 579.0 646.73 -884.19
18 579.0 552.65 -483.01
19 579.0 581.59 -576.82
20 579.0 628.57 -741.69
21 579.0 624.35 -727.81
22 579.0 512.87 -340.82
23 579.0 386.45 -677.69
24 579.0 226.11 -439.86
25 579.0 848.51 -390.09
6 580.0 223.46 -499.95
7 580.0 215.48 -472.55
8 580.0 346.69 -545.16
9 580.0 350.81 -559.75
10 580.0 203.99 -435.32
11 580.0 194.40 -411.12
12 580.0 378.42 -662.78
13 580.0 411.91 -772.31
14 580.0 535.34 -474.89
15 580.0 919.36 -422.57
16 580.0 626.93 -890.31
17 580.0 641.38 -885.85
18 580.0 552.65 -483.01
19 580.0 579.51 -570.18
20 580.0 630.36 -747.57
21 580.0 626.21 -733.93
22 580.0 503.60 -343.53
23 580.0 386.45 -677.68
24 580.0 234.86 -436.73
25 580.0 836.84 -387.41
6 581.0 225.96 -508.28
7 581.0 218.58 -483.35
8 581.0 344.22 -538.24
9 581.0 348.80 -552.63
10 581.0 209.59 -438.23
11 581.0 197.36 -418.07
12 581.0 378.42 -662.78
13 581.0 414.23 -780.12
14 581.0 528.18 -477.08
15 581.0 919.36 -422.57
16 581.0 620.71 -892.23
17 581.0 635.85 -887.55
18 581.0 552.65 -483.01
19 581.0 577.55 -563.89
20 581.0 632.02 -753.16
21 581.0 627.93 -739.58
22 581.0 494.05 -346.49
23 581.0 386.45 -677.68
24 581.0 243.34 -434.23
25 581.0 825.43 -384.80
6 582.0 228.23 -515.79
7 582.0 221.40 -493.05
8 582.0 339.18 -535.03
9 582.0 346.80 -545.56
10 582.0 216.64 -436.35
11 582.0 198.74 -421.25
12 582.0 378.42 -662.78
13 582.0 416.54 -787.89
14 582.0 520.77 -479.34
15 582.0 919.36 -422.57
16 582.0 614.15 -894.24
17 582.0 629.30 -889.58
18 582.0 552.65 -483.01
19 582.0 575.44 -557.14
20 582.0 631.82 -758.33
21 582.0 629.48 -744.68
22 582.0 483.20 -346.49
23 582.0 386.45 -677.68
24 582.0 251.34 -431.90
25 582.0 814.00 -382.17
6 583.0 230.79 -524.23
7 583.0 223.68 -500.70
8 583.0 331.93 -536.30
9 583.0 345.07 -540.17
10 583.0 225.11 -436.83
11 583.0 200.71 -426.46
12 583.0 378.42 -662.78
13 583.0 419.01 -796.22
14 583.0 513.68 -481.48
15 583.0 919.36 -422.57
16 583.0 608.44 -895.99
17 583.0 622.58 -891.65
18 583.0 552.65 -483.01
19 583.0 573.41 -550.65
20 583.0 626.96 -760.99
21 583.0 631.16 -750.23
22 583.0 474.24 -349.27
23 583.0 386.45 -677.68
24 583.0 259.79 -429.45
25 583.0 802.21 -379.50
6 584.0 233.23 -532.27
7 584.0 226.13 -508.86
8 584.0 325.60 -538.20
9 584.0 340.37 -535.34
10 584.0 235.93 -436.38
11 584.0 203.23 -433.26
12 584.0 378.42 -662.78
13 584.0 421.47 -804.49
14 584.0 506.16 -483.58
15 584.0 919.36 -422.57
16 584.0 603.04 -897.65
17 584.0 617.00 -893.37
18 584.0 552.65 -483.01
19 584.0 571.34 -544.02
20 584.0 621.01 -762.78
21 584.0 632.50 -755.92
22 584.0 464.83 -352.18
23 584.0 386.45 -677.68
24 584.0 267.86 -427.13
25 584.0 789.79 -376.76
6 585.0 235.47 -539.64
7 585.0 228.53 -516.78
8 585.0 318.45 -540.27
9 585.0 334.22 -535.61
10 585.0 247.69 -436.30
11 585.0 204.96 -437.60
12 585.0 378.42 -662.78
13 585.0 423.81 -812.37
14 585.0 498.50 -485.57
15 585.0 919.36 -422.57
16 585.0 597.45 -899.36
17 585.0 611.34 -895.10
18 585.0 552.65 -483.01
19 585.0 569.33 -537.60
20 585.0 615.02 -764.59
21 585.0 630.17 -759.80
22 585.0 455.57 -355.04
23 585.0 386.45 -677.68
24 585.0 276.27 -424.71
25 585.0 778.46 -374.26
6 586.0 238.02 -548.07
7 586.0 230.81 -524.28
8 586.0 311.29 -542.37
9 586.0 326.48 -537.94
10 586.0 257.79 -433.36
11 586.0 210.86 -437.94
12 586.0 378.42 -662.78
13 586.0 425.13 -818.85
14 586.0 490.65 -488.01
15 586.0 919.36 -422.57
16 586.0 591.00 -901.34
17 586.0 606.12 -896.71
18 586.0 552.65 -483.01
19 586.0 567.49 -531.72
20 586.0 609.18 -766.34
21 586.0 624.73 -761.66
22 586.0 446.02 -357.91
23 586.0 386.45 -677.68
24 586.0 284.24 -422.42
25 586.0 766.40 -373.20
6 587.0 240.27 -555.49
7 587.0 233.41 -532.87
8 587.0 303.87 -544.61
9 587.0 320.07 -539.81
10 587.0 267.93 -430.43
11 587.0 219.01 -435.57
12 587.0 378.42 -662.78
13 587.0 420.73 -823.06
14 587.0 482.59 -490.71
15 587.0 919.36 -422.57
16 587.0 584.75 -903.25
17 587.0 599.53 -898.72
18 587.0 552.65 -483.01
19 587.0 565.60 -525.48
20 587.0 602.16 -768.49
21 587.0 617.87 -763.73
22 587.0 437.08 -360.56
23 587.0 386.45 -677.68
24 587.0 292.84 -419.95
25 587.0 754.75 -370.55
6 588.0 242.70 -563.48
7 588.0 236.02 -541.45
8 588.0 297.23 -546.57
9 588.0 312.98 -541.86
10 588.0 277.83 -427.58
11 588.0 228.35 -435.67
12 588.0 378.42 -662.78
13 588.0 412.12 -825.63
14 588.0 475.13 -492.97
15 588.0 919.36 -422.57
16 588.0 579.34 -904.91
17 588.0 592.78 -900.79
18 588.0 552.65 -483.01
19 588.0 563.58 -518.62
20 588.0 596.19 -770.38
21 588.0 610.64 -765.91
22 588.0 427.44 -363.41
23 588.0 386.45 -677.68
24 588.0 300.44 -414.52
25 588.0 742.98 -367.86
6 589.0 245.01 -571.12
7 589.0 238.48 -549.57
8 589.0 290.98 -548.41
9 589.0 305.40 -544.15
10 589.0 287.88 -424.69
11 589.0 239.74 -435.27
12 589.0 378.42 -662.78
13 589.0 403.94 -828.10
14 589.0 467.66 -495.23
15 589.0 919.36 -422.57
16 589.0 573.63 -906.66
17 589.0 586.96 -902.58
18 589.0 552.65 -483.01
19 589.0 561.51 -511.62
20 589.0 589.93 -772.32
21 589.0 604.81 -767.66
22 589.0 418.08 -366.18
23 589.0 386.45 -677.68
24 589.0 309.14 -412.08
25 589.0 730.64 -365.03
6 590.0 247.46 -579.16
7 590.0 240.81 -557.25
8 590.0 284.01 -549.67
9 590.0 299.69 -545.84
10 590.0 297.98 -421.84
11 590.0 251.30 -435.25
12 590.0 378.42 -662.78
13 590.0 395.14 -830.73
14 590.0 460.41 -497.42
15 590.0 919.36 -422.57
16 590.0 567.41 -908.57
17 590.0 581.47 -904.26
18 590.0 552.65 -483.01
19 590.0 559.76 -505.72
20 590.0 583.37 -774.31
21 590.0 597.88 -769.84
22 590.0 409.12 -368.83
23 590.0 386.45 -677.68
24 590.0 317.48 -409.67
25 590.0 718.85 -362.28
6 591.0 249.73 -586.64
7 591.0 243.08 -564.75
8 591.0 276.71 -549.27
9 591.0 292.68 -547.90
10 591.0 304.09 -421.62
11 591.0 261.36 -432.32
12 591.0 378.42 -662.78
13 591.0 386.81 -833.23
14 591.0 453.17 -499.62
15 591.0 919.36 -422.57
16 591.0 561.08 -910.53
17 591.0 575.92 -905.96
18 591.0 552.65 -483.01
19 591.0 557.92 -499.51
20 591.0 577.49 -776.08
21 591.0 591.76 -771.77
22 591.0 400.13 -371.50
23 591.0 386.45 -677.68
24 591.0 326.16 -407.15
25 591.0 706.87 -359.53
6 592.0 252.25 -594.93
7 592.0 245.70 -573.37
8 592.0 269.66 -551.35
9 592.0 285.14 -549.75
10 592.0 306.38 -424.58
11 592.0 271.44 -429.42
12 592.0 378.42 -662.78
13 592.0 378.79 -835.63
14 592.0 445.09 -502.06
15 592.0 919.36 -422.57
16 592.0 554.74 -912.49
17 592.0 569.33 -907.98
18 592.0 552.65 -483.01
19 592.0 556.19 -493.67
20 592.0 571.40 -777.87
21 592.0 586.39 -773.40
22 592.0 391.32 -375.76
23 592.0 386.45 -677.68
24 592.0 334.23 -404.81
25 592.0 694.52 -356.69
6 593.0 254.73 -603.10
7 593.0 248.02 -581.02
8 593.0 262.41 -553.49
9 593.0 277.33 -549.09
10 593.0 306.86 -425.73
11 593.0 281.36 -426.57
12 593.0 378.42 -662.78
13 593.0 370.47 -838.12
14 593.0 437.46 -504.36
15 593.0 919.36 -422.57
16 593.0 548.18 -914.49
17 593.0 562.62 -910.05
18 593.0 552.65 -483.01
19 593.0 555.49 -491.47
20 593.0 564.68 -779.83
21 593.0 580.07 -775.31
22 593.0 382.41 -378.40
23 593.0 386.45 -677.68
24 593.0 342.38 -402.45
25 593.0 682.71 -353.98
6 594.0 256.93 -610.34
7 594.0 250.57 -589.42
8 594.0 255.92 -555.41
9 594.0 270.29 -551.17
10 594.0 306.97 -426.09
11 594.0 288.94 -424.39
12 594.0 378.42 -662.78
13 594.0 361.93 -840.68
14 594.0 429.90 -506.64
15 594.0 919.36 -422.57
16 594.0 542.31 -916.23
17 594.0 556.45 -911.96
18 594.0 552.65 -483.01
19 594.0 554.99 -489.94
20 594.0 558.84 -781.54
21 594.0 573.22 -777.33
22 594.0 373.14 -381.14
23 594.0 386.45 -677.68
24 594.0 351.18 -399.89
25 594.0 670.56 -351.19
6 595.0 259.21 -617.85
7 595.0 252.94 -597.20
8 595.0 251.79 -556.62
9 595.0 264.31 -552.94
10 595.0 306.98 -426.12
11 595.0 293.38 -423.11
12 595.0 378.42 -662.78
13 595.0 353.76 -843.13
14 595.0 421.69 -509.11
15 595.0 919.36 -422.57
16 595.0 536.90 -917.83
17 595.0 550.94 -913.67
18 595.0 552.65 -483.01
19 595.0 554.97 -489.86
20 595.0 552.37 -783.44
21 595.0 567.22 -779.09
22 595.0 364.08 -383.83
23 595.0 386.45 -677.68
24 595.0 359.41 -397.50
25 595.0 659.20 -348.58
6 596.0 261.62 -625.77
7 596.0 255.23 -604.75
8 596.0 246.20 -557.16
9 596.0 259.83 -554.26
10 596.0 306.98 -426.12
11 596.0 294.40 -422.83
12 596.0 378.42 -662.78
13 596.0 345.79 -845.52
14 596.0 413.75 -511.49
15 596.0 919.36 -422.57
16 596.0 530.33 -919.82
17 596.0 544.99 -915.43
18 596.0 552.65 -483.01
19 596.0 554.97 -489.86
20 596.0 546.30 -785.22
21 596.0 560.46 -781.07
22 596.0 354.28 -386.73
23 596.0 386.45 -677.68
24 596.0 367.65 -395.11
25 596.0 646.74 -345.71
6 597.0 263.88 -633.13
7 597.0 257.59 -612.50
8 597.0 242.84 -552.94
9 597.0 254.66 -555.78
10 597.0 306.98 -426.12
11 597.0 294.44 -422.81
12 597.0 378.42 -662.78
13 597.0 340.60 -847.08
14 597.0 406.77 -513.58
15 597.0 919.36 -422.57
16 597.0 524.56 -921.58
17 597.0 538.73 -917.29
18 597.0 552.65 -483.01
19 597.0 554.97 -489.86
20 597.0 539.36 -787.27
21 597.0 554.75 -782.74
22 597.0 344.60 -389.59
23 597.0 386.45 -677.68
24 597.0 375.71 -392.77
25 597.0 635.31 -343.14
6 598.0 266.34 -641.11
7 598.0 259.88 -620.05
8 598.0 240.91 -546.57
9 598.0 251.46 -556.72
10 598.0 306.98 -426.12
11 598.0 294.45 -422.81
12 598.0 378.42 -662.78
13 598.0 334.38 -847.50
14 598.0 398.86 -515.95
15 598.0 919.36 -422.57
16 598.0 519.10 -923.24
17 598.0 532.62 -919.12
18 598.0 552.65 -483.01
19 598.0 554.97 -489.86
20 598.0 532.82 -789.24
21 598.0 548.06 -784.70
22 598.0 335.39 -392.31
23 598.0 386.45 -677.68
24 598.0 384.13 -391.14
25 598.0 623.77 -340.54
6 599.0 268.73 -648.83
7 599.0 262.39 -628.27
8 599.0 238.66 -539.15
9 599.0 246.68 -557.28
10 599.0 306.98 -426.12
11 599.0 294.45 -422.81
12 599.0 378.42 -662.78
13 599.0 331.19 -842.06
14 599.0 391.50 -518.16
15 599.0 919.36 -422.57
16 599.0 512.53 -925.24
17 599.0 526.95 -920.85
18 599.0 552.65 -483.01
19 599.0 554.97 -489.86
20 599.0 526.50 -791.15
21 599.0 541.03 -786.77
22 599.0 325.82 -395.05
23 599.0 386.45 -677.68
24 599.0 393.18 -389.21
25 599.0 612.05 -337.92
6 600.0 271.06 -656.34
7 600.0 264.68 -635.71
8 600.0 236.41 -531.72
9 600.0 242.71 -552.48
10 600.0 307.65 -428.25
11 600.0 296.77 -422.17
12 600.0 379.01 -664.42
13 600.0 328.90 -834.52
14 600.0 384.53 -520.25
15 600.0 919.36 -422.57
16 600.0 505.95 -927.26
17 600.0 520.63 -922.78
18 600.0 551.74 -481.00
19 600.0 554.97 -489.86
20 600.0 519.58 -793.24
21 600.0 534.58 -788.72
22 600.0 316.05 -396.46
23 600.0 386.05 -676.40
24 600.0 401.79 -386.56
25 600.0 600.68 -335.37
6 601.0 273.30 -663.56
7 601.0 267.04 -643.36
8 601.0 234.26 -524.63
9 601.0 240.39 -544.84
10 601.0 308.91 -432.27
11 601.0 298.15 -421.79
12 601.0 380.49 -667.46
13 601.0 326.19 -825.93
14 601.0 377.49 -522.38
15 601.0 919.36 -422.57
16 601.0 500.49 -928.95
17 601.0 513.80 -924.86
18 601.0 550.04 -477.86
19 601.0 554.55 -488.57
20 601.0 513.15 -795.18
21 601.0 527.40 -790.88
22 601.0 306.86 -399.32
23 601.0 385.06 -673.27
24 601.0 410.75 -385.15
25 601.0 589.28 -332.82
6 602.0 275.78 -671.36
7 602.0 269.39 -650.94
8 602.0 232.24 -517.98
9 602.0 238.20 -537.62
10 602.0 310.88 -438.67
11 602.0 298.46 -421.71
12 602.0 380.49 -667.46
13 602.0 323.54 -817.55
14 602.0 370.02 -524.68
15 602.0 919.36 -422.57
16 602.0 494.23 -930.90
17 602.0 509.20 -926.26
18 602.0 546.19 -474.72
19 602.0 553.58 -485.66
20 602.0 506.26 -797.26
21 602.0 521.33 -792.71
22 602.0 297.28 -402.41
23 602.0 383.47 -668.22
24 602.0 418.94 -384.31
25 602.0 577.33 -330.15
6 603.0 278.21 -679.31
7 603.0 271.76 -658.61
8 603.0 230.06 -510.78
9 603.0 235.81 -529.75
10 603.0 313.26 -446.45
11 603.0 301.02 -421.21
12 603.0 380.49 -667.46
13 603.0 321.28 -809.56
14 603.0 362.60 -527.00
15 603.0 919.36 -422.57
16 603.0 488.73 -932.60
17 603.0 502.25 -928.41
18 603.0 539.82 -474.10
19 603.0 551.78 -481.08
20 603.0 499.33 -799.35
21 603.0 515.06 -794.60
22 603.0 288.32 -405.13
23 603.0 381.44 -661.71
24 603.0 427.65 -381.24
25 603.0 564.87 -327.96
6 604.0 280.56 -686.94
7 604.0 274.30 -666.78
8 604.0 227.97 -503.89
9 604.0 233.44 -521.92
10 604.0 315.38 -453.36
11 604.0 304.84 -422.28
12 604.0 381.80 -668.66
13 604.0 318.75 -801.19
14 604.0 354.64 -529.56
15 604.0 919.36 -422.57
16 604.0 483.29 -934.29
17 604.0 496.43 -930.21
18 604.0 533.93 -475.32
19 604.0 549.40 -477.12
20 604.0 493.21 -801.20
21 604.0 508.79 -796.49
22 604.0 278.70 -408.04
23 604.0 379.42 -654.93
24 604.0 435.59 -378.45
25 604.0 554.44 -331.70
6 605.0 282.89 -694.49
7 605.0 276.72 -674.44
8 605.0 226.00 -497.32
9 605.0 231.16 -514.42
10 605.0 317.77 -461.17
11 605.0 307.61 -428.13
12 605.0 385.14 -670.14
13 605.0 316.22 -792.86
14 605.0 350.32 -530.92
15 605.0 919.36 -422.57
16 605.0 477.67 -936.03
17 605.0 491.04 -931.88
18 605.0 525.94 -477.76
19 605.0 543.43 -474.20
20 605.0 487.35 -802.97
21 605.0 502.63 -798.35
22 605.0 269.73 -410.76
23 605.0 377.25 -647.62
24 605.0 444.50 -375.79
25 605.0 544.07 -333.70
6 606.0 285.24 -702.13
7 606.0 279.22 -682.61
8 606.0 225.24 -490.71
9 606.0 228.98 -507.25
10 606.0 320.14 -468.89
11 606.0 310.07 -436.00
12 606.0 391.07 -669.34
13 606.0 313.50 -783.97
14 606.0 344.29 -533.91
15 606.0 919.36 -422.57
16 606.0 472.60 -937.60
17 606.0 485.19 -933.70
18 606.0 517.72 -480.27
19 606.0 536.37 -474.71
20 606.0 481.40 -804.77
21 606.0 496.57 -800.18
22 606.0 260.08 -413.69
23 606.0 375.09 -640.34
24 606.0 452.39 -373.46
25 606.0 532.71 -336.94
6 607.0 287.80 -710.52
7 607.0 281.62 -690.38
8 607.0 224.97 -482.43
9 607.0 226.78 -499.91
10 607.0 322.44 -476.37
11 607.0 312.50 -443.97
12 607.0 399.04 -666.93
13 607.0 311.06 -776.02
14 607.0 342.33 -540.57
15 607.0 919.36 -422.57
16 607.0 468.55 -938.24
17 607.0 480.15 -935.26
18 607.0 510.43 -482.40
19 607.0 531.75 -475.99
20 607.0 475.24 -806.63
21 607.0 490.37 -802.05
22 607.0 250.37 -416.63
23 607.0 373.07 -633.54
24 607.0 460.74 -370.99
25 607.0 525.47 -339.06
6 608.0 290.12 -718.12
7 608.0 284.17 -698.68
8 608.0 222.10 -472.48
9 608.0 224.89 -492.05
10 608.0 324.60 -483.48
11 608.0 314.74 -451.28
12 608.0 406.84 -664.57
13 608.0 308.72 -768.25
14 608.0 344.08 -547.69
15 608.0 919.36 -422.57
16 608.0 464.84 -935.02
17 608.0 476.10 -936.51
18 608.0 502.30 -484.58
19 608.0 525.33 -477.95
20 608.0 468.95 -808.53
21 608.0 483.80 -804.04
22 608.0 240.79 -419.54
23 608.0 370.97 -626.46
24 608.0 469.14 -368.50
25 608.0 521.28 -340.65
6 609.0 292.37 -725.52
7 609.0 286.80 -707.24
8 609.0 219.57 -463.26
9 609.0 225.15 -483.03
10 609.0 326.92 -491.15
11 609.0 316.94 -458.45
12 609.0 414.42 -662.27
13 609.0 306.01 -759.33
14 609.0 346.32 -555.61
15 609.0 919.36 -422.57
16 609.0 463.31 -930.47
17 609.0 471.85 -937.83
18 609.0 494.86 -486.60
19 609.0 518.41 -480.06
20 609.0 462.58 -810.48
21 609.0 477.43 -805.97
22 609.0 231.21 -422.45
23 609.0 368.96 -619.70
24 609.0 477.91 -365.91
25 609.0 520.67 -341.11
6 610.0 294.83 -733.60
7 610.0 289.35 -715.61
8 610.0 217.31 -455.45
9 610.0 222.30 -473.17
10 610.0 329.40 -499.18
11 610.0 319.41 -466.53
12 610.0 422.09 -659.95
13 610.0 303.53 -751.19
14 610.0 348.54 -563.44
15 610.0 919.36 -422.57
16 610.0 461.25 -923.98
17 610.0 467.30 -937.92
18 610.0 487.62 -489.03
19 610.0 512.53 -481.80
20 610.0 456.24 -812.39
21 610.0 470.43 -808.08
22 610.0 221.90 -425.27
23 610.0 366.96 -612.97
24 610.0 486.73 -363.31
25 610.0 520.36 -341.35
6 611.0 297.19 -741.34
7 611.0 291.82 -723.73
8 611.0 216.68 -448.12
9 611.0 220.08 -465.12
10 611.0 331.66 -506.50
11 611.0 321.96 -474.80
12 611.0 430.04 -657.55
13 611.0 301.13 -743.30
14 611.0 351.05 -571.65
15 611.0 919.36 -422.57
16 611.0 459.30 -917.85
17 611.0 464.25 -933.45
18 611.0 480.12 -491.46
19 611.0 505.92 -483.64
20 611.0 449.78 -814.33
21 611.0 464.70 -809.83
22 611.0 215.18 -427.13
23 611.0 364.98 -606.28
24 611.0 494.89 -360.89
25 611.0 517.11 -341.06
6 612.0 299.43 -748.70
7 612.0 294.29 -731.83
8 612.0 220.44 -442.40
9 612.0 217.62 -456.48
10 612.0 334.14 -514.51
11 612.0 324.49 -483.11
12 612.0 437.51 -655.29
13 612.0 298.70 -735.32
14 612.0 353.25 -578.79
15 612.0 919.36 -422.57
16 612.0 457.59 -912.41
17 612.0 462.01 -926.38
18 612.0 472.07 -493.89
19 612.0 498.95 -485.45
20 612.0 443.78 -816.14
21 612.0 458.50 -811.71
22 612.0 207.01 -426.69
23 612.0 363.01 -599.70
24 612.0 502.93 -358.53
25 612.0 517.11 -341.06
6 613.0 301.89 -756.79
7 613.0 296.58 -739.35
8 613.0 227.02 -439.54
9 613.0 216.44 -449.75
10 613.0 336.27 -521.41
11 613.0 326.94 -491.21
12 613.0 445.10 -652.99
13 613.0 296.02 -726.53
14 613.0 355.63 -586.44
15 613.0 919.36 -422.57
16 613.0 455.65 -905.89
17 613.0 460.16 -920.58
18 613.0 463.82 -496.39
19 613.0 492.58 -487.37
20 613.0 437.67 -817.98
21 613.0 452.62 -813.47
22 613.0 201.86 -420.42
23 613.0 361.03 -593.13
24 613.0 511.49 -356.40
25 613.0 517.11 -341.06
6 614.0 304.29 -764.68
7 614.0 299.09 -747.61
8 614.0 235.43 -436.53
9 614.0 218.89 -443.47
10 614.0 337.89 -526.63
11 614.0 329.40 -499.19
12 614.0 453.67 -650.41
13 614.0 293.30 -717.59
14 614.0 357.82 -593.57
15 614.0 919.36 -422.57
16 614.0 453.73 -899.40
17 614.0 458.31 -914.76
18 614.0 456.38 -498.64
19 614.0 486.12 -489.53
20 614.0 432.50 -819.16
21 614.0 446.64 -815.27
22 614.0 197.79 -410.94
23 614.0 358.96 -586.37
24 614.0 520.85 -354.36
25 614.0 516.95 -342.63
6 615.0 306.78 -772.91
7 615.0 301.51 -755.54
8 615.0 245.29 -433.66
9 615.0 226.35 -439.78
10 615.0 340.19 -534.32
11 615.0 331.67 -506.53
12 615.0 461.84 -647.94
13 615.0 290.80 -709.39
14 615.0 360.14 -601.26
15 615.0 919.36 -422.57
16 615.0 452.00 -893.56
17 615.0 456.19 -907.70
18 615.0 448.43 -501.05
19 615.0 479.51 -491.64
20 615.0 428.50 -816.26
21 615.0 441.88 -816.71
22 615.0 194.88 -403.77
23 615.0 356.65 -578.95
24 615.0 529.74 -352.43
25 615.0 516.67 -345.50
6 616.0 309.25 -781.03
7 616.0 303.89 -763.36
8 616.0 254.71 -430.92
9 616.0 235.60 -436.48
10 616.0 342.40 -541.79
11 616.0 334.04 -514.19
12 616.0 469.39 -645.66
13 616.0 288.43 -701.62
14 616.0 362.52 -609.25
15 616.0 919.36 -422.57
16 616.0 450.22 -887.76
17 616.0 454.41 -901.71
18 616.0 441.21 -503.24
19 616.0 472.53 -493.76
20 616.0 426.75 -811.05
21 616.0 436.97 -818.19
22 616.0 192.19 -397.07
23 616.0 354.38 -571.61
24 616.0 538.08 -348.22
25 616.0 516.47 -350.47
6 617.0 311.67 -788.94
7 617.0 306.30 -771.33
8 617.0 264.67 -428.04
9 617.0 245.28 -433.66
10 617.0 344.49 -549.14
11 617.0 336.42 -521.89
12 617.0 477.35 -643.25
13 617.0 285.71 -692.79
14 617.0 364.66 -616.44
15 617.0 919.36 -422.57
16 617.0 448.50 -882.12
17 617.0 452.62 -895.65
18 617.0 433.32 -505.61
19 617.0 466.62 -495.54
20 617.0 424.95 -805.00
21 617.0 431.30 -818.87
22 617.0 190.21 -392.49
23 617.0 352.43 -565.32
24 617.0 545.95 -346.19
25 617.0 516.78 -357.72
6 618.0 314.13 -796.98
7 618.0 308.62 -778.97
8 618.0 274.00 -425.36
9 618.0 255.89 -430.58
10 618.0 346.47 -556.12
11 618.0 337.91 -526.71
12 618.0 485.28 -640.85
13 618.0 283.06 -684.21
14 618.0 367.06 -624.53
15 618.0 919.36 -422.57
16 618.0 446.85 -876.68
17 618.0 450.88 -889.91
18 618.0 425.42 -507.99
19 618.0 460.25 -497.47
20 618.0 423.21 -799.12
21 618.0 428.11 -815.41
22 618.0 188.20 -390.21
23 618.0 350.39 -558.23
24 618.0 554.08 -344.88
25 618.0 516.94 -365.17
6 619.0 316.43 -804.55
7 619.0 311.25 -787.57
8 619.0 283.92 -422.51
9 619.0 265.55 -427.79
10 619.0 348.62 -563.73
11 619.0 339.85 -533.16
12 619.0 493.40 -638.40
13 619.0 280.38 -675.47
14 619.0 369.26 -631.94
15 619.0 919.36 -422.57
16 619.0 445.13 -871.04
17 619.0 449.31 -884.78
18 619.0 418.21 -510.16
19 619.0 453.60 -499.48
20 619.0 421.14 -792.18
21 619.0 426.44 -810.01
22 619.0 186.55 -391.58
23 619.0 348.35 -551.05
24 619.0 563.10 -343.90
25 619.0 517.41 -373.72
6 620.0 318.58 -811.79
7 620.0 313.88 -796.17
8 620.0 293.88 -419.65
9 620.0 275.71 -424.87
10 620.0 350.82 -570.90
11 620.0 342.00 -540.45
12 620.0 500.85 -636.14
13 620.0 277.74 -667.06
14 620.0 371.69 -640.14
15 620.0 919.36 -422.57
16 620.0 443.48 -865.58
17 620.0 447.49 -878.78
18 620.0 410.48 -512.47
19 620.0 447.82 -501.24
20 620.0 419.09 -785.25
21 620.0 424.43 -803.24
22 620.0 184.61 -395.60
23 620.0 346.41 -544.16
24 620.0 571.64 -343.69
25 620.0 517.87 -382.27
6 621.0 320.95 -819.95
7 621.0 315.98 -803.09
8 621.0 303.27 -417.05
9 621.0 284.92 -422.22
10 621.0 353.20 -578.63
11 621.0 344.19 -548.09
12 621.0 508.59 -633.80
13 621.0 275.13 -658.66
14 621.0 373.98 -647.85
15 621.0 919.36 -422.57
16 621.0 441.71 -859.83
17 621.0 445.81 -873.25
18 621.0 403.22 -514.64
19 621.0 441.95 -503.01
20 621.0 417.14 -778.68
21 621.0 422.22 -795.79
22 621.0 186.43 -399.90
23 621.0 344.55 -537.77
24 621.0 580.64 -344.77
25 621.0 518.36 -391.06
6 622.0 323.37 -827.63
7 622.0 318.39 -811.15
8 622.0 312.59 -414.43
9 622.0 293.83 -419.66
10 622.0 355.46 -585.90
11 622.0 346.34 -555.69
12 622.0 516.20 -631.50
13 622.0 272.53 -650.28
14 622.0 376.39 -655.94
15 622.0 919.36 -422.57
16 622.0 439.93 -854.10
17 622.0 444.18 -867.88
18 622.0 394.94 -517.13
19 622.0 435.96 -504.81
20 622.0 415.40 -772.81
21 622.0 420.02 -788.37
22 622.0 188.78 -405.76
23 622.0 342.44 -530.64
24 622.0 589.26 -346.56
25 622.0 519.01 -399.63
6 623.0 325.97 -835.89
7 623.0 320.55 -818.68
8 623.0 322.25 -411.63
9 623.0 303.13 -417.09
10 623.0 357.62 -592.90
11 623.0 348.69 -563.95
12 623.0 524.33 -629.04
13 623.0 269.97 -642.03
14 623.0 378.38 -662.66
15 623.0 919.36 -422.57
16 623.0 438.10 -848.16
17 623.0 442.47 -862.31
18 623.0 387.66 -519.31
19 623.0 429.86 -506.65
20 623.0 413.42 -766.17
21 623.0 418.07 -781.83
22 623.0 191.70 -412.96
23 623.0 340.48 -524.18
24 623.0 598.10 -348.53
25 623.0 521.89 -408.75
6 624.0 328.21 -843.27
7 624.0 323.24 -827.21
8 624.0 332.02 -408.79
9 624.0 312.96 -414.32
10 624.0 359.83 -600.22
11 624.0 350.87 -571.08
12 624.0 531.76 -626.79
13 624.0 267.31 -633.41
14 624.0 378.22 -668.53
15 624.0 919.36 -422.57
16 624.0 436.19 -842.00
17 624.0 440.82 -856.96
18 624.0 380.03 -521.60
19 624.0 423.78 -508.48
20 624.0 411.34 -759.14
21 624.0 416.06 -775.06
22 624.0 194.67 -419.89
23 624.0 338.39 -517.42
24 624.0 607.22 -350.57
25 624.0 524.98 -417.89
6 625.0 330.79 -851.69
7 625.0 325.56 -834.58
8 625.0 341.65 -405.99
9 625.0 322.71 -411.49
10 625.0 361.96 -607.36
11 625.0 353.40 -579.26
12 625.0 539.69 -624.39
13 625.0 264.69 -624.86
14 625.0 373.31 -671.24
15 625.0 919.36 -422.57
16 625.0 434.18 -835.50
17 625.0 438.92 -850.82
18 625.0 372.67 -523.86
19 625.0 417.34 -510.41
20 625.0 409.28 -752.21
21 625.0 413.92 -767.83
22 625.0 197.68 -427.49
23 625.0 336.13 -510.12
24 625.0 616.01 -352.54
25 625.0 527.93 -426.53
6 626.0 333.24 -859.69
7 626.0 328.21 -843.26
8 626.0 351.10 -403.25
9 626.0 332.74 -408.58
10 626.0 364.03 -614.33
11 626.0 355.83 -587.09
12 626.0 547.19 -622.12
13 626.0 262.21 -616.67
14 626.0 365.52 -673.62
15 626.0 919.36 -422.57
16 626.0 432.35 -829.57
17 626.0 436.72 -843.71
18 626.0 364.47 -526.40
19 626.0 411.42 -512.18
20 626.0 407.24 -745.41
21 626.0 411.91 -761.06
22 626.0 200.38 -434.78
23 626.0 333.97 -503.13
24 626.0 624.82 -354.55
25 626.0 527.57 -435.74
6 627.0 335.80 -868.05
7 627.0 330.70 -851.41
8 627.0 361.00 -400.37
9 627.0 341.87 -405.93
10 627.0 366.24 -621.77
11 627.0 358.35 -595.33
12 627.0 555.71 -619.55
13 627.0 259.50 -607.77
14 627.0 358.16 -675.87
15 627.0 919.36 -422.57
16 627.0 430.80 -826.08
17 627.0 434.74 -837.30
18 627.0 356.58 -528.94
19 627.0 404.89 -514.14
20 627.0 405.32 -739.15
21 627.0 410.01 -754.66
22 627.0 202.78 -440.98
23 627.0 331.67 -495.68
24 627.0 633.72 -356.63
25 627.0 530.19 -444.26
6 628.0 338.23 -876.00
7 628.0 333.12 -859.30
8 628.0 370.26 -397.68
9 628.0 352.39 -402.87
10 628.0 368.47 -629.27
11 628.0 360.83 -603.56
12 628.0 563.65 -617.15
13 628.0 256.86 -599.09
14 628.0 350.66 -678.16
15 628.0 919.36 -422.57
16 628.0 426.89 -822.87
17 628.0 433.45 -833.12
18 628.0 350.93 -530.74
19 628.0 398.57 -516.04
20 628.0 403.26 -732.44
21 628.0 407.94 -747.70
22 628.0 206.65 -448.93
23 628.0 329.53 -488.75
24 628.0 642.62 -358.70
25 628.0 532.86 -452.96
6 629.0 340.65 -883.89
7 629.0 335.47 -866.98
8 629.0 379.29 -395.06
9 629.0 361.33 -400.28
10 629.0 370.59 -636.43
11 629.0 363.31 -611.90
12 629.0 571.68 -614.72
13 629.0 254.32 -590.73
14 629.0 342.11 -677.83
15 629.0 919.36 -422.57
16 629.0 421.07 -822.96
17 629.0 432.22 -829.15
18 629.0 344.09 -534.12
19 629.0 392.76 -517.78
20 629.0 401.31 -726.08
21 629.0 405.67 -740.31
22 629.0 210.90 -456.75
23 629.0 327.56 -482.19
24 629.0 651.34 -360.74
25 629.0 535.74 -462.16
6 630.0 343.12 -891.95
7 630.0 337.98 -875.18
8 630.0 388.89 -393.84
9 630.0 370.89 -397.50
10 630.0 372.98 -644.48
11 630.0 365.49 -619.22
12 630.0 579.26 -612.43
13 630.0 251.91 -582.80
14 630.0 334.02 -679.90
15 630.0 919.36 -422.57
16 630.0 415.14 -824.73
17 630.0 429.18 -824.19
18 630.0 342.37 -540.82
19 630.0 385.78 -519.88
20 630.0 399.46 -720.07
21 630.0 403.88 -734.48
22 630.0 213.22 -464.26
23 630.0 325.51 -475.45
24 630.0 659.52 -362.65
25 630.0 537.59 -469.26
6 631.0 345.40 -899.40
7 631.0 340.54 -883.53
8 631.0 397.84 -391.12
9 631.0 379.36 -395.04
10 631.0 375.18 -651.89
11 631.0 367.78 -626.96
12 631.0 582.53 -611.44
13 631.0 249.33 -574.33
14 631.0 326.00 -682.33
15 631.0 919.36 -422.57
16 631.0 408.88 -826.61
17 631.0 424.10 -822.50
18 631.0 344.30 -548.49
19 631.0 379.59 -521.74
20 631.0 397.63 -714.12
21 631.0 401.99 -728.30
22 631.0 215.81 -473.75
23 631.0 323.53 -469.04
24 631.0 667.76 -364.58
25 631.0 536.31 -474.60
6 632.0 347.78 -907.17
7 632.0 342.79 -890.90
8 632.0 407.75 -388.07
9 632.0 388.97 -393.83
10 632.0 377.21 -658.71
11 632.0 370.15 -634.94
12 632.0 583.67 -608.77
13 632.0 247.77 -567.54
14 632.0 318.09 -684.73
15 632.0 919.36 -422.57
16 632.0 403.24 -828.31
17 632.0 417.69 -823.97
18 632.0 346.53 -556.34
19 632.0 373.14 -523.72
20 632.0 395.76 -708.00
21 632.0 400.04 -721.94
22 632.0 218.44 -482.88
23 632.0 321.54 -462.55
24 632.0 676.13 -366.57
25 632.0 527.94 -477.15
6 633.0 350.13 -914.86
7 633.0 345.28 -899.01
8 633.0 417.43 -388.23
9 633.0 399.34 -390.66
10 633.0 379.41 -665.99
11 633.0 372.46 -642.72
12 633.0 580.79 -608.62
13 633.0 252.76 -563.00
14 633.0 310.91 -686.91
15 633.0 919.36 -422.57
16 633.0 397.60 -830.00
17 633.0 411.48 -825.82
18 633.0 348.72 -564.07
19 633.0 366.60 -525.73
20 633.0 393.79 -701.60
21 633.0 398.20 -715.97
22 633.0 220.80 -491.00
23 633.0 319.60 -456.20
24 633.0 685.03 -368.69
25 633.0 519.01 -479.88
6 634.0 352.57 -922.83
7 634.0 347.73 -907.01
8 634.0 427.06 -384.84
9 634.0 408.68 -387.95
10 634.0 381.82 -673.65
11 634.0 374.75 -650.44
12 634.0 575.38 -610.26
13 634.0 260.72 -560.66
14 634.0 303.04 -689.30
15 634.0 919.36 -422.57
16 634.0 391.21 -831.91
17 634.0 405.45 -827.64
18 634.0 351.01 -571.54
19 634.0 359.97 -527.85
20 634.0 391.92 -695.52
21 634.0 396.41 -710.15
22 634.0 222.73 -497.51
23 634.0 317.41 -449.07
24 634.0 693.20 -370.65
25 634.0 510.92 -482.26
6 635.0 354.88 -930.35
7 635.0 350.18 -915.01
8 635.0 436.45 -381.54
9 635.0 418.16 -387.98
10 635.0 384.11 -680.94
11 635.0 377.04 -658.14
12 635.0 567.86 -612.53
13 635.0 268.56 -558.35
14 635.0 295.74 -691.51
15 635.0 919.36 -422.57
16 635.0 384.97 -833.78
17 635.0 399.59 -829.40
18 635.0 353.45 -579.44
19 635.0 353.38 -529.96
20 635.0 389.82 -688.67
21 635.0 394.35 -703.41
22 635.0 224.89 -504.73
23 635.0 315.18 -441.77
24 635.0 701.50 -372.63
25 635.0 501.67 -484.74
6 636.0 357.46 -938.78
7 636.0 352.45 -922.42
8 636.0 445.73 -378.76
9 636.0 427.59 -384.65
10 636.0 386.48 -688.68
11 636.0 379.47 -666.19
12 636.0 560.36 -614.80
13 636.0 277.27 -555.78
14 636.0 289.73 -693.03
15 636.0 919.36 -422.57
16 636.0 379.39 -835.45
17 636.0 393.31 -831.28
18 636.0 355.76 -586.86
19 636.0 349.28 -531.24
20 636.0 387.86 -682.27
21 636.0 392.31 -696.79
22 636.0 227.03 -511.81
23 636.0 312.94 -434.46
24 636.0 710.13 -374.68
25 636.0 492.90 -487.26
6 637.0 359.99 -947.06
7 637.0 354.87 -930.35
8 637.0 455.08 -376.00
9 637.0 436.44 -381.54
10 637.0 388.81 -696.26
11 637.0 382.08 -674.46
12 637.0 552.41 -617.21
13 637.0 285.34 -553.40
14 637.0 285.05 -690.01
15 637.0 919.36 -422.57
16 637.0 373.18 -837.31
17 637.0 387.63 -832.98
18 637.0 358.25 -594.99
19 637.0 343.78 -534.45
20 637.0 385.79 -675.58
21 637.0 390.23 -690.01
22 637.0 228.93 -518.09
23 637.0 311.03 -428.33
24 637.0 718.92 -376.78
25 637.0 483.83 -490.30
6 638.0 362.52 -955.31
7 638.0 357.51 -938.96
8 638.0 464.95 -373.08
9 638.0 445.59 -378.80
10 638.0 391.08 -703.68
11 638.0 384.42 -681.95
12 638.0 544.38 -619.63
13 638.0 293.10 -551.12
14 638.0 282.89 -683.66
15 638.0 919.36 -422.57
16 638.0 366.82 -839.21
17 638.0 381.00 -834.97
18 638.0 360.74 -603.26
19 638.0 342.22 -539.75
20 638.0 383.84 -669.40
21 638.0 388.47 -684.25
22 638.0 231.07 -525.13
23 638.0 309.31 -422.05
24 638.0 727.12 -378.74
25 638.0 474.65 -493.11
6 639.0 364.89 -963.06
7 639.0 359.99 -947.04
8 639.0 473.76 -370.48
9 639.0 455.21 -375.96
10 639.0 393.28 -710.82
11 639.0 386.79 -689.68
12 639.0 536.60 -621.98
13 639.0 300.87 -548.83
14 639.0 280.42 -675.59
15 639.0 919.36 -422.57
16 639.0 361.40 -840.84
17 639.0 375.11 -836.73
18 639.0 363.00 -610.84
19 639.0 343.58 -545.92
20 639.0 381.78 -662.87
21 639.0 386.50 -677.85
22 639.0 233.25 -532.34
23 639.0 309.87 -416.61
24 639.0 735.93 -381.00
25 639.0 465.58 -495.86
6 640.0 369.77 -969.56
7 640.0 362.49 -955.20
8 640.0 482.79 -367.81
9 640.0 463.96 -373.37
10 640.0 395.63 -718.50
11 640.0 389.27 -697.76
12 640.0 528.85 -624.34
13 640.0 308.60 -546.53
14 640.0 277.96 -667.78
15 640.0 919.36 -422.57
16 640.0 355.68 -842.56
17 640.0 369.63 -838.37
18 640.0 365.23 -618.36
19 640.0 345.36 -552.23
20 640.0 379.81 -656.23
21 640.0 384.62 -671.86
22 640.0 235.26 -538.95
23 640.0 313.87 -410.72
24 640.0 744.74 -384.46
25 640.0 457.34 -498.35
6 641.0 377.07 -969.32
7 641.0 364.87 -963.00
8 641.0 492.17 -365.04
9 641.0 472.82 -370.76
10 641.0 397.93 -726.00
11 641.0 391.61 -705.41
12 641.0 521.23 -626.65
13 641.0 316.44 -544.18
14 641.0 275.57 -660.07
15 641.0 919.36 -422.57
16 641.0 349.13 -844.52
17 641.0 364.32 -839.96
18 641.0 367.38 -625.60
19 641.0 347.25 -558.87
20 641.0 377.91 -649.82
21 641.0 382.55 -665.30
22 641.0 237.21 -545.37
23 641.0 321.13 -408.61
24 641.0 753.93 -386.46
25 641.0 448.95 -500.89
6 642.0 384.90 -967.00
7 642.0 368.47 -968.82
8 642.0 500.91 -362.46
9 642.0 482.44 -367.91
10 642.0 400.29 -733.67
11 642.0 394.13 -713.59
12 642.0 513.78 -628.90
13 642.0 325.31 -541.62
14 642.0 273.04 -651.92
15 642.0 919.36 -422.57
16 642.0 342.79 -846.42
17 642.0 357.51 -842.00
18 642.0 369.61 -633.12
19 642.0 349.01 -565.05
20 642.0 376.09 -643.72
21 642.0 380.47 -658.45
22 642.0 239.35 -552.44
23 642.0 329.97 -402.72
24 642.0 762.11 -388.24
25 642.0 440.66 -503.40
6 643.0 392.60 -964.71
7 643.0 376.22 -969.57
8 643.0 509.75 -360.10
9 643.0 490.94 -365.40
10 643.0 402.48 -740.80
11 643.0 396.32 -720.73
12 643.0 505.68 -631.34
13 643.0 333.60 -539.14
14 643.0 270.53 -643.82
15 643.0 919.36 -422.57
16 643.0 338.37 -847.68
17 643.0 351.25 -843.89
18 643.0 371.79 -640.45
19 643.0 351.14 -571.95
20 643.0 374.13 -637.11
21 643.0 378.67 -652.38
22 643.0 241.39 -559.16
23 643.0 339.68 -399.89
24 643.0 771.18 -390.22
25 643.0 431.63 -506.12
6 644.0 400.95 -962.23
7 644.0 384.47 -967.12
8 644.0 514.57 -359.67
9 644.0 499.85 -362.77
10 644.0 404.81 -748.38
11 644.0 398.76 -728.70
12 644.0 497.72 -633.75
13 644.0 340.02 -538.66
14 644.0 268.26 -636.49
15 644.0 920.06 -422.86
16 644.0 333.54 -846.77
17 644.0 347.19 -845.10
18 644.0 374.02 -647.99
19 644.0 353.15 -578.45
20 644.0 372.24 -630.72
21 644.0 376.78 -646.03
22 644.0 243.65 -566.62
23 644.0 349.56 -397.03
24 644.0 779.62 -392.06
25 644.0 422.76 -508.79
6 645.0 409.14 -959.80
7 645.0 393.15 -964.55
8 645.0 519.96 -363.55
9 645.0 504.71 -361.38
10 645.0 407.02 -755.83
11 645.0 401.05 -736.16
12 645.0 489.38 -636.27
13 645.0 343.29 -544.89
14 645.0 265.98 -629.06
15 645.0 924.28 -424.58
16 645.0 331.42 -842.82
17 645.0 341.75 -846.73
18 645.0 376.18 -655.25
19 645.0 355.02 -584.48
20 645.0 370.48 -624.80
21 645.0 374.86 -639.58
22 645.0 245.83 -573.80
23 645.0 358.72 -394.37
24 645.0 788.27 -393.94
25 645.0 414.00 -511.41
6 646.0 416.73 -957.55
7 646.0 400.74 -962.29
8 646.0 520.36 -369.19
9 646.0 509.60 -360.14
10 646.0 409.29 -763.49
11 646.0 403.33 -743.58
12 646.0 480.99 -638.81
13 646.0 345.81 -553.79
14 646.0 263.74 -621.73
15 646.0 929.68 -427.17
16 646.0 329.49 -836.47
17 646.0 337.65 -847.79
18 646.0 377.67 -660.28
19 646.0 356.84 -590.34
20 646.0 368.45 -617.98
21 646.0 373.02 -633.35
22 646.0 247.92 -580.70
23 646.0 367.69 -391.76
24 646.0 796.60 -395.83
25 646.0 405.74 -513.89
6 647.0 424.98 -955.10
7 647.0 407.90 -960.17
8 647.0 520.76 -376.43
9 647.0 514.15 -359.57
10 647.0 411.33 -770.35
11 647.0 405.56 -750.90
12 647.0 472.87 -641.26
13 647.0 348.19 -562.21
14 647.0 261.29 -613.65
15 647.0 936.01 -431.65
16 647.0 327.55 -830.25
17 647.0 332.74 -845.97
18 647.0 378.12 -661.77
19 647.0 358.71 -596.52
20 647.0 366.44 -611.20
21 647.0 370.90 -626.24
22 647.0 250.18 -588.13
23 647.0 377.05 -389.04
24 647.0 805.22 -397.80
25 647.0 397.19 -516.45
6 648.0 432.43 -952.89
7 648.0 415.71 -957.85
8 648.0 521.17 -383.91
9 648.0 516.75 -363.16
10 648.0 413.54 -777.79
11 648.0 407.93 -758.91
12 648.0 464.27 -643.86
13 648.0 350.59 -570.17
14 648.0 259.03 -606.24
15 648.0 942.66 -437.99
16 648.0 325.62 -824.12
17 648.0 330.82 -840.85
18 648.0 378.27 -662.29
19 648.0 360.57 -602.69
20 648.0 364.52 -604.74
21 648.0 368.74 -618.94
22 648.0 252.26 -594.95
23 648.0 386.66 -387.80
24 648.0 814.49 -399.93
25 648.0 388.58 -519.03
6 649.0 440.82 -950.40
7 649.0 423.46 -955.55
8 649.0 521.58 -391.54
9 649.0 520.26 -367.31
10 649.0 415.73 -785.16
11 649.0 410.25 -766.69
12 649.0 456.58 -646.18
13 649.0 353.10 -578.29
14 649.0 256.59 -598.21
15 649.0 949.74 -445.23
16 649.0 323.65 -817.91
17 649.0 328.82 -834.27
18 649.0 378.41 -662.78
19 649.0 362.38 -608.76
20 649.0 362.72 -598.71
21 649.0 366.93 -612.85
22 649.0 254.30 -601.68
23 649.0 395.97 -385.00
24 649.0 822.83 -401.69
25 649.0 380.53 -521.45
6 650.0 449.07 -947.95
7 650.0 431.27 -953.24
8 650.0 522.16 -399.06
9 650.0 520.67 -374.85
10 650.0 417.92 -792.53
11 650.0 412.36 -773.82
12 650.0 448.39 -648.66
13 650.0 355.59 -586.31
14 650.0 254.38 -590.95
15 650.0 956.13 -451.70
16 650.0 321.81 -811.43
17 650.0 326.57 -827.13
18 650.0 378.41 -662.78
19 650.0 364.21 -614.92
20 650.0 360.62 -591.80
21 650.0 365.32 -607.44
22 650.0 256.32 -608.33
23 650.0 405.87 -381.96
24 650.0 829.26 -403.21
25 650.0 372.23 -524.00
6 651.0 455.70 -945.97
7 651.0 439.49 -950.80
8 651.0 524.17 -405.45
9 651.0 521.09 -382.43
10 651.0 420.22 -800.29
11 651.0 414.78 -781.95
12 651.0 439.92 -651.22
13 651.0 358.12 -594.57
14 651.0 252.00 -583.11
15 651.0 961.70 -457.36
16 651.0 320.07 -805.52
17 651.0 324.44 -820.39
18 651.0 378.42 -662.78
19 651.0 366.25 -621.80
20 651.0 358.64 -585.34
21 651.0 363.10 -600.00
22 651.0 258.42 -615.23
23 651.0 413.93 -375.90
24 651.0 833.17 -408.31
25 651.0 364.06 -526.54
6 652.0 462.46 -943.08
7 652.0 446.83 -948.61
8 652.0 526.52 -412.50
9 652.0 521.54 -390.79
10 652.0 422.56 -808.18
11 652.0 417.05 -789.61
12 652.0 431.64 -653.72
13 652.0 360.75 -603.28
14 652.0 249.61 -575.24
15 652.0 967.33 -463.08
16 652.0 318.13 -799.14
17 652.0 322.66 -814.46
18 652.0 378.42 -662.78
19 652.0 368.25 -628.54
20 652.0 356.62 -578.85
21 652.0 361.10 -593.37
22 652.0 260.47 -621.99
23 652.0 423.29 -372.60
24 652.0 834.46 -413.96
25 652.0 355.33 -529.34
6 653.0 464.65 -935.52
7 653.0 453.69 -946.57
8 653.0 528.66 -418.77
9 653.0 522.06 -398.39
10 653.0 424.81 -815.75
11 653.0 419.50 -797.87
12 653.0 423.98 -656.04
13 653.0 363.23 -611.61
14 653.0 247.47 -568.20
15 653.0 973.12 -468.80
16 653.0 316.34 -793.25
17 653.0 320.83 -808.02
18 653.0 378.42 -662.78
19 653.0 370.10 -634.76
20 653.0 354.55 -572.17
21 653.0 359.32 -587.53
22 653.0 262.51 -628.66
23 653.0 433.06 -369.16
24 653.0 833.13 -419.91
25 653.0 350.09 -530.99
6 654.0 462.46 -927.79
7 654.0 457.65 -945.40
8 654.0 531.14 -426.00
9 654.0 524.48 -406.39
10 654.0 427.17 -823.54
11 654.0 421.92 -806.02
12 654.0 415.63 -658.57
13 654.0 365.66 -619.82
14 654.0 245.14 -560.52
15 654.0 978.15 -473.72
16 654.0 314.46 -787.13
17 654.0 318.84 -801.46
18 654.0 378.42 -662.78
19 654.0 371.82 -640.57
20 654.0 352.65 -566.02
21 654.0 357.05 -580.23
22 654.0 264.63 -635.55
23 654.0 442.82 -366.27
24 654.0 831.79 -425.93
25 654.0 342.48 -533.21
6 655.0 459.92 -919.79
7 655.0 463.02 -942.46
8 655.0 530.47 -433.41
9 655.0 526.85 -413.47
10 655.0 429.47 -831.10
11 655.0 424.29 -814.01
12 655.0 407.17 -661.13
13 655.0 368.30 -628.71
14 655.0 242.66 -552.33
15 655.0 983.21 -478.66
16 655.0 312.55 -780.89
17 655.0 317.13 -795.86
18 655.0 378.42 -662.78
19 655.0 373.76 -647.11
20 655.0 350.68 -559.28
21 655.0 355.28 -574.52
22 655.0 266.74 -642.39
23 655.0 452.03 -363.55
24 655.0 830.36 -432.37
25 655.0 333.23 -535.91
6 656.0 457.42 -911.82
7 656.0 464.58 -935.07
8 656.0 532.48 -440.82
9 656.0 529.24 -420.45
10 656.0 431.84 -838.76
11 656.0 426.57 -821.56
12 656.0 399.71 -663.39
13 656.0 370.64 -636.60
14 656.0 240.36 -544.76
15 656.0 988.41 -483.74
16 656.0 310.90 -775.49
17 656.0 315.06 -789.08
18 656.0 378.42 -662.78
19 656.0 375.60 -653.31
20 656.0 348.78 -552.57
21 656.0 353.30 -568.12
22 656.0 268.81 -649.07
23 656.0 461.26 -360.82
24 656.0 828.96 -438.65
25 656.0 325.16 -538.33
6 657.0 455.19 -904.32
7 657.0 462.46 -927.81
8 657.0 534.54 -447.51
9 657.0 531.37 -427.54
10 657.0 434.31 -846.75
11 657.0 428.95 -829.42
12 657.0 391.12 -665.99
13 657.0 372.64 -643.31
14 657.0 238.04 -537.09
15 657.0 995.08 -487.82
16 657.0 308.91 -768.88
17 657.0 313.34 -783.46
18 657.0 378.42 -662.78
19 657.0 376.17 -655.20
20 657.0 346.93 -546.00
21 657.0 351.39 -561.79
22 657.0 270.89 -655.79
23 657.0 470.49 -358.09
24 657.0 827.85 -443.69
25 657.0 317.02 -540.69
6 658.0 452.92 -896.65
7 658.0 459.97 -919.97
8 658.0 536.70 -454.53
9 658.0 530.83 -435.45
10 658.0 436.72 -854.54
11 658.0 431.24 -836.84
12 658.0 386.59 -667.72
13 658.0 373.88 -647.49
14 658.0 235.89 -530.02
15 658.0 999.04 -494.50
16 658.0 306.94 -762.41
17 658.0 311.45 -777.31
18 658.0 378.42 -662.78
19 658.0 376.25 -655.50
20 658.0 346.04 -542.85
21 658.0 349.48 -555.05
22 658.0 272.82 -662.02
23 658.0 480.17 -355.23
24 658.0 826.40 -450.04
25 658.0 307.83 -543.42
6 659.0 450.37 -888.24
7 659.0 457.43 -911.85
8 659.0 538.65 -460.75
9 659.0 533.20 -443.16
10 659.0 438.87 -861.51
11 659.0 433.48 -844.06
12 659.0 382.77 -672.30
13 659.0 374.10 -648.25
14 659.0 233.45 -521.97
15 659.0 1005.64 -499.33
16 659.0 304.93 -755.80
17 659.0 309.41 -770.54
18 659.0 378.42 -662.78
19 659.0 376.27 -655.56
20 659.0 344.61 -537.98
21 659.0 348.40 -551.22
22 659.0 274.76 -668.27
23 659.0 489.60 -352.44
24 659.0 825.08 -455.82
25 659.0 299.28 -545.96
6 660.0 448.07 -880.69
7 660.0 455.14 -904.14
8 660.0 539.25 -462.68
9 660.0 535.62 -451.04
10 660.0 441.01 -868.47
11 660.0 435.80 -851.58
12 660.0 383.93 -680.38
13 660.0 374.12 -648.32
14 660.0 231.19 -514.50
15 660.0 1010.96 -503.97
16 660.0 303.23 -750.21
17 660.0 307.62 -764.64
18 660.0 378.42 -662.78
19 660.0 376.28 -655.58
20 660.0 342.78 -531.78
21 660.0 347.11 -546.66
22 660.0 276.91 -675.04
23 660.0 498.96 -349.69
24 660.0 824.09 -461.90
25 660.0 290.70 -548.49
6 661.0 445.75 -873.07
7 661.0 452.71 -895.95
8 661.0 539.41 -463.20
9 661.0 536.90 -455.17
10 661.0 443.33 -876.10
11 661.0 438.01 -858.72
12 661.0 386.54 -688.87
13 661.0 374.14 -648.37
14 661.0 228.83 -506.76
15 661.0 1013.40 -512.69
16 661.0 301.34 -743.99
17 661.0 305.92 -759.05
18 661.0 378.42 -662.78
19 661.0 376.28 -655.59
20 661.0 340.85 -525.36
21 661.0 345.79 -541.98
22 661.0 279.02 -681.94
23 661.0 508.58 -347.22
24 661.0 825.47 -467.57
25 661.0 282.25 -549.06
6 662.0 443.43 -865.42
7 662.0 450.44 -888.48
8 662.0 539.44 -463.31
9 662.0 537.15 -455.96
10 662.0 445.41 -882.96
11 662.0 440.54 -866.93
12 662.0 388.96 -696.77
13 662.0 374.15 -648.40
14 662.0 226.53 -499.09
15 662.0 1016.28 -523.13
16 662.0 299.33 -737.41
17 662.0 303.82 -752.15
18 662.0 378.42 -662.78
19 662.0 376.28 -655.59
20 662.0 339.03 -519.49
21 662.0 343.94 -535.70
22 662.0 281.24 -689.14
23 662.0 517.54 -345.30
24 662.0 828.36 -473.68
25 662.0 273.40 -550.25
6 663.0 441.21 -858.22
7 663.0 447.90 -880.13
8 663.0 539.45 -463.31
9 663.0 537.18 -456.06
10 663.0 447.71 -890.50
11 663.0 442.57 -873.61
12 663.0 391.60 -705.36
13 663.0 374.15 -648.40
14 663.0 225.04 -491.28
15 663.0 1021.21 -535.34
16 663.0 297.54 -731.52
17 663.0 301.70 -745.20
18 663.0 378.42 -662.78
19 663.0 376.28 -655.59
20 663.0 337.10 -513.24
21 663.0 341.91 -528.86
22 663.0 283.33 -695.92
23 663.0 525.24 -343.64
24 663.0 830.26 -479.64
25 663.0 265.20 -552.67
6 664.0 438.95 -850.91
7 664.0 445.50 -872.24
8 664.0 539.45 -463.31
9 664.0 537.19 -456.10
10 664.0 450.06 -898.26
11 664.0 444.95 -881.46
12 664.0 393.96 -713.05
13 664.0 374.15 -648.40
14 664.0 224.99 -482.50
15 664.0 1023.54 -547.76
16 664.0 295.59 -725.11
17 664.0 300.17 -740.16
18 664.0 378.42 -662.78
19 664.0 376.28 -655.59
20 664.0 335.00 -506.46
21 664.0 339.99 -522.61
22 664.0 285.58 -703.25
23 664.0 527.96 -341.73
24 664.0 832.31 -486.35
25 664.0 256.29 -555.30
6 665.0 436.50 -842.98
7 665.0 443.21 -864.71
8 665.0 539.45 -463.31
9 665.0 537.21 -456.15
10 665.0 452.29 -905.79
11 665.0 447.17 -888.74
12 665.0 396.42 -721.06
13 665.0 374.15 -648.40
14 665.0 221.86 -471.60
15 665.0 1027.14 -559.70
16 665.0 293.93 -719.67
17 665.0 298.31 -734.06
18 665.0 378.42 -662.78
19 665.0 376.28 -655.59
20 665.0 332.83 -499.45
21 665.0 337.88 -515.78
22 665.0 287.52 -709.61
23 665.0 528.74 -338.75
24 665.0 834.30 -492.84
25 665.0 251.70 -556.65
6 666.0 434.10 -835.24
7 666.0 440.60 -856.26
8 666.0 539.45 -463.31
9 666.0 537.21 -456.15
10 666.0 454.38 -912.82
11 666.0 449.71 -897.08
12 666.0 398.83 -728.93
13 666.0 374.15 -648.40
14 666.0 218.97 -461.05
15 666.0 1030.91 -572.08
16 666.0 291.96 -713.20
17 666.0 296.60 -728.43
18 666.0 378.42 -662.78
19 666.0 376.28 -655.59
20 666.0 330.90 -493.20
21 666.0 335.57 -508.29
22 666.0 289.44 -715.89
23 666.0 528.20 -335.14
24 666.0 836.28 -499.31
25 666.0 245.76 -557.05
6 667.0 432.41 -829.77
7 667.0 437.98 -847.78
8 667.0 539.45 -463.31
9 667.0 537.21 -456.15
10 667.0 456.70 -920.23
11 667.0 451.88 -904.39
12 667.0 401.34 -737.10
13 667.0 374.15 -648.40
14 667.0 216.88 -453.17
15 667.0 1034.58 -584.03
16 667.0 290.29 -707.70
17 667.0 294.50 -721.54
18 667.0 378.42 -662.78
19 667.0 376.28 -655.59
20 667.0 328.99 -486.95
21 667.0 333.69 -502.20
22 667.0 291.70 -723.31
23 667.0 523.95 -336.48
24 667.0 838.31 -505.93
25 667.0 242.45 -551.64
6 668.0 433.06 -823.51
7 668.0 435.67 -840.30
8 668.0 539.45 -463.31
9 668.0 537.21 -456.15
10 668.0 458.94 -927.28
11 668.0 454.06 -911.76
12 668.0 403.91 -745.45
13 668.0 374.15 -648.40
14 668.0 218.18 -444.50
15 668.0 1038.45 -596.61
16 668.0 289.58 -702.48
17 668.0 292.83 -716.03
18 668.0 378.42 -662.78
19 668.0 376.28 -655.59
20 668.0 327.20 -481.00
21 668.0 331.67 -495.69
22 668.0 293.94 -730.69
23 668.0 518.48 -338.62
24 668.0 840.08 -511.71
25 668.0 240.15 -544.06
6 669.0 438.55 -821.05
7 669.0 433.44 -833.11
8 669.0 539.45 -463.31
9 669.0 537.21 -456.15
10 669.0 460.61 -932.54
11 669.0 456.17 -918.57
12 669.0 406.34 -753.54
13 669.0 374.15 -648.40
14 669.0 224.72 -440.36
15 669.0 1042.32 -609.16
16 669.0 292.17 -699.49
17 669.0 291.36 -711.23
18 669.0 378.42 -662.78
19 669.0 376.28 -655.59
20 669.0 325.05 -473.97
21 669.0 329.85 -489.81
22 669.0 296.09 -737.75
23 669.0 511.50 -341.27
24 669.0 842.26 -518.51
25 669.0 237.53 -535.41
6 670.0 446.72 -818.59
7 670.0 431.88 -827.31
8 670.0 539.45 -463.31
9 670.0 537.21 -456.15
10 670.0 463.82 -939.42
11 670.0 458.05 -924.50
12 670.0 408.79 -761.78
13 670.0 374.15 -648.40
14 670.0 234.55 -436.84
15 670.0 1046.15 -621.62
16 670.0 296.28 -698.03
17 670.0 290.22 -707.47
18 670.0 378.42 -662.78
19 670.0 376.28 -655.59
20 670.0 323.18 -467.89
21 670.0 327.63 -482.43
22 670.0 298.18 -744.60
23 670.0 502.85 -343.77
24 670.0 842.32 -524.16
25 670.0 234.81 -526.46
6 671.0 454.25 -816.32
7 671.0 435.42 -822.08
8 671.0 539.45 -463.31
9 671.0 537.21 -456.15
10 671.0 469.97 -941.41
11 671.0 460.35 -931.73
12 671.0 411.07 -769.47
13 671.0 374.15 -648.40
14 671.0 244.59 -433.86
15 671.0 1048.66 -629.78
16 671.0 302.78 -696.06
17 671.0 289.42 -703.05
18 671.0 378.42 -662.78
19 671.0 376.28 -655.59
20 671.0 321.04 -460.91
21 671.0 325.87 -476.62
22 671.0 300.37 -751.81
23 671.0 493.44 -346.68
24 671.0 840.91 -530.05
25 671.0 232.22 -517.91
6 672.0 462.07 -813.97
7 672.0 441.48 -820.17
8 672.0 539.45 -463.31
9 672.0 537.21 -456.15
10 672.0 476.64 -939.70
11 672.0 462.66 -937.90
12 672.0 413.43 -777.43
13 672.0 374.15 -648.40
14 672.0 254.62 -430.95
15 672.0 1047.82 -634.96
16 672.0 309.38 -694.05
17 672.0 292.29 -699.44
18 672.0 378.42 -662.78
19 672.0 376.28 -655.59
20 672.0 318.95 -454.09
21 672.0 323.71 -469.62
22 672.0 302.44 -758.61
23 672.0 483.04 -346.55
24 672.0 843.07 -535.63
25 672.0 229.77 -509.83
6 673.0 470.39 -811.43
7 673.0 449.80 -817.66
8 673.0 539.45 -463.31
9 673.0 537.21 -456.15
10 673.0 484.50 -937.26
11 673.0 468.14 -941.55
12 673.0 415.87 -785.62
13 673.0 374.15 -648.40
14 673.0 264.28 -424.82
15 673.0 1042.23 -637.52
16 673.0 315.34 -692.25
17 673.0 296.96 -697.82
18 673.0 378.42 -662.78
19 673.0 376.28 -655.59
20 673.0 316.91 -447.42
21 673.0 321.62 -462.80
22 673.0 304.63 -765.80
23 673.0 473.80 -349.40
24 673.0 847.45 -536.98
25 673.0 227.09 -500.96
6 674.0 477.97 -809.14
7 674.0 457.39 -815.38
8 674.0 539.45 -463.31
9 674.0 537.21 -456.15
10 674.0 491.80 -935.00
11 674.0 475.86 -939.94
12 674.0 418.42 -794.23
13 674.0 374.15 -648.40
14 674.0 274.61 -421.85
15 674.0 1035.34 -639.60
16 674.0 321.59 -690.35
17 674.0 303.59 -695.81
18 674.0 378.42 -662.78
19 674.0 376.28 -655.59
20 674.0 315.10 -441.53
21 674.0 319.49 -455.86
22 674.0 306.57 -772.19
23 674.0 463.90 -352.46
24 674.0 852.09 -535.85
25 674.0 224.91 -492.19
6 675.0 485.36 -806.91
7 675.0 466.05 -812.76
8 675.0 539.45 -463.31
9 675.0 537.21 -456.15
10 675.0 499.53 -932.60
11 675.0 483.46 -937.59
12 675.0 420.88 -802.51
13 675.0 374.15 -648.40
14 675.0 285.01 -418.86
15 675.0 1028.38 -641.70
16 675.0 328.12 -688.37
17 675.0 310.54 -693.70
18 675.0 378.42 -662.78
19 675.0 376.28 -655.59
20 675.0 313.11 -435.02
21 675.0 317.59 -449.66
22 675.0 308.69 -779.22
23 675.0 454.48 -355.38
24 675.0 854.41 -530.87
25 675.0 224.97 -482.41
6 676.0 493.60 -804.42
7 676.0 473.92 -810.37
8 676.0 539.45 -463.31
9 676.0 537.21 -456.15
10 676.0 507.47 -930.14
11 676.0 491.37 -935.13
12 676.0 423.36 -810.86
13 676.0 374.15 -648.40
14 676.0 295.05 -416.00
15 676.0 1021.13 -643.88
16 676.0 333.52 -686.73
17 676.0 317.80 -691.50
18 676.0 378.42 -662.78
19 676.0 376.28 -655.59
20 676.0 310.99 -428.22
21 676.0 315.75 -443.64
22 676.0 310.83 -786.21
23 676.0 445.00 -358.22
24 676.0 859.09 -528.05
25 676.0 221.66 -470.89
6 677.0 500.89 -802.23
7 677.0 481.78 -807.99
8 677.0 539.45 -463.31
9 677.0 537.21 -456.15
10 677.0 515.49 -927.69
11 677.0 498.60 -932.89
12 677.0 425.05 -817.19
13 677.0 374.15 -648.40
14 677.0 304.89 -413.27
15 677.0 1013.81 -646.09
16 677.0 339.83 -684.82
17 677.0 324.45 -689.48
18 677.0 378.42 -662.78
19 677.0 376.28 -655.59
20 677.0 310.03 -425.14
21 677.0 313.71 -436.98
22 677.0 312.86 -792.84
23 677.0 435.86 -360.92
24 677.0 865.91 -525.95
25 677.0 218.26 -458.57
6 678.0 508.75 -799.85
7 678.0 490.11 -805.48
8 678.0 539.45 -463.31
9 678.0 537.21 -456.15
10 678.0 523.15 -925.36
11 678.0 506.86 -930.33
12 678.0 422.54 -822.28
13 678.0 374.15 -648.40
14 678.0 314.76 -410.46
15 678.0 1006.44 -648.32
16 678.0 346.18 -682.88
17 678.0 331.45 -687.36
18 678.0 378.42 -662.78
19 678.0 376.28 -655.59
20 678.0 309.08 -419.74
21 678.0 312.45 -432.85
22 678.0 314.97 -799.76
23 678.0 426.11 -363.81
24 678.0 872.26 -524.00
25 678.0 216.52 -449.25
6 679.0 516.37 -797.55
7 679.0 497.86 -803.14
8 679.0 539.45 -463.31
9 679.0 537.21 -456.15
10 679.0 530.21 -923.20
11 679.0 514.61 -927.96
12 679.0 416.48 -824.33
13 679.0 374.15 -648.40
14 679.0 325.74 -407.28
15 679.0 1002.01 -649.67
16 679.0 352.59 -680.92
17 679.0 337.29 -685.59
18 679.0 378.42 -662.78
19 679.0 376.28 -655.59
20 679.0 311.97 -414.79
21 679.0 310.96 -428.12
22 679.0 317.04 -806.57
23 679.0 416.42 -366.67
24 679.0 878.68 -522.02
25 679.0 221.88 -441.59
6 680.0 524.38 -795.13
7 680.0 505.43 -800.85
8 680.0 539.45 -463.31
9 680.0 537.21 -456.15
10 680.0 537.26 -921.05
11 680.0 521.70 -925.80
12 680.0 409.00 -826.57
13 680.0 374.15 -648.40
14 680.0 336.47 -404.16
15 680.0 996.10 -651.61
16 680.0 358.10 -679.24
17 680.0 343.64 -683.66
18 680.0 378.42 -662.78
19 680.0 376.28 -655.59
20 680.0 316.94 -413.17
21 680.0 309.25 -421.73
22 680.0 319.11 -813.68
23 680.0 406.76 -369.53
24 680.0 885.26 -519.99
25 680.0 229.09 -435.40
6 681.0 531.78 -792.90
7 681.0 513.17 -798.52
8 681.0 539.45 -463.31
9 681.0 537.21 -456.15
10 681.0 544.44 -918.93
11 681.0 528.75 -923.65
12 681.0 401.02 -828.97
13 681.0 374.15 -648.40
14 681.0 347.30 -401.02
15 681.0 988.27 -653.46
16 681.0 364.39 -677.31
17 681.0 350.02 -681.70
18 681.0 378.42 -662.78
19 681.0 376.28 -655.59
20 681.0 323.60 -411.24
21 681.0 309.82 -416.69
22 681.0 321.31 -821.10
23 681.0 397.66 -372.47
24 681.0 889.84 -518.58
25 681.0 239.84 -431.92
6 682.0 539.88 -790.46
7 682.0 521.19 -796.10
8 682.0 539.45 -463.31
9 682.0 537.21 -456.15
10 682.0 551.68 -916.78
11 682.0 535.98 -921.44
12 682.0 392.91 -831.40
13 682.0 374.15 -648.40
14 682.0 358.24 -397.84
15 682.0 981.58 -655.83
16 682.0 370.06 -675.58
17 682.0 355.64 -679.99
18 682.0 378.42 -662.78
19 682.0 376.28 -655.59
20 682.0 332.57 -408.63
21 682.0 315.63 -413.55
22 682.0 323.36 -827.58
23 682.0 389.11 -376.42
24 682.0 896.28 -516.62
25 682.0 251.08 -428.65
6 683.0 547.15 -788.30
7 683.0 529.10 -793.71
8 683.0 539.45 -463.31
9 683.0 537.21 -456.15
10 683.0 558.52 -914.67
11 683.0 543.46 -919.22
12 683.0 385.27 -833.69
13 683.0 374.15 -648.40
14 683.0 369.20 -394.66
15 683.0 974.69 -658.08
16 683.0 374.69 -674.16
17 683.0 361.97 -678.05
18 683.0 378.42 -662.78
19 683.0 376.28 -655.59
20 683.0 341.83 -405.94
21 683.0 324.39 -411.01
22 683.0 325.42 -834.13
23 683.0 379.83 -379.16
24 683.0 902.59 -514.70
25 683.0 263.28 -425.11
6 684.0 555.39 -785.89
7 684.0 537.49 -791.18
8 684.0 539.45 -463.31
9 684.0 537.21 -456.15
10 684.0 566.01 -912.35
11 684.0 550.47 -917.15
12 684.0 377.69 -835.96
13 684.0 374.15 -648.40
14 684.0 380.13 -391.49
15 684.0 967.02 -660.23
16 684.0 379.58 -673.80
17 684.0 366.16 -676.77
18 684.0 378.42 -662.78
19 684.0 376.28 -655.59
20 684.0 350.19 -403.51
21 684.0 332.84 -408.55
22 684.0 327.41 -840.61
23 684.0 370.52 -381.92
24 684.0 908.78 -512.84
25 684.0 275.15 -421.70
6 685.0 563.28 -783.58
7 685.0 545.89 -788.67
8 685.0 539.45 -463.31
9 685.0 537.21 -456.15
10 685.0 573.20 -910.14
11 685.0 557.83 -914.88
12 685.0 369.70 -838.35
13 685.0 374.15 -648.40
14 685.0 391.03 -389.87
15 685.0 960.36 -662.08
16 685.0 382.85 -677.21
17 685.0 371.50 -675.14
18 685.0 378.42 -662.78
19 685.0 376.28 -655.59
20 685.0 359.09 -400.92
21 685.0 341.17 -406.13
22 685.0 329.46 -847.32
23 685.0 360.72 -384.82
24 685.0 914.87 -511.02
25 685.0 285.25 -418.79
6 686.0 570.58 -781.45
7 686.0 554.21 -786.24
8 686.0 539.45 -463.31
9 686.0 537.21 -456.15
10 686.0 580.71 -907.84
11 686.0 564.85 -912.71
12 686.0 361.16 -840.91
13 686.0 374.15 -648.40
14 686.0 401.91 -386.52
15 686.0 952.74 -664.10
16 686.0 384.53 -682.31
17 686.0 376.29 -673.77
18 686.0 378.42 -662.78
19 686.0 376.28 -655.59
20 686.0 367.51 -398.48
21 686.0 349.87 -403.61
22 686.0 331.47 -853.90
23 686.0 351.66 -387.50
24 686.0 921.22 -509.12
25 686.0 291.03 -417.13
6 687.0 578.57 -779.10
7 687.0 561.83 -784.01
8 687.0 539.45 -463.31
9 687.0 537.21 -456.15
10 687.0 588.67 -905.40
11 687.0 572.72 -910.29
12 687.0 353.31 -843.27
13 687.0 374.15 -648.40
14 687.0 412.52 -385.69
15 687.0 944.83 -664.36
16 687.0 386.55 -688.91
17 687.0 380.63 -674.25
18 687.0 378.42 -662.78
19 687.0 376.28 -655.59
20 687.0 375.88 -396.05
21 687.0 358.72 -401.03
22 687.0 333.62 -860.94
23 687.0 342.26 -390.28
24 687.0 927.70 -507.18
25 687.0 292.69 -416.66
6 688.0 586.02 -776.85
7 688.0 569.99 -781.62
8 688.0 539.45 -463.31
9 688.0 537.21 -456.15
10 688.0 596.42 -903.03
11 688.0 580.80 -907.81
12 688.0 345.32 -845.66
13 688.0 374.15 -648.40
14 688.0 423.09 -382.85
15 688.0 938.12 -661.46
16 688.0 388.48 -695.21
17 688.0 383.42 -678.71
18 688.0 378.42 -662.78
19 688.0 376.28 -655.59
20 688.0 385.33 -394.22
21 688.0 367.35 -398.53
22 688.0 335.78 -867.99
23 688.0 332.46 -393.18
24 688.0 933.63 -505.41
25 688.0 292.70 -416.66
6 689.0 593.30 -774.64
7 689.0 578.11 -779.24
8 689.0 539.45 -463.31
9 689.0 537.21 -456.15
10 689.0 604.02 -900.70
11 689.0 588.48 -905.46
12 689.0 340.00 -847.26
13 689.0 374.15 -648.40
14 689.0 432.70 -379.47
15 689.0 932.02 -656.66
16 689.0 390.21 -700.83
17 689.0 385.51 -685.53
18 689.0 378.42 -662.78
19 689.0 376.28 -655.59
20 689.0 394.26 -392.22
21 689.0 376.29 -395.93
22 689.0 337.83 -874.68
23 689.0 322.53 -395.26
24 689.0 939.49 -503.66
25 689.0 292.70 -416.66
6 690.0 601.60 -772.03
7 690.0 584.66 -777.26
8 690.0 540.07 -465.10
9 690.0 537.21 -456.15
10 690.0 610.99 -898.56
11 690.0 596.00 -903.16
12 690.0 334.13 -847.29
13 690.0 374.15 -648.40
14 690.0 442.41 -376.41
15 690.0 926.99 -652.00
16 690.0 392.17 -707.23
17 690.0 387.32 -691.42
18 690.0 378.84 -664.70
19 690.0 376.28 -655.59
20 690.0 402.74 -389.61
21 690.0 384.78 -394.20
22 690.0 340.10 -882.11
23 690.0 312.60 -397.53
24 690.0 945.82 -501.77
25 690.0 295.06 -416.00
6 691.0 609.07 -769.72
7 691.0 592.12 -775.00
8 691.0 541.40 -468.49
9 691.0 537.67 -457.60
10 691.0 618.88 -896.14
11 691.0 602.95 -901.03
12 691.0 330.96 -841.30
13 691.0 374.15 -648.40
14 691.0 452.58 -373.40
15 691.0 921.52 -646.93
16 691.0 393.99 -713.14
17 691.0 389.33 -697.98
18 691.0 378.11 -668.65
19 691.0 376.83 -657.43
20 691.0 412.08 -388.29
21 691.0 393.15 -392.56
22 691.0 342.06 -888.51
23 691.0 303.39 -400.44
24 691.0 952.09 -501.29
25 691.0 299.53 -414.78
6 692.0 617.10 -767.30
7 692.0 600.55 -772.35
8 692.0 544.00 -473.79
9 692.0 538.87 -461.42
10 692.0 626.88 -893.68
11 692.0 610.87 -898.60
12 692.0 328.67 -833.79
13 692.0 374.58 -649.88
14 692.0 462.78 -370.39
15 692.0 916.45 -642.23
16 692.0 395.85 -719.20
17 692.0 391.18 -704.01
18 692.0 373.06 -671.31
19 692.0 377.80 -660.70
20 692.0 420.74 -387.07
21 692.0 402.83 -389.58
22 692.0 344.20 -895.48
23 692.0 294.25 -403.33
24 692.0 956.40 -505.31
25 692.0 306.00 -412.96
6 693.0 624.67 -765.02
7 693.0 608.61 -769.86
8 693.0 547.53 -479.58
9 693.0 540.79 -466.92
10 693.0 634.34 -891.38
11 693.0 618.69 -896.20
12 693.0 326.14 -825.79
13 693.0 375.33 -652.40
14 693.0 473.44 -367.23
15 693.0 910.96 -637.14
16 693.0 397.82 -725.64
17 693.0 393.17 -710.49
18 693.0 365.84 -673.52
19 693.0 379.04 -666.08
20 693.0 429.50 -383.98
21 693.0 411.61 -388.14
22 693.0 346.15 -901.85
23 693.0 284.61 -406.25
24 693.0 959.31 -511.75
25 693.0 313.76 -410.75
6 694.0 628.10 -763.99
7 694.0 616.82 -767.39
8 694.0 550.16 -485.58
9 694.0 543.24 -472.44
10 694.0 641.42 -889.19
11 694.0 626.55 -893.78
12 694.0 323.44 -817.21
13 694.0 376.69 -656.97
14 694.0 483.52 -364.25
15 694.0 905.58 -632.15
16 694.0 399.76 -731.97
17 694.0 395.24 -717.23
18 694.0 357.59 -676.05
19 694.0 376.27 -670.11
20 694.0 438.17 -380.99
21 694.0 420.65 -387.10
22 694.0 348.13 -908.32
23 694.0 275.29 -409.08
24 694.0 961.39 -518.38
25 694.0 322.78 -408.14
6 695.0 633.03 -761.86
7 695.0 620.73 -766.21
8 695.0 552.40 -492.30
9 695.0 546.55 -478.02
10 695.0 649.00 -886.85
11 695.0 632.80 -891.85
12 695.0 320.99 -808.56
13 695.0 378.25 -662.24
14 695.0 493.76 -361.23
15 695.0 900.30 -627.26
16 695.0 401.70 -738.27
17 695.0 397.30 -723.95
18 695.0 349.93 -678.39
19 695.0 371.56 -671.77
20 695.0 446.44 -378.55
21 695.0 428.99 -384.16
22 695.0 350.37 -915.64
23 695.0 266.02 -411.89
24 695.0 963.10 -524.36
25 695.0 334.01 -404.87
6 696.0 635.67 -755.69
7 696.0 624.84 -764.97
8 696.0 553.93 -497.32
9 696.0 549.87 -484.76
10 696.0 656.62 -884.50
11 696.0 639.90 -889.66
12 696.0 318.40 -800.03
13 696.0 379.78 -666.09
14 696.0 503.39 -358.41
15 696.0 895.16 -622.50
16 696.0 403.65 -744.62
17 696.0 399.12 -729.86
18 696.0 342.49 -680.66
19 696.0 365.42 -673.65
20 696.0 455.07 -376.00
21 696.0 436.97 -381.35
22 696.0 352.42 -922.32
23 696.0 256.56 -414.76
24 696.0 964.91 -530.68
25 696.0 345.32 -401.59
6 697.0 633.82 -747.98
7 697.0 628.39 -763.91
8 697.0 556.06 -504.50
9 697.0 551.89 -490.73
10 697.0 663.75 -881.90
11 697.0 647.94 -887.18
12 697.0 315.88 -791.75
13 697.0 384.79 -670.05
14 697.0 514.26 -355.80
15 697.0 889.85 -617.11
16 697.0 405.32 -750.08
17 697.0 401.09 -736.28
18 697.0 335.45 -682.81
19 697.0 358.85 -675.66
20 697.0 464.01 -373.36
21 697.0 446.20 -378.62
22 697.0 354.68 -929.71
23 697.0 246.71 -417.74
24 697.0 966.70 -536.93
25 697.0 357.16 -398.15
6 698.0 631.49 -740.32
7 698.0 633.03 -761.86
8 698.0 557.94 -510.86
9 698.0 553.67 -496.41
10 698.0 669.37 -876.79
11 698.0 654.98 -885.00
12 698.0 313.35 -783.49
13 698.0 393.15 -668.71
14 698.0 525.36 -353.38
15 698.0 885.03 -612.21
16 698.0 407.20 -756.43
17 698.0 402.80 -741.84
18 698.0 327.28 -685.28
19 698.0 351.96 -677.77
20 698.0 472.81 -370.76
21 698.0 454.52 -376.16
22 698.0 356.73 -936.39
23 698.0 237.85 -420.43
24 698.0 968.36 -542.63
25 698.0 368.99 -394.72
6 699.0 629.03 -732.22
7 699.0 635.64 -755.45
8 699.0 560.07 -518.04
9 699.0 555.61 -502.97
10 699.0 670.02 -869.58
11 699.0 662.59 -882.44
12 699.0 310.81 -775.20
13 699.0 401.76 -666.10
14 699.0 534.80 -349.74
15 699.0 879.43 -606.51
16 699.0 408.97 -762.39
17 699.0 404.66 -747.90
18 699.0 319.75 -687.57
19 699.0 345.72 -679.68
20 699.0 481.57 -368.17
21 699.0 463.29 -373.57
22 699.0 358.75 -943.01
23 699.0 228.17 -423.37
24 699.0 970.16 -548.83
25 699.0 380.91 -391.35
6 700.0 626.50 -723.88
7 700.0 633.66 -747.46
8 700.0 562.19 -525.20
9 700.0 557.53 -509.48
10 700.0 667.95 -862.04
11 700.0 668.46 -878.29
12 700.0 308.51 -767.55
13 700.0 409.84 -663.66
14 700.0 544.18 -346.41
15 700.0 874.50 -601.48
16 700.0 410.92 -768.98
17 700.0 406.44 -753.89
18 700.0 312.53 -689.76
19 700.0 339.91 -681.45
20 700.0 489.95 -365.70
21 700.0 471.70 -371.09
22 700.0 360.69 -949.33
23 700.0 218.85 -426.20
24 700.0 971.99 -555.12
25 700.0 392.59 -389.39
6 701.0 624.19 -716.18
7 701.0 631.20 -739.34
8 701.0 564.25 -532.07
9 701.0 559.79 -517.11
10 701.0 665.92 -855.10
11 701.0 670.26 -871.01
12 701.0 305.96 -759.20
13 701.0 418.49 -661.04
14 701.0 555.28 -344.70
15 701.0 870.69 -594.94
16 701.0 412.57 -774.52
17 701.0 408.24 -759.94
18 701.0 304.70 -692.13
19 701.0 334.06 -683.23
20 701.0 498.73 -363.10
21 701.0 480.81 -368.39
22 701.0 362.90 -956.55
23 701.0 212.26 -427.60
24 701.0 973.69 -560.98
25 701.0 404.53 -385.71
6 702.0 621.98 -708.84
7 702.0 628.59 -730.75
8 702.0 566.29 -538.60
9 702.0 561.89 -524.20
10 702.0 663.60 -847.19
11 702.0 668.48 -863.84
12 702.0 303.64 -751.55
13 702.0 426.52 -658.61
14 702.0 565.34 -343.80
15 702.0 868.61 -587.92
16 702.0 414.24 -780.15
17 702.0 410.05 -766.03
18 702.0 296.87 -694.51
19 702.0 327.68 -685.16
20 702.0 507.35 -360.71
21 702.0 489.42 -365.85
22 702.0 364.38 -961.39
23 702.0 204.79 -425.18
24 702.0 975.43 -566.96
25 702.0 416.29 -385.24
6 703.0 619.71 -701.31
7 703.0 626.15 -722.71
8 703.0 568.48 -545.63
9 703.0 563.70 -530.33
10 703.0 661.21 -839.13
11 703.0 666.03 -855.48
12 703.0 301.38 -744.14
13 703.0 434.66 -656.15
14 703.0 576.11 -344.13
15 703.0 866.60 -581.14
16 703.0 415.90 -785.74
17 703.0 411.70 -771.58
18 703.0 289.83 -697.11
19 703.0 321.58 -687.01
20 703.0 511.94 -359.66
21 703.0 498.70 -363.11
22 703.0 365.53 -964.06
23 703.0 201.24 -418.91
24 703.0 977.21 -573.07
25 703.0 427.93 -381.14
6 704.0 617.28 -693.24
7 704.0 623.69 -714.55
8 704.0 570.71 -552.75
9 704.0 565.76 -536.91
10 704.0 659.03 -831.89
11 704.0 663.62 -847.24
12 704.0 299.04 -736.45
13 704.0 442.73 -653.71
14 704.0 586.75 -346.00
15 704.0 864.60 -574.41
16 704.0 417.59 -791.43
17 704.0 413.47 -777.54
18 704.0 286.17 -703.55
19 704.0 315.35 -688.90
20 704.0 516.27 -360.92
21 704.0 503.63 -361.66
22 704.0 367.84 -963.72
23 704.0 197.62 -410.54
24 704.0 979.07 -579.48
25 704.0 440.00 -377.12
6 705.0 614.98 -685.56
7 705.0 621.43 -707.04
8 705.0 572.80 -559.46
9 705.0 568.17 -544.62
10 705.0 656.84 -824.63
11 705.0 661.44 -839.89
12 705.0 296.56 -728.32
13 705.0 450.66 -651.31
14 705.0 597.40 -348.37
15 705.0 862.30 -566.68
16 705.0 419.32 -797.26
17 705.0 415.16 -783.24
18 705.0 287.86 -710.70
19 705.0 308.43 -691.00
20 705.0 520.10 -364.25
21 705.0 507.52 -360.67
22 705.0 367.82 -961.68
23 705.0 194.88 -403.76
24 705.0 980.87 -585.68
25 705.0 451.86 -373.61
6 706.0 612.53 -677.30
7 706.0 619.12 -699.35
8 706.0 574.82 -565.91
9 706.0 570.08 -550.75
10 706.0 654.73 -817.64
11 706.0 659.40 -833.11
12 706.0 293.99 -719.84
13 706.0 458.71 -648.89
14 706.0 608.33 -350.82
15 706.0 860.30 -559.93
16 706.0 421.03 -803.02
17 706.0 416.94 -789.24
18 706.0 290.27 -718.63
19 706.0 302.27 -692.87
20 706.0 520.43 -370.45
21 706.0 512.16 -359.63
22 706.0 366.67 -957.92
23 706.0 192.27 -397.25
24 706.0 982.53 -591.37
25 706.0 463.53 -370.16
6 707.0 610.31 -669.81
7 707.0 616.55 -690.83
8 707.0 576.96 -572.75
9 707.0 572.26 -557.72
10 707.0 652.37 -809.79
11 707.0 657.12 -825.56
12 707.0 291.73 -712.44
13 707.0 466.91 -646.41
14 707.0 619.36 -353.28
15 707.0 857.99 -552.16
16 707.0 422.70 -808.64
17 707.0 418.77 -795.40
18 707.0 292.72 -726.67
19 707.0 295.52 -694.92
20 707.0 520.77 -376.71
21 707.0 516.51 -361.34
22 707.0 365.08 -952.75
23 707.0 190.23 -392.54
24 707.0 984.38 -597.74
25 707.0 475.59 -366.60
6 708.0 608.04 -662.17
7 708.0 614.25 -683.09
8 708.0 579.01 -579.30
9 708.0 574.42 -564.62
10 708.0 650.08 -802.24
11 708.0 654.84 -817.99
12 708.0 289.44 -704.91
13 708.0 475.47 -643.82
14 708.0 630.29 -355.83
15 708.0 856.05 -545.72
16 708.0 424.61 -815.09
17 708.0 420.28 -800.48
18 708.0 294.89 -733.80
19 708.0 293.09 -695.65
20 708.0 521.11 -382.93
21 708.0 520.12 -364.69
22 708.0 362.86 -945.48
23 708.0 188.80 -390.53
24 708.0 986.08 -603.60
25 708.0 487.12 -363.19
6 709.0 605.58 -653.97
7 709.0 611.86 -675.03
8 709.0 581.15 -586.16
9 709.0 576.24 -570.43
10 709.0 648.01 -795.41
11 709.0 652.62 -810.63
12 709.0 286.90 -696.65
13 709.0 483.74 -641.32
14 709.0 640.11 -358.12
15 709.0 854.21 -538.34
16 709.0 426.32 -819.10
17 709.0 422.29 -807.25
18 709.0 297.08 -740.99
19 709.0 291.70 -696.24
20 709.0 521.48 -389.61
21 709.0 520.52 -372.04
22 709.0 360.85 -938.93
23 709.0 186.59 -391.18
24 709.0 988.06 -610.40
25 709.0 498.24 -359.91
6 710.0 603.06 -645.82
7 710.0 609.37 -666.64
8 710.0 583.32 -593.11
9 710.0 578.32 -577.12
10 710.0 645.72 -787.85
11 710.0 650.38 -803.22
12 710.0 284.53 -688.95
13 710.0 491.69 -638.91
14 710.0 650.66 -360.58
15 710.0 853.89 -531.98
16 710.0 431.72 -822.36
17 710.0 423.41 -811.02
18 710.0 299.38 -748.56
19 710.0 291.37 -696.39
20 710.0 521.83 -395.94
21 710.0 520.88 -378.68
22 710.0 358.90 -932.55
23 710.0 184.23 -394.90
24 710.0 989.78 -616.11
25 710.0 510.47 -356.62
6 711.0 600.53 -637.66
7 711.0 606.88 -658.27
8 711.0 585.29 -599.40
9 711.0 580.73 -584.81
10 711.0 643.40 -780.16
11 711.0 648.32 -796.41
12 711.0 282.12 -681.15
13 711.0 499.68 -636.49
14 711.0 660.96 -362.99
15 711.0 853.37 -526.29
16 711.0 436.99 -821.52
17 711.0 425.41 -817.13
18 711.0 301.66 -756.03
19 711.0 289.79 -697.13
20 711.0 523.21 -402.53
21 711.0 521.31 -386.49
22 711.0 356.88 -925.97
23 711.0 186.10 -399.08
24 711.0 991.74 -622.37
25 711.0 523.06 -353.88
6 712.0 598.27 -630.39
7 712.0 604.27 -649.71
8 712.0 585.94 -604.96
9 712.0 582.59 -590.75
10 712.0 641.36 -773.30
11 712.0 645.90 -788.43
12 712.0 279.80 -673.57
13 712.0 508.42 -633.85
14 712.0 672.37 -362.38
15 712.0 848.81 -523.48
16 712.0 442.63 -819.82
17 712.0 428.63 -821.42
18 712.0 303.95 -763.57
19 712.0 286.86 -699.98
20 712.0 525.24 -408.71
21 712.0 521.70 -393.63
22 712.0 354.75 -919.00
23 712.0 188.29 -404.54
24 712.0 995.06 -627.40
25 712.0 534.40 -350.04
6 713.0 595.70 -622.08
7 713.0 601.72 -641.51
8 713.0 581.59 -608.38
9 713.0 584.18 -595.86
10 713.0 639.01 -765.40
11 713.0 644.02 -782.21
12 713.0 277.47 -666.18
13 713.0 516.69 -631.35
14 713.0 683.21 -364.97
15 713.0 845.51 -518.19
16 713.0 449.24 -817.83
17 713.0 433.88 -822.16
18 713.0 306.24 -771.12
19 713.0 286.43 -705.33
20 713.0 527.48 -415.32
21 713.0 522.55 -400.50
22 713.0 352.58 -911.94
23 713.0 190.88 -411.00
24 713.0 997.19 -632.86
25 713.0 544.97 -346.31
6 714.0 593.26 -614.23
7 714.0 599.24 -633.51
8 714.0 574.37 -610.57
9 714.0 585.99 -602.04
10 714.0 636.98 -758.57
11 714.0 641.58 -774.05
12 714.0 274.93 -658.00
13 714.0 524.79 -628.90
14 714.0 693.43 -367.41
15 714.0 843.33 -511.36
16 714.0 454.96 -816.11
17 714.0 440.68 -820.41
18 714.0 308.51 -778.61
19 714.0 288.06 -711.36
20 714.0 529.75 -421.94
21 714.0 524.79 -407.32
22 714.0 350.42 -904.90
23 714.0 194.30 -419.08
24 714.0 998.99 -639.63
25 714.0 556.89 -344.45
6 715.0 590.85 -606.50
7 715.0 596.67 -625.22
8 715.0 567.71 -612.58
9 715.0 583.88 -607.41
10 715.0 634.59 -750.50
11 715.0 639.44 -766.83
12 715.0 272.64 -650.61
13 715.0 532.80 -626.48
14 715.0 703.66 -369.86
15 715.0 841.19 -504.39
16 715.0 461.30 -814.20
17 715.0 446.32 -818.71
18 715.0 310.79 -786.07
19 715.0 290.07 -717.97
20 715.0 531.44 -428.04
21 715.0 526.85 -413.47
22 715.0 348.41 -898.33
23 715.0 195.95 -422.88
24 715.0 998.49 -646.56
25 715.0 568.99 -343.65
6 716.0 588.56 -599.10
7 716.0 594.36 -617.77
8 716.0 560.75 -614.68
9 716.0 578.64 -609.27
10 716.0 632.28 -742.92
11 716.0 637.19 -759.30
12 716.0 269.98 -642.06
13 716.0 541.60 -623.81
14 716.0 714.36 -372.39
15 716.0 838.94 -497.07
16 716.0 466.98 -812.47
17 716.0 452.33 -816.90
18 716.0 313.10 -793.60
19 716.0 291.83 -723.76
20 716.0 530.79 -435.33
21 716.0 528.87 -419.37
22 716.0 346.50 -892.08
23 716.0 198.25 -429.02
24 716.0 995.89 -651.68
25 716.0 581.50 -344.94
6 717.0 585.93 -590.70
7 717.0 591.83 -609.63
8 717.0 553.36 -616.92
9 717.0 571.50 -611.43
10 717.0 630.09 -735.69
11 717.0 634.97 -751.82
12 717.0 267.45 -633.86
13 717.0 549.82 -621.33
14 717.0 725.48 -375.05
15 717.0 836.77 -489.99
16 717.0 473.51 -810.49
17 717.0 458.47 -815.05
18 717.0 315.50 -801.51
19 717.0 293.65 -729.72
20 717.0 532.86 -442.07
21 717.0 531.23 -426.45
22 717.0 344.28 -884.83
23 717.0 201.28 -437.22
24 717.0 989.97 -652.77
25 717.0 593.98 -347.61
6 718.0 583.41 -582.63
7 718.0 589.44 -601.94
8 718.0 546.88 -618.88
9 718.0 563.87 -613.74
10 718.0 627.97 -728.74
11 718.0 632.65 -744.13
12 718.0 265.02 -625.91
13 718.0 557.86 -618.90
14 718.0 736.48 -377.82
15 718.0 834.43 -482.35
16 718.0 479.05 -808.82
17 718.0 465.16 -813.03
18 718.0 317.76 -808.94
19 718.0 295.65 -736.28
20 718.0 534.83 -448.47
21 718.0 530.48 -433.54
22 718.0 342.11 -877.75
23 718.0 204.08 -444.16
24 718.0 983.87 -655.09
25 718.0 606.33 -350.37
6 719.0 580.99 -574.88
7 719.0 587.02 -594.18
8 719.0 539.69 -621.05
9 719.0 556.57 -615.95
10 719.0 625.89 -721.83
11 719.0 630.36 -736.60
12 719.0 262.74 -618.43
13 719.0 566.44 -616.30
14 719.0 746.76 -381.62
15 719.0 832.11 -474.78
16 719.0 484.98 -807.03
17 719.0 470.27 -811.47
18 719.0 319.90 -816.44
19 719.0 297.42 -742.10
20 719.0 536.96 -455.35
21 719.0 532.08 -439.53
22 719.0 339.93 -870.64
23 719.0 208.28 -451.70
24 719.0 978.18 -656.94
25 719.0 618.72 -353.14
6 720.0 578.49 -566.90
7 720.0 584.52 -586.19
8 720.0 532.76 -623.15
9 720.0 549.42 -618.11
10 720.0 623.72 -714.62
11 720.0 628.22 -729.56
12 720.0 260.47 -610.95
13 720.0 574.52 -613.86
14 720.0 757.25 -383.91
15 720.0 830.65 -470.92
16 720.0 490.62 -805.33
17 720.0 476.60 -809.56
18 720.0 322.35 -824.40
19 720.0 299.20 -747.96
20 720.0 539.07 -462.09
21 720.0 534.34 -446.87
22 720.0 337.86 -863.89
23 720.0 211.72 -459.06
24 720.0 972.24 -658.78
25 720.0 630.96 -355.98
6 721.0 576.22 -559.64
7 721.0 581.88 -577.74
8 721.0 525.91 -625.22
9 721.0 541.76 -620.42
10 721.0 621.66 -707.78
11 721.0 626.23 -722.97
12 721.0 257.96 -602.71
13 721.0 579.92 -612.22
14 721.0 768.29 -386.31
15 721.0 826.11 -466.46
16 721.0 496.94 -803.42
17 721.0 481.66 -808.03
18 721.0 324.89 -832.45
19 721.0 301.12 -754.27
20 721.0 541.18 -467.91
21 721.0 536.33 -453.35
22 721.0 336.29 -858.78
23 721.0 214.31 -468.25
24 721.0 965.76 -660.58
25 721.0 643.28 -358.86
6 722.0 573.78 -551.83
7 722.0 579.40 -569.81
8 722.0 518.53 -627.46
9 722.0 534.30 -622.68
10 722.0 619.33 -700.05
11 722.0 624.06 -715.75
12 722.0 255.47 -594.52
13 722.0 583.14 -611.19
14 722.0 778.38 -388.51
15 722.0 818.64 -464.61
16 722.0 502.75 -801.66
17 722.0 488.07 -806.10
18 722.0 327.32 -840.34
19 722.0 302.99 -760.42
20 722.0 544.28 -474.30
21 722.0 538.06 -458.87
22 722.0 335.92 -853.83
23 722.0 217.11 -478.25
24 722.0 959.19 -662.41
25 722.0 654.85 -361.56
6 723.0 571.26 -543.78
7 723.0 576.84 -561.61
8 723.0 511.33 -629.64
9 723.0 526.44 -625.07
10 723.0 616.96 -692.20
11 723.0 621.93 -708.67
12 723.0 253.15 -586.90
13 723.0 583.40 -608.59
14 723.0 788.62 -390.75
15 723.0 810.91 -465.46
16 723.0 509.34 -799.67
17 723.0 494.42 -804.18
18 723.0 329.56 -847.67
19 723.0 304.83 -766.46
20 723.0 548.04 -480.59
21 723.0 539.19 -462.49
22 723.0 340.06 -850.57
23 723.0 219.62 -486.98
24 723.0 953.38 -664.01
25 723.0 667.13 -364.43
6 724.0 568.82 -535.98
7 724.0 574.19 -553.15
8 724.0 504.77 -631.62
9 724.0 519.39 -627.20
10 724.0 614.93 -685.37
11 724.0 619.57 -700.86
12 724.0 250.79 -579.13
13 724.0 579.76 -608.94
14 724.0 799.73 -393.27
15 724.0 803.40 -467.80
16 724.0 515.08 -797.94
17 724.0 500.88 -802.23
18 724.0 332.03 -855.76
19 724.0 306.84 -773.11
20 724.0 550.74 -487.23
21 724.0 539.40 -463.17
22 724.0 346.88 -848.53
23 724.0 221.82 -494.46
24 724.0 947.19 -664.56
25 724.0 679.24 -367.31
6 725.0 566.34 -527.97
7 725.0 571.54 -544.68
8 725.0 498.11 -633.63
9 725.0 513.32 -629.04
10 725.0 612.83 -678.29
11 725.0 617.48 -693.90
12 725.0 248.37 -571.15
13 725.0 574.64 -610.48
14 725.0 810.69 -395.77
15 725.0 796.71 -469.87
16 725.0 521.49 -796.01
17 725.0 506.06 -800.67
18 725.0 334.32 -863.23
19 725.0 308.59 -778.88
20 725.0 552.80 -493.52
21 725.0 539.43 -463.26
22 725.0 353.60 -846.51
23 725.0 223.85 -501.28
24 725.0 941.60 -663.34
25 725.0 691.37 -370.21
6 726.0 564.19 -520.68
7 726.0 569.13 -536.95
8 726.0 491.78 -635.55
9 726.0 506.56 -631.08
10 726.0 610.75 -671.29
11 726.0 615.35 -686.79
12 726.0 248.54 -565.45
13 726.0 568.01 -612.49
14 726.0 821.21 -398.09
15 726.0 788.91 -472.29
16 726.0 528.04 -794.03
17 726.0 512.73 -798.65
18 726.0 336.55 -870.51
19 726.0 310.71 -785.81
20 726.0 554.30 -498.56
21 726.0 539.44 -463.29
22 726.0 360.24 -844.52
23 726.0 226.08 -508.68
24 726.0 935.81 -659.85
25 726.0 702.70 -372.92
6 727.0 562.05 -513.45
7 727.0 566.59 -528.82
8 727.0 484.32 -637.80
9 727.0 500.69 -632.85
10 727.0 608.59 -664.01
11 727.0 613.28 -679.82
12 727.0 253.59 -562.75
13 727.0 560.02 -614.90
14 727.0 831.17 -400.37
15 727.0 782.08 -474.40
16 727.0 533.70 -792.32
17 727.0 519.04 -796.75
18 727.0 339.09 -878.80
19 727.0 312.83 -792.72
20 727.0 556.05 -504.47
21 727.0 539.44 -463.30
22 727.0 367.63 -842.31
23 727.0 228.18 -515.61
24 727.0 931.01 -655.72
25 727.0 714.51 -375.73
6 728.0 559.61 -505.20
7 728.0 564.44 -521.55
8 728.0 477.40 -639.89
9 728.0 492.67 -635.28
10 728.0 606.44 -656.79
11 728.0 611.12 -672.55
12 728.0 261.02 -560.57
13 728.0 552.01 -617.33
14 728.0 841.63 -403.87
15 728.0 774.44 -476.78
16 728.0 539.89 -790.45
17 728.0 524.89 -794.98
18 728.0 341.32 -886.09
19 728.0 314.71 -798.92
20 728.0 557.94 -510.85
21 728.0 539.45 -463.31
22 728.0 374.83 -840.15
23 728.0 230.29 -522.57
24 728.0 926.38 -651.43
25 728.0 726.49 -378.59
6 729.0 557.19 -497.03
7 729.0 562.04 -513.42
8 729.0 469.93 -642.15
9 729.0 485.69 -637.39
10 729.0 604.19 -649.46
11 729.0 608.99 -665.35
12 729.0 269.36 -558.11
13 729.0 543.82 -619.80
14 729.0 852.72 -406.21
15 729.0 767.45 -478.98
16 729.0 546.36 -788.53
17 729.0 531.23 -793.06
18 729.0 343.62 -893.60
19 729.0 316.53 -804.90
20 729.0 559.75 -516.96
21 729.0 539.45 -463.31
22 729.0 381.75 -838.08
23 729.0 232.36 -529.41
24 729.0 921.42 -646.83
25 729.0 738.04 -382.06
6 730.0 556.23 -489.78
7 730.0 559.81 -505.88
8 730.0 462.85 -644.29
9 730.0 478.37 -639.60
10 730.0 602.03 -642.49
11 730.0 606.66 -657.53
12 730.0 277.31 -555.77
13 730.0 535.60 -622.29
14 730.0 863.52 -408.76
15 730.0 760.04 -481.29
16 730.0 552.20 -786.83
17 730.0 538.21 -790.96
18 730.0 346.03 -901.45
19 730.0 318.34 -810.95
20 730.0 561.80 -523.91
21 730.0 539.45 -463.31
22 730.0 389.03 -835.90
23 730.0 234.56 -536.65
24 730.0 916.42 -642.19
25 730.0 750.26 -385.66
6 731.0 556.37 -483.95
7 731.0 557.36 -497.62
8 731.0 455.93 -646.38
9 731.0 471.58 -641.65
10 731.0 599.66 -634.85
11 731.0 604.62 -650.85
12 731.0 284.94 -553.52
13 731.0 526.86 -624.94
14 731.0 873.86 -411.17
15 731.0 752.76 -482.69
16 731.0 558.42 -785.01
17 731.0 543.31 -789.42
18 731.0 348.37 -909.10
19 731.0 320.27 -817.74
20 731.0 563.83 -530.72
21 731.0 539.45 -463.31
22 731.0 395.49 -833.97
23 731.0 236.72 -543.78
24 731.0 911.81 -637.93
25 731.0 761.97 -388.21
6 732.0 555.79 -482.29
7 732.0 556.01 -493.06
8 732.0 448.57 -648.61
9 732.0 463.92 -643.97
10 732.0 597.24 -627.05
11 732.0 602.33 -643.48
12 732.0 292.95 -551.16
13 732.0 518.43 -627.49
14 732.0 884.75 -413.70
15 732.0 744.90 -481.59
16 732.0 564.26 -783.30
17 732.0 549.60 -787.59
18 732.0 350.91 -917.41
19 732.0 322.38 -824.49
20 732.0 565.85 -537.22
21 732.0 539.45 -463.31
22 732.0 402.19 -831.96
23 732.0 238.82 -550.70
24 732.0 907.45 -633.89
25 732.0 774.11 -390.86
6 733.0 555.72 -482.10
7 733.0 556.15 -489.98
8 733.0 442.06 -650.57
9 733.0 456.56 -646.19
10 733.0 594.78 -619.11
11 733.0 600.13 -636.38
12 733.0 301.28 -548.71
13 733.0 510.23 -629.97
14 733.0 895.43 -416.16
15 733.0 738.81 -477.94
16 733.0 570.31 -781.53
17 733.0 555.17 -785.95
18 733.0 353.43 -925.64
19 733.0 324.20 -830.25
20 733.0 567.81 -543.48
21 733.0 539.45 -463.31
22 733.0 409.29 -829.82
23 733.0 240.90 -557.56
24 733.0 902.30 -629.12
25 733.0 785.63 -393.37
6 734.0 555.67 -481.97
7 734.0 556.28 -489.66
8 734.0 435.70 -652.50
9 734.0 450.24 -648.10
10 734.0 592.56 -611.98
11 734.0 597.61 -628.26
12 734.0 309.79 -546.16
13 734.0 501.75 -632.53
14 734.0 906.21 -418.66
15 734.0 734.70 -471.26
16 734.0 576.64 -779.67
17 734.0 561.30 -784.16
18 734.0 355.93 -933.80
19 734.0 326.36 -837.16
20 734.0 569.80 -549.86
21 734.0 539.45 -463.31
22 734.0 416.07 -827.79
23 734.0 243.14 -564.93
24 734.0 897.44 -624.61
25 734.0 797.07 -395.94
6 735.0 555.67 -481.95
7 735.0 556.35 -489.49
8 735.0 428.25 -654.75
9 735.0 444.57 -649.81
10 735.0 590.19 -604.37
11 735.0 595.32 -620.87
12 735.0 317.21 -543.96
13 735.0 492.90 -635.21
14 735.0 915.98 -421.54
15 735.0 732.30 -463.82
16 735.0 582.98 -777.77
17 735.0 568.23 -782.14
18 735.0 358.38 -941.80
19 735.0 328.25 -843.40
20 735.0 571.92 -556.64
21 735.0 539.45 -463.31
22 735.0 420.36 -826.51
23 735.0 245.40 -572.38
24 735.0 892.82 -620.14
25 735.0 808.67 -398.59
6 736.0 555.67 -481.95
7 736.0 556.38 -489.40
8 736.0 421.44 -656.81
9 736.0 437.56 -651.94
10 736.0 587.79 -596.65
11 736.0 593.08 -613.68
12 736.0 325.34 -541.61
13 736.0 484.95 -637.61
14 736.0 920.56 -423.06
15 736.0 729.94 -456.51
16 736.0 589.08 -775.92
17 736.0 574.93 -780.17
18 736.0 360.58 -948.97
19 736.0 330.02 -849.17
20 736.0 574.07 -563.52
21 736.0 539.45 -463.31
22 736.0 426.11 -823.77
23 736.0 247.44 -579.10
24 736.0 888.53 -615.76
25 736.0 821.04 -401.32
6 737.0 555.67 -481.95
7 737.0 556.39 -489.38
8 737.0 414.60 -658.88
9 737.0 429.87 -654.26
10 737.0 585.28 -588.63
11 737.0 590.86 -606.53
12 737.0 333.53 -539.16
13 737.0 476.37 -640.20
14 737.0 930.23 -427.47
15 737.0 727.47 -449.15
16 737.0 595.50 -773.95
17 737.0 580.89 -778.40
18 737.0 362.99 -956.86
19 737.0 331.91 -855.35
20 737.0 576.08 -569.93
21 737.0 539.45 -463.31
22 737.0 428.31 -817.58
23 737.0 249.69 -586.50
24 737.0 884.22 -611.38
25 737.0 830.10 -403.61
6 738.0 555.67 -481.95
7 738.0 556.40 -489.36
8 738.0 407.28 -661.09
9 738.0 423.39 -656.22
10 738.0 582.95 -581.17
11 738.0 588.28 -598.20
12 738.0 339.59 -538.55
13 738.0 467.71 -642.82
14 738.0 938.50 -433.95
15 738.0 724.17 -442.32
16 738.0 600.91 -772.24
17 738.0 586.96 -776.56
18 738.0 365.55 -964.70
19 738.0 333.97 -862.07
20 738.0 578.16 -576.58
21 738.0 539.45 -463.31
22 738.0 426.65 -810.72
23 738.0 251.59 -592.78
24 738.0 879.58 -606.66
25 738.0 834.07 -410.90
6 739.0 555.67 -481.95
7 739.0 556.40 -489.36
8 739.0 400.37 -663.19
9 739.0 416.10 -658.43
10 739.0 580.78 -574.22
11 739.0 585.72 -590.02
12 739.0 342.78 -543.10
13 739.0 459.43 -645.32
14 739.0 945.21 -440.63
15 739.0 718.44 -436.57
16 739.0 606.93 -770.37
17 739.0 592.92 -774.76
18 739.0 370.28 -969.70
19 739.0 335.81 -868.08
20 739.0 580.25 -583.29
21 739.0 539.45 -463.31
22 739.0 424.71 -804.17
23 739.0 253.63 -599.48
24 739.0 875.43 -602.43
25 739.0 833.32 -419.05
6 740.0 555.67 -481.95
7 740.0 556.40 -489.36
8 740.0 393.88 -665.15
9 740.0 408.83 -660.63
10 740.0 578.60 -567.27
11 740.0 583.36 -582.47
12 740.0 344.91 -550.62
13 740.0 451.10 -647.84
14 740.0 952.82 -448.34
15 740.0 711.69 -433.71
16 740.0 613.44 -768.41
17 740.0 598.99 -772.85
18 740.0 378.40 -968.92
19 740.0 337.66 -874.13
20 740.0 582.08 -589.14
21 740.0 539.45 -463.31
22 740.0 422.64 -797.20
23 740.0 255.88 -606.88
24 740.0 871.80 -597.73
25 740.0 831.38 -427.76
6 741.0 555.67 -481.95
7 741.0 556.40 -489.36
8 741.0 389.06 -666.61
9 741.0 402.36 -662.59
10 741.0 576.30 -559.90
11 741.0 581.06 -575.12
12 741.0 347.15 -558.52
13 741.0 442.26 -650.51
14 741.0 958.71 -454.32
15 741.0 704.10 -431.89
16 741.0 619.47 -766.59
17 741.0 605.45 -770.81
18 741.0 386.68 -966.47
19 741.0 339.78 -881.05
20 741.0 583.98 -595.21
21 741.0 539.45 -463.31
22 741.0 420.65 -790.49
23 741.0 257.90 -613.53
24 741.0 869.78 -591.87
25 741.0 829.55 -436.00
6 742.0 555.67 -481.95
7 742.0 556.40 -489.36
8 742.0 383.58 -665.82
9 742.0 397.10 -664.18
10 742.0 573.79 -551.88
11 742.0 578.97 -568.42
12 742.0 349.56 -566.84
13 742.0 433.61 -653.13
14 742.0 964.48 -460.19
15 742.0 696.80 -430.39
16 742.0 625.53 -764.76
17 742.0 611.36 -769.03
18 742.0 394.51 -964.14
19 742.0 341.74 -887.46
20 742.0 585.88 -601.27
21 742.0 539.45 -463.31
22 742.0 418.65 -783.76
23 742.0 259.83 -619.89
24 742.0 867.82 -585.25
25 742.0 828.19 -442.12
6 743.0 555.67 -481.95
7 743.0 556.40 -489.36
8 743.0 381.36 -661.44
9 743.0 391.31 -665.93
10 743.0 571.37 -544.11
11 743.0 576.53 -560.63
12 743.0 352.18 -575.32
13 743.0 424.92 -655.76
14 743.0 969.70 -465.46
15 743.0 689.37 -428.86
16 743.0 630.55 -763.50
17 743.0 616.77 -767.40
18 743.0 402.08 -961.90
19 743.0 343.63 -893.62
20 743.0 587.85 -607.61
21 743.0 539.45 -463.31
22 743.0 416.56 -776.73
23 743.0 261.97 -626.90
24 743.0 866.09 -579.42
25 743.0 826.34 -450.34
6 744.0 555.67 -481.95
7 744.0 556.40 -489.36
8 744.0 379.55 -655.35
9 744.0 386.35 -667.05
10 744.0 568.87 -536.12
11 744.0 574.11 -552.88
12 744.0 354.52 -582.86
13 744.0 417.18 -658.10
14 744.0 975.62 -471.25
15 744.0 681.93 -427.33
16 744.0 634.83 -764.88
17 744.0 621.85 -765.87
18 744.0 409.64 -959.65
19 744.0 345.74 -900.53
20 744.0 589.67 -613.47
21 744.0 539.45 -463.31
22 744.0 414.61 -770.16
23 744.0 264.07 -633.73
24 744.0 864.20 -573.06
25 744.0 824.78 -457.11
6 745.0 555.67 -481.95
7 745.0 556.40 -489.36
8 745.0 377.34 -647.91
9 745.0 382.00 -663.33
10 745.0 566.65 -529.00
11 745.0 571.53 -544.63
12 745.0 357.09 -591.16
13 745.0 409.28 -660.49
14 745.0 981.49 -476.98
15 745.0 673.85 -426.02
16 745.0 636.87 -769.40
17 745.0 626.55 -764.46
18 745.0 416.79 -957.53
19 745.0 347.68 -906.86
20 745.0 591.59 -619.66
21 745.0 539.45 -463.31
22 745.0 412.53 -763.17
23 745.0 266.05 -640.16
24 745.0 862.49 -567.31
25 745.0 824.78 -465.84
6 746.0 555.67 -481.95
7 746.0 556.40 -489.36
8 746.0 375.30 -641.03
9 746.0 380.09 -657.16
10 746.0 564.51 -521.78
11 746.0 569.43 -537.92
12 746.0 359.50 -599.09
13 746.0 401.06 -662.98
14 746.0 987.10 -482.46
15 746.0 666.71 -426.20
16 746.0 638.61 -775.28
17 746.0 631.82 -763.38
18 746.0 424.26 -955.31
19 746.0 349.58 -913.05
20 746.0 593.69 -626.42
21 746.0 539.45 -463.31
22 746.0 410.47 -756.21
23 746.0 268.17 -647.02
24 746.0 860.76 -561.49
25 746.0 828.30 -473.55
6 747.0 555.67 -481.95
7 747.0 556.40 -489.36
8 747.0 373.31 -634.33
9 747.0 377.92 -649.86
10 747.0 562.40 -514.64
11 747.0 567.16 -530.67
12 747.0 361.88 -607.08
13 747.0 392.47 -665.58
14 747.0 993.27 -487.16
15 747.0 659.50 -427.95
16 747.0 640.57 -781.85
17 747.0 635.93 -766.72
18 747.0 431.97 -953.03
19 747.0 351.53 -919.41
20 747.0 595.69 -632.86
21 747.0 539.45 -463.31
22 747.0 408.41 -749.27
23 747.0 270.27 -653.77
24 747.0 859.05 -555.71
25 747.0 831.15 -482.57
6 748.0 555.67 -481.95
7 748.0 556.40 -489.36
8 748.0 371.42 -627.99
9 748.0 375.75 -642.56
10 748.0 560.29 -507.51
11 748.0 565.07 -523.67
12 748.0 364.09 -614.53
13 748.0 387.54 -667.28
14 748.0 997.71 -493.53
15 748.0 652.52 -431.08
16 748.0 642.58 -788.47
17 748.0 637.80 -772.50
18 748.0 439.44 -950.81
19 748.0 353.44 -925.66
20 748.0 597.73 -639.44
21 748.0 539.45 -463.31
22 748.0 406.20 -742.04
23 748.0 272.57 -661.20
24 748.0 857.37 -550.06
25 748.0 833.61 -490.57
6 749.0 555.67 -481.95
7 749.0 556.40 -489.36
8 749.0 369.25 -620.66
9 749.0 373.75 -635.83
10 749.0 558.07 -500.01
11 749.0 562.85 -516.18
12 749.0 366.65 -623.14
13 749.0 382.90 -671.77
14 749.0 1004.63 -498.59
15 749.0 645.67 -435.40
16 749.0 644.33 -794.26
17 749.0 639.75 -779.14
18 749.0 446.73 -948.64
19 749.0 355.33 -931.82
20 749.0 599.60 -645.46
21 749.0 539.45 -463.31
22 749.0 403.99 -734.84
23 749.0 274.71 -668.11
24 749.0 855.34 -543.34
25 749.0 836.27 -499.29
6 750.0 555.67 -481.95
7 750.0 556.40 -489.36
8 750.0 367.19 -613.75
9 750.0 371.79 -629.24
10 750.0 556.81 -495.77
11 750.0 560.61 -508.61
12 750.0 369.12 -631.46
13 750.0 383.58 -679.23
14 750.0 1010.53 -503.21
15 750.0 638.85 -439.86
16 750.0 646.14 -800.24
17 750.0 641.64 -785.39
18 750.0 454.67 -946.28
19 750.0 357.39 -938.54
20 750.0 601.66 -652.11
21 750.0 539.45 -463.31
22 750.0 401.92 -728.09
23 750.0 276.78 -674.61
24 750.0 853.83 -536.67
25 750.0 839.09 -508.47
6 751.0 555.67 -481.95
7 751.0 556.40 -489.36
8 751.0 365.18 -606.96
9 751.0 369.78 -622.46
10 751.0 556.76 -495.57
11 751.0 559.27 -504.06
12 751.0 371.52 -639.56
13 751.0 386.21 -687.78
14 751.0 1013.22 -512.06
15 751.0 631.60 -443.34
16 751.0 647.93 -806.17
17 751.0 643.69 -792.14
18 751.0 462.47 -943.96
19 751.0 359.22 -944.52
20 751.0 603.58 -658.38
21 751.0 539.45 -463.31
22 751.0 399.66 -720.71
23 751.0 278.85 -681.39
24 751.0 853.93 -531.22
25 751.0 841.42 -515.93
6 752.0 555.67 -481.95
7 752.0 556.40 -489.36
8 752.0 363.25 -600.50
9 752.0 367.81 -615.83
10 752.0 556.74 -495.53
11 752.0 559.00 -503.15
12 752.0 373.88 -647.50
13 752.0 388.58 -695.51
14 752.0 1016.15 -522.62
15 752.0 623.91 -446.15
16 752.0 649.69 -811.97
17 752.0 645.60 -798.47
18 752.0 470.37 -941.62
19 752.0 361.25 -951.16
20 752.0 605.39 -664.45
21 752.0 539.45 -463.31
22 752.0 397.71 -714.36
23 752.0 280.91 -688.09
24 752.0 852.91 -525.67
25 752.0 841.91 -525.08
6 753.0 555.67 -481.95
7 753.0 556.40 -489.36
8 753.0 361.00 -593.04
9 753.0 365.92 -609.46
10 753.0 556.74 -495.53
11 753.0 558.90 -502.80
12 753.0 376.19 -655.28
13 753.0 390.96 -703.28
14 753.0 1020.99 -534.59
15 753.0 616.56 -448.68
16 753.0 651.35 -817.49
17 753.0 647.09 -803.40
18 753.0 477.77 -939.35
19 753.0 363.32 -957.94
20 753.0 607.26 -670.77
21 753.0 539.45 -463.31
22 753.0 395.63 -707.57
23 753.0 283.08 -695.13
24 753.0 848.41 -523.15
25 753.0 841.27 -532.94
6 754.0 555.67 -481.95
7 754.0 556.40 -489.36
8 754.0 358.99 -586.48
9 754.0 363.85 -602.50
10 754.0 556.74 -495.53
11 754.0 558.87 -502.73
12 754.0 377.71 -660.40
13 754.0 393.43 -711.33
14 754.0 1023.45 -547.45
15 754.0 608.81 -451.34
16 754.0 653.01 -823.00
17 754.0 648.90 -809.35
18 754.0 485.05 -937.09
19 754.0 365.16 -963.85
20 754.0 609.35 -677.81
21 754.0 539.45 -463.31
22 754.0 393.45 -700.48
23 754.0 285.19 -701.98
24 754.0 845.39 -517.82
25 754.0 846.05 -536.87
6 755.0 555.67 -481.95
7 755.0 556.40 -489.36
8 755.0 356.91 -579.77
9 755.0 361.59 -594.99
10 755.0 556.74 -495.53
11 755.0 558.87 -502.72
12 755.0 378.14 -661.84
13 755.0 396.13 -720.13
14 755.0 1027.29 -560.18
15 755.0 601.48 -453.72
16 755.0 654.90 -829.27
17 755.0 650.68 -815.28
18 755.0 492.65 -934.74
19 755.0 368.55 -968.90
20 755.0 611.42 -684.79
21 755.0 539.45 -463.31
22 755.0 391.17 -693.07
23 755.0 287.35 -709.02
24 755.0 843.26 -511.15
25 755.0 852.26 -535.68
6 756.0 555.67 -481.95
7 756.0 556.40 -489.36
8 756.0 354.90 -573.29
9 756.0 359.65 -588.61
10 756.0 556.74 -495.53
11 756.0 558.87 -502.72
12 756.0 378.36 -662.58
13 756.0 398.77 -728.74
14 756.0 1031.27 -573.26
15 756.0 594.83 -455.87
16 756.0 656.68 -835.19
17 756.0 652.39 -820.95
18 756.0 500.84 -932.20
19 756.0 374.96 -969.78
20 756.0 613.21 -690.82
21 756.0 539.45 -463.31
22 756.0 389.11 -686.36
23 756.0 289.50 -716.11
24 756.0 841.32 -504.81
25 756.0 856.22 -529.27
6 757.0 555.67 -481.95
7 757.0 556.40 -489.36
8 757.0 352.76 -566.39
9 757.0 357.52 -581.74
10 757.0 556.74 -495.53
11 757.0 558.87 -502.72
12 757.0 378.39 -662.71
13 757.0 401.29 -736.93
14 757.0 1035.15 -585.87
15 757.0 587.27 -458.34
16 757.0 658.48 -841.16
17 757.0 654.08 -826.53
18 757.0 507.97 -929.99
19 757.0 381.12 -968.12
20 757.0 615.34 -697.89
21 757.0 539.45 -463.31
22 757.0 387.18 -680.06
23 757.0 291.73 -723.41
24 757.0 839.48 -498.82
25 757.0 863.45 -526.71
6 758.0 555.67 -481.95
7 758.0 556.40 -489.36
8 758.0 350.87 -559.95
9 758.0 355.21 -574.28
10 758.0 556.74 -495.53
11 758.0 558.87 -502.72
12 758.0 378.41 -662.78
13 758.0 403.66 -744.65
14 758.0 1039.34 -599.48
15 758.0 580.08 -460.70
16 758.0 660.16 -846.81
17 758.0 655.89 -832.54
18 758.0 516.08 -927.51
19 758.0 387.05 -966.36
20 758.0 617.41 -704.76
21 758.0 539.45 -463.31
22 758.0 386.57 -678.06
23 758.0 293.71 -729.92
24 758.0 837.61 -492.71
25 758.0 871.44 -524.25
6 759.0 555.67 -481.95
7 759.0 556.40 -489.36
8 759.0 348.76 -552.48
9 759.0 353.15 -567.63
10 759.0 556.74 -495.53
11 759.0 558.87 -502.72
12 759.0 378.42 -662.78
13 759.0 406.14 -752.87
14 759.0 1043.54 -613.12
15 759.0 573.15 -462.87
16 759.0 661.75 -852.25
17 759.0 657.57 -838.14
18 759.0 524.20 -925.04
19 759.0 393.80 -964.35
20 759.0 619.37 -711.25
21 759.0 539.45 -463.31
22 759.0 386.48 -677.77
23 759.0 295.75 -736.62
24 759.0 835.66 -486.36
25 759.0 880.57 -521.43
6 760.0 555.67 -481.95
7 760.0 556.40 -489.36
8 760.0 346.87 -545.81
9 760.0 351.13 -560.86
10 760.0 556.74 -495.53
11 760.0 558.87 -502.72
12 760.0 378.42 -662.78
13 760.0 408.47 -760.71
14 760.0 1046.58 -623.02
15 760.0 565.73 -465.22
16 760.0 663.46 -858.08
17 760.0 659.30 -843.87
18 760.0 532.43 -922.53
19 760.0 399.67 -962.61
20 760.0 621.28 -717.62
21 760.0 539.45 -463.31
22 760.0 386.46 -677.70
23 760.0 297.67 -742.95
24 760.0 833.63 -479.72
25 760.0 887.41 -519.33
6 761.0 555.67 -481.95
7 761.0 556.40 -489.36
8 761.0 344.52 -538.92
9 761.0 349.41 -554.77
10 761.0 556.74 -495.53
11 761.0 558.87 -502.72
12 761.0 378.42 -662.78
13 761.0 411.03 -769.35
14 761.0 1048.44 -629.07
15 761.0 558.19 -467.71
16 761.0 665.25 -864.20
17 761.0 661.18 -850.28
18 761.0 539.74 -920.32
19 761.0 405.94 -960.75
20 761.0 623.35 -724.50
21 761.0 539.45 -463.31
22 761.0 386.45 -677.69
23 761.0 299.65 -749.45
24 761.0 831.81 -473.81
25 761.0 895.76 -516.78
6 762.0 555.67 -481.95
7 762.0 556.40 -489.36
8 762.0 339.78 -535.18
9 762.0 347.42 -547.75
10 762.0 556.74 -495.53
11 762.0 558.87 -502.72
12 762.0 378.42 -662.78
13 762.0 413.46 -777.52
14 762.0 1047.89 -634.88
15 762.0 550.57 -470.12
16 762.0 666.80 -869.79
17 762.0 663.04 -856.66
18 762.0 548.01 -917.87
19 762.0 412.13 -958.91
20 762.0 625.20 -730.60
21 762.0 539.45 -463.31
22 762.0 386.45 -677.69
23 762.0 301.56 -755.70
24 762.0 829.15 -468.49
25 762.0 904.60 -514.09
6 763.0 555.67 -481.95
7 763.0 556.40 -489.36
8 763.0 332.87 -536.02
9 763.0 346.15 -543.24
10 763.0 556.74 -495.53
11 763.0 558.87 -502.72
12 763.0 378.42 -662.78
13 763.0 415.78 -785.34
14 763.0 1042.96 -637.30
15 763.0 543.08 -472.47
16 763.0 666.19 -875.99
17 763.0 664.40 -861.32
18 763.0 556.31 -915.35
19 763.0 418.28 -957.09
20 763.0 627.12 -736.92
21 763.0 539.45 -463.31
22 763.0 386.45 -677.68
23 763.0 303.49 -762.04
24 763.0 827.21 -463.17
25 763.0 913.78 -511.34
6 764.0 555.67 -481.95
7 764.0 556.40 -489.36
8 764.0 325.51 -538.22
9 764.0 343.46 -537.33
10 764.0 556.74 -495.53
11 764.0 558.87 -502.72
12 764.0 378.42 -662.78
13 764.0 418.40 -794.15
14 764.0 1035.76 -639.47
15 764.0 536.33 -474.58
16 764.0 661.03 -879.64
17 764.0 666.29 -867.76
18 764.0 563.64 -913.08
19 764.0 424.35 -955.29
20 764.0 629.06 -743.31
21 764.0 539.45 -463.31
22 764.0 386.45 -677.68
23 764.0 305.56 -768.84
24 764.0 828.28 -456.18
25 764.0 922.83 -508.64
6 765.0 555.67 -481.95
7 765.0 556.40 -489.36
8 765.0 319.07 -540.10
9 765.0 336.10 -535.25
10 765.0 556.74 -495.53
11 765.0 558.87 -502.72
12 765.0 378.42 -662.78
13 765.0 420.98 -802.86
14 765.0 1028.52 -641.65
15 765.0 531.74 -475.99
16 765.0 655.66 -881.43
17 765.0 666.99 -873.62
18 765.0 571.00 -910.82
19 765.0 430.14 -953.57
20 765.0 630.94 -749.48
21 765.0 539.45 -463.31
22 765.0 386.45 -677.68
23 765.0 307.46 -775.17
24 765.0 829.72 -449.92
25 765.0 930.97 -506.20
6 766.0 555.67 -481.95
7 766.0 556.40 -489.36
8 766.0 312.37 -542.05
9 766.0 328.81 -537.25
10 766.0 556.74 -495.53
11 766.0 558.87 -502.72
12 766.0 378.42 -662.78
13 766.0 423.40 -811.01
14 766.0 1021.00 -643.92
15 766.0 524.70 -478.14
16 766.0 649.93 -883.20
17 766.0 663.78 -878.22
18 766.0 578.38 -908.56
19 766.0 436.29 -951.75
20 766.0 632.23 -754.05
21 766.0 539.45 -463.31
22 766.0 386.45 -677.68
23 766.0 309.55 -782.02
24 766.0 831.16 -443.54
25 766.0 939.48 -503.66
6 767.0 555.67 -481.95
7 767.0 556.40 -489.36
8 767.0 305.86 -544.02
9 767.0 322.01 -539.25
10 767.0 556.74 -495.53
11 767.0 558.87 -502.72
12 767.0 378.42 -662.78
13 767.0 425.15 -817.85
14 767.0 1013.26 -646.26
15 767.0 517.27 -480.41
16 767.0 644.44 -884.90
17 767.0 658.76 -880.48
18 767.0 585.90 -906.25
19 767.0 442.73 -949.83
20 767.0 631.03 -759.16
21 767.0 539.45 -463.31
22 767.0 386.45 -677.68
23 767.0 311.80 -789.35
24 767.0 832.59 -437.08
25 767.0 947.78 -501.37
6 768.0 555.67 -481.95
7 768.0 556.40 -489.36
8 768.0 298.73 -546.12
9 768.0 314.62 -541.38
10 768.0 556.74 -495.53
11 768.0 558.87 -502.72
12 768.0 378.42 -662.78
13 768.0 422.04 -822.51
14 768.0 1005.75 -648.53
15 768.0 510.01 -482.52
16 768.0 638.38 -886.78
17 768.0 652.97 -882.27
18 768.0 594.19 -903.71
19 768.0 449.02 -947.96
20 768.0 625.89 -761.32
21 768.0 539.45 -463.31
22 768.0 386.45 -677.68
23 768.0 313.82 -795.96
24 768.0 834.08 -430.35
25 768.0 955.19 -503.48
6 769.0 555.67 -481.95
7 769.0 556.40 -489.36
8 769.0 292.30 -548.01
9 769.0 307.31 -543.58
10 769.0 556.74 -495.53
11 769.0 558.87 -502.72
12 769.0 378.42 -662.78
13 769.0 415.83 -824.52
14 769.0 1002.14 -649.63
15 769.0 503.06 -484.38
16 769.0 632.97 -888.45
17 769.0 646.27 -884.34
18 769.0 602.51 -901.16
19 769.0 455.66 -945.99
20 769.0 619.22 -763.32
21 769.0 539.45 -463.31
22 769.0 386.45 -677.68
23 769.0 315.74 -802.29
24 769.0 835.54 -423.80
25 769.0 958.95 -510.89
6 770.0 555.67 -481.95
7 770.0 556.40 -489.36
8 770.0 284.78 -549.78
9 770.0 301.18 -545.40
10 770.0 556.74 -495.53
11 770.0 558.87 -502.72
12 770.0 378.42 -662.78
13 770.0 407.18 -827.12
14 770.0 996.68 -651.37
15 770.0 495.17 -486.50
16 770.0 627.02 -890.28
17 770.0 641.61 -885.78
18 770.0 610.44 -898.73
19 770.0 462.06 -944.08
20 770.0 612.51 -765.34
21 770.0 539.45 -463.31
22 770.0 386.45 -677.68
23 770.0 317.73 -808.84
24 770.0 836.83 -417.97
25 770.0 961.67 -519.37
6 771.0 555.67 -481.95
7 771.0 556.40 -489.36
8 771.0 277.21 -549.12
9 771.0 293.14 -547.77
10 771.0 556.74 -495.53
11 771.0 558.87 -502.72
12 771.0 378.42 -662.78
13 771.0 398.91 -829.61
14 771.0 989.36 -653.02
15 771.0 488.06 -488.88
16 771.0 621.04 -892.13
17 771.0 635.08 -887.79
18 771.0 618.19 -896.35
19 771.0 468.34 -942.22
20 771.0 605.55 -767.44
21 771.0 539.45 -463.31
22 771.0 386.45 -677.68
23 771.0 319.62 -815.45
24 771.0 838.81 -412.61
25 771.0 964.00 -527.51
6 772.0 555.67 -481.95
7 772.0 556.40 -489.36
8 772.0 270.21 -551.19
9 772.0 285.62 -549.71
10 772.0 556.74 -495.53
11 772.0 558.87 -502.72
12 772.0 378.42 -662.78
13 772.0 390.71 -832.06
14 772.0 981.73 -655.78
15 772.0 480.26 -491.42
16 772.0 615.04 -893.97
17 772.0 629.85 -889.41
18 772.0 625.77 -894.02
19 772.0 474.26 -940.44
20 772.0 599.19 -769.43
21 772.0 539.45 -463.31
22 772.0 386.45 -677.68
23 772.0 321.56 -821.89
24 772.0 843.34 -408.06
25 772.0 966.49 -536.21
6 773.0 555.67 -481.95
7 773.0 556.40 -489.36
8 773.0 263.47 -553.18
9 773.0 278.67 -548.76
10 773.0 556.74 -495.53
11 773.0 558.87 -502.72
12 773.0 378.42 -662.78
13 773.0 381.89 -834.70
14 773.0 974.56 -658.12
15 773.0 473.47 -493.47
16 773.0 608.84 -895.87
17 773.0 623.05 -891.51
18 773.0 633.96 -891.49
19 773.0 480.02 -938.65
20 773.0 592.94 -771.40
21 773.0 539.45 -463.31
22 773.0 386.45 -677.68
23 773.0 323.73 -828.75
24 773.0 849.70 -402.22
25 773.0 969.02 -544.91
6 774.0 555.67 -481.95
7 774.0 556.40 -489.36
8 774.0 256.80 -555.15
9 774.0 272.24 -550.59
10 774.0 556.74 -495.53
11 774.0 558.87 -502.72
12 774.0 378.42 -662.78
13 774.0 373.96 -837.08
14 774.0 966.76 -660.31
15 774.0 465.62 -495.85
16 774.0 603.12 -897.62
17 774.0 617.13 -893.33
18 774.0 642.17 -888.96
19 774.0 486.01 -936.79
20 774.0 586.56 -773.34
21 774.0 539.45 -463.31
22 774.0 386.45 -677.68
23 774.0 325.72 -835.07
24 774.0 858.93 -401.10
25 774.0 971.50 -553.46
6 775.0 555.67 -481.95
7 775.0 556.40 -489.36
8 775.0 251.85 -556.60
9 775.0 265.64 -552.54
10 775.0 556.74 -495.53
11 775.0 558.87 -502.72
12 775.0 378.42 -662.78
13 775.0 365.89 -839.49
14 775.0 959.24 -662.39
15 775.0 458.53 -497.99
16 775.0 596.77 -899.57
17 775.0 611.99 -894.91
18 775.0 649.51 -886.69
19 775.0 492.22 -934.87
20 775.0 580.08 -775.31
21 775.0 539.45 -463.31
22 775.0 386.45 -677.68
23 775.0 327.91 -842.26
24 775.0 867.94 -399.93
25 775.0 974.13 -562.50
6 776.0 555.67 -481.95
7 776.0 556.40 -489.36
8 776.0 246.20 -557.16
9 776.0 260.86 -553.95
10 776.0 556.74 -495.53
11 776.0 558.87 -502.72
12 776.0 378.42 -662.78
13 776.0 357.21 -842.10
14 776.0 951.68 -664.26
15 776.0 451.67 -500.07
16 776.0 590.68 -901.44
17 776.0 604.91 -897.08
18 776.0 657.38 -884.26
19 776.0 498.68 -932.87
20 776.0 573.73 -777.18
21 776.0 539.45 -463.31
22 776.0 386.45 -677.68
23 776.0 329.93 -848.88
24 776.0 876.77 -401.99
25 776.0 976.59 -570.94
6 777.0 555.67 -481.95
7 777.0 556.40 -489.36
8 777.0 242.98 -553.38
9 777.0 254.70 -555.77
10 777.0 556.74 -495.53
11 777.0 558.87 -502.72
12 777.0 378.42 -662.78
13 777.0 349.39 -844.44
14 777.0 944.25 -664.23
15 777.0 444.59 -502.21
16 777.0 584.06 -903.46
17 777.0 598.73 -898.97
18 777.0 664.99 -881.22
19 777.0 505.41 -930.78
20 777.0 567.88 -778.90
21 777.0 539.45 -463.31
22 777.0 386.45 -677.68
23 777.0 331.89 -855.30
24 777.0 885.07 -403.91
25 777.0 979.13 -579.70
6 778.0 555.67 -481.95
7 778.0 556.40 -489.36
8 778.0 240.83 -546.29
9 778.0 250.27 -557.07
10 778.0 556.74 -495.53
11 778.0 558.87 -502.72
12 778.0 378.42 -662.78
13 778.0 342.17 -846.61
14 778.0 937.40 -660.98
15 778.0 437.49 -504.36
16 778.0 577.72 -905.41
17 778.0 592.28 -900.95
18 778.0 669.79 -875.63
19 778.0 511.77 -928.82
20 778.0 561.86 -780.66
21 778.0 539.45 -463.31
22 778.0 386.45 -677.68
23 778.0 334.08 -862.44
24 778.0 894.06 -405.99
25 778.0 981.63 -588.30
6 779.0 555.67 -481.95
7 779.0 556.40 -489.36
8 779.0 238.92 -539.99
9 779.0 244.81 -556.34
10 779.0 556.74 -495.53
11 779.0 558.87 -502.72
12 779.0 378.42 -662.78
13 779.0 335.18 -847.70
14 779.0 931.00 -655.72
15 779.0 429.79 -506.67
16 779.0 572.09 -907.14
17 779.0 586.01 -902.87
18 779.0 669.51 -867.37
19 779.0 518.20 -926.86
20 779.0 555.03 -782.66
21 779.0 539.45 -463.31
22 779.0 386.45 -677.68
23 779.0 336.24 -869.51
24 779.0 902.49 -407.94
25 779.0 984.08 -596.72
6 780.0 555.00 -479.64
7 780.0 556.40 -489.36
8 780.0 236.68 -532.62
9 780.0 242.34 -551.28
10 780.0 556.74 -495.53
11 780.0 558.87 -502.72
12 780.0 379.26 -664.96
13 780.0 331.20 -842.10
14 780.0 925.12 -650.27
15 780.0 422.45 -508.88
16 780.0 565.74 -909.08
17 780.0 580.35 -904.60
18 780.0 667.30 -859.82
19 780.0 525.15 -924.75
20 780.0 547.95 -784.74
21 780.0 540.16 -465.33
22 780.0 386.00 -676.26
23 780.0 338.47 -876.78
24 780.0 911.36 -410.02
25 780.0 986.64 -605.53
6 781.0 554.50 -475.97
7 781.0 557.09 -487.56
8 781.0 234.76 -526.29
9 781.0 240.21 -544.25
10 781.0 556.74 -495.53
11 781.0 558.87 -502.72
12 781.0 380.49 -667.46
13 781.0 328.86 -834.37
14 781.0 919.81 -645.34
15 781.0 415.42 -510.99
16 781.0 560.34 -910.76
17 781.0 574.29 -906.46
18 781.0 665.05 -852.15
19 781.0 531.80 -922.72
20 781.0 541.27 -786.70
21 781.0 541.68 -469.18
22 781.0 385.08 -673.35
23 781.0 340.70 -884.07
24 781.0 919.89 -412.73
25 781.0 989.02 -613.61
6 782.0 557.04 -471.67
7 782.0 556.41 -484.09
8 782.0 232.50 -518.83
9 782.0 237.98 -536.90
10 782.0 556.33 -494.14
11 782.0 558.87 -502.72
12 782.0 380.49 -667.46
13 782.0 326.26 -826.16
14 782.0 914.18 -640.12
15 782.0 407.89 -513.24
16 782.0 554.49 -912.57
17 782.0 568.51 -908.23
18 782.0 662.62 -843.83
19 782.0 537.98 -920.84
20 782.0 534.92 -788.61
21 782.0 544.34 -474.40
22 782.0 383.68 -668.90
23 782.0 342.73 -890.70
24 782.0 924.28 -414.20
25 782.0 992.00 -622.76
6 783.0 563.14 -469.45
7 783.0 554.75 -478.60
8 783.0 230.45 -512.06
9 783.0 235.52 -528.78
10 783.0 555.92 -492.78
11 783.0 558.64 -501.95
12 783.0 380.49 -667.46
13 783.0 323.75 -818.22
14 783.0 908.30 -634.68
15 783.0 400.83 -515.36
16 783.0 547.93 -914.56
17 783.0 562.62 -910.05
18 783.0 660.27 -836.01
19 783.0 544.54 -918.90
20 783.0 528.06 -790.68
21 783.0 547.78 -480.07
22 783.0 381.72 -662.66
23 783.0 344.74 -897.25
24 783.0 922.83 -413.62
25 783.0 996.35 -630.41
6 784.0 570.88 -466.91
7 784.0 555.30 -473.20
8 784.0 228.39 -505.29
9 784.0 233.37 -521.71
10 784.0 554.43 -488.21
11 784.0 558.01 -499.81
12 784.0 380.49 -667.46
13 784.0 321.44 -810.14
14 784.0 903.04 -629.79
15 784.0 393.26 -517.63
16 784.0 541.61 -916.43
17 784.0 556.20 -912.04
18 784.0 658.12 -828.88
19 784.0 550.57 -917.12
20 784.0 521.42 -792.68
21 784.0 550.76 -487.29
22 784.0 379.58 -655.46
23 784.0 346.85 -904.14
24 784.0 922.75 -413.59
25 784.0 998.90 -639.29
6 785.0 578.11 -464.69
7 785.0 561.90 -469.86
8 785.0 226.50 -498.99
9 785.0 231.15 -514.38
10 785.0 552.25 -481.88
11 785.0 557.00 -496.41
12 785.0 382.10 -668.94
13 785.0 318.87 -801.58
14 785.0 897.07 -624.27
15 785.0 385.51 -519.96
16 785.0 536.03 -918.09
17 785.0 550.15 -913.91
18 785.0 655.91 -821.56
19 785.0 556.77 -915.21
20 785.0 515.20 -794.56
21 785.0 552.96 -494.04
22 785.0 377.37 -648.02
23 785.0 348.95 -911.02
24 785.0 922.74 -413.59
25 785.0 998.23 -647.25
6 786.0 586.44 -461.97
7 786.0 568.79 -467.59
8 786.0 224.95 -492.72
9 786.0 229.19 -507.91
10 786.0 549.92 -474.77
11 786.0 555.74 -492.23
12 786.0 386.01 -670.31
13 786.0 316.52 -793.84
14 786.0 891.70 -618.99
15 786.0 378.11 -522.19
16 786.0 529.65 -920.03
17 786.0 543.90 -915.76
18 786.0 653.65 -814.06
19 786.0 563.17 -913.23
20 786.0 508.33 -796.63
21 786.0 554.57 -499.47
22 786.0 375.39 -641.34
23 786.0 351.07 -917.94
24 786.0 922.74 -413.59
25 786.0 992.12 -652.14
6 787.0 594.42 -459.37
7 787.0 577.09 -465.00
8 787.0 225.74 -485.10
9 787.0 227.17 -501.22
10 787.0 547.66 -467.87
11 787.0 553.52 -485.51
12 787.0 391.59 -669.19
13 787.0 313.81 -785.00
14 787.0 885.82 -613.01
15 787.0 370.26 -524.60
16 787.0 523.12 -922.02
17 787.0 537.54 -917.64
18 787.0 651.29 -806.24
19 787.0 569.07 -911.41
20 787.0 501.63 -798.65
21 787.0 556.66 -506.54
22 787.0 373.50 -634.97
23 787.0 353.09 -924.52
24 787.0 922.74 -413.59
25 787.0 983.94 -655.07
6 788.0 602.70 -456.69
7 788.0 585.73 -462.21
8 788.0 223.04 -475.74
9 788.0 225.01 -493.35
10 788.0 545.15 -460.10
11 788.0 551.04 -478.17
12 788.0 398.42 -667.12
13 788.0 311.39 -777.11
14 788.0 879.94 -607.03
15 788.0 362.51 -527.03
16 788.0 517.15 -923.84
17 788.0 531.38 -919.50
18 788.0 648.81 -798.05
19 788.0 575.05 -909.58
20 788.0 495.50 -800.50
21 788.0 558.81 -513.80
22 788.0 371.36 -627.78
23 788.0 355.05 -930.92
24 788.0 922.74 -413.59
25 788.0 975.39 -657.85
6 789.0 610.08 -454.29
7 789.0 594.19 -459.44
8 789.0 220.29 -465.89
9 789.0 225.68 -484.90
10 789.0 542.65 -452.10
11 789.0 548.43 -470.24
12 789.0 406.71 -664.61
13 789.0 308.80 -768.51
14 789.0 874.67 -601.65
15 789.0 355.12 -529.40
16 789.0 511.21 -925.64
17 789.0 525.23 -921.38
18 789.0 646.40 -790.06
19 789.0 580.99 -907.76
20 789.0 488.91 -802.50
21 789.0 560.90 -520.84
22 789.0 369.27 -620.75
23 789.0 357.08 -937.54
24 789.0 922.74 -413.59
25 789.0 966.53 -660.37
6 790.0 617.35 -451.79
7 790.0 601.44 -457.10
8 790.0 217.72 -456.80
9 790.0 222.72 -474.64
10 790.0 540.36 -444.66
11 790.0 545.85 -462.34
12 790.0 414.40 -662.28
13 790.0 306.33 -760.41
14 790.0 870.71 -595.01
15 790.0 349.98 -531.03
16 790.0 504.75 -927.64
17 790.0 519.65 -923.07
18 790.0 643.97 -782.06
19 790.0 587.12 -905.88
20 790.0 482.69 -804.37
21 790.0 562.82 -527.33
22 790.0 367.28 -614.03
23 790.0 359.09 -944.12
24 790.0 922.74 -413.59
25 790.0 957.98 -662.74
6 791.0 624.86 -449.20
7 791.0 609.05 -454.64
8 791.0 216.43 -449.87
9 791.0 220.17 -465.45
10 791.0 537.89 -436.64
11 791.0 543.56 -455.02
12 791.0 422.79 -659.74
13 791.0 303.74 -751.89
14 791.0 868.44 -587.35
15 791.0 343.37 -534.90
16 791.0 498.90 -929.45
17 791.0 512.76 -925.17
18 791.0 641.62 -774.19
19 791.0 593.65 -903.87
20 791.0 476.04 -806.38
21 791.0 564.81 -533.88
22 791.0 365.30 -607.39
23 791.0 361.27 -951.24
24 791.0 922.74 -413.59
25 791.0 949.16 -664.50
6 792.0 632.68 -446.35
7 792.0 616.81 -451.97
8 792.0 219.87 -442.73
9 792.0 218.13 -458.12
10 792.0 536.82 -429.08
11 792.0 541.18 -447.32
12 792.0 430.37 -657.45
13 792.0 301.12 -743.27
14 792.0 866.20 -579.80
15 792.0 342.46 -541.55
16 792.0 493.20 -931.22
17 792.0 506.81 -927.00
18 792.0 639.26 -766.25
19 792.0 600.65 -901.73
20 792.0 470.05 -808.20
21 792.0 566.90 -540.58
22 792.0 363.12 -600.08
23 792.0 363.21 -957.58
24 792.0 922.74 -413.59
25 792.0 940.56 -662.87
6 793.0 640.13 -442.84
7 793.0 624.50 -449.33
8 793.0 226.51 -439.72
9 793.0 216.37 -450.29
10 793.0 536.17 -420.92
11 793.0 538.87 -439.83
12 793.0 438.56 -654.97
13 793.0 298.70 -735.34
14 793.0 863.81 -571.76
15 793.0 344.47 -549.08
16 793.0 487.47 -932.99
17 793.0 501.77 -928.56
18 793.0 636.87 -758.19
19 793.0 606.49 -899.94
20 793.0 463.41 -810.22
21 793.0 569.24 -548.04
22 793.0 360.87 -592.61
23 793.0 364.62 -962.17
24 793.0 922.74 -413.59
25 793.0 932.89 -657.46
6 794.0 646.91 -438.41
7 794.0 632.67 -446.36
8 794.0 234.86 -436.73
9 794.0 218.85 -443.54
10 794.0 533.48 -413.06
11 794.0 536.62 -431.94
12 794.0 446.33 -652.62
13 794.0 296.07 -726.70
14 794.0 861.68 -564.57
15 794.0 346.49 -556.18
16 794.0 480.92 -935.02
17 794.0 495.79 -930.41
18 794.0 634.47 -750.11
19 794.0 613.29 -897.86
20 794.0 457.41 -812.04
21 794.0 571.33 -554.75
22 794.0 358.60 -585.23
23 794.0 365.64 -964.15
24 794.0 922.74 -413.59
25 794.0 926.25 -651.31
6 795.0 653.49 -434.18
7 795.0 640.00 -442.92
8 795.0 243.85 -434.08
9 795.0 226.15 -439.85
10 795.0 530.99 -405.68
11 795.0 537.04 -423.45
12 795.0 454.47 -650.17
13 795.0 293.63 -718.68
14 795.0 859.60 -557.59
15 795.0 348.62 -563.71
16 795.0 474.39 -937.04
17 795.0 488.89 -932.55
18 795.0 632.16 -742.50
19 795.0 619.56 -895.93
20 795.0 451.38 -813.85
21 795.0 573.52 -561.76
22 795.0 356.41 -578.17
23 795.0 367.93 -963.45
24 795.0 922.74 -413.59
25 795.0 919.89 -645.42
6 796.0 661.51 -430.73
7 796.0 646.29 -438.82
8 796.0 252.79 -431.48
9 796.0 235.07 -436.66
10 796.0 528.34 -398.64
11 796.0 534.55 -416.20
12 796.0 462.94 -647.61
13 796.0 290.95 -709.87
14 796.0 857.33 -549.93
15 796.0 350.93 -571.27
16 796.0 469.58 -938.26
17 796.0 483.13 -934.33
18 796.0 629.89 -735.05
19 796.0 625.79 -894.02
20 796.0 444.69 -815.86
21 796.0 575.61 -568.43
22 796.0 354.20 -571.02
23 796.0 367.60 -960.99
24 796.0 922.74 -413.59
25 796.0 913.71 -639.69
6 797.0 668.92 -429.25
7 797.0 653.63 -434.11
8 797.0 261.96 -428.82
9 797.0 243.43 -434.20
10 797.0 525.31 -391.62
11 797.0 531.99 -408.71
12 797.0 471.31 -645.08
13 797.0 288.40 -701.53
14 797.0 855.17 -542.29
15 797.0 353.12 -578.35
16 797.0 465.24 -935.89
17 797.0 478.04 -935.91
18 797.0 627.50 -727.19
19 797.0 632.07 -892.08
20 797.0 438.41 -817.75
21 797.0 577.64 -574.93
22 797.0 352.08 -564.20
23 797.0 366.37 -956.94
24 797.0 922.74 -413.59
25 797.0 907.38 -633.82
6 798.0 676.85 -429.50
7 798.0 660.52 -430.99
8 798.0 271.52 -426.07
9 798.0 253.21 -431.36
10 798.0 521.42 -384.13
11 798.0 529.46 -401.29
12 798.0 479.73 -642.53
13 798.0 285.70 -692.75
14 798.0 853.65 -535.17
15 798.0 355.27 -585.28
16 798.0 463.61 -931.41
17 798.0 472.81 -937.53
18 798.0 625.19 -719.51
19 798.0 638.14 -890.20
20 798.0 433.39 -819.02
21 798.0 579.61 -581.23
22 798.0 350.08 -557.15
23 798.0 364.74 -951.64
24 798.0 922.74 -413.59
25 798.0 900.54 -627.48
6 799.0 684.74 -431.18
7 799.0 667.61 -429.34
8 799.0 280.83 -423.39
9 799.0 262.90 -428.55
10 799.0 518.61 -376.88
11 799.0 526.07 -393.26
12 799.0 488.25 -639.95
13 799.0 283.00 -684.01
14 799.0 854.04 -529.27
15 799.0 357.60 -592.86
16 799.0 461.78 -925.65
17 799.0 468.24 -938.16
18 799.0 622.94 -712.04
19 799.0 644.82 -888.14
20 799.0 428.82 -816.95
21 799.0 581.87 -588.47
22 799.0 348.16 -550.37
23 799.0 362.66 -944.84
24 799.0 922.74 -413.59
25 799.0 893.88 -621.21
6 800.0 692.27 -432.72
7 800.0 675.89 -429.31
8 800.0 290.17 -420.71
9 800.0 272.33 -425.84
10 800.0 518.84 -368.82
11 800.0 522.62 -386.43
12 800.0 495.80 -637.67
13 800.0 280.60 -676.15
14 800.0 850.34 -524.09
15 800.0 359.76 -599.98
16 800.0 459.84 -919.55
17 800.0 464.86 -935.07
18 800.0 620.58 -704.22
19 800.0 650.87 -886.27
20 800.0 426.94 -811.68
21 800.0 583.98 -595.21
22 800.0 346.45 -544.32
23 800.0 360.51 -937.83
24 800.0 922.74 -413.59
25 800.0 887.83 -615.05
6 801.0 700.66 -434.45
7 801.0 683.45 -430.91
8 801.0 300.01 -417.96
9 801.0 281.91 -423.09
10 801.0 520.85 -362.62
11 801.0 519.29 -378.65
12 801.0 503.78 -635.26
13 801.0 278.10 -668.17
14 801.0 845.77 -518.98
15 801.0 361.80 -606.82
16 801.0 457.93 -913.53
17 801.0 462.96 -929.36
18 801.0 618.29 -696.59
19 801.0 656.76 -884.45
20 801.0 425.01 -805.18
21 801.0 586.29 -602.61
22 801.0 344.37 -537.17
23 801.0 358.37 -930.82
24 801.0 922.74 -413.59
25 801.0 881.97 -609.09
6 802.0 708.31 -436.02
7 802.0 691.92 -432.65
8 802.0 309.10 -415.41
9 802.0 291.12 -420.44
10 802.0 523.51 -354.74
11 802.0 518.59 -371.89
12 802.0 511.42 -632.95
13 802.0 275.43 -659.62
14 802.0 843.60 -512.23
15 802.0 363.82 -613.62
16 802.0 456.24 -907.86
17 802.0 460.96 -923.06
18 802.0 616.08 -689.25
19 802.0 663.38 -882.07
20 802.0 423.22 -799.16
21 802.0 588.42 -609.43
22 802.0 342.41 -530.55
23 802.0 356.14 -923.54
24 802.0 922.74 -413.59
25 802.0 875.45 -602.45
6 803.0 716.38 -439.08
7 803.0 699.40 -434.19
8 803.0 318.39 -412.75
9 803.0 300.16 -417.92
10 803.0 526.11 -347.05
11 803.0 520.14 -364.79
12 803.0 518.97 -630.67
13 803.0 272.85 -651.32
14 803.0 841.30 -504.76
15 803.0 365.84 -620.41
16 803.0 454.46 -901.88
17 803.0 458.87 -916.51
18 803.0 613.63 -680.99
19 803.0 668.26 -878.51
20 803.0 421.17 -792.25
21 803.0 590.71 -616.81
22 803.0 340.38 -523.85
23 803.0 354.10 -916.88
24 803.0 922.74 -413.59
25 803.0 870.65 -594.80
6 804.0 722.16 -445.13
7 804.0 707.43 -435.84
8 804.0 327.48 -410.11
9 804.0 308.96 -415.45
10 804.0 527.45 -343.07
11 804.0 521.40 -360.97
12 804.0 526.39 -628.42
13 804.0 270.32 -643.14
14 804.0 838.97 -497.15
15 804.0 367.97 -627.59
16 804.0 452.74 -896.06
17 804.0 457.07 -910.65
18 804.0 611.31 -673.18
19 804.0 670.30 -872.14
20 804.0 419.11 -785.31
21 804.0 592.80 -623.54
22 804.0 338.17 -516.72
23 804.0 351.99 -910.01
24 804.0 922.74 -413.59
25 804.0 868.31 -586.90
6 805.0 725.44 -453.15
7 805.0 715.17 -438.38
8 805.0 337.08 -407.32
9 805.0 318.50 -412.72
10 805.0 528.80 -338.50
11 805.0 523.42 -355.01
12 805.0 534.68 -625.91
13 805.0 267.87 -635.23
14 805.0 836.80 -490.08
15 805.0 370.27 -635.32
16 805.0 450.93 -890.07
17 805.0 455.36 -904.91
18 805.0 609.19 -666.02
19 805.0 669.06 -865.83
20 805.0 417.05 -778.37
21 805.0 594.90 -630.32
22 805.0 336.09 -509.99
23 805.0 349.96 -903.36
24 805.0 922.74 -413.59
25 805.0 865.79 -578.42
6 806.0 728.23 -461.47
7 806.0 721.10 -443.42
8 806.0 346.76 -404.51
9 806.0 327.48 -410.11
10 806.0 527.30 -335.16
11 806.0 525.42 -349.08
12 806.0 543.14 -623.35
13 806.0 265.42 -627.21
14 806.0 834.53 -482.68
15 806.0 372.54 -642.99
16 806.0 449.13 -884.18
17 806.0 453.43 -898.37
18 806.0 606.99 -658.63
19 806.0 667.18 -859.40
20 806.0 415.02 -771.56
21 806.0 596.94 -636.90
22 806.0 333.95 -503.05
23 806.0 347.84 -896.47
24 806.0 922.74 -413.59
25 806.0 863.29 -570.01
6 807.0 730.79 -469.77
7 807.0 724.76 -451.12
8 807.0 356.25 -401.75
9 807.0 336.96 -407.36
10 807.0 521.61 -337.39
11 807.0 527.03 -344.31
12 807.0 551.36 -620.86
13 807.0 262.99 -619.26
14 807.0 832.04 -474.54
15 807.0 374.61 -649.97
16 807.0 447.27 -878.07
17 807.0 451.83 -893.02
18 807.0 604.47 -650.36
19 807.0 665.15 -852.49
20 807.0 413.08 -765.00
21 807.0 599.13 -643.96
22 807.0 331.84 -496.22
23 807.0 345.89 -890.09
24 807.0 922.74 -413.59
25 807.0 860.93 -562.04
6 808.0 734.23 -477.38
7 808.0 727.51 -459.30
8 808.0 365.25 -399.14
9 808.0 346.52 -404.58
10 808.0 514.52 -340.18
11 808.0 528.56 -339.42
12 808.0 559.55 -618.38
13 808.0 260.49 -611.02
14 808.0 830.58 -470.77
15 808.0 376.73 -657.10
16 808.0 445.45 -872.07
17 808.0 449.79 -886.36
18 808.0 602.17 -642.94
19 808.0 663.31 -846.20
20 808.0 411.01 -758.05
21 808.0 601.38 -651.22
22 808.0 329.71 -489.33
23 808.0 343.96 -883.79
24 808.0 922.74 -413.59
25 808.0 858.25 -553.03
6 809.0 739.77 -482.79
7 809.0 729.94 -467.00
8 809.0 374.33 -396.50
9 809.0 355.55 -401.95
10 809.0 505.93 -342.81
11 809.0 528.60 -335.18
12 809.0 567.85 -615.87
13 809.0 258.13 -603.27
14 809.0 825.95 -466.37
15 809.0 378.59 -663.39
16 809.0 443.46 -865.52
17 809.0 447.96 -880.34
18 809.0 599.86 -635.52
19 809.0 661.23 -839.20
20 809.0 409.26 -752.14
21 809.0 603.60 -658.45
22 809.0 327.48 -481.95
23 809.0 341.90 -877.09
24 809.0 922.74 -413.59
25 809.0 856.17 -546.03
6 810.0 747.21 -485.43
7 810.0 732.90 -475.04
8 810.0 384.37 -394.18
9 810.0 364.43 -399.37
10 810.0 495.22 -346.13
11 810.0 524.78 -336.15
12 810.0 576.42 -613.28
13 810.0 255.75 -595.44
14 810.0 818.12 -464.57
15 810.0 377.62 -669.19
16 810.0 441.60 -859.49
17 810.0 445.83 -873.34
18 810.0 597.67 -628.43
19 810.0 659.16 -832.34
20 810.0 407.28 -745.52
21 810.0 605.67 -665.41
22 810.0 325.38 -475.04
23 810.0 339.89 -870.50
24 810.0 922.74 -413.59
25 810.0 853.94 -537.40
6 811.0 755.65 -485.66
7 811.0 738.24 -481.70
8 811.0 394.03 -392.29
9 811.0 374.51 -396.45
10 811.0 485.06 -349.27
11 811.0 519.19 -338.35
12 811.0 581.26 -611.82
13 811.0 253.27 -587.27
14 811.0 810.25 -465.63
15 811.0 372.09 -671.61
16 811.0 439.62 -853.07
17 811.0 444.16 -867.84
18 811.0 595.30 -620.81
19 811.0 657.19 -825.78
20 811.0 405.31 -739.13
21 811.0 607.81 -672.61
22 811.0 323.30 -468.28
23 811.0 337.66 -863.23
24 811.0 922.74 -413.59
25 811.0 853.97 -530.54
6 812.0 763.42 -483.59
7 812.0 746.49 -485.26
8 812.0 403.97 -389.23
9 812.0 383.71 -394.15
10 812.0 475.00 -352.38
11 812.0 511.64 -341.23
12 812.0 584.09 -609.63
13 812.0 250.73 -578.91
14 812.0 802.50 -468.08
15 812.0 365.33 -673.68
16 812.0 437.82 -847.26
17 812.0 442.13 -861.19
18 812.0 592.77 -612.65
19 812.0 655.16 -819.07
20 812.0 403.15 -732.10
21 812.0 609.69 -678.95
22 812.0 321.20 -461.43
23 812.0 336.14 -858.26
24 812.0 922.74 -413.59
25 812.0 851.63 -524.61
6 813.0 770.72 -481.31
7 813.0 755.15 -485.76
8 813.0 413.02 -388.57
9 813.0 394.59 -392.12
10 813.0 464.39 -352.31
11 813.0 501.97 -344.04
12 813.0 582.04 -608.25
13 813.0 248.38 -571.20
14 813.0 794.68 -470.50
15 813.0 358.59 -675.74
16 813.0 435.81 -840.76
17 813.0 440.31 -855.33
18 813.0 590.29 -604.69
19 813.0 653.20 -812.55
20 813.0 401.03 -725.18
21 813.0 611.88 -686.33
22 813.0 319.09 -454.56
23 813.0 336.06 -853.27
24 813.0 922.74 -413.59
25 813.0 846.26 -520.14
6 814.0 778.11 -478.99
7 814.0 762.26 -483.95
8 814.0 422.18 -386.56
9 814.0 403.59 -389.35
10 814.0 454.71 -355.31
11 814.0 491.96 -347.14
12 814.0 577.02 -609.76
13 814.0 248.55 -565.44
14 814.0 786.91 -472.91
15 814.0 351.31 -677.96
16 814.0 433.92 -834.65
17 814.0 438.38 -849.09
18 814.0 587.78 -596.62
19 814.0 651.26 -806.12
20 814.0 399.04 -718.72
21 814.0 613.81 -692.80
22 814.0 317.00 -447.72
23 814.0 341.08 -850.27
24 814.0 922.74 -413.59
25 814.0 843.81 -512.89
6 815.0 785.78 -476.61
7 815.0 769.10 -481.82
8 815.0 431.55 -383.26
9 815.0 412.36 -388.37
10 815.0 444.56 -358.35
11 815.0 481.06 -350.51
12 815.0 570.37 -611.78
13 815.0 254.81 -562.39
14 815.0 779.57 -475.18
15 815.0 343.76 -678.12
16 815.0 431.87 -828.31
17 815.0 436.51 -843.01
18 815.0 585.51 -589.37
19 815.0 649.26 -799.52
20 815.0 397.25 -712.87
21 815.0 615.90 -699.74
22 815.0 314.92 -440.94
23 815.0 347.80 -848.26
24 815.0 922.74 -413.59
25 815.0 841.35 -504.91
6 816.0 793.60 -474.19
7 816.0 776.89 -479.37
8 816.0 441.20 -380.10
9 816.0 422.55 -386.43
10 816.0 434.93 -361.19
11 816.0 470.61 -353.74
12 816.0 562.90 -614.03
13 816.0 263.68 -559.78
14 816.0 772.03 -477.54
15 816.0 335.77 -679.37
16 816.0 428.69 -823.75
17 816.0 434.41 -836.23
18 816.0 583.15 -581.82
19 816.0 647.48 -793.64
20 816.0 395.10 -705.87
21 816.0 618.15 -707.22
22 816.0 312.78 -433.92
23 816.0 354.84 -846.14
24 816.0 922.74 -413.59
25 816.0 838.82 -496.65
6 817.0 801.24 -471.82
7 817.0 785.17 -476.80
8 817.0 450.90 -377.23
9 817.0 432.33 -382.99
10 817.0 425.18 -364.08
11 817.0 459.56 -357.16
12 817.0 555.03 -616.41
13 817.0 272.61 -557.15
14 817.0 765.06 -479.72
15 817.0 328.58 -681.55
16 817.0 422.77 -822.69
17 817.0 432.77 -830.92
18 817.0 580.66 -573.83
19 817.0 645.73 -787.87
20 817.0 392.99 -698.98
21 817.0 620.09 -713.65
22 817.0 310.99 -428.20
23 817.0 362.15 -843.95
24 817.0 922.74 -413.59
25 817.0 836.00 -487.48
6 818.0 809.44 -469.26
7 818.0 792.26 -474.60
8 818.0 460.61 -374.36
9 818.0 442.33 -379.77
10 818.0 415.27 -367.01
11 818.0 448.71 -360.45
12 818.0 546.58 -618.97
13 818.0 280.40 -554.86
14 818.0 757.73 -482.01
15 818.0 320.84 -683.89
16 818.0 417.47 -824.04
17 818.0 431.16 -826.83
18 818.0 578.16 -565.84
19 818.0 643.83 -781.60
20 818.0 391.07 -692.72
21 818.0 622.20 -720.67
22 818.0 309.22 -421.62
23 818.0 369.14 -841.85
24 818.0 922.74 -413.59
25 818.0 833.35 -478.82
6 819.0 814.40 -468.05
7 819.0 800.23 -472.13
8 819.0 470.28 -371.50
9 819.0 451.65 -377.01
10 819.0 404.84 -370.10
11 819.0 437.94 -363.64
12 819.0 537.99 -621.56
13 819.0 289.06 -552.31
14 819.0 749.33 -482.48
15 819.0 314.04 -685.96
16 819.0 411.61 -825.78
17 819.0 427.30 -822.98
18 819.0 575.78 -558.22
19 819.0 641.83 -774.95
20 819.0 389.28 -686.90
21 819.0 624.22 -727.37
22 819.0 310.30 -415.87
23 819.0 375.50 -839.95
24 819.0 922.74 -413.59
25 819.0 830.07 -470.00
6 820.0 815.87 -467.77
7 820.0 805.88 -470.39
8 820.0 479.79 -368.70
9 820.0 460.87 -374.29
10 820.0 395.72 -373.80
11 820.0 427.71 -366.66
12 820.0 530.07 -623.96
13 820.0 296.87 -550.01
14 820.0 742.14 -480.43
15 820.0 306.49 -688.25
16 820.0 406.08 -827.45
17 820.0 420.06 -823.26
18 820.0 573.54 -551.07
19 820.0 639.92 -768.41
20 820.0 387.36 -680.64
21 820.0 626.20 -733.90
22 820.0 314.58 -410.52
23 820.0 382.79 -837.77
24 820.0 922.74 -413.59
25 820.0 827.35 -464.07
6 821.0 819.25 -466.91
7 821.0 807.63 -469.85
8 821.0 489.28 -365.89
9 821.0 470.18 -371.54
10 821.0 385.81 -377.39
11 821.0 417.24 -369.76
12 821.0 522.38 -626.29
13 821.0 305.25 -547.54
14 821.0 736.51 -474.95
15 821.0 299.26 -690.44
16 821.0 400.14 -829.24
17 821.0 415.09 -824.74
18 821.0 570.97 -542.84
19 821.0 637.94 -761.79
20 821.0 385.42 -674.41
21 821.0 628.48 -741.41
22 821.0 321.60 -405.15
23 821.0 390.21 -835.55
24 821.0 922.74 -413.59
25 821.0 828.28 -456.17
6 822.0 824.57 -464.33
7 822.0 810.77 -468.82
8 822.0 498.32 -363.22
9 822.0 480.12 -368.60
10 822.0 375.08 -380.57
11 822.0 406.22 -373.02
12 822.0 514.11 -628.80
13 822.0 314.00 -544.89
14 822.0 733.34 -467.16
15 822.0 294.35 -691.93
16 822.0 393.85 -831.12
17 822.0 408.80 -826.63
18 822.0 568.61 -535.30
19 822.0 636.15 -755.79
20 822.0 383.29 -667.64
21 822.0 630.51 -748.07
22 822.0 331.53 -402.26
23 822.0 397.00 -833.51
24 822.0 922.74 -413.59
25 822.0 830.39 -446.97
6 823.0 827.67 -459.42
7 823.0 814.52 -468.03
8 823.0 507.02 -360.79
9 823.0 489.24 -365.90
10 823.0 365.41 -383.43
11 823.0 396.05 -377.27
12 823.0 506.16 -631.20
13 823.0 322.41 -542.47
14 823.0 731.04 -459.79
15 823.0 288.51 -692.91
16 823.0 388.02 -832.87
17 823.0 401.83 -828.73
18 823.0 566.15 -527.33
19 823.0 634.18 -749.15
20 823.0 381.34 -661.37
21 823.0 632.02 -753.14
22 823.0 341.47 -399.38
23 823.0 404.02 -831.41
24 823.0 922.74 -413.59
25 823.0 832.30 -438.41
6 824.0 831.80 -455.91
7 824.0 820.05 -466.70
8 824.0 511.75 -359.68
9 824.0 497.83 -363.37
10 824.0 355.12 -386.48
11 824.0 385.18 -380.92
12 824.0 498.28 -633.58
13 824.0 330.15 -540.19
14 824.0 728.46 -452.10
15 824.0 284.75 -689.39
16 824.0 381.68 -834.77
17 824.0 396.18 -830.42
18 824.0 563.87 -519.63
19 824.0 632.19 -742.62
20 824.0 379.55 -655.34
21 824.0 631.68 -758.48
22 824.0 351.03 -396.60
23 824.0 411.31 -829.21
24 824.0 922.64 -413.59
25 824.0 834.26 -429.57
6 825.0 837.98 -457.02
7 825.0 825.85 -463.15
8 825.0 515.85 -360.40
9 825.0 502.79 -361.91
10 825.0 345.15 -389.42
11 825.0 375.10 -383.90
12 825.0 489.99 -636.09
13 825.0 336.35 -538.42
14 825.0 725.79 -444.82
15 825.0 283.05 -684.18
16 825.0 375.63 -836.58
17 825.0 389.43 -832.45
18 825.0 561.59 -511.90
19 825.0 630.29 -736.36
20 825.0 377.59 -648.76
21 825.0 626.99 -760.98
22 825.0 360.66 -393.80
23 825.0 418.32 -827.12
24 825.0 925.79 -415.22
25 825.0 836.25 -420.58
6 826.0 845.89 -458.76
7 826.0 828.30 -457.91
8 826.0 520.03 -363.07
9 826.0 507.26 -360.73
10 826.0 334.55 -392.56
11 826.0 364.14 -387.14
12 826.0 481.39 -638.69
13 826.0 341.95 -540.94
14 826.0 721.07 -438.54
15 826.0 281.04 -677.60
16 826.0 369.65 -838.37
17 826.0 383.64 -834.18
18 826.0 559.32 -504.25
19 826.0 628.39 -730.12
20 826.0 375.54 -641.85
21 826.0 620.61 -762.91
22 826.0 369.91 -391.12
23 826.0 424.54 -824.85
24 826.0 930.13 -417.50
25 826.0 837.76 -414.17
6 827.0 855.44 -460.86
7 827.0 833.56 -456.08
8 827.0 520.39 -369.64
9 827.0 511.66 -359.69
10 827.0 324.14 -395.32
11 827.0 354.20 -390.08
12 827.0 473.40 -641.10
13 827.0 344.11 -547.80
14 827.0 714.51 -434.67
15 827.0 278.96 -670.80
16 827.0 363.54 -840.20
17 827.0 378.40 -835.75
18 827.0 557.09 -496.68
19 827.0 626.54 -724.00
20 827.0 373.47 -634.88
21 827.0 613.83 -764.95
22 827.0 379.44 -388.37
23 827.0 428.44 -819.16
24 827.0 936.11 -421.65
25 827.0 843.92 -407.53
6 828.0 867.06 -463.42
7 828.0 840.29 -457.53
8 828.0 520.76 -376.40
9 828.0 516.27 -360.91
10 828.0 314.23 -397.02
11 828.0 343.17 -390.01
12 828.0 465.74 -643.42
13 828.0 346.33 -555.62
14 828.0 706.29 -432.34
15 828.0 276.78 -663.95
16 828.0 357.12 -842.12
17 828.0 372.47 -837.52
18 828.0 555.33 -490.98
19 828.0 624.55 -717.40
20 828.0 371.66 -628.79
21 828.0 606.60 -767.12
22 828.0 388.97 -387.16
23 828.0 427.17 -812.47
24 828.0 944.44 -424.45
25 828.0 852.56 -402.89
6 829.0 880.42 -466.36
7 829.0 849.41 -459.54
8 829.0 521.16 -383.83
9 829.0 520.12 -364.69
10 829.0 304.51 -400.08
11 829.0 332.02 -393.31
12 829.0 457.87 -645.79
13 829.0 348.63 -563.75
14 829.0 697.95 -430.63
15 829.0 274.55 -656.79
16 829.0 351.58 -843.78
17 829.0 365.56 -839.59
18 829.0 553.66 -485.91
19 829.0 622.59 -710.89
20 829.0 369.86 -622.71
21 829.0 599.18 -769.43
22 829.0 398.90 -384.10
23 829.0 425.20 -805.82
24 829.0 948.98 -425.09
25 829.0 863.24 -402.11
6 830.0 884.92 -478.68
7 830.0 860.65 -462.01
8 830.0 521.58 -391.51
9 830.0 520.54 -372.36
10 830.0 294.57 -403.23
11 830.0 320.75 -395.24
12 830.0 450.01 -648.17
13 830.0 351.16 -572.03
14 830.0 690.73 -429.14
15 830.0 272.38 -649.78
16 830.0 345.00 -845.76
17 830.0 360.56 -841.09
18 830.0 552.99 -483.97
19 830.0 620.71 -704.65
20 830.0 367.79 -615.74
21 830.0 592.09 -771.67
22 830.0 407.74 -380.95
23 830.0 423.11 -798.81
24 830.0 951.57 -425.00
25 830.0 875.47 -401.69
6 831.0 888.76 -491.56
7 831.0 874.36 -465.03
8 831.0 522.15 -399.02
9 831.0 520.97 -380.36
10 831.0 284.07 -406.41
11 831.0 309.68 -398.44
12 831.0 442.44 -650.46
13 831.0 353.90 -580.87
14 831.0 682.70 -427.49
15 831.0 270.06 -642.32
16 831.0 339.84 -847.31
17 831.0 353.82 -843.11
18 831.0 552.80 -483.44
19 831.0 618.84 -698.44
20 831.0 365.88 -609.32
21 831.0 585.48 -773.67
22 831.0 415.69 -375.28
23 831.0 421.01 -791.74
24 831.0 956.25 -425.37
25 831.0 886.91 -404.34
6 832.0 892.25 -503.22
7 832.0 883.67 -473.07
8 832.0 524.33 -405.92
9 832.0 521.40 -388.23
10 832.0 273.93 -409.49
11 832.0 298.93 -401.89
12 832.0 433.96 -653.02
13 832.0 356.37 -588.85
14 832.0 675.27 -426.08
15 832.0 267.86 -635.19
16 832.0 335.77 -847.85
17 832.0 348.43 -844.73
18 832.0 552.66 -483.06
19 832.0 617.00 -692.30
20 832.0 364.03 -603.12
21 832.0 578.82 -775.69
22 832.0 425.34 -371.88
23 832.0 418.93 -784.72
24 832.0 965.02 -428.51
25 832.0 898.78 -407.08
6 833.0 894.93 -510.83
7 833.0 887.52 -487.39
8 833.0 526.74 -413.17
9 833.0 521.80 -395.50
10 833.0 263.52 -412.65
11 833.0 288.90 -404.95
12 833.0 426.15 -655.39
13 833.0 359.07 -597.70
14 833.0 667.18 -426.16
15 833.0 265.50 -627.49
16 833.0 332.15 -844.73
17 833.0 344.80 -845.82
18 833.0 552.65 -483.02
19 833.0 614.95 -685.45
20 833.0 361.94 -596.13
21 833.0 571.40 -777.87
22 833.0 435.15 -368.54
23 833.0 416.76 -777.40
24 833.0 971.04 -432.45
25 833.0 911.11 -409.95
6 834.0 901.25 -514.58
7 834.0 890.49 -497.33
8 834.0 529.01 -419.77
9 834.0 523.27 -402.71
10 834.0 253.70 -415.62
11 834.0 278.51 -408.10
12 834.0 417.89 -657.88
13 834.0 361.74 -606.61
14 834.0 659.84 -427.86
15 834.0 263.20 -619.94
16 834.0 330.59 -840.07
17 834.0 340.12 -847.22
18 834.0 552.65 -483.01
19 834.0 613.21 -679.57
20 834.0 360.14 -590.21
21 834.0 564.95 -779.75
22 834.0 444.12 -365.89
23 834.0 414.67 -770.38
24 834.0 974.28 -434.76
25 834.0 920.36 -412.89
6 835.0 909.46 -512.63
7 835.0 893.23 -506.52
8 835.0 531.23 -426.44
9 835.0 525.83 -410.49
10 835.0 243.07 -418.85
11 835.0 267.87 -411.33
12 835.0 409.94 -660.29
13 835.0 364.30 -615.21
14 835.0 652.88 -430.88
15 835.0 261.04 -612.84
16 835.0 328.87 -834.43
17 835.0 334.95 -847.64
18 835.0 552.65 -483.01
19 835.0 611.21 -672.84
20 835.0 358.23 -584.02
21 835.0 557.97 -781.80
22 835.0 453.51 -363.11
23 835.0 412.71 -763.76
24 835.0 976.75 -435.10
25 835.0 924.52 -414.29
6 836.0 916.92 -510.41
7 836.0 897.23 -513.45
8 836.0 530.51 -433.85
9 836.0 528.42 -418.07
10 836.0 233.39 -421.78
11 836.0 257.07 -414.60
12 836.0 402.48 -662.55
13 836.0 366.60 -622.96
14 836.0 646.44 -434.89
15 836.0 258.99 -606.09
16 836.0 327.10 -828.81
17 836.0 331.49 -843.04
18 836.0 552.65 -483.01
19 836.0 609.27 -666.31
20 836.0 356.42 -578.18
21 836.0 551.30 -783.75
22 836.0 462.32 -360.51
23 836.0 410.79 -757.30
24 836.0 976.96 -433.02
25 836.0 925.74 -415.19
6 837.0 925.21 -507.93
7 837.0 905.31 -513.88
8 837.0 532.47 -440.78
9 837.0 530.72 -424.78
10 837.0 223.86 -424.67
11 837.0 246.65 -417.76
12 837.0 394.60 -664.94
13 837.0 369.15 -631.57
14 837.0 639.88 -439.20
15 837.0 256.62 -598.30
16 837.0 325.16 -822.69
17 837.0 329.86 -837.68
18 837.0 552.65 -483.01
19 837.0 607.45 -660.19
20 837.0 354.42 -571.74
21 837.0 544.76 -785.67
22 837.0 471.41 -357.82
23 837.0 408.66 -750.13
24 837.0 976.96 -428.81
25 837.0 933.16 -419.67
6 838.0 933.05 -505.58
7 838.0 913.65 -511.38
8 838.0 534.48 -447.31
9 838.0 530.38 -432.50
10 838.0 216.52 -426.92
11 838.0 236.18 -420.94
12 838.0 388.63 -666.77
13 838.0 371.46 -639.34
14 838.0 632.88 -442.86
15 838.0 254.49 -591.31
16 838.0 323.29 -816.69
17 838.0 327.75 -830.87
18 838.0 552.65 -483.01
19 838.0 605.51 -653.74
20 838.0 352.54 -565.67
21 838.0 537.28 -787.90
22 838.0 481.08 -354.96
23 838.0 406.54 -743.14
24 838.0 973.69 -426.49
25 838.0 942.64 -424.24
6 839.0 941.09 -503.18
7 839.0 921.59 -509.01
8 839.0 536.61 -454.24
9 839.0 532.12 -439.66
10 839.0 208.55 -427.21
11 839.0 226.71 -423.81
12 839.0 382.84 -672.02
13 839.0 374.08 -648.19
14 839.0 625.28 -445.65
15 839.0 252.21 -583.81
16 839.0 321.68 -810.98
17 839.0 325.72 -824.44
18 839.0 552.65 -483.01
19 839.0 603.37 -646.80
20 839.0 350.64 -559.14
21 839.0 530.33 -790.00
22 839.0 490.05 -352.31
23 839.0 404.46 -736.36
24 839.0 968.21 -423.01
25 839.0 950.46 -425.16
6 840.0 948.87 -500.39
7 840.0 929.51 -506.64
8 840.0 538.65 -460.75
9 840.0 534.23 -446.51
10 840.0 202.64 -422.03
11 840.0 218.18 -426.41
12 840.0 383.78 -679.87
13 840.0 376.50 -656.34
14 840.0 617.78 -448.26
15 840.0 249.85 -576.02
16 840.0 320.04 -805.43
17 840.0 324.14 -819.46
18 840.0 552.65 -483.01
19 840.0 601.47 -640.68
20 840.0 348.78 -552.56
21 840.0 523.03 -792.20
22 840.0 499.68 -349.47
23 840.0 402.52 -730.04
24 840.0 959.70 -421.47
25 840.0 952.83 -425.05
6 841.0 952.53 -494.52
7 841.0 938.19 -504.05
8 841.0 539.34 -462.97
9 841.0 536.13 -452.68
10 841.0 199.32 -414.60
11 841.0 210.33 -427.51
12 841.0 386.12 -687.52
13 841.0 377.89 -661.01
14 841.0 609.89 -450.97
15 841.0 247.62 -568.68
16 841.0 318.08 -798.97
17 841.0 322.35 -813.37
18 841.0 552.65 -483.01
19 841.0 599.41 -634.07
20 841.0 346.83 -545.65
21 841.0 515.73 -794.40
22 841.0 509.01 -347.13
23 841.0 400.34 -722.95
24 841.0 950.78 -420.34
25 841.0 964.16 -428.07
6 842.0 950.71 -487.33
7 842.0 946.10 -501.66
8 842.0 539.41 -463.19
9 842.0 537.04 -455.61
10 842.0 196.53 -407.88
11 842.0 203.36 -423.20
12 842.0 388.41 -694.98
13 842.0 378.19 -662.04
14 842.0 602.11 -453.52
15 842.0 245.56 -561.89
16 842.0 316.35 -793.27
17 842.0 320.42 -806.66
18 842.0 552.65 -483.01
19 842.0 597.57 -628.13
20 842.0 344.93 -539.04
21 842.0 508.53 -796.57
22 842.0 517.89 -345.22
23 842.0 398.08 -715.58
24 842.0 951.45 -421.35
25 842.0 970.61 -432.14
6 843.0 948.06 -479.44
7 843.0 951.99 -496.84
8 843.0 539.44 -463.29
9 843.0 537.16 -455.99
10 843.0 193.89 -401.31
11 843.0 200.08 -416.33
12 843.0 391.00 -703.40
13 843.0 378.33 -662.49
14 843.0 594.50 -455.98
15 843.0 243.19 -554.09
16 843.0 314.41 -786.97
17 843.0 318.72 -801.09
18 843.0 552.65 -483.01
19 843.0 595.60 -621.76
20 843.0 343.10 -532.87
21 843.0 501.07 -798.82
22 843.0 525.45 -343.60
23 843.0 395.93 -708.56
24 843.0 943.58 -417.12
25 843.0 973.72 -434.35
6 844.0 945.44 -471.12
7 844.0 951.29 -489.03
8 844.0 539.45 -463.31
9 844.0 537.18 -456.07
10 844.0 191.35 -394.97
11 844.0 197.00 -409.05
12 844.0 393.27 -710.81
13 844.0 378.39 -662.70
14 844.0 587.69 -458.20
15 844.0 240.93 -546.64
16 844.0 312.74 -781.51
17 844.0 316.80 -794.76
18 844.0 552.65 -483.01
19 844.0 593.43 -614.81
20 844.0 341.18 -526.43
21 844.0 493.75 -801.03
22 844.0 527.99 -341.51
23 844.0 393.72 -701.37
24 844.0 936.47 -410.61
25 844.0 976.41 -435.28
6 845.0 943.23 -463.56
7 845.0 948.61 -481.07
8 845.0 539.45 -463.31
9 845.0 537.20 -456.12
10 845.0 189.78 -391.69
11 845.0 194.51 -402.84
12 845.0 395.63 -718.50
13 845.0 378.40 -662.74
14 845.0 580.45 -460.58
15 845.0 238.71 -539.31
16 845.0 310.84 -775.31
17 845.0 315.28 -789.80
18 845.0 552.65 -483.01
19 845.0 591.45 -608.41
20 845.0 339.06 -519.58
21 845.0 486.70 -803.16
22 845.0 528.90 -337.88
23 845.0 391.47 -694.05
24 845.0 927.80 -407.28
25 845.0 978.19 -429.69
6 846.0 940.81 -455.10
7 846.0 946.08 -473.19
8 846.0 539.45 -463.31
9 846.0 537.21 -456.14
10 846.0 187.83 -390.13
11 846.0 193.16 -399.47
12 846.0 398.20 -726.87
13 846.0 378.41 -662.77
14 846.0 573.09 -462.88
15 846.0 236.67 -532.58
16 846.0 308.93 -768.96
17 846.0 313.31 -783.38
18 846.0 552.65 -483.01
19 846.0 589.50 -602.15
20 846.0 337.02 -512.98
21 846.0 479.80 -805.25
22 846.0 526.91 -335.31
23 846.0 389.51 -687.66
24 846.0 919.80 -404.35
25 846.0 973.05 -426.03
6 847.0 938.73 -447.56
7 847.0 943.83 -465.63
8 847.0 539.45 -463.31
9 847.0 537.21 -456.15
10 847.0 186.49 -392.25
11 847.0 192.04 -396.67
12 847.0 400.83 -735.43
13 847.0 378.41 -662.78
14 847.0 565.62 -465.26
15 847.0 234.33 -524.86
16 847.0 306.98 -762.52
17 847.0 311.56 -777.65
18 847.0 552.65 -483.01
19 847.0 587.65 -596.21
20 847.0 334.87 -506.02
21 847.0 472.42 -807.48
22 847.0 521.05 -337.61
23 847.0 387.64 -681.57
24 847.0 911.06 -401.78
25 847.0 965.46 -422.08
6 848.0 937.49 -443.05
7 848.0 941.32 -456.96
8 848.0 539.45 -463.31
9 848.0 537.21 -456.15
10 848.0 187.61 -394.42
11 848.0 190.95 -393.97
12 848.0 403.11 -742.85
13 848.0 378.42 -662.78
14 848.0 558.48 -467.62
15 848.0 231.94 -516.99
16 848.0 305.14 -756.50
17 848.0 309.74 -771.64
18 848.0 552.65 -483.01
19 848.0 585.85 -590.45
20 848.0 333.05 -500.14
21 848.0 465.89 -809.47
22 848.0 512.83 -340.84
23 848.0 386.80 -678.81
24 848.0 902.96 -399.73
25 848.0 955.55 -421.72
6 849.0 936.55 -436.34
7 849.0 940.01 -452.21
8 849.0 539.45 -463.31
9 849.0 537.21 -456.15
10 849.0 189.54 -399.04
11 849.0 189.52 -391.20
12 849.0 405.65 -751.21
13 849.0 378.42 -662.78
14 849.0 550.71 -470.07
15 849.0 229.67 -509.50
16 849.0 303.45 -750.95
17 849.0 307.70 -764.91
18 849.0 552.65 -483.01
19 849.0 583.75 -583.73
20 849.0 331.13 -493.95
21 849.0 458.60 -811.68
22 849.0 503.67 -343.51
23 849.0 386.62 -678.23
24 849.0 894.84 -397.78
25 849.0 952.50 -422.10
6 850.0 935.82 -428.20
7 850.0 938.37 -446.27
8 850.0 539.45 -463.31
9 850.0 537.21 -456.15
10 850.0 191.94 -405.04
11 850.0 186.87 -390.53
12 850.0 407.98 -759.05
13 850.0 378.42 -662.78
14 850.0 542.98 -472.50
15 850.0 227.36 -501.84
16 850.0 301.54 -744.65
17 850.0 305.91 -759.01
18 850.0 552.65 -483.01
19 850.0 581.90 -577.82
20 850.0 329.20 -487.67
21 850.0 451.42 -813.84
22 850.0 494.21 -346.44
23 850.0 386.49 -677.80
24 850.0 886.24 -395.54
25 850.0 942.97 -416.81
6 851.0 935.02 -419.21
7 851.0 936.74 -438.48
8 851.0 539.45 -463.31
9 851.0 537.21 -456.15
10 851.0 195.10 -412.82
11 851.0 187.30 -393.83
12 851.0 410.28 -766.82
13 851.0 378.42 -662.78
14 851.0 535.23 -474.93
15 851.0 225.14 -494.43
16 851.0 299.73 -738.72
17 851.0 303.88 -752.35
18 851.0 552.65 -483.01
19 851.0 580.04 -571.84
20 851.0 327.34 -481.49
21 851.0 444.91 -815.80
22 851.0 484.15 -346.20
23 851.0 386.46 -677.70
24 851.0 878.11 -393.61
25 851.0 931.64 -412.18
6 852.0 934.54 -413.72
7 852.0 935.94 -429.49
8 852.0 539.45 -463.31
9 852.0 537.21 -456.15
10 852.0 197.82 -419.09
11 852.0 189.52 -398.99
12 852.0 412.66 -774.81
13 852.0 378.42 -662.78
14 852.0 530.35 -476.42
15 852.0 226.08 -487.70
16 852.0 297.85 -732.54
17 852.0 302.31 -747.18
18 852.0 552.65 -483.01
19 852.0 577.97 -565.24
20 852.0 325.45 -475.26
21 852.0 438.16 -817.83
22 852.0 474.89 -349.06
23 852.0 386.45 -677.69
24 852.0 869.10 -391.54
25 852.0 920.44 -407.93
6 853.0 930.59 -408.42
7 853.0 935.36 -423.03
8 853.0 539.45 -463.31
9 853.0 537.21 -456.15
10 853.0 201.26 -427.94
11 853.0 192.22 -405.75
12 853.0 415.17 -783.29
13 853.0 378.42 -662.78
14 853.0 523.01 -478.66
15 853.0 224.05 -479.23
16 853.0 296.17 -727.02
17 853.0 300.60 -741.57
18 853.0 552.65 -483.01
19 853.0 575.99 -558.90
20 853.0 323.46 -468.79
21 853.0 433.37 -819.03
22 853.0 465.43 -351.99
23 853.0 386.45 -677.68
24 853.0 860.37 -389.53
25 853.0 909.11 -404.58
6 854.0 922.23 -405.15
7 854.0 934.75 -416.17
8 854.0 539.45 -463.31
9 854.0 537.21 -456.15
10 854.0 203.68 -434.46
11 854.0 195.23 -413.12
12 854.0 417.46 -790.99
13 854.0 378.42 -662.78
14 854.0 515.12 -481.07
15 854.0 221.30 -469.58
16 854.0 294.28 -720.82
17 854.0 298.98 -736.26
18 854.0 552.65 -483.01
19 854.0 574.09 -552.82
20 854.0 321.65 -462.92
21 854.0 428.56 -816.38
22 854.0 456.46 -354.77
23 854.0 386.45 -677.68
24 854.0 852.32 -387.69
25 854.0 896.65 -401.54
6 855.0 911.85 -401.99
7 855.0 934.39 -412.08
8 855.0 539.45 -463.31
9 855.0 537.21 -456.15
10 855.0 205.21 -437.77
11 855.0 198.04 -419.56
12 855.0 420.01 -799.59
13 855.0 378.42 -662.78
14 855.0 507.91 -483.11
15 855.0 218.44 -459.16
16 855.0 292.57 -715.19
17 855.0 297.07 -729.96
18 855.0 552.65 -483.01
19 855.0 571.93 -545.92
20 855.0 319.76 -456.74
21 855.0 426.69 -810.85
22 855.0 447.35 -357.52
23 855.0 386.45 -677.68
24 855.0 844.11 -385.80
25 855.0 885.05 -398.54
6 856.0 901.16 -399.31
7 856.0 929.76 -408.05
8 856.0 539.45 -463.31
9 856.0 537.21 -456.15
10 856.0 210.42 -438.04
11 856.0 199.05 -422.02
12 856.0 422.51 -808.00
13 856.0 378.42 -662.78
14 856.0 499.91 -485.20
15 856.0 216.49 -451.11
16 856.0 290.65 -708.89
17 856.0 295.10 -723.52
18 856.0 552.65 -483.01
19 856.0 570.06 -539.92
20 856.0 317.63 -449.79
21 856.0 424.62 -803.89
22 856.0 437.87 -360.32
23 856.0 386.45 -677.68
24 856.0 835.31 -383.78
25 856.0 872.65 -395.64
6 857.0 890.91 -396.76
7 857.0 922.35 -405.19
8 857.0 539.45 -463.31
9 857.0 537.21 -456.15
10 857.0 216.93 -436.25
11 857.0 200.42 -425.67
12 857.0 424.76 -815.59
13 857.0 378.42 -662.78
14 857.0 491.94 -487.58
15 857.0 218.82 -443.58
16 857.0 289.48 -704.30
17 857.0 293.15 -717.08
18 857.0 552.65 -483.01
19 857.0 567.98 -533.28
20 857.0 315.63 -443.26
21 857.0 422.72 -797.47
22 857.0 428.02 -363.24
23 857.0 386.45 -677.68
24 857.0 826.56 -381.77
25 857.0 861.34 -393.04
6 858.0 879.69 -393.97
7 858.0 912.59 -402.19
8 858.0 539.45 -463.31
9 858.0 537.21 -456.15
10 858.0 226.07 -436.48
11 858.0 202.52 -431.33
12 858.0 423.34 -821.91
13 858.0 378.42 -662.78
14 858.0 483.82 -490.30
15 858.0 226.45 -439.74
16 858.0 290.67 -700.55
17 858.0 291.91 -713.02
18 858.0 552.65 -483.01
19 858.0 566.14 -527.29
20 858.0 313.64 -436.74
21 858.0 420.57 -790.24
22 858.0 419.02 -365.90
23 858.0 386.45 -677.68
24 858.0 817.66 -379.73
25 858.0 848.83 -390.17
6 859.0 868.58 -391.42
7 859.0 901.15 -399.31
8 859.0 539.45 -463.31
9 859.0 537.21 -456.15
10 859.0 235.40 -433.21
11 859.0 204.25 -436.00
12 859.0 417.91 -823.91
13 859.0 378.42 -662.78
14 859.0 476.31 -492.61
15 859.0 236.36 -436.26
16 859.0 294.41 -698.60
17 859.0 290.51 -708.44
18 859.0 552.65 -483.01
19 859.0 564.43 -521.50
20 859.0 311.61 -430.17
21 859.0 418.40 -782.92
22 859.0 410.25 -368.50
23 859.0 386.45 -677.68
24 859.0 808.86 -377.71
25 859.0 836.35 -387.30
6 860.0 857.92 -388.97
7 860.0 890.10 -396.55
8 860.0 539.45 -463.31
9 860.0 537.21 -456.15
10 860.0 245.74 -430.20
11 860.0 209.36 -438.29
12 860.0 410.62 -826.08
13 860.0 378.42 -662.78
14 860.0 468.69 -494.92
15 860.0 242.14 -434.57
16 860.0 300.10 -696.87
17 860.0 289.53 -704.65
18 860.0 552.65 -483.01
19 860.0 562.71 -515.68
20 860.0 310.30 -426.00
21 860.0 416.48 -776.46
22 860.0 401.37 -371.13
23 860.0 386.45 -677.68
24 860.0 800.50 -375.85
25 860.0 824.53 -384.59
6 861.0 846.72 -386.40
7 861.0 878.81 -393.77
8 861.0 539.45 -463.31
9 861.0 537.21 -456.15
10 861.0 256.01 -427.21
11 861.0 216.81 -436.29
12 861.0 402.33 -828.58
13 861.0 378.42 -662.78
14 861.0 460.91 -497.27
15 861.0 249.32 -432.49
16 861.0 305.48 -695.24
17 861.0 290.95 -700.25
18 861.0 552.65 -483.01
19 861.0 560.96 -509.79
20 861.0 309.03 -420.45
21 861.0 414.59 -770.10
22 861.0 392.26 -375.49
23 861.0 386.45 -677.68
24 861.0 792.15 -374.00
25 861.0 812.82 -381.90
6 862.0 837.05 -380.90
7 862.0 867.24 -391.11
8 862.0 539.45 -463.31
9 862.0 537.21 -456.15
10 862.0 267.79 -427.15
11 862.0 225.80 -436.58
12 862.0 394.72 -830.86
13 862.0 378.42 -662.78
14 862.0 453.37 -499.55
15 862.0 255.75 -427.29
16 862.0 310.92 -693.59
17 862.0 295.37 -698.31
18 862.0 552.65 -483.01
19 862.0 558.90 -502.80
20 862.0 311.55 -415.02
21 862.0 412.70 -763.73
22 862.0 382.71 -378.31
23 862.0 386.45 -677.68
24 862.0 782.97 -371.98
25 862.0 800.31 -379.08
6 863.0 826.07 -378.38
7 863.0 855.52 -388.42
8 863.0 539.45 -463.31
9 863.0 537.21 -456.15
10 863.0 279.26 -427.17
11 863.0 237.06 -436.05
12 863.0 386.78 -833.24
13 863.0 378.42 -662.78
14 863.0 445.89 -501.82
15 863.0 265.83 -424.37
16 863.0 317.40 -691.62
17 863.0 302.21 -696.23
18 863.0 552.65 -483.01
19 863.0 556.86 -495.92
20 863.0 316.44 -413.32
21 863.0 410.69 -756.97
22 863.0 373.36 -381.08
23 863.0 386.45 -677.68
24 863.0 774.91 -369.97
25 863.0 788.66 -376.51
6 864.0 815.05 -375.85
7 864.0 844.72 -385.94
8 864.0 539.45 -463.31
9 864.0 537.21 -456.15
10 864.0 287.81 -424.71
11 864.0 248.68 -436.01
12 864.0 378.58 -835.69
13 864.0 378.42 -662.78
14 864.0 438.90 -503.93
15 864.0 275.43 -421.61
16 864.0 323.30 -689.83
17 864.0 308.56 -694.30
18 864.0 552.65 -483.01
19 864.0 555.60 -491.78
20 864.0 323.56 -411.25
21 864.0 408.50 -749.59
22 864.0 364.35 -383.75
23 864.0 386.45 -677.68
24 864.0 766.01 -369.83
25 864.0 781.40 -374.91
6 865.0 804.32 -373.42
7 865.0 832.94 -383.24
8 865.0 539.45 -463.31
9 865.0 537.21 -456.15
10 865.0 292.85 -423.26
11 865.0 259.60 -432.83
12 865.0 370.38 -838.15
13 865.0 378.42 -662.78
14 865.0 430.69 -506.40
15 865.0 285.38 -418.75
16 865.0 328.79 -688.17
17 865.0 314.38 -692.54
18 865.0 552.65 -483.01
19 865.0 554.98 -489.91
20 865.0 332.00 -408.79
21 865.0 406.53 -743.09
22 865.0 354.92 -386.53
23 865.0 386.45 -677.68
24 865.0 756.83 -367.74
25 865.0 771.68 -373.76
6 866.0 794.01 -371.14
7 866.0 822.17 -380.77
8 866.0 539.45 -463.31
9 866.0 537.21 -456.15
10 866.0 293.97 -422.95
11 866.0 269.67 -429.93
12 866.0 362.77 -840.43
13 866.0 378.42 -662.78
14 866.0 422.73 -508.80
15 866.0 290.98 -417.14
16 866.0 334.21 -686.52
17 866.0 319.55 -690.97
18 866.0 552.65 -483.01
19 866.0 554.97 -489.88
20 866.0 341.17 -406.13
21 866.0 404.43 -736.27
22 866.0 345.06 -389.45
23 866.0 386.45 -677.68
24 866.0 748.44 -365.83
25 866.0 759.50 -371.63
6 867.0 783.27 -368.77
7 867.0 811.57 -378.33
8 867.0 539.45 -463.31
9 867.0 537.21 -456.15
10 867.0 294.26 -422.87
11 867.0 278.45 -427.40
12 867.0 354.15 -843.02
13 867.0 378.42 -662.78
14 867.0 414.87 -511.15
15 867.0 292.25 -416.78
16 867.0 340.34 -684.66
17 867.0 324.77 -689.39
18 867.0 552.65 -483.01
19 867.0 554.97 -489.87
20 867.0 349.49 -403.71
21 867.0 402.14 -728.79
22 867.0 335.64 -392.24
23 867.0 386.45 -677.68
24 867.0 739.98 -363.90
25 867.0 747.73 -368.95
6 868.0 772.94 -365.27
7 868.0 800.61 -375.87
8 868.0 539.45 -463.31
9 868.0 537.21 -456.15
10 868.0 294.41 -422.82
11 868.0 283.93 -425.83
12 868.0 346.59 -845.28
13 868.0 378.42 -662.78
14 868.0 407.02 -513.50
15 868.0 292.67 -416.66
16 868.0 346.16 -682.88
17 868.0 330.91 -687.52
18 868.0 552.65 -483.01
19 868.0 554.97 -489.87
20 868.0 358.49 -401.10
21 868.0 399.92 -721.58
22 868.0 326.37 -394.95
23 868.0 386.45 -677.68
24 868.0 730.53 -365.00
25 868.0 740.35 -367.26
6 869.0 762.53 -362.47
7 869.0 789.28 -373.37
8 869.0 539.45 -463.31
9 869.0 537.21 -456.15
10 869.0 294.45 -422.81
11 869.0 286.50 -425.09
12 869.0 340.71 -847.05
13 869.0 378.42 -662.78
14 869.0 399.39 -515.79
15 869.0 292.69 -416.66
16 869.0 351.96 -681.11
17 869.0 337.22 -685.61
18 869.0 552.65 -483.01
19 869.0 554.97 -489.87
20 869.0 366.82 -398.68
21 869.0 397.89 -714.97
22 869.0 316.67 -396.26
23 869.0 386.45 -677.68
24 869.0 722.43 -363.11
25 869.0 735.11 -366.06
6 870.0 752.08 -360.09
7 870.0 777.95 -370.87
8 870.0 539.94 -464.78
9 870.0 537.21 -456.15
10 870.0 295.72 -422.45
11 870.0 286.99 -424.95
12 870.0 335.05 -847.67
13 870.0 379.25 -664.93
14 870.0 391.25 -518.24
15 870.0 295.00 -416.02
16 870.0 357.66 -679.37
17 870.0 342.83 -683.90
18 870.0 552.05 -481.59
19 870.0 554.97 -489.86
20 870.0 375.91 -396.04
21 870.0 395.86 -708.34
22 870.0 307.59 -399.09
23 870.0 385.67 -675.21
24 870.0 713.27 -361.00
25 870.0 728.86 -364.61
6 871.0 741.17 -357.60
7 871.0 767.08 -366.79
8 871.0 541.43 -468.54
9 871.0 537.46 -456.94
10 871.0 299.12 -421.53
11 871.0 288.39 -424.54
12 871.0 331.38 -842.69
13 871.0 380.09 -666.77
14 871.0 384.13 -520.37
15 871.0 299.17 -414.88
16 871.0 363.35 -677.63
17 871.0 348.90 -682.05
18 871.0 550.42 -478.56
19 871.0 554.58 -488.68
20 871.0 384.34 -394.18
21 871.0 393.67 -701.20
22 871.0 298.73 -401.95
23 871.0 384.28 -670.81
24 871.0 704.59 -359.00
25 871.0 720.66 -362.70
6 872.0 729.78 -354.97
7 872.0 756.38 -364.35
8 872.0 543.84 -473.51
9 872.0 538.48 -460.20
10 872.0 303.86 -421.55
11 872.0 291.97 -423.51
12 872.0 329.12 -835.25
13 872.0 380.30 -667.21
14 872.0 376.99 -522.54
15 872.0 305.73 -413.04
16 872.0 369.63 -675.71
17 872.0 354.97 -680.19
18 872.0 549.48 -477.18
19 872.0 553.56 -485.60
20 872.0 392.87 -392.65
21 872.0 391.60 -694.47
22 872.0 289.45 -404.78
23 872.0 382.40 -664.84
24 872.0 695.51 -356.92
25 872.0 712.62 -360.85
6 873.0 718.95 -352.44
7 873.0 745.83 -361.95
8 873.0 547.73 -479.96
9 873.0 539.94 -464.77
10 873.0 307.05 -426.33
11 873.0 296.27 -422.30
12 873.0 326.58 -827.16
13 873.0 380.43 -667.41
14 873.0 369.12 -524.95
15 873.0 313.90 -410.71
16 873.0 373.94 -674.39
17 873.0 360.67 -678.45
18 873.0 549.03 -476.85
19 873.0 553.06 -484.20
20 873.0 401.65 -389.94
21 873.0 389.41 -687.32
22 873.0 279.82 -407.70
23 873.0 380.43 -658.31
24 873.0 686.47 -354.84
25 873.0 704.05 -358.88
6 874.0 708.40 -350.02
7 874.0 735.00 -359.46
8 874.0 550.33 -486.07
9 874.0 542.54 -471.20
10 874.0 309.35 -433.66
11 874.0 298.10 -421.81
12 874.0 323.99 -818.98
13 874.0 380.48 -667.46
14 874.0 361.02 -527.51
15 874.0 324.45 -407.65
16 874.0 374.46 -674.23
17 874.0 365.16 -677.07
18 874.0 548.89 -476.74
19 874.0 552.79 -483.41
20 874.0 410.97 -387.94
21 874.0 387.42 -680.85
22 874.0 270.18 -410.63
23 874.0 378.38 -651.43
24 874.0 678.46 -353.00
25 874.0 694.89 -356.78
6 875.0 697.89 -347.61
7 875.0 723.38 -356.76
8 875.0 552.49 -492.57
9 875.0 546.24 -477.54
10 875.0 311.52 -440.76
11 875.0 298.68 -421.65
12 875.0 321.63 -810.80
13 875.0 380.49 -667.46
14 875.0 353.54 -529.91
15 875.0 334.29 -404.79
16 875.0 374.62 -674.18
17 875.0 367.23 -676.44
18 875.0 548.79 -476.67
19 875.0 552.69 -483.13
20 875.0 420.42 -387.18
21 875.0 385.25 -673.88
22 875.0 260.85 -413.46
23 875.0 376.22 -644.12
24 875.0 670.40 -351.15
25 875.0 686.37 -354.82
6 876.0 686.57 -345.01
7 876.0 711.94 -354.12
8 876.0 554.23 -498.32
9 876.0 549.43 -483.50
10 876.0 313.76 -448.07
11 876.0 301.75 -421.12
12 876.0 319.37 -803.21
13 876.0 380.49 -667.46
14 876.0 348.98 -531.32
15 876.0 343.83 -402.02
16 876.0 374.66 -674.17
17 876.0 367.42 -676.39
18 876.0 548.79 -476.66
19 876.0 552.64 -482.99
20 876.0 429.62 -383.94
21 876.0 383.10 -667.05
22 876.0 251.35 -416.34
23 876.0 374.11 -637.04
24 876.0 662.32 -349.29
25 876.0 678.62 -353.04
6 877.0 676.18 -342.62
7 877.0 700.72 -351.54
8 877.0 556.39 -505.61
9 877.0 551.72 -490.22
10 877.0 315.96 -455.27
11 877.0 305.72 -423.16
12 877.0 316.98 -795.36
13 877.0 380.49 -667.46
14 877.0 343.18 -535.11
15 877.0 353.91 -399.10
16 877.0 374.68 -674.16
17 877.0 367.48 -676.37
18 877.0 546.97 -475.30
19 877.0 552.64 -482.98
20 877.0 438.48 -380.90
21 877.0 380.96 -660.09
22 877.0 242.52 -419.01
23 877.0 372.12 -630.32
24 877.0 653.90 -347.36
25 877.0 670.13 -351.09
6 878.0 664.80 -340.01
7 878.0 689.85 -349.05
8 878.0 558.24 -511.87
9 878.0 553.70 -496.52
10 878.0 318.28 -462.84
11 878.0 307.80 -428.73
12 878.0 314.55 -787.42
13 878.0 382.35 -669.16
14 878.0 342.65 -542.63
15 878.0 364.42 -396.05
16 878.0 374.69 -674.16
17 878.0 367.50 -676.36
18 878.0 543.53 -474.22
19 878.0 552.07 -481.62
20 878.0 447.18 -378.33
21 878.0 378.84 -652.97
22 878.0 233.29 -421.81
23 878.0 370.08 -623.46
24 878.0 645.58 -345.45
25 878.0 662.43 -349.32
6 879.0 654.57 -337.66
7 879.0 678.06 -346.34
8 879.0 560.21 -518.53
9 879.0 555.49 -502.57
10 879.0 320.44 -469.88
11 879.0 310.14 -436.25
12 879.0 312.12 -779.48
13 879.0 386.49 -670.24
14 879.0 344.82 -550.30
15 879.0 374.78 -393.04
16 879.0 374.69 -674.16
17 879.0 367.51 -676.36
18 879.0 538.38 -474.35
19 879.0 550.23 -478.21
20 879.0 455.69 -375.82
21 879.0 376.91 -646.45
22 879.0 224.00 -424.63
23 879.0 367.99 -616.43
24 879.0 636.64 -343.44
25 879.0 654.36 -347.47
6 880.0 643.66 -335.18
7 880.0 666.75 -343.74
8 880.0 562.06 -524.79
9 880.0 557.77 -510.27
10 880.0 322.82 -477.58
11 880.0 312.50 -443.95
12 880.0 309.79 -771.82
13 880.0 392.80 -668.82
14 880.0 346.94 -557.80
15 880.0 385.12 -391.18
16 880.0 374.69 -674.16
17 880.0 367.52 -676.36
18 880.0 533.37 -475.49
19 880.0 546.21 -474.73
20 880.0 464.25 -373.29
21 880.0 374.73 -639.11
22 880.0 216.40 -426.96
23 880.0 366.10 -610.04
24 880.0 627.70 -341.42
25 880.0 646.20 -345.59
6 881.0 633.33 -332.86
7 881.0 655.84 -341.24
8 881.0 564.02 -531.36
9 881.0 559.62 -516.52
10 881.0 325.22 -485.53
11 881.0 315.02 -452.19
12 881.0 307.19 -763.24
13 881.0 401.41 -666.21
14 881.0 349.28 -565.94
15 881.0 395.45 -388.51
16 881.0 374.69 -674.16
17 881.0 367.52 -676.35
18 881.0 525.21 -477.99
19 881.0 539.19 -474.21
20 881.0 472.80 -370.76
21 881.0 372.68 -632.21
22 881.0 209.78 -427.41
23 881.0 364.02 -603.07
24 881.0 618.61 -339.39
25 881.0 636.58 -343.42
6 882.0 621.93 -330.30
7 882.0 645.71 -335.64
8 882.0 565.97 -537.58
9 882.0 561.41 -522.59
10 882.0 327.59 -493.33
11 882.0 317.25 -459.49
12 882.0 304.81 -755.40
13 882.0 410.23 -663.54
14 882.0 351.69 -573.73
15 882.0 405.72 -385.34
16 882.0 374.69 -674.16
17 882.0 367.52 -676.35
18 882.0 517.12 -480.45
19 882.0 534.91 -475.02
20 882.0 481.79 -368.11
21 882.0 370.59 -625.19
22 882.0 203.80 -423.91
23 882.0 361.91 -596.03
24 882.0 609.40 -337.33
25 882.0 627.43 -341.36
6 883.0 610.51 -327.75
7 883.0 635.04 -333.24
8 883.0 568.21 -544.77
9 883.0 563.37 -529.22
10 883.0 329.92 -500.85
11 883.0 319.47 -466.71
12 883.0 302.27 -747.06
13 883.0 418.41 -661.06
14 883.0 353.92 -580.93
15 883.0 416.28 -385.24
16 883.0 374.69 -674.16
17 883.0 367.52 -676.35
18 883.0 509.12 -482.77
19 883.0 529.05 -476.82
20 883.0 490.08 -365.65
21 883.0 368.44 -617.93
22 883.0 200.45 -417.14
23 883.0 359.85 -589.24
24 883.0 601.38 -335.53
25 883.0 617.92 -339.23
6 884.0 599.79 -325.34
7 884.0 623.69 -330.70
8 884.0 570.26 -551.32
9 884.0 565.66 -536.58
10 884.0 332.03 -507.68
11 884.0 322.01 -474.97
12 884.0 299.89 -739.24
13 884.0 427.30 -658.38
14 884.0 356.35 -588.78
15 884.0 425.44 -382.02
16 884.0 374.69 -674.16
17 884.0 367.52 -676.35
18 884.0 500.75 -484.98
19 884.0 523.13 -478.62
20 884.0 498.72 -363.10
21 884.0 366.26 -610.61
22 884.0 197.08 -409.26
23 884.0 357.82 -582.70
24 884.0 592.28 -333.49
25 884.0 610.00 -337.46
6 885.0 588.69 -322.86
7 885.0 611.95 -328.07
8 885.0 572.44 -558.29
9 885.0 567.75 -543.29
10 885.0 334.17 -514.62
11 885.0 324.36 -482.66
12 885.0 297.45 -731.23
13 885.0 436.19 -655.69
14 885.0 358.82 -596.87
15 885.0 434.87 -378.70
16 885.0 374.69 -674.16
17 885.0 367.52 -676.35
18 885.0 492.60 -487.36
19 885.0 517.25 -480.41
20 885.0 507.13 -360.77
21 885.0 364.28 -603.97
22 885.0 194.19 -402.04
23 885.0 355.68 -575.81
24 885.0 583.86 -331.61
25 885.0 600.58 -335.35
6 886.0 577.94 -320.45
7 886.0 601.17 -325.65
8 886.0 574.74 -565.66
9 886.0 569.87 -550.07
10 886.0 336.61 -522.52
11 886.0 326.67 -490.36
12 886.0 295.20 -723.83
13 886.0 444.18 -653.27
14 886.0 361.00 -604.14
15 886.0 444.18 -375.88
16 886.0 374.69 -674.16
17 886.0 367.52 -676.35
18 886.0 484.87 -489.95
19 886.0 511.18 -482.19
20 886.0 511.68 -359.69
21 886.0 362.06 -596.54
22 886.0 191.40 -395.09
23 886.0 353.44 -568.57
24 886.0 575.45 -329.73
25 886.0 591.82 -333.39
6 887.0 567.46 -318.57
7 887.0 589.83 -323.12
8 887.0 576.96 -572.76
9 887.0 572.21 -557.54
10 887.0 338.05 -527.17
11 887.0 328.92 -497.63
12 887.0 292.94 -716.40
13 887.0 452.31 -650.82
14 887.0 363.39 -612.15
15 887.0 453.77 -373.05
16 887.0 374.69 -674.16
17 887.0 367.52 -676.35
18 887.0 477.74 -492.18
19 887.0 504.13 -484.11
20 887.0 515.76 -360.29
21 887.0 359.88 -589.36
22 887.0 189.60 -391.34
23 887.0 351.39 -561.80
24 887.0 567.27 -327.91
25 887.0 584.13 -331.67
6 888.0 556.68 -321.72
7 888.0 579.01 -320.69
8 888.0 579.00 -579.27
9 888.0 574.42 -564.62
10 888.0 340.09 -533.99
11 888.0 331.33 -505.43
12 888.0 290.65 -708.88
13 888.0 460.98 -648.20
14 888.0 365.48 -619.19
15 888.0 464.16 -369.98
16 888.0 374.69 -674.16
17 888.0 367.52 -676.35
18 888.0 469.88 -494.56
19 888.0 497.11 -485.93
20 888.0 520.02 -362.82
21 888.0 357.89 -582.94
22 888.0 186.90 -390.49
23 888.0 349.37 -554.66
24 888.0 560.12 -330.79
25 888.0 575.37 -329.71
6 889.0 544.00 -323.75
7 889.0 567.33 -318.57
8 889.0 581.00 -585.68
9 889.0 576.45 -571.12
10 889.0 342.19 -541.08
11 889.0 333.82 -513.48
12 889.0 288.08 -700.49
13 889.0 469.25 -645.70
14 889.0 367.77 -626.93
15 889.0 474.52 -366.92
16 889.0 374.69 -674.16
17 889.0 367.52 -676.35
18 889.0 462.13 -496.90
19 889.0 490.98 -487.90
20 889.0 520.36 -369.05
21 889.0 355.71 -575.91
22 889.0 183.94 -394.34
23 889.0 347.58 -548.30
24 889.0 552.02 -332.02
25 889.0 567.23 -327.91
6 890.0 533.28 -326.79
7 890.0 555.07 -325.16
8 890.0 583.14 -592.52
9 890.0 578.29 -577.01
10 890.0 344.47 -549.07
11 890.0 336.04 -520.65
12 890.0 285.69 -692.73
13 890.0 477.31 -643.26
14 890.0 370.15 -634.94
15 890.0 483.92 -364.14
16 890.0 374.69 -674.16
17 890.0 367.52 -676.35
18 890.0 453.93 -499.38
19 890.0 484.82 -489.97
20 890.0 520.73 -375.89
21 890.0 353.47 -568.67
22 890.0 185.75 -398.18
23 890.0 346.22 -543.51
24 890.0 543.62 -333.83
25 890.0 559.88 -330.87
6 891.0 522.10 -330.35
7 891.0 543.87 -327.11
8 891.0 585.13 -598.89
9 891.0 580.62 -584.48
10 891.0 346.73 -557.06
11 891.0 337.53 -525.48
12 891.0 283.14 -684.45
13 891.0 485.03 -640.93
14 891.0 372.48 -642.80
15 891.0 493.71 -361.24
16 891.0 374.69 -674.16
17 891.0 367.52 -676.35
18 891.0 446.34 -501.68
19 891.0 478.83 -491.85
20 891.0 521.11 -382.94
21 891.0 351.25 -561.28
22 891.0 188.02 -403.86
23 891.0 344.41 -537.31
24 891.0 535.36 -336.18
25 891.0 551.81 -332.04
6 892.0 512.10 -334.29
7 892.0 533.05 -330.18
8 892.0 586.04 -604.57
9 892.0 582.53 -590.58
10 892.0 348.78 -564.29
11 892.0 339.52 -532.05
12 892.0 280.65 -676.32
13 892.0 493.06 -638.50
14 892.0 374.73 -650.37
15 892.0 503.91 -358.28
16 892.0 374.69 -674.16
17 892.0 367.52 -676.35
18 892.0 438.44 -504.07
19 892.0 472.63 -493.72
20 892.0 521.51 -390.10
21 892.0 349.19 -554.00
22 892.0 190.85 -410.92
23 892.0 342.35 -530.35
24 892.0 529.47 -337.87
25 892.0 543.54 -333.85
6 893.0 501.08 -337.61
7 893.0 522.34 -333.69
8 893.0 582.22 -608.18
9 893.0 584.27 -596.15
10 893.0 350.98 -571.44
11 893.0 341.76 -539.61
12 893.0 278.20 -668.48
13 893.0 501.03 -636.09
14 893.0 376.86 -657.54
15 893.0 514.05 -355.84
16 893.0 374.69 -674.16
17 893.0 367.52 -676.35
18 893.0 430.75 -506.38
19 893.0 466.14 -495.69
20 893.0 521.89 -396.89
21 893.0 347.30 -547.33
22 893.0 194.27 -419.00
23 893.0 340.37 -523.84
24 893.0 524.43 -339.39
25 893.0 537.93 -335.45
6 894.0 490.07 -341.02
7 894.0 511.06 -338.08
8 894.0 576.62 -609.88
9 894.0 585.93 -601.63
10 894.0 353.39 -579.22
11 894.0 343.84 -546.86
12 894.0 275.81 -660.83
13 894.0 509.09 -633.65
14 894.0 378.48 -663.00
15 894.0 524.28 -353.62
16 894.0 374.69 -674.16
17 894.0 367.52 -676.35
18 894.0 422.66 -508.82
19 894.0 459.20 -497.79
20 894.0 523.55 -403.58
21 894.0 346.08 -543.00
22 894.0 195.91 -422.79
23 894.0 338.08 -516.41
24 894.0 520.63 -341.14
25 894.0 532.61 -336.97
6 895.0 479.29 -344.35
7 895.0 499.93 -341.32
8 895.0 569.18 -612.13
9 895.0 584.97 -606.54
10 895.0 355.88 -587.24
11 895.0 346.20 -555.17
12 895.0 273.30 -652.74
13 895.0 517.54 -631.10
14 895.0 378.34 -668.40
15 895.0 533.78 -350.52
16 895.0 374.69 -674.16
17 895.0 367.52 -676.35
18 895.0 414.68 -511.21
19 895.0 452.46 -499.83
20 895.0 525.81 -410.42
21 895.0 344.14 -536.41
22 895.0 197.90 -428.07
23 895.0 336.10 -510.01
24 895.0 520.37 -341.34
25 895.0 529.06 -337.98
6 896.0 468.76 -347.61
7 896.0 488.69 -344.79
8 896.0 562.35 -614.20
9 896.0 579.79 -608.93
10 896.0 358.17 -594.73
11 896.0 348.39 -562.91
12 896.0 270.90 -645.02
13 896.0 525.67 -628.64
14 896.0 373.70 -671.12
15 896.0 542.71 -346.73
16 896.0 374.69 -674.16
17 896.0 367.52 -676.35
18 896.0 406.81 -513.57
19 896.0 445.66 -501.89
20 896.0 528.01 -416.85
21 896.0 342.00 -529.15
22 896.0 200.35 -434.69
23 896.0 333.96 -503.10
24 896.0 517.10 -341.10
25 896.0 527.46 -338.45
6 897.0 458.73 -350.72
7 897.0 477.90 -348.13
8 897.0 555.55 -616.26
9 897.0 572.24 -611.21
10 897.0 360.26 -601.64
11 897.0 350.87 -571.10
12 897.0 268.55 -637.43
13 897.0 533.54 -626.25
14 897.0 367.07 -673.15
15 897.0 551.83 -345.24
16 897.0 374.69 -674.16
17 897.0 367.52 -676.35
18 897.0 399.29 -515.82
19 897.0 439.18 -503.85
20 897.0 530.18 -423.19
21 897.0 340.05 -522.78
22 897.0 202.97 -441.46
23 897.0 332.00 -496.76
24 897.0 516.84 -343.80
25 897.0 527.12 -338.54
6 898.0 448.52 -353.84
7 898.0 466.58 -351.64
8 898.0 548.94 -618.25
9 898.0 565.25 -613.32
10 898.0 362.44 -608.95
11 898.0 353.10 -578.30
12 898.0 266.28 -630.02
13 898.0 541.66 -623.79
14 898.0 359.84 -675.35
15 898.0 561.95 -343.99
16 898.0 374.69 -674.16
17 898.0 367.52 -676.35
18 898.0 391.68 -518.11
19 898.0 432.99 -505.71
20 898.0 531.19 -429.62
21 898.0 337.95 -516.00
22 898.0 206.78 -449.16
23 898.0 329.96 -490.16
24 898.0 516.45 -348.22
25 898.0 525.49 -339.05
6 899.0 437.46 -357.11
7 899.0 455.04 -355.21
8 899.0 541.68 -620.45
9 899.0 558.27 -615.43
10 899.0 364.50 -615.91
11 899.0 355.50 -586.02
12 899.0 264.02 -622.63
13 899.0 550.08 -621.25
14 899.0 351.83 -677.81
15 899.0 572.47 -343.77
16 899.0 374.69 -674.16
17 899.0 367.52 -676.35
18 899.0 384.48 -520.26
19 899.0 426.18 -507.76
20 899.0 531.02 -436.06
21 899.0 335.77 -508.95
22 899.0 210.71 -456.32
23 899.0 327.79 -482.96
24 899.0 516.58 -353.95
25 899.0 522.29 -340.19
6 900.0 426.85 -360.25
7 900.0 443.93 -358.53
8 900.0 534.70 -622.56
9 900.0 550.60 -617.75
10 900.0 366.54 -622.78
11 900.0 357.97 -594.07
12 900.0 261.40 -614.02
13 900.0 558.25 -618.78
14 900.0 343.75 -678.11
15 900.0 582.05 -345.05
16 900.0 374.69 -674.16
17 900.0 367.52 -676.35
18 900.0 376.49 -522.69
19 900.0 420.20 -509.56
20 900.0 532.92 -442.25
21 900.0 333.46 -501.47
22 900.0 213.20 -464.19
23 900.0 325.80 -476.42
24 900.0 516.78 -359.83
25 900.0 520.51 -341.23
6 901.0 416.65 -366.61
7 901.0 434.81 -361.23
8 901.0 527.72 -624.68
9 901.0 543.67 -619.85
10 901.0 368.79 -630.37
11 901.0 360.33 -601.89
12 901.0 258.79 -605.44
13 901.0 566.45 -616.30
14 901.0 336.24 -679.23
15 901.0 591.70 -347.10
16 901.0 374.69 -674.16
17 901.0 367.52 -676.35
18 901.0 369.09 -524.96
19 901.0 413.38 -511.60
20 901.0 534.71 -448.06
21 901.0 331.24 -494.29
22 901.0 215.69 -473.31
23 901.0 323.83 -470.01
24 901.0 516.93 -365.05
25 901.0 517.10 -341.10
6 902.0 405.71 -369.84
7 902.0 424.33 -364.33
8 902.0 520.33 -626.92
9 902.0 536.59 -621.99
10 902.0 371.10 -638.14
11 902.0 362.71 -609.86
12 902.0 256.42 -597.65
13 902.0 574.16 -613.97
14 902.0 329.08 -681.40
15 902.0 601.14 -349.21
16 902.0 374.69 -674.16
17 902.0 367.52 -676.35
18 902.0 361.32 -527.41
19 902.0 407.51 -513.36
20 902.0 536.69 -454.50
21 902.0 329.21 -487.69
22 902.0 218.47 -482.99
23 902.0 321.72 -463.12
24 902.0 517.32 -372.15
25 902.0 516.82 -343.96
6 903.0 395.11 -374.23
7 903.0 413.33 -367.59
8 903.0 513.31 -629.04
9 903.0 529.04 -624.28
10 903.0 373.32 -645.61
11 903.0 365.03 -617.68
12 903.0 253.96 -589.56
13 903.0 580.39 -612.08
14 903.0 321.58 -683.67
15 903.0 611.44 -351.51
16 903.0 374.69 -674.16
17 903.0 367.52 -676.35
18 903.0 353.80 -529.83
19 903.0 401.12 -515.28
20 903.0 538.52 -460.33
21 903.0 327.32 -481.41
22 903.0 220.80 -491.00
23 903.0 319.71 -456.58
24 903.0 517.69 -378.87
25 903.0 516.45 -348.51
6 904.0 384.32 -377.84
7 904.0 402.13 -370.90
8 904.0 507.07 -630.92
9 904.0 521.74 -626.49
10 904.0 375.66 -653.50
11 904.0 367.19 -624.97
12 904.0 251.69 -582.07
13 904.0 583.63 -610.61
14 904.0 314.52 -685.81
15 904.0 621.58 -353.79
16 904.0 374.69 -674.16
17 904.0 367.52 -676.35
18 904.0 349.88 -531.06
19 904.0 395.35 -517.01
20 904.0 539.23 -462.62
21 904.0 325.08 -474.07
22 904.0 222.75 -497.59
23 904.0 317.46 -449.23
24 904.0 518.06 -385.59
25 904.0 516.61 -354.39
6 905.0 374.03 -380.88
7 905.0 391.94 -375.58
8 905.0 500.50 -632.91
9 905.0 515.24 -628.46
10 905.0 377.70 -660.37
11 905.0 369.57 -632.98
12 905.0 249.28 -574.15
13 905.0 582.02 -608.25
14 905.0 307.01 -688.09
15 905.0 631.93 -356.21
16 905.0 374.69 -674.16
17 905.0 367.52 -676.35
18 905.0 344.26 -533.94
19 905.0 388.44 -519.08
20 905.0 539.37 -463.07
21 905.0 322.93 -467.08
22 905.0 224.70 -504.12
23 905.0 315.31 -442.21
24 905.0 518.43 -392.41
25 905.0 516.77 -362.12
6 906.0 363.58 -383.97
7 906.0 382.28 -378.44
8 906.0 493.37 -635.06
9 906.0 508.56 -630.47
10 906.0 379.80 -667.24
11 906.0 371.74 -640.28
12 906.0 247.78 -568.24
13 906.0 576.73 -609.85
14 906.0 299.89 -690.25
15 906.0 641.51 -358.45
16 906.0 374.69 -674.16
17 906.0 367.52 -676.35
18 906.0 342.34 -540.62
19 906.0 382.00 -521.01
20 906.0 539.42 -463.24
21 906.0 320.82 -460.20
22 906.0 226.66 -510.61
23 906.0 313.30 -435.63
24 906.0 518.99 -399.56
25 906.0 517.16 -369.16
6 907.0 352.76 -387.17
7 907.0 372.49 -381.34
8 907.0 486.39 -637.18
9 907.0 501.84 -632.50
10 907.0 382.11 -674.57
11 907.0 374.07 -648.13
12 907.0 251.85 -563.27
13 907.0 569.91 -611.91
14 907.0 294.66 -691.84
15 907.0 651.86 -360.86
16 907.0 374.69 -674.16
17 907.0 367.52 -676.35
18 907.0 344.20 -548.10
19 907.0 375.64 -522.95
20 907.0 539.43 -463.28
21 907.0 318.58 -452.90
22 907.0 228.68 -517.27
23 907.0 311.25 -429.03
24 907.0 521.03 -406.13
25 907.0 517.66 -378.35
6 908.0 342.41 -390.24
7 908.0 361.99 -384.44
8 908.0 480.01 -639.10
9 908.0 495.16 -634.52
10 908.0 384.53 -682.33
11 908.0 376.19 -655.30
12 908.0 260.22 -560.80
13 908.0 562.14 -614.26
14 908.0 288.96 -693.02
15 908.0 662.15 -363.27
16 908.0 374.69 -674.16
17 908.0 367.52 -676.35
18 908.0 346.31 -555.57
19 908.0 369.41 -524.86
20 908.0 539.44 -463.30
21 908.0 316.58 -446.35
22 908.0 230.68 -523.85
23 908.0 310.13 -425.47
24 908.0 523.01 -412.12
25 908.0 518.15 -387.23
6 909.0 331.13 -393.57
7 909.0 351.83 -387.45
8 909.0 473.46 -641.08
9 909.0 488.19 -636.63
10 909.0 386.88 -689.97
11 909.0 378.35 -662.56
12 909.0 267.69 -558.60
13 909.0 553.37 -616.91
14 909.0 284.60 -689.09
15 909.0 671.78 -365.53
16 909.0 374.69 -674.16
17 909.0 367.52 -676.35
18 909.0 348.34 -562.72
19 909.0 362.80 -526.94
20 909.0 539.45 -463.31
21 909.0 314.33 -438.99
22 909.0 232.80 -530.85
23 909.0 309.03 -420.45
24 909.0 525.27 -418.74
25 909.0 518.68 -396.80
6 910.0 320.57 -395.28
7 910.0 340.71 -390.74
8 910.0 466.44 -643.21
9 910.0 481.35 -638.70
10 910.0 389.31 -697.91
11 910.0 380.89 -670.69
12 910.0 275.41 -556.33
13 910.0 545.05 -619.43
14 910.0 282.58 -682.63
15 910.0 681.90 -364.66
16 910.0 374.69 -674.16
17 910.0 367.52 -676.35
18 910.0 350.50 -569.87
19 910.0 356.34 -529.01
20 910.0 539.45 -463.31
21 910.0 312.16 -431.93
22 910.0 235.00 -538.10
23 910.0 310.98 -415.33
24 910.0 527.36 -424.86
25 910.0 520.91 -405.76
6 911.0 310.38 -398.22
7 911.0 330.16 -393.86
8 911.0 459.43 -645.32
9 911.0 474.33 -640.82
10 911.0 391.63 -705.45
11 911.0 383.51 -679.00
12 911.0 283.93 -553.82
13 911.0 537.08 -621.84
14 911.0 280.15 -674.69
15 911.0 692.56 -367.21
16 911.0 374.69 -674.16
17 911.0 367.52 -676.35
18 911.0 352.91 -577.66
19 911.0 350.54 -530.86
20 911.0 539.45 -463.31
21 911.0 310.68 -427.23
22 911.0 236.92 -544.44
23 911.0 316.48 -409.96
24 911.0 527.81 -431.65
25 911.0 523.72 -414.20
6 912.0 299.69 -401.64
7 912.0 319.50 -395.49
8 912.0 452.79 -647.33
9 912.0 468.19 -642.68
10 912.0 393.90 -712.86
11 912.0 385.75 -686.29
12 912.0 291.61 -551.56
13 912.0 528.46 -624.45
14 912.0 277.88 -667.53
15 912.0 702.14 -369.50
16 912.0 374.69 -674.16
17 912.0 367.52 -676.35
18 912.0 355.17 -584.97
19 912.0 344.64 -533.53
20 912.0 539.45 -463.31
21 912.0 309.02 -420.65
22 912.0 238.89 -550.92
23 912.0 323.40 -404.62
24 912.0 528.19 -437.77
25 912.0 526.49 -422.30
6 913.0 289.35 -404.81
7 913.0 308.80 -398.71
8 913.0 445.79 -649.45
9 913.0 461.80 -644.61
10 913.0 396.20 -720.37
11 913.0 388.27 -694.52
12 913.0 299.85 -549.13
13 913.0 519.70 -627.11
14 913.0 275.39 -659.47
15 913.0 711.75 -371.78
16 913.0 374.69 -674.16
17 913.0 367.52 -676.35
18 913.0 357.70 -593.19
19 913.0 342.10 -538.84
20 913.0 539.45 -463.31
21 913.0 311.29 -415.16
22 913.0 240.80 -557.21
23 913.0 332.46 -401.99
24 913.0 529.99 -443.62
25 913.0 528.32 -428.43
6 914.0 278.37 -408.14
7 914.0 298.34 -402.08
8 914.0 438.37 -651.69
9 914.0 453.93 -646.98
10 914.0 398.43 -727.61
11 914.0 390.70 -702.42
12 914.0 307.68 -546.80
13 914.0 510.97 -629.75
14 914.0 273.00 -651.79
15 914.0 722.35 -374.30
16 914.0 374.69 -674.16
17 914.0 367.52 -676.35
18 914.0 360.18 -601.38
19 914.0 343.45 -545.47
20 914.0 539.45 -463.31
21 914.0 316.96 -413.16
22 914.0 242.83 -563.92
23 914.0 341.21 -399.45
24 914.0 531.84 -449.62
25 914.0 527.44 -434.68
6 915.0 267.11 -411.56
7 915.0 287.90 -405.25
8 915.0 432.09 -653.59
9 915.0 447.12 -649.04
10 915.0 400.77 -735.25
11 915.0 392.89 -709.58
12 915.0 315.51 -544.45
13 915.0 502.97 -632.16
14 915.0 270.78 -644.64
15 915.0 732.53 -376.74
16 915.0 377.19 -673.63
17 915.0 367.52 -676.35
18 915.0 362.38 -608.75
19 915.0 345.16 -551.51
20 915.0 539.45 -463.31
21 915.0 325.11 -410.80
22 915.0 244.81 -570.44
23 915.0 350.26 -396.82
24 915.0 533.92 -456.38
25 915.0 529.27 -441.26
6 916.0 255.90 -414.96
7 916.0 277.20 -408.50
8 916.0 424.61 -655.85
9 916.0 440.64 -651.00
10 916.0 403.12 -742.89
11 916.0 395.35 -717.59
12 916.0 323.58 -542.13
13 916.0 494.49 -634.73
14 916.0 268.45 -637.10
15 916.0 742.69 -380.73
16 916.0 380.95 -674.53
17 916.0 368.98 -675.91
18 916.0 364.83 -617.01
19 916.0 346.83 -557.40
20 916.0 539.45 -463.31
21 916.0 334.05 -408.20
22 916.0 246.98 -577.58
23 916.0 359.92 -394.02
24 916.0 535.65 -461.86
25 916.0 531.28 -447.79
6 917.0 245.71 -418.05
7 917.0 266.83 -411.64
8 917.0 417.94 -657.87
9 917.0 432.66 -653.42
10 917.0 405.46 -750.57
11 917.0 397.85 -725.74
12 917.0 331.53 -539.77
13 917.0 486.59 -637.12
14 917.0 266.31 -630.14
15 917.0 752.67 -382.91
16 917.0 383.26 -678.18
17 917.0 372.28 -674.90
18 917.0 367.04 -624.47
19 917.0 348.67 -563.88
20 917.0 539.45 -463.31
21 917.0 343.63 -405.42
22 917.0 248.92 -583.96
23 917.0 369.46 -391.25
24 917.0 536.14 -463.44
25 917.0 532.84 -452.87
6 918.0 235.00 -421.30
7 918.0 255.68 -415.02
8 918.0 411.65 -659.77
9 918.0 426.75 -655.20
10 918.0 407.79 -758.41
11 918.0 400.07 -732.97
12 918.0 337.35 -538.27
13 918.0 478.22 -639.65
14 918.0 263.97 -622.47
15 918.0 762.51 -385.05
16 918.0 385.27 -684.74
17 918.0 377.33 -673.61
18 918.0 369.37 -632.31
19 918.0 350.50 -569.89
20 918.0 539.45 -463.31
21 918.0 353.64 -402.51
22 918.0 250.97 -590.74
23 918.0 378.83 -388.52
24 918.0 536.30 -463.96
25 918.0 533.85 -456.17
6 919.0 223.83 -424.68
7 919.0 244.31 -418.47
8 919.0 404.44 -661.95
9 919.0 419.80 -657.30
10 919.0 410.01 -765.90
11 919.0 402.40 -740.54
12 919.0 342.11 -541.32
13 919.0 470.03 -642.12
14 919.0 261.65 -614.86
15 919.0 772.48 -387.23
16 919.0 387.21 -691.05
17 919.0 382.09 -675.68
18 919.0 371.50 -639.47
19 919.0 352.39 -576.00
20 919.0 539.45 -463.31
21 919.0 363.38 -399.68
22 919.0 253.02 -597.47
23 919.0 388.73 -387.23
24 919.0 536.39 -464.24
25 919.0 534.00 -456.64
6 920.0 216.62 -426.90
7 920.0 233.44 -421.77
8 920.0 398.14 -663.86
9 920.0 412.48 -659.52
10 920.0 412.35 -773.79
11 920.0 404.82 -748.40
12 920.0 343.96 -547.27
13 920.0 461.11 -644.82
14 920.0 259.46 -607.63
15 920.0 782.01 -389.30
16 920.0 388.90 -696.57
17 920.0 384.08 -680.85
18 920.0 373.89 -647.55
19 920.0 354.17 -581.76
20 920.0 539.45 -463.31
21 920.0 372.32 -397.08
22 920.0 255.09 -604.29
23 920.0 398.18 -384.32
24 920.0 536.39 -464.26
25 920.0 534.15 -457.09
6 921.0 207.58 -427.06
7 921.0 224.44 -424.50
8 921.0 390.67 -666.13
9 921.0 406.40 -661.36
10 921.0 414.66 -781.54
11 921.0 406.93 -755.53
12 921.0 346.17 -555.07
13 921.0 452.17 -647.52
14 921.0 257.21 -600.25
15 921.0 792.17 -391.54
16 921.0 390.79 -702.73
17 921.0 385.96 -686.98
18 921.0 376.24 -655.46
19 921.0 356.02 -587.70
20 921.0 539.45 -463.31
21 921.0 382.14 -394.36
22 921.0 257.24 -611.36
23 921.0 407.26 -381.22
24 921.0 536.39 -464.26
25 921.0 534.15 -457.12
6 922.0 201.74 -420.13
7 922.0 216.14 -427.03
8 922.0 384.74 -666.63
9 922.0 399.20 -663.54
10 922.0 416.71 -788.46
11 922.0 409.38 -763.77
12 922.0 348.51 -563.33
13 922.0 443.24 -650.22
14 922.0 254.76 -592.18
15 922.0 802.04 -393.80
16 922.0 392.59 -708.58
17 922.0 388.01 -693.68
18 922.0 377.92 -661.12
19 922.0 358.15 -594.67
20 922.0 539.45 -463.31
21 922.0 391.98 -392.92
22 922.0 259.24 -617.93
23 922.0 414.25 -375.79
24 922.0 536.39 -464.26
25 922.0 534.16 -457.12
6 923.0 197.25 -409.66
7 923.0 207.90 -427.11
8 923.0 381.61 -662.29
9 923.0 393.51 -665.27
10 923.0 419.07 -796.42
11 923.0 411.85 -772.09
12 923.0 351.01 -571.54
13 923.0 434.96 -652.72
14 923.0 252.28 -584.02
15 923.0 812.67 -396.23
16 923.0 394.33 -714.27
17 923.0 389.89 -699.80
18 923.0 378.37 -662.64
19 923.0 360.22 -601.53
20 923.0 539.45 -463.31
21 923.0 401.47 -390.00
22 923.0 261.50 -625.38
23 923.0 423.57 -372.50
24 923.0 536.39 -464.26
25 923.0 534.16 -457.12
6 924.0 194.45 -402.69
7 924.0 201.99 -420.75
8 924.0 379.74 -656.00
9 924.0 387.40 -666.89
10 924.0 421.27 -803.83
11 924.0 414.12 -779.74
12 924.0 353.37 -579.16
13 924.0 427.22 -655.06
14 924.0 249.99 -576.48
15 924.0 822.44 -398.34
16 924.0 396.12 -720.09
17 924.0 391.80 -706.02
18 924.0 378.40 -662.73
19 924.0 362.18 -608.08
20 924.0 539.45 -463.31
21 924.0 411.71 -388.17
22 924.0 263.74 -632.68
23 924.0 432.64 -369.31
24 924.0 536.39 -464.26
25 924.0 534.16 -457.12
6 925.0 191.58 -395.52
7 925.0 198.23 -412.00
8 925.0 377.64 -648.92
9 925.0 382.36 -664.12
10 925.0 423.48 -811.26
11 925.0 416.26 -786.93
12 925.0 355.88 -587.25
13 925.0 419.35 -657.44
14 925.0 247.81 -569.30
15 925.0 832.57 -401.07
16 925.0 397.78 -725.50
17 925.0 393.48 -711.49
18 925.0 378.41 -662.76
19 925.0 363.98 -614.17
20 925.0 539.45 -463.31
21 925.0 420.98 -386.98
22 925.0 265.81 -639.41
23 925.0 442.39 -366.40
24 925.0 536.39 -464.26
25 925.0 534.16 -457.12
6 926.0 189.80 -391.73
7 926.0 195.19 -404.55
8 926.0 375.68 -642.31
9 926.0 380.34 -658.02
10 926.0 425.72 -818.76
11 926.0 418.72 -795.22
12 926.0 358.19 -594.80
13 926.0 411.22 -659.90
14 926.0 245.34 -561.17
15 926.0 842.05 -403.95
16 926.0 399.49 -731.07
17 926.0 395.05 -716.61
18 926.0 378.41 -662.78
19 926.0 365.79 -620.23
20 926.0 539.45 -463.31
21 926.0 429.77 -383.89
22 926.0 267.75 -645.65
23 926.0 451.66 -363.66
24 926.0 536.39 -464.26
25 926.0 534.16 -457.12
6 927.0 187.55 -390.14
7 927.0 193.48 -400.27
8 927.0 373.63 -635.43
9 927.0 378.30 -651.13
10 927.0 428.15 -826.77
11 927.0 421.15 -803.43
12 927.0 360.55 -602.63
13 927.0 403.22 -662.32
14 927.0 243.14 -553.92
15 927.0 851.88 -406.02
16 927.0 401.32 -737.04
17 927.0 396.97 -722.87
18 927.0 378.42 -662.78
19 927.0 367.59 -626.31
20 927.0 539.45 -463.31
21 927.0 439.47 -380.61
22 927.0 269.84 -652.41
23 927.0 460.44 -361.06
24 927.0 536.39 -464.26
25 927.0 534.16 -457.12
6 928.0 184.18 -394.79
7 928.0 191.80 -396.09
8 928.0 371.43 -628.01
9 928.0 376.24 -644.20
10 928.0 430.27 -833.67
11 928.0 423.40 -810.98
12 928.0 362.83 -610.27
13 928.0 394.77 -664.88
14 928.0 240.98 -546.78
15 928.0 861.41 -408.26
16 928.0 403.17 -743.04
17 928.0 398.83 -728.92
18 928.0 378.42 -662.78
19 928.0 369.38 -632.34
20 928.0 539.45 -463.31
21 928.0 448.34 -377.99
22 928.0 271.93 -659.15
23 928.0 469.71 -358.32
24 928.0 536.39 -464.26
25 928.0 534.16 -457.12
6 929.0 186.68 -400.52
7 929.0 190.56 -393.15
8 929.0 369.34 -620.98
9 929.0 374.05 -636.84
10 929.0 432.72 -841.61
11 929.0 425.61 -818.39
12 929.0 365.15 -618.10
13 929.0 388.96 -666.64
14 929.0 238.51 -538.66
15 929.0 871.49 -410.62
16 929.0 404.94 -748.83
17 929.0 400.49 -734.34
18 929.0 378.42 -662.78
19 929.0 371.35 -638.98
20 929.0 539.45 -463.31
21 929.0 457.79 -375.20
22 929.0 274.23 -666.54
23 929.0 479.41 -355.46
24 929.0 536.39 -464.26
25 929.0 534.16 -457.12
6 930.0 189.91 -408.58
7 930.0 188.81 -390.54
8 930.0 367.45 -614.61
9 930.0 372.03 -630.04
10 930.0 434.98 -848.93
11 930.0 428.04 -826.41
12 930.0 367.35 -625.52
13 930.0 382.92 -671.66
14 930.0 236.10 -530.72
15 930.0 881.67 -412.98
16 930.0 406.57 -754.30
17 930.0 402.27 -740.13
18 930.0 378.42 -662.78
19 930.0 373.28 -645.49
20 930.0 539.45 -463.31
21 930.0 467.08 -372.45
22 930.0 276.32 -673.13
23 930.0 489.25 -352.55
24 930.0 536.39 -464.26
25 930.0 534.16 -457.12
6 931.0 192.79 -415.57
7 931.0 186.55 -391.58
8 931.0 365.42 -607.79
9 931.0 369.91 -622.88
10 931.0 437.18 -856.04
11 931.0 430.49 -834.41
12 931.0 369.87 -633.99
13 931.0 383.66 -679.50
14 931.0 233.77 -523.03
15 931.0 891.15 -415.17
16 931.0 408.19 -759.77
17 931.0 403.86 -745.30
18 931.0 378.42 -662.78
19 931.0 375.02 -651.35
20 931.0 539.45 -463.31
21 931.0 476.86 -369.56
22 931.0 278.44 -680.05
23 931.0 498.16 -349.92
24 931.0 536.39 -464.26
25 931.0 534.16 -457.12
6 932.0 195.14 -420.92
7 932.0 185.07 -396.50
8 932.0 363.32 -600.75
9 932.0 367.98 -616.38
10 932.0 439.35 -863.05
11 932.0 433.06 -842.73
12 932.0 372.24 -641.99
13 932.0 386.39 -688.40
14 932.0 231.51 -515.57
15 932.0 900.97 -417.45
16 932.0 409.97 -765.78
17 932.0 405.74 -751.52
18 932.0 378.42 -662.78
19 932.0 376.21 -655.35
20 932.0 539.45 -463.31
21 932.0 486.12 -366.83
22 932.0 280.49 -686.73
23 932.0 507.75 -347.40
24 932.0 536.39 -464.26
25 932.0 534.16 -457.12
6 933.0 197.89 -428.05
7 933.0 187.27 -401.99
8 933.0 361.07 -593.28
9 933.0 365.82 -609.11
10 933.0 441.56 -870.27
11 933.0 435.62 -850.98
12 933.0 373.77 -647.14
13 933.0 388.99 -696.84
14 933.0 229.03 -507.41
15 933.0 910.72 -419.83
16 933.0 411.78 -771.87
17 933.0 407.50 -757.46
18 933.0 378.42 -662.78
19 933.0 376.27 -655.57
20 933.0 539.45 -463.31
21 933.0 495.00 -364.20
22 933.0 282.60 -693.56
23 933.0 517.42 -345.32
24 933.0 536.39 -464.26
25 933.0 534.16 -457.12
6 934.0 201.24 -437.09
7 934.0 190.23 -409.37
8 934.0 358.83 -585.96
9 934.0 363.75 -602.17
10 934.0 443.63 -877.10
11 934.0 438.05 -858.84
12 934.0 374.10 -648.24
13 934.0 391.49 -705.02
14 934.0 226.76 -499.85
15 934.0 919.22 -422.64
16 934.0 413.39 -777.30
17 934.0 409.39 -763.80
18 934.0 378.42 -662.78
19 934.0 376.28 -655.59
20 934.0 539.45 -463.31
21 934.0 503.70 -361.64
22 934.0 284.76 -700.58
23 934.0 524.63 -343.78
24 934.0 536.39 -464.26
25 934.0 534.16 -457.12
6 935.0 204.24 -444.54
7 935.0 193.36 -416.94
8 935.0 356.69 -579.07
9 935.0 361.54 -594.82
10 935.0 445.91 -884.62
11 935.0 440.25 -865.97
12 935.0 374.14 -648.36
13 935.0 393.94 -713.00
14 935.0 224.88 -491.86
15 935.0 919.72 -422.71
16 935.0 415.03 -782.80
17 935.0 411.06 -769.45
18 935.0 378.42 -662.78
19 935.0 376.28 -655.59
20 935.0 539.45 -463.31
21 935.0 510.84 -359.83
22 935.0 286.97 -707.79
23 935.0 527.83 -342.51
24 935.0 536.39 -464.26
25 935.0 534.16 -457.12
6 936.0 208.99 -452.87
7 936.0 195.49 -421.73
8 936.0 354.66 -572.53
9 936.0 359.46 -587.99
10 936.0 448.23 -892.17
11 936.0 442.44 -873.19
12 936.0 374.14 -648.39
13 936.0 396.41 -721.04
14 936.0 225.09 -482.85
15 936.0 919.50 -422.62
16 936.0 416.67 -788.32
17 936.0 412.73 -775.07
18 936.0 378.42 -662.78
19 936.0 376.28 -655.59
20 936.0 539.45 -463.31
21 936.0 514.96 -359.78
22 936.0 288.95 -714.30
23 936.0 528.43 -339.88
24 936.0 536.39 -464.26
25 936.0 534.16 -457.12
6 937.0 212.50 -461.60
7 937.0 198.20 -428.89
8 937.0 352.41 -565.27
9 937.0 357.38 -581.28
10 937.0 450.63 -900.17
11 937.0 444.83 -881.06
12 937.0 374.15 -648.39
13 937.0 399.13 -729.91
14 937.0 222.02 -472.18
15 937.0 919.42 -422.59
16 937.0 418.41 -794.18
17 937.0 414.22 -780.08
18 937.0 378.42 -662.78
19 937.0 376.28 -655.59
20 937.0 539.45 -463.31
21 937.0 520.01 -362.73
22 937.0 291.05 -721.17
23 937.0 528.91 -335.89
24 937.0 536.39 -464.26
25 937.0 534.16 -457.12
6 938.0 215.46 -472.47
7 938.0 201.50 -437.79
8 938.0 350.44 -558.43
9 938.0 355.14 -574.08
10 938.0 452.72 -907.24
11 938.0 447.11 -888.52
12 938.0 374.15 -648.40
13 938.0 401.85 -738.77
14 938.0 219.11 -461.56
15 938.0 919.38 -422.57
16 938.0 420.05 -799.71
17 938.0 416.09 -786.37
18 938.0 378.42 -662.78
19 938.0 376.28 -655.59
20 938.0 539.45 -463.31
21 938.0 520.42 -370.14
22 938.0 293.23 -728.35
23 938.0 525.70 -335.79
24 938.0 536.39 -464.26
25 938.0 534.16 -457.12
6 939.0 218.61 -483.47
7 939.0 204.66 -445.35
8 939.0 348.46 -551.43
9 939.0 352.85 -566.67
10 939.0 454.90 -914.58
11 939.0 449.62 -896.75
12 939.0 374.15 -648.40
13 939.0 404.36 -746.92
14 939.0 217.05 -454.01
15 939.0 919.36 -422.57
16 939.0 421.71 -805.29
17 939.0 417.60 -791.45
18 939.0 378.42 -662.78
19 939.0 376.28 -655.59
20 939.0 539.45 -463.31
21 939.0 520.81 -377.32
22 939.0 295.48 -735.75
23 939.0 520.72 -337.74
24 939.0 536.39 -464.26
25 939.0 534.16 -457.12
6 940.0 221.44 -493.18
7 940.0 209.70 -454.13
8 940.0 346.54 -544.61
9 940.0 350.74 -559.50
10 940.0 457.24 -921.94
11 940.0 451.79 -904.09
12 940.0 374.15 -648.40
13 940.0 406.92 -755.49
14 940.0 217.30 -445.76
15 940.0 919.36 -422.57
16 940.0 423.63 -811.78
17 940.0 419.32 -797.25
18 940.0 378.42 -662.78
19 940.0 376.28 -655.59
20 940.0 539.45 -463.31
21 940.0 521.21 -384.61
22 940.0 297.39 -742.01
23 940.0 513.76 -340.47
24 940.0 536.39 -464.26
25 940.0 534.16 -457.12
6 941.0 223.82 -501.17
7 941.0 212.83 -462.82
8 941.0 344.14 -538.07
9 941.0 349.05 -553.49
10 941.0 459.72 -929.75
11 941.0 454.07 -911.77
12 941.0 374.15 -648.40
13 941.0 409.37 -763.75
14 941.0 223.49 -440.80
15 941.0 919.36 -422.57
16 941.0 425.41 -817.12
17 941.0 421.02 -802.99
18 941.0 378.42 -662.78
19 941.0 376.28 -655.59
20 941.0 539.45 -463.31
21 941.0 521.58 -391.54
22 941.0 299.47 -748.83
23 941.0 504.35 -343.30
24 941.0 536.39 -464.26
25 941.0 534.16 -457.12
6 942.0 226.19 -509.05
7 942.0 215.93 -474.18
8 942.0 339.00 -534.98
9 942.0 347.20 -546.95
10 942.0 460.84 -933.29
11 942.0 456.37 -919.22
12 942.0 374.15 -648.40
13 942.0 411.78 -771.85
14 942.0 232.76 -437.48
15 942.0 919.36 -422.57
16 942.0 429.09 -821.71
17 942.0 422.57 -808.18
18 942.0 378.42 -662.78
19 942.0 376.28 -655.59
20 942.0 539.45 -463.31
21 942.0 522.05 -398.33
22 942.0 301.40 -755.18
23 942.0 494.88 -346.23
24 942.0 536.39 -464.26
25 942.0 534.16 -457.12
6 943.0 228.40 -516.35
7 943.0 218.99 -484.77
8 943.0 332.75 -536.05
9 943.0 346.01 -542.77
10 943.0 463.25 -938.90
11 943.0 457.77 -923.63
12 943.0 374.15 -648.40
13 943.0 414.13 -779.79
14 943.0 242.73 -434.40
15 943.0 919.36 -422.57
16 943.0 434.98 -821.99
17 943.0 424.48 -814.63
18 943.0 378.42 -662.78
19 943.0 376.28 -655.59
20 943.0 539.45 -463.31
21 943.0 523.88 -404.56
22 943.0 303.39 -761.72
23 943.0 485.15 -345.89
24 943.0 536.39 -464.26
25 943.0 534.16 -457.12
6 944.0 230.96 -524.78
7 944.0 221.66 -493.91
8 944.0 326.37 -537.97
9 944.0 343.62 -537.48
10 944.0 469.20 -941.53
11 944.0 459.79 -929.98
12 944.0 374.15 -648.40
13 944.0 416.49 -787.72
14 944.0 253.27 -431.34
15 944.0 919.36 -422.57
16 944.0 440.48 -820.47
17 944.0 425.89 -818.15
18 944.0 378.42 -662.78
19 944.0 376.28 -655.59
20 944.0 539.45 -463.31
21 944.0 525.95 -410.84
22 944.0 305.56 -768.86
23 944.0 476.36 -348.61
24 944.0 536.39 -464.26
25 944.0 534.16 -457.12
6 945.0 233.35 -532.65
7 945.0 224.16 -502.30
8 945.0 319.34 -540.02
9 945.0 337.54 -535.03
10 945.0 476.12 -939.86
11 945.0 461.20 -934.43
12 945.0 374.15 -648.40
13 945.0 418.81 -795.54
14 945.0 262.90 -425.22
15 945.0 919.36 -422.57
16 945.0 446.25 -818.73
17 945.0 429.60 -821.84
18 945.0 378.42 -662.78
19 945.0 376.28 -655.59
20 945.0 539.45 -463.31
21 945.0 528.33 -417.79
22 945.0 307.67 -775.88
23 945.0 466.83 -351.56
24 945.0 536.39 -464.26
25 945.0 534.16 -457.12
6 946.0 235.80 -540.73
7 946.0 226.53 -510.16
8 946.0 312.43 -542.03
9 946.0 330.78 -536.66
10 946.0 483.84 -937.47
11 946.0 464.52 -940.07
12 946.0 374.15 -648.40
13 946.0 421.21 -803.64
14 946.0 273.49 -422.17
15 946.0 919.36 -422.57
16 946.0 451.80 -817.06
17 946.0 436.55 -821.65
18 946.0 378.42 -662.78
19 946.0 376.28 -655.59
20 946.0 539.45 -463.31
21 946.0 530.70 -424.72
22 946.0 309.89 -783.13
23 946.0 457.89 -354.33
24 946.0 536.39 -464.26
25 946.0 534.16 -457.12
6 947.0 238.30 -548.99
7 947.0 228.98 -518.26
8 947.0 305.51 -544.12
9 947.0 322.88 -538.99
10 947.0 491.23 -935.18
11 947.0 472.42 -941.01
12 947.0 374.15 -648.40
13 947.0 423.76 -812.21
14 947.0 283.75 -419.22
15 947.0 919.36 -422.57
16 947.0 457.48 -815.35
17 947.0 442.72 -819.79
18 947.0 378.42 -662.78
19 947.0 376.28 -655.59
20 947.0 539.45 -463.31
21 947.0 530.63 -431.34
22 947.0 312.03 -790.12
23 947.0 448.16 -357.28
24 947.0 536.39 -464.26
25 947.0 534.16 -457.12
6 948.0 240.75 -557.06
7 948.0 231.58 -526.81
8 948.0 299.26 -545.97
9 948.0 315.85 -541.03
10 948.0 498.76 -932.84
11 948.0 480.09 -938.63
12 948.0 374.15 -648.40
13 948.0 425.07 -819.07
14 948.0 293.66 -416.38
15 948.0 919.36 -422.57
16 948.0 463.45 -813.55
17 948.0 449.20 -817.84
18 948.0 378.42 -662.78
19 948.0 376.28 -655.59
20 948.0 539.45 -463.31
21 948.0 531.74 -438.41
22 948.0 314.00 -796.55
23 948.0 439.39 -359.87
24 948.0 536.39 -464.26
25 948.0 534.16 -457.12
6 949.0 243.23 -565.24
7 949.0 234.16 -535.33
8 949.0 292.41 -547.98
9 949.0 308.39 -543.25
10 949.0 505.57 -930.73
11 949.0 487.97 -936.19
12 949.0 374.15 -648.40
13 949.0 420.68 -823.07
14 949.0 303.98 -413.53
15 949.0 919.36 -422.57
16 949.0 469.96 -811.56
17 949.0 455.03 -816.09
18 949.0 378.42 -662.78
19 949.0 376.28 -655.59
20 949.0 539.45 -463.31
21 949.0 533.69 -444.76
22 949.0 316.18 -803.75
23 949.0 430.16 -362.61
24 949.0 536.39 -464.26
25 949.0 534.16 -457.12
6 950.0 245.79 -573.68
7 950.0 236.52 -543.12
8 950.0 285.88 -549.69
9 950.0 301.37 -545.35
10 950.0 513.04 -928.43
11 950.0 495.69 -933.80
12 950.0 374.15 -648.40
13 950.0 412.70 -825.46
14 950.0 314.86 -410.44
15 950.0 919.36 -422.57
16 950.0 476.13 -809.70
17 950.0 461.97 -814.00
18 950.0 378.42 -662.78
19 950.0 376.28 -655.59
20 950.0 539.45 -463.31
21 950.0 535.86 -451.80
22 950.0 318.32 -810.90
23 950.0 421.11 -365.29
24 950.0 536.39 -464.26
25 950.0 534.16 -457.12
6 951.0 248.07 -581.19
7 951.0 238.79 -550.59
8 951.0 278.46 -548.78
9 951.0 295.02 -547.22
10 951.0 521.00 -926.01
11 951.0 503.91 -931.25
12 951.0 374.15 -648.40
13 951.0 404.58 -827.90
14 951.0 325.17 -407.44
15 951.0 919.36 -422.57
16 951.0 481.91 -807.95
17 951.0 468.26 -812.08
18 951.0 378.42 -662.78
19 951.0 376.28 -655.59
20 951.0 539.45 -463.31
21 951.0 537.12 -455.88
22 951.0 320.45 -818.37
23 951.0 412.19 -367.93
24 951.0 536.39 -464.26
25 951.0 534.16 -457.12
6 952.0 250.29 -588.48
7 952.0 241.22 -558.60
8 952.0 270.97 -550.97
9 952.0 287.19 -549.52
10 952.0 528.16 -923.83
11 952.0 512.23 -928.68
12 952.0 374.15 -648.40
13 952.0 395.86 -830.52
14 952.0 335.76 -404.37
15 952.0 919.36 -422.57
16 952.0 487.79 -806.18
17 952.0 474.06 -810.32
18 952.0 378.42 -662.78
19 952.0 376.28 -655.59
20 952.0 539.45 -463.31
21 952.0 537.18 -456.06
22 952.0 322.59 -825.15
23 952.0 403.42 -370.52
24 952.0 536.39 -464.26
25 952.0 534.16 -457.12
6 953.0 252.58 -596.02
7 953.0 243.83 -567.21
8 953.0 263.89 -553.06
9 953.0 279.15 -548.72
10 953.0 535.74 -921.52
11 953.0 519.53 -926.46
12 953.0 374.15 -648.40
13 953.0 387.54 -833.01
14 953.0 346.26 -401.32
15 953.0 919.36 -422.57
16 953.0 493.72 -804.39
17 953.0 479.75 -808.61
18 953.0 378.42 -662.78
19 953.0 376.28 -655.59
20 953.0 539.45 -463.31
21 953.0 537.20 -456.12
22 953.0 324.63 -831.62
23 953.0 394.28 -374.68
24 953.0 536.39 -464.26
25 953.0 534.16 -457.12
6 954.0 255.02 -604.05
7 954.0 246.41 -575.70
8 954.0 257.54 -554.93
9 954.0 272.42 -550.54
10 954.0 543.44 -919.22
11 954.0 527.42 -924.05
12 954.0 374.15 -648.40
13 954.0 379.27 -835.49
14 954.0 356.46 -398.36
15 954.0 919.36 -422.57
16 954.0 499.15 -802.75
17 954.0 484.94 -807.04
18 954.0 378.42 -662.78
19 954.0 376.28 -655.59
20 954.0 539.45 -463.31
21 954.0 537.21 -456.14
22 954.0 326.67 -838.18
23 954.0 384.77 -377.70
24 954.0 536.39 -464.26
25 954.0 534.16 -457.12
6 955.0 257.32 -611.63
7 955.0 249.03 -584.35
8 955.0 251.81 -556.62
9 955.0 266.47 -552.30
10 955.0 550.96 -917.00
11 955.0 534.56 -921.88
12 955.0 374.15 -648.40
13 955.0 370.63 -838.07
14 955.0 366.48 -395.45
15 955.0 919.36 -422.57
16 955.0 505.56 -800.82
17 955.0 490.31 -805.42
18 955.0 378.42 -662.78
19 955.0 376.28 -655.59
20 955.0 539.45 -463.31
21 955.0 537.21 -456.15
22 955.0 328.87 -845.39
23 955.0 375.02 -380.59
24 955.0 536.39 -464.26
25 955.0 534.16 -457.12
6 956.0 259.66 -619.33
7 956.0 251.67 -593.02
8 956.0 246.04 -557.12
9 956.0 260.60 -554.03
10 956.0 558.55 -914.66
11 956.0 542.29 -919.57
12 956.0 374.15 -648.40
13 956.0 362.45 -840.52
14 956.0 376.40 -392.57
15 956.0 919.36 -422.57
16 956.0 511.48 -799.03
17 956.0 496.81 -803.46
18 956.0 378.42 -662.78
19 956.0 376.28 -655.59
20 956.0 539.45 -463.31
21 956.0 537.21 -456.15
22 956.0 330.89 -852.01
23 956.0 365.32 -383.46
24 956.0 536.39 -464.26
25 956.0 534.16 -457.12
6 957.0 262.19 -627.61
7 957.0 254.26 -601.55
8 957.0 243.01 -553.45
9 957.0 255.06 -555.66
10 957.0 565.52 -912.50
11 957.0 550.10 -917.25
12 957.0 374.15 -648.40
13 957.0 353.84 -843.11
14 957.0 387.29 -390.92
15 957.0 919.36 -422.57
16 957.0 517.36 -797.25
17 957.0 502.73 -801.67
18 957.0 378.42 -662.78
19 957.0 376.28 -655.59
20 957.0 539.45 -463.31
21 957.0 537.21 -456.15
22 957.0 332.97 -858.83
23 957.0 356.51 -386.07
24 957.0 536.39 -464.26
25 957.0 534.16 -457.12
6 958.0 264.73 -635.87
7 958.0 256.60 -609.25
8 958.0 241.32 -547.93
9 958.0 251.43 -556.73
10 958.0 572.41 -910.39
11 958.0 556.64 -915.25
12 958.0 374.15 -648.40
13 958.0 345.21 -845.70
14 958.0 397.29 -387.94
15 958.0 919.36 -422.57
16 958.0 523.25 -795.47
17 958.0 508.42 -799.95
18 958.0 378.42 -662.78
19 958.0 376.28 -655.59
20 958.0 539.45 -463.31
21 958.0 537.21 -456.15
22 958.0 335.13 -865.87
23 958.0 347.42 -388.75
24 958.0 536.39 -464.26
25 958.0 534.16 -457.12
6 959.0 267.14 -643.69
7 959.0 259.20 -617.81
8 959.0 239.26 -541.13
9 959.0 246.43 -557.22
10 959.0 579.94 -908.08
11 959.0 564.17 -912.92
12 959.0 374.15 -648.40
13 959.0 340.44 -847.13
14 959.0 407.39 -384.93
15 959.0 919.36 -422.57
16 959.0 529.64 -793.55
17 959.0 514.31 -798.17
18 959.0 378.42 -662.78
19 959.0 376.28 -655.59
20 959.0 539.45 -463.31
21 959.0 537.21 -456.15
22 959.0 337.06 -872.16
23 959.0 338.26 -391.46
24 959.0 536.39 -464.26
25 959.0 534.16 -457.12
6 960.0 269.67 -651.85
7 960.0 261.69 -625.99
8 960.0 237.05 -533.84
9 960.0 242.79 -552.75
10 960.0 587.55 -905.74
11 960.0 571.82 -910.56
12 960.0 374.15 -648.40
13 960.0 333.98 -847.16
14 960.0 418.59 -384.43
15 960.0 919.36 -422.57
16 960.0 535.66 -791.73
17 960.0 520.95 -796.17
18 960.0 378.78 -664.26
19 960.0 376.28 -655.59
20 960.0 540.25 -465.55
21 960.0 537.21 -456.15
22 960.0 339.27 -879.39
23 960.0 328.92 -394.23
24 960.0 536.83 -465.80
25 960.0 534.16 -457.12
6 961.0 272.25 -660.17
7 961.0 264.32 -634.56
8 961.0 234.85 -526.60
9 961.0 240.31 -544.60
10 961.0 595.17 -903.41
11 961.0 579.17 -908.31
12 961.0 374.15 -648.40
13 961.0 331.13 -841.84
14 961.0 428.43 -380.97
15 961.0 919.36 -422.57
16 961.0 541.74 -789.89
17 961.0 527.31 -794.25
18 961.0 378.53 -668.19
19 961.0 376.61 -656.71
20 961.0 542.03 -470.08
21 961.0 537.88 -458.28
22 961.0 341.35 -886.20
23 961.0 318.89 -395.61
24 961.0 537.60 -469.61
25 961.0 534.60 -458.52
6 962.0 274.49 -667.41
7 962.0 266.69 -642.24
8 962.0 232.65 -519.31
9 962.0 238.00 -536.97
10 962.0 602.67 -901.11
11 962.0 586.85 -905.96
12 962.0 374.47 -649.49
13 962.0 328.89 -834.47
14 962.0 438.91 -377.44
15 962.0 919.36 -422.57
16 962.0 548.20 -787.99
17 962.0 533.68 -792.32
18 962.0 373.39 -671.21
19 962.0 377.40 -659.35
20 962.0 544.99 -475.56
21 962.0 539.16 -462.37
22 962.0 343.45 -893.04
23 962.0 309.21 -398.58
24 962.0 536.18 -474.35
25 962.0 535.77 -462.25
6 963.0 276.81 -674.74
7 963.0 269.32 -650.71
8 963.0 230.62 -512.62
9 963.0 235.65 -529.24
10 963.0 609.82 -898.92
11 963.0 594.11 -903.73
12 963.0 374.96 -651.13
13 963.0 326.43 -826.69
14 963.0 449.39 -374.34
15 963.0 919.36 -422.57
16 963.0 554.84 -786.05
17 963.0 540.36 -790.31
18 963.0 366.29 -673.38
19 963.0 378.68 -663.66
20 963.0 548.70 -481.91
21 963.0 541.21 -467.99
22 963.0 345.39 -899.36
23 963.0 299.95 -401.55
24 963.0 533.68 -475.40
25 963.0 537.17 -467.27
6 964.0 279.16 -682.39
7 964.0 271.93 -659.13
8 964.0 228.67 -506.22
9 964.0 233.22 -521.22
10 964.0 617.28 -896.63
11 964.0 601.49 -901.47
12 964.0 376.16 -655.19
13 964.0 323.62 -817.80
14 964.0 459.25 -371.43
15 964.0 919.36 -422.57
16 964.0 561.19 -784.19
17 964.0 546.35 -788.53
18 964.0 359.15 -675.57
19 964.0 378.11 -668.65
20 964.0 550.94 -487.82
21 964.0 544.09 -473.96
22 964.0 347.36 -905.81
23 964.0 290.88 -404.35
24 964.0 526.89 -477.47
25 964.0 537.67 -471.73
6 965.0 281.38 -689.60
7 965.0 274.55 -667.58
8 965.0 226.43 -498.73
9 965.0 231.15 -514.37
10 965.0 624.79 -894.33
11 965.0 609.22 -899.10
12 965.0 377.96 -661.26
13 965.0 321.23 -809.39
14 965.0 469.45 -368.41
15 965.0 919.36 -422.57
16 965.0 566.78 -782.56
17 965.0 552.98 -786.60
18 965.0 352.02 -677.75
19 965.0 373.29 -671.24
20 965.0 552.84 -493.63
21 965.0 547.70 -479.91
22 965.0 349.63 -913.22
23 965.0 281.28 -407.26
24 965.0 520.59 -479.40
25 965.0 535.82 -474.75
6 966.0 283.84 -697.59
7 966.0 277.23 -676.09
8 966.0 224.89 -491.96
9 966.0 228.74 -506.44
10 966.0 632.01 -892.09
11 966.0 616.76 -896.79
12 966.0 379.65 -665.82
13 966.0 318.84 -801.47
14 966.0 479.38 -365.48
15 966.0 919.36 -422.57
16 966.0 572.65 -780.84
17 966.0 559.06 -784.82
18 966.0 344.53 -680.04
19 966.0 367.20 -673.11
20 966.0 554.75 -500.09
21 966.0 550.49 -486.53
22 966.0 351.79 -920.29
23 966.0 271.53 -410.22
24 966.0 514.75 -481.18
25 966.0 529.30 -476.74
6 967.0 286.15 -705.10
7 967.0 279.68 -684.09
8 967.0 225.54 -484.39
9 967.0 226.99 -500.63
10 967.0 639.08 -889.91
11 967.0 623.27 -894.79
12 967.0 385.00 -670.10
13 967.0 316.19 -792.78
14 967.0 489.21 -362.57
15 967.0 919.36 -422.57
16 967.0 578.85 -779.02
17 967.0 564.57 -783.21
18 967.0 337.33 -682.24
19 967.0 360.38 -675.19
20 967.0 556.70 -506.68
21 967.0 552.81 -493.56
22 967.0 353.95 -927.32
23 967.0 261.60 -413.23
24 967.0 508.53 -482.94
25 967.0 523.09 -478.63
6 968.0 288.36 -712.36
7 968.0 282.20 -692.25
8 968.0 222.77 -474.78
9 968.0 225.01 -493.30
10 968.0 646.76 -887.54
11 968.0 631.11 -892.37
12 968.0 392.65 -668.86
13 968.0 313.76 -784.83
14 968.0 499.45 -359.55
15 968.0 919.36 -422.57
16 968.0 585.15 -777.11
17 968.0 570.54 -781.46
18 968.0 329.09 -684.74
19 968.0 353.73 -677.23
20 968.0 558.79 -513.72
21 968.0 554.40 -498.89
22 968.0 355.96 -933.89
23 968.0 252.05 -416.12
24 968.0 501.93 -484.68
25 968.0 517.25 -480.42
6 969.0 290.64 -719.85
7 969.0 284.71 -700.42
8 969.0 220.03 -464.96
9 969.0 225.43 -484.02
10 969.0 653.87 -885.34
11 969.0 638.63 -890.05
12 969.0 400.36 -666.53
13 969.0 311.12 -776.23
14 969.0 509.35 -356.90
15 969.0 919.36 -422.57
16 969.0 590.54 -775.48
17 969.0 577.23 -779.50
18 969.0 320.89 -687.22
19 969.0 347.88 -679.02
20 969.0 560.61 -519.87
21 969.0 556.40 -505.65
22 969.0 358.04 -940.69
23 969.0 242.98 -418.88
24 969.0 496.26 -486.15
25 969.0 511.14 -482.20
6 970.0 293.18 -728.17
7 970.0 287.31 -708.91
8 970.0 217.41 -455.78
9 970.0 222.72 -474.61
10 970.0 661.04 -883.13
11 970.0 645.97 -887.78
12 970.0 407.90 -664.25
13 970.0 308.74 -768.31
14 970.0 520.08 -354.53
15 970.0 919.36 -422.57
16 970.0 596.25 -773.71
17 970.0 582.95 -777.78
18 970.0 312.91 -689.64
19 970.0 341.56 -680.95
20 970.0 562.68 -526.87
21 970.0 558.16 -511.61
22 970.0 360.05 -947.23
23 970.0 233.17 -421.85
24 970.0 489.89 -488.27
25 970.0 505.14 -483.85
6 971.0 295.61 -736.16
7 971.0 289.70 -716.77
8 971.0 216.51 -449.32
9 971.0 219.98 -464.78
10 971.0 667.27 -879.54
11 971.0 652.79 -885.68
12 971.0 415.96 -661.81
13 971.0 306.31 -760.32
14 971.0 531.00 -352.10
15 971.0 919.36 -422.57
16 971.0 602.32 -771.80
17 971.0 588.65 -776.05
18 971.0 305.47 -691.90
19 971.0 335.47 -682.80
20 971.0 564.71 -533.54
21 971.0 560.36 -519.04
22 971.0 362.16 -954.13
23 971.0 223.62 -424.75
24 971.0 483.29 -490.48
25 971.0 498.27 -485.63
6 972.0 298.00 -744.01
7 972.0 292.00 -724.30
8 972.0 219.61 -442.87
9 972.0 218.09 -457.99
10 972.0 670.24 -873.25
11 972.0 659.71 -883.54
12 972.0 423.77 -659.44
13 972.0 303.70 -751.77
14 972.0 540.22 -347.53
15 972.0 919.36 -422.57
16 972.0 608.39 -769.92
17 972.0 593.92 -774.45
18 972.0 298.11 -694.13
19 972.0 329.48 -684.62
20 972.0 566.78 -540.18
21 972.0 562.41 -525.98
22 972.0 363.96 -960.01
23 972.0 216.43 -426.95
24 972.0 476.66 -492.51
25 972.0 491.06 -487.88
6 973.0 300.52 -752.28
7 973.0 294.28 -731.79
8 973.0 227.06 -439.52
9 973.0 216.44 -450.88
10 973.0 668.89 -865.26
11 973.0 665.77 -880.75
12 973.0 432.23 -656.89
13 973.0 301.28 -743.82
14 973.0 550.13 -345.52
15 973.0 919.36 -422.57
16 973.0 614.87 -767.97
17 973.0 600.34 -772.42
18 973.0 293.74 -695.46
19 973.0 322.89 -686.62
20 973.0 568.78 -546.57
21 973.0 564.42 -532.62
22 973.0 364.80 -962.76
23 973.0 209.70 -427.40
24 973.0 469.87 -494.56
25 973.0 485.27 -489.82
6 974.0 303.03 -760.55
7 974.0 296.65 -739.57
8 974.0 236.16 -436.31
9 974.0 219.08 -443.21
10 974.0 666.57 -857.33
11 974.0 670.20 -873.65
12 974.0 439.86 -654.58
13 974.0 298.82 -735.73
14 974.0 561.07 -344.06
15 974.0 919.36 -422.57
16 974.0 620.70 -766.22
17 974.0 607.11 -770.31
18 974.0 287.83 -698.82
19 974.0 315.96 -688.72
20 974.0 570.83 -553.16
21 974.0 566.38 -538.90
22 974.0 366.29 -964.62
23 974.0 203.52 -423.46
24 974.0 464.15 -496.29
25 974.0 477.79 -492.16
6 975.0 305.44 -768.45
7 975.0 299.00 -747.31
8 975.0 245.26 -433.67
9 975.0 226.76 -439.63
10 975.0 664.37 -849.83
11 975.0 668.96 -865.48
12 975.0 447.38 -652.30
13 975.0 296.13 -726.87
14 975.0 571.33 -343.66
15 975.0 919.36 -422.57
16 975.0 626.61 -764.44
17 975.0 612.47 -768.70
18 975.0 286.56 -706.18
19 975.0 309.76 -690.60
20 975.0 572.73 -559.23
21 975.0 568.23 -544.83
22 975.0 367.86 -963.66
23 975.0 199.93 -415.99
24 975.0 457.53 -498.30
25 975.0 472.94 -493.63
6 976.0 307.61 -775.66
7 976.0 301.54 -755.66
8 976.0 254.77 -430.91
9 976.0 235.84 -436.40
10 976.0 662.18 -842.36
11 976.0 666.86 -858.32
12 976.0 455.73 -649.79
13 976.0 293.43 -718.01
14 976.0 582.24 -345.09
15 976.0 919.36 -422.57
16 976.0 631.50 -763.38
17 976.0 618.70 -766.82
18 976.0 288.77 -713.70
19 976.0 303.55 -692.48
20 976.0 574.69 -565.49
21 976.0 570.25 -551.30
22 976.0 367.69 -961.26
23 976.0 197.13 -409.38
24 976.0 451.12 -500.24
25 976.0 465.77 -495.80
6 977.0 310.02 -783.56
7 977.0 304.10 -764.06
8 977.0 263.85 -428.28
9 977.0 245.32 -433.65
10 977.0 659.92 -834.86
11 977.0 664.58 -850.53
12 977.0 463.47 -647.45
13 977.0 290.76 -709.25
14 977.0 593.08 -347.41
15 977.0 919.36 -422.57
16 977.0 635.50 -765.79
17 977.0 623.27 -765.45
18 977.0 290.99 -721.00
19 977.0 297.14 -694.43
20 977.0 576.75 -572.09
21 977.0 572.26 -557.72
22 977.0 366.20 -956.39
23 977.0 194.66 -403.23
24 977.0 444.73 -502.17
25 977.0 460.01 -497.55
6 978.0 312.33 -791.09
7 978.0 306.46 -771.83
8 978.0 272.86 -425.69
9 978.0 254.63 -430.95
10 978.0 657.74 -827.60
11 978.0 662.34 -842.87
12 978.0 471.03 -645.16
13 978.0 288.21 -700.93
14 978.0 603.58 -349.75
15 978.0 919.36 -422.57
16 978.0 636.99 -769.77
17 978.0 627.46 -764.18
18 978.0 293.30 -728.56
19 978.0 293.06 -695.67
20 978.0 578.91 -579.01
21 978.0 574.40 -564.57
22 978.0 364.02 -949.29
23 978.0 191.80 -396.09
24 978.0 439.03 -503.89
25 978.0 452.83 -499.72
6 979.0 314.83 -799.28
7 979.0 308.93 -779.98
8 979.0 282.19 -423.01
9 979.0 263.61 -428.35
10 979.0 655.38 -819.79
11 979.0 660.27 -836.02
12 979.0 478.94 -642.77
13 979.0 285.59 -692.40
14 979.0 613.61 -352.00
15 979.0 919.36 -422.57
16 979.0 638.65 -775.42
17 979.0 632.03 -763.43
18 979.0 295.71 -736.49
19 979.0 291.84 -696.18
20 979.0 580.73 -584.82
21 979.0 576.52 -571.34
22 979.0 361.85 -942.18
23 979.0 189.78 -391.68
24 979.0 432.76 -505.78
25 979.0 447.79 -501.24
6 980.0 317.04 -806.57
7 980.0 311.48 -788.32
8 980.0 291.82 -420.24
9 980.0 273.03 -425.64
10 980.0 653.13 -812.31
11 980.0 658.13 -828.89
12 980.0 486.43 -640.50
13 980.0 282.94 -683.80
14 980.0 624.19 -354.40
15 980.0 919.36 -422.57
16 980.0 640.62 -782.02
17 980.0 636.19 -767.26
18 980.0 298.14 -744.47
19 980.0 289.02 -697.55
20 980.0 582.72 -591.19
21 980.0 578.13 -576.51
22 980.0 359.57 -934.76
23 980.0 187.39 -390.14
24 980.0 426.60 -507.63
25 980.0 441.72 -503.08
6 981.0 319.26 -814.19
7 981.0 314.10 -796.89
8 981.0 301.32 -417.60
9 981.0 282.16 -423.01
10 981.0 650.85 -804.77
11 981.0 655.89 -821.47
12 981.0 494.64 -638.02
13 981.0 280.51 -675.86
14 981.0 634.15 -356.73
15 981.0 919.36 -422.57
16 981.0 642.44 -788.03
17 981.0 637.85 -772.67
18 981.0 300.33 -751.66
19 981.0 286.27 -702.17
20 981.0 584.84 -597.95
21 981.0 579.95 -582.31
22 981.0 357.39 -927.62
23 981.0 183.66 -393.83
24 981.0 420.44 -509.49
25 981.0 435.04 -505.09
6 982.0 321.79 -822.63
7 982.0 316.50 -804.78
8 982.0 311.24 -414.81
9 982.0 291.35 -420.37
10 982.0 648.75 -797.84
11 982.0 653.54 -813.67
12 982.0 502.34 -635.69
13 982.0 277.92 -667.63
14 982.0 644.91 -359.24
15 982.0 919.36 -422.57
16 982.0 644.16 -793.71
17 982.0 639.64 -778.76
18 982.0 302.68 -759.40
19 982.0 287.20 -708.55
20 982.0 586.80 -604.23
21 982.0 582.21 -589.54
22 982.0 355.39 -921.09
23 982.0 185.66 -397.98
24 982.0 413.90 -511.44
25 982.0 428.40 -507.09
6 983.0 324.07 -829.84
7 983.0 319.02 -813.36
8 983.0 320.65 -412.09
9 983.0 301.88 -417.44
10 983.0 646.39 -790.04
11 983.0 651.22 -806.01
12 983.0 510.81 -633.13
13 983.0 275.30 -659.19
14 983.0 655.50 -361.71
15 983.0 919.36 -422.57
16 983.0 646.07 -800.02
17 983.0 641.60 -785.26
18 983.0 304.88 -766.63
19 983.0 289.00 -714.47
20 983.0 588.66 -610.20
21 983.0 584.28 -596.16
22 983.0 353.32 -914.34
23 983.0 187.97 -403.74
24 983.0 407.46 -513.37
25 983.0 422.60 -508.84
6 984.0 326.44 -837.43
7 984.0 321.14 -820.56
8 984.0 329.58 -409.50
9 984.0 312.00 -414.60
10 984.0 644.08 -782.41
11 984.0 648.78 -797.92
12 984.0 518.56 -630.79
13 984.0 272.78 -651.08
14 984.0 666.75 -361.05
15 984.0 919.36 -422.57
16 984.0 647.96 -806.26
17 984.0 643.42 -791.24
18 984.0 307.30 -774.64
19 984.0 291.11 -721.40
20 984.0 590.84 -617.22
21 984.0 586.21 -602.34
22 984.0 351.36 -907.94
23 984.0 190.67 -410.47
24 984.0 401.37 -515.20
25 984.0 416.47 -510.67
6 985.0 328.98 -845.77
7 985.0 323.59 -828.33
8 985.0 338.57 -406.89
9 985.0 321.26 -411.92
10 985.0 641.69 -774.46
11 985.0 646.70 -791.08
12 985.0 526.73 -628.31
13 985.0 270.12 -642.53
14 985.0 676.70 -363.42
15 985.0 919.36 -422.57
16 985.0 649.95 -812.85
17 985.0 645.53 -798.22
18 985.0 309.48 -781.80
19 985.0 292.94 -727.41
20 985.0 592.91 -623.90
21 985.0 588.18 -608.68
22 985.0 349.39 -901.51
23 985.0 193.64 -417.61
24 985.0 395.33 -517.01
25 985.0 410.30 -512.52
6 986.0 331.20 -853.04
7 986.0 326.22 -836.69
8 986.0 347.67 -404.24
9 986.0 330.30 -409.29
10 986.0 639.58 -767.31
11 986.0 644.48 -783.73
12 986.0 534.30 -626.02
13 986.0 267.67 -634.56
14 986.0 687.01 -365.88
15 986.0 919.36 -422.57
16 986.0 651.69 -818.62
17 986.0 647.59 -805.02
18 986.0 311.93 -789.78
19 986.0 294.78 -733.44
20 986.0 594.80 -629.99
21 986.0 590.39 -615.76
22 986.0 347.22 -894.43
23 986.0 195.63 -422.09
24 986.0 388.91 -518.94
25 986.0 404.58 -514.24
6 987.0 333.71 -861.24
7 987.0 328.69 -844.82
8 987.0 357.22 -401.47
9 987.0 338.52 -406.90
10 987.0 637.29 -759.64
11 987.0 642.23 -776.30
12 987.0 542.57 -623.52
13 987.0 265.12 -626.26
14 987.0 697.65 -368.42
15 987.0 919.36 -422.57
16 987.0 653.43 -824.38
17 987.0 649.37 -810.91
18 987.0 314.18 -797.17
19 987.0 296.87 -740.32
20 987.0 596.96 -636.95
21 987.0 592.16 -621.48
22 987.0 345.19 -887.82
23 987.0 197.91 -428.10
24 987.0 382.36 -520.90
25 987.0 397.33 -516.41
6 988.0 336.08 -868.98
7 988.0 331.32 -853.44
8 988.0 367.19 -398.57
9 988.0 348.32 -404.05
10 988.0 635.21 -752.63
11 988.0 639.91 -768.40
12 988.0 551.19 -620.91
13 988.0 262.47 -617.53
14 988.0 708.30 -370.96
15 988.0 919.36 -422.57
16 988.0 655.23 -830.35
17 988.0 651.10 -816.66
18 988.0 316.70 -805.45
19 988.0 298.86 -746.85
20 988.0 599.05 -643.71
21 988.0 594.29 -628.34
22 988.0 343.02 -880.74
23 988.0 200.98 -436.38
24 988.0 376.52 -522.68
25 988.0 390.54 -518.45
6 989.0 338.31 -876.25
7 989.0 333.67 -861.09
8 989.0 377.11 -395.69
9 989.0 358.17 -401.19
10 989.0 632.84 -744.74
11 989.0 637.82 -761.40
12 989.0 558.88 -618.59
13 989.0 259.83 -608.85
14 989.0 718.43 -373.37
15 989.0 919.36 -422.57
16 989.0 657.03 -836.33
17 989.0 652.88 -822.58
18 989.0 319.05 -813.44
19 989.0 300.97 -753.79
20 989.0 601.15 -650.47
21 989.0 596.51 -635.50
22 989.0 341.02 -874.21
23 989.0 203.55 -442.86
24 989.0 370.22 -524.62
25 989.0 384.60 -520.23
6 990.0 340.57 -883.64
7 990.0 335.86 -868.25
8 990.0 386.39 -394.26
9 990.0 367.59 -398.46
10 990.0 630.63 -737.49
11 990.0 635.47 -753.50
12 990.0 566.41 -616.31
13 990.0 257.14 -600.00
14 990.0 728.54 -375.79
15 990.0 919.36 -422.57
16 990.0 658.83 -842.32
17 990.0 654.77 -828.83
18 990.0 321.51 -821.73
19 990.0 302.88 -760.05
20 990.0 603.03 -656.53
21 990.0 598.52 -641.98
22 990.0 339.08 -867.86
23 990.0 207.63 -450.62
24 990.0 363.80 -526.62
25 990.0 378.89 -521.95
6 991.0 343.15 -892.06
7 991.0 337.99 -875.21
8 991.0 396.05 -391.67
9 991.0 377.27 -395.65
10 991.0 628.42 -730.20
11 991.0 633.27 -746.16
12 991.0 574.23 -613.95
13 991.0 254.73 -592.07
14 991.0 738.70 -378.91
15 991.0 919.36 -422.57
16 991.0 660.65 -848.47
17 991.0 656.42 -834.32
18 991.0 323.87 -829.20
19 991.0 304.67 -765.93
20 991.0 604.96 -663.02
21 991.0 600.23 -647.52
22 991.0 336.81 -860.45
23 991.0 211.26 -457.54
24 991.0 357.94 -528.50
25 991.0 372.29 -523.98
6 992.0 345.57 -899.96
7 992.0 340.51 -883.45
8 992.0 405.92 -388.63
9 992.0 387.39 -394.14
10 992.0 626.12 -722.61
11 992.0 631.07 -738.92
12 992.0 579.70 -612.29
13 992.0 252.18 -583.68
14 992.0 748.96 -382.10
15 992.0 919.36 -422.57
16 992.0 662.44 -854.61
17 992.0 658.31 -840.59
18 992.0 326.20 -836.64
19 992.0 306.76 -772.85
20 992.0 606.75 -669.04
21 992.0 602.44 -654.64
22 992.0 335.65 -854.88
23 992.0 213.84 -466.53
24 992.0 351.96 -530.42
25 992.0 365.83 -525.97
6 993.0 347.86 -907.44
7 993.0 343.13 -891.99
8 993.0 415.38 -388.70
9 993.0 396.96 -391.39
10 993.0 623.79 -714.86
11 993.0 628.73 -731.22
12 993.0 583.14 -611.19
13 993.0 249.49 -574.84
14 993.0 760.03 -384.51
15 993.0 919.36 -422.57
16 993.0 664.08 -860.21
17 993.0 660.18 -846.88
18 993.0 328.73 -844.94
19 993.0 308.71 -779.27
20 993.0 608.49 -674.91
21 993.0 604.40 -661.11
22 993.0 338.65 -851.17
23 993.0 216.33 -475.55
24 993.0 345.68 -532.28
25 993.0 359.49 -528.00
6 994.0 350.20 -915.08
7 994.0 345.16 -898.64
8 994.0 424.35 -385.80
9 994.0 405.96 -388.62
10 994.0 621.57 -707.48
11 994.0 626.38 -723.48
12 994.0 583.41 -608.59
13 994.0 247.87 -568.85
14 994.0 769.99 -386.68
15 994.0 919.36 -422.57
16 994.0 665.81 -866.13
17 994.0 661.78 -852.33
18 994.0 331.01 -852.41
19 994.0 310.73 -785.88
20 994.0 610.45 -681.52
21 994.0 606.21 -667.23
22 994.0 343.42 -849.57
23 994.0 218.87 -484.35
24 994.0 339.96 -533.94
25 994.0 353.12 -530.05
6 995.0 352.75 -923.42
7 995.0 347.44 -906.06
8 995.0 433.46 -382.59
9 995.0 416.02 -388.61
10 995.0 619.29 -699.92
11 995.0 624.13 -715.98
12 995.0 580.21 -608.80
13 995.0 251.07 -563.62
14 995.0 780.52 -388.98
15 995.0 919.36 -422.57
16 995.0 667.10 -871.86
17 995.0 663.38 -857.83
18 995.0 333.45 -860.39
19 995.0 312.73 -792.39
20 995.0 612.26 -687.63
21 995.0 608.17 -673.83
22 995.0 350.51 -847.44
23 995.0 221.07 -491.92
24 995.0 333.63 -535.79
25 995.0 348.98 -531.32
6 996.0 355.32 -931.80
7 996.0 349.96 -914.29
8 996.0 442.39 -379.75
9 996.0 425.03 -385.56
10 996.0 617.16 -692.86
11 996.0 621.68 -707.85
12 996.0 574.97 -610.38
13 996.0 257.12 -561.72
14 996.0 791.44 -391.37
15 996.0 919.36 -422.57
16 996.0 664.46 -877.73
17 996.0 665.02 -863.42
18 996.0 335.77 -867.97
19 996.0 314.77 -799.11
20 996.0 614.08 -693.70
21 996.0 609.85 -679.49
22 996.0 357.11 -845.46
23 996.0 222.95 -498.24
24 996.0 326.99 -537.79
25 996.0 342.60 -533.17
6 997.0 357.80 -939.91
7 997.0 352.51 -922.61
8 997.0 452.18 -376.85
9 997.0 433.27 -382.65
10 997.0 614.76 -684.80
11 997.0 619.75 -701.45
12 997.0 567.36 -612.69
13 997.0 265.36 -559.29
14 997.0 802.54 -393.91
15 997.0 919.36 -422.57
16 997.0 658.97 -880.41
17 997.0 666.68 -869.26
18 997.0 338.28 -876.16
19 997.0 316.81 -805.81
20 997.0 616.09 -700.38
21 997.0 611.48 -684.99
22 997.0 363.99 -843.40
23 997.0 224.82 -504.51
24 997.0 321.16 -539.49
25 997.0 335.28 -535.30
6 998.0 360.17 -947.63
7 998.0 354.96 -930.63
8 998.0 461.52 -374.09
9 998.0 442.85 -379.61
10 998.0 612.38 -676.79
11 998.0 617.52 -694.04
12 998.0 559.78 -614.98
13 998.0 273.55 -556.88
14 998.0 813.38 -396.39
15 998.0 919.36 -422.57
16 998.0 653.30 -882.16
17 998.0 666.42 -875.54
18 998.0 340.45 -883.26
19 998.0 318.55 -811.68
20 998.0 618.15 -707.20
21 998.0 613.40 -691.43
22 998.0 370.75 -841.37
23 998.0 226.99 -511.67
24 998.0 314.48 -541.42
25 998.0 329.00 -537.20
6 999.0 362.50 -955.25
7 999.0 357.34 -938.39
8 999.0 470.91 -371.32
9 999.0 451.97 -376.91
10 999.0 610.01 -668.81
11 999.0 615.35 -686.79
12 999.0 551.97 -617.34
13 999.0 281.50 -554.54
14 999.0 823.93 -398.65
15 999.0 919.36 -422.57
16 999.0 647.41 -883.98
17 999.0 661.28 -879.52
18 999.0 342.66 -890.46
19 999.0 320.32 -817.93
20 999.0 620.25 -714.20
21 999.0 615.46 -698.29
22 999.0 377.53 -839.35
23 999.0 228.99 -518.27
24 999.0 308.26 -543.29
25 999.0 322.12 -539.21
6 1000.0 364.77 -962.65
7 1000.0 359.91 -946.80
8 1000.0 479.85 -368.68
9 1000.0 461.41 -374.13
10 1000.0 607.65 -660.85
11 1000.0 613.04 -679.01
12 1000.0 543.79 -619.81
13 1000.0 290.13 -551.99
14 1000.0 834.21 -401.98
15 1000.0 919.36 -422.57
16 1000.0 641.69 -885.75
17 1000.0 655.61 -881.45
18 1000.0 345.12 -898.48
19 1000.0 322.18 -823.86
20 1000.0 622.02 -720.06
21 1000.0 617.56 -705.25
22 1000.0 384.79 -837.17
23 1000.0 230.91 -524.61
24 1000.0 302.64 -544.97
25 1000.0 316.19 -540.93
6 1001.0 368.52 -968.87
7 1001.0 362.25 -954.43
8 1001.0 489.39 -365.86
9 1001.0 469.97 -371.60
10 1001.0 605.52 -653.78
11 1001.0 610.57 -670.69
12 1001.0 536.33 -622.07
13 1001.0 298.19 -549.62
14 1001.0 845.17 -404.54
15 1001.0 919.36 -422.57
16 1001.0 635.62 -887.63
17 1001.0 649.95 -883.20
18 1001.0 347.51 -906.30
19 1001.0 324.17 -830.14
20 1001.0 623.99 -726.60
21 1001.0 619.33 -711.14
22 1001.0 391.19 -835.25
23 1001.0 232.86 -531.04
24 1001.0 296.42 -546.80
25 1001.0 310.31 -542.67
6 1002.0 375.88 -969.65
7 1002.0 364.21 -960.83
8 1002.0 498.15 -363.27
9 1002.0 479.94 -368.65
10 1002.0 603.06 -645.81
11 1002.0 608.09 -662.34
12 1002.0 527.85 -624.64
13 1002.0 306.69 -547.10
14 1002.0 855.99 -406.98
15 1002.0 919.36 -422.57
16 1002.0 629.31 -889.58
17 1002.0 644.24 -884.96
18 1002.0 349.78 -913.70
19 1002.0 326.12 -836.36
20 1002.0 625.84 -732.71
21 1002.0 621.34 -717.80
22 1002.0 397.80 -833.27
23 1002.0 234.75 -537.28
24 1002.0 289.94 -548.71
25 1002.0 303.96 -544.58
6 1003.0 384.03 -967.25
7 1003.0 367.44 -967.89
8 1003.0 506.96 -360.81
9 1003.0 489.04 -365.96
10 1003.0 600.79 -638.50
11 1003.0 605.67 -654.27
12 1003.0 519.68 -627.11
13 1003.0 315.62 -544.42
14 1003.0 867.07 -409.60
15 1003.0 919.36 -422.57
16 1003.0 623.76 -891.29
17 1003.0 638.12 -886.85
18 1003.0 352.13 -921.37
19 1003.0 327.90 -842.23
20 1003.0 627.62 -738.58
21 1003.0 623.15 -723.82
22 1003.0 405.13 -831.08
23 1003.0 236.81 -544.08
24 1003.0 282.88 -549.28
25 1003.0 298.34 -546.24
6 1004.0 392.45 -964.75
7 1004.0 374.77 -969.81
8 1004.0 511.90 -359.66
9 1004.0 498.26 -363.24
10 1004.0 598.60 -631.45
11 1004.0 603.46 -647.10
12 1004.0 511.94 -629.45
13 1004.0 323.86 -542.05
14 1004.0 877.27 -411.96
15 1004.0 919.09 -422.46
16 1004.0 617.29 -893.28
17 1004.0 632.19 -888.69
18 1004.0 354.31 -928.51
19 1004.0 329.87 -848.69
20 1004.0 629.40 -744.43
21 1004.0 624.96 -729.82
22 1004.0 411.40 -829.19
23 1004.0 238.91 -550.98
24 1004.0 275.88 -549.52
25 1004.0 291.52 -548.25
6 1005.0 400.31 -962.42
7 1005.0 382.11 -967.82
8 1005.0 516.27 -360.92
9 1005.0 503.19 -361.79
10 1005.0 596.46 -624.55
11 1005.0 601.41 -640.50
12 1005.0 503.97 -631.86
13 1005.0 331.75 -539.70
14 1005.0 888.36 -414.53
15 1005.0 921.60 -423.49
16 1005.0 611.61 -895.02
17 1005.0 625.15 -890.86
18 1005.0 356.81 -936.67
19 1005.0 331.70 -854.67
20 1005.0 631.51 -751.37
21 1005.0 626.73 -735.63
22 1005.0 418.34 -827.11
23 1005.0 241.06 -558.08
24 1005.0 269.08 -551.53
25 1005.0 284.89 -549.77
6 1006.0 408.14 -960.10
7 1006.0 389.96 -965.50
8 1006.0 520.05 -363.38
9 1006.0 507.74 -360.61
10 1006.0 594.09 -616.92
11 1006.0 599.32 -633.75
12 1006.0 495.86 -634.31
13 1006.0 337.87 -538.19
14 1006.0 898.95 -416.98
15 1006.0 925.55 -425.10
16 1006.0 605.24 -896.97
17 1006.0 620.35 -892.34
18 1006.0 359.21 -944.51
19 1006.0 333.77 -861.43
20 1006.0 632.44 -756.50
21 1006.0 628.72 -742.18
22 1006.0 424.99 -824.64
23 1006.0 243.19 -565.10
24 1006.0 262.34 -553.52
25 1006.0 277.94 -548.91
6 1007.0 416.35 -957.66
7 1007.0 397.63 -963.22
8 1007.0 520.39 -369.64
9 1007.0 512.59 -359.57
10 1007.0 591.94 -610.00
11 1007.0 596.86 -625.83
12 1007.0 487.42 -636.86
13 1007.0 342.43 -542.04
14 1007.0 909.79 -419.56
15 1007.0 931.39 -428.10
16 1007.0 598.96 -898.90
17 1007.0 613.74 -894.37
18 1007.0 361.59 -952.28
19 1007.0 335.89 -868.35
20 1007.0 629.07 -760.29
21 1007.0 630.43 -747.81
22 1007.0 428.45 -818.48
23 1007.0 245.12 -571.46
24 1007.0 255.58 -555.51
25 1007.0 270.66 -551.06
6 1008.0 424.64 -955.20
7 1008.0 405.51 -960.88
8 1008.0 520.76 -376.42
9 1008.0 516.54 -361.57
10 1008.0 589.54 -602.28
11 1008.0 594.60 -618.55
12 1008.0 479.44 -639.28
13 1008.0 344.18 -548.03
14 1008.0 920.44 -423.06
15 1008.0 938.15 -433.62
16 1008.0 592.80 -900.79
17 1008.0 607.61 -896.25
18 1008.0 363.97 -960.07
19 1008.0 337.82 -874.66
20 1008.0 624.21 -761.82
21 1008.0 631.86 -752.58
22 1008.0 427.02 -811.96
23 1008.0 247.01 -577.68
24 1008.0 251.33 -556.76
25 1008.0 263.83 -553.08
6 1009.0 432.06 -953.00
7 1009.0 413.83 -958.41
8 1009.0 521.15 -383.67
9 1009.0 520.17 -365.66
10 1009.0 587.07 -594.33
11 1009.0 592.06 -610.37
12 1009.0 470.86 -641.87
13 1009.0 346.42 -555.94
14 1009.0 924.07 -424.50
15 1009.0 944.76 -440.16
16 1009.0 587.08 -902.54
17 1009.0 601.08 -898.25
18 1009.0 366.82 -967.32
19 1009.0 339.93 -881.54
20 1009.0 618.12 -763.66
21 1009.0 631.96 -758.18
22 1009.0 425.16 -805.70
23 1009.0 249.19 -584.85
24 1009.0 247.00 -557.36
25 1009.0 259.99 -554.21
6 1010.0 439.99 -950.65
7 1010.0 422.06 -955.97
8 1010.0 521.54 -390.68
9 1010.0 520.58 -373.07
10 1010.0 584.60 -586.44
11 1010.0 589.49 -602.09
12 1010.0 462.82 -644.30
13 1010.0 348.72 -564.05
14 1010.0 932.86 -429.12
15 1010.0 951.78 -447.29
16 1010.0 580.50 -904.56
17 1010.0 595.23 -900.04
18 1010.0 373.34 -970.02
19 1010.0 342.06 -888.50
20 1010.0 611.86 -765.54
21 1010.0 627.52 -760.83
22 1010.0 423.06 -798.63
23 1010.0 251.25 -591.64
24 1010.0 243.67 -554.86
25 1010.0 255.36 -555.58
6 1011.0 447.87 -948.30
7 1011.0 430.61 -953.43
8 1011.0 521.96 -397.62
9 1011.0 521.01 -380.97
10 1011.0 582.24 -578.89
11 1011.0 587.10 -594.45
12 1011.0 454.49 -646.81
13 1011.0 351.27 -572.39
14 1011.0 940.85 -436.24
15 1011.0 957.14 -452.73
16 1011.0 575.06 -906.23
17 1011.0 588.48 -902.11
18 1011.0 381.06 -968.14
19 1011.0 344.19 -895.46
20 1011.0 604.96 -767.62
21 1011.0 620.86 -762.83
22 1011.0 421.11 -792.07
23 1011.0 253.31 -598.44
24 1011.0 241.84 -549.64
25 1011.0 251.48 -556.71
6 1012.0 455.17 -946.13
7 1012.0 438.84 -950.99
8 1012.0 523.68 -403.96
9 1012.0 521.41 -388.42
10 1012.0 579.78 -571.03
11 1012.0 584.73 -586.85
12 1012.0 446.89 -649.11
13 1012.0 353.96 -581.06
14 1012.0 947.59 -443.06
15 1012.0 962.17 -457.84
16 1012.0 568.52 -908.23
17 1012.0 583.79 -903.55
18 1012.0 389.39 -965.66
19 1012.0 346.21 -902.04
20 1012.0 598.13 -769.77
21 1012.0 613.94 -764.91
22 1012.0 419.17 -785.51
23 1012.0 255.39 -605.28
24 1012.0 239.93 -543.33
25 1012.0 245.93 -557.09
6 1013.0 462.51 -943.03
7 1013.0 445.86 -948.90
8 1013.0 525.95 -410.86
9 1013.0 521.79 -395.31
10 1013.0 577.36 -563.29
11 1013.0 582.43 -579.51
12 1013.0 438.37 -651.69
13 1013.0 356.46 -589.12
14 1013.0 953.57 -449.10
15 1013.0 967.60 -463.35
16 1013.0 562.98 -909.94
17 1013.0 576.90 -905.66
18 1013.0 397.08 -963.38
19 1013.0 348.09 -908.20
20 1013.0 591.13 -771.96
21 1013.0 606.94 -767.02
22 1013.0 417.09 -778.53
23 1013.0 257.43 -611.99
24 1013.0 238.03 -537.07
25 1013.0 242.65 -552.31
6 1014.0 464.64 -935.47
7 1014.0 453.74 -946.56
8 1014.0 528.16 -417.30
9 1014.0 523.19 -402.49
10 1014.0 575.07 -555.96
11 1014.0 579.98 -571.66
12 1014.0 430.82 -653.97
13 1014.0 359.08 -597.74
14 1014.0 959.20 -454.82
15 1014.0 972.88 -468.57
16 1014.0 557.28 -911.70
17 1014.0 571.11 -907.44
18 1014.0 405.21 -960.97
19 1014.0 350.11 -914.77
20 1014.0 584.28 -774.04
21 1014.0 599.62 -769.29
22 1014.0 415.05 -771.64
23 1014.0 259.35 -618.32
24 1014.0 236.08 -530.62
25 1014.0 240.76 -546.09
6 1015.0 462.66 -928.42
7 1015.0 457.94 -945.31
8 1015.0 530.39 -423.83
9 1015.0 525.51 -409.51
10 1015.0 572.79 -548.66
11 1015.0 577.83 -564.79
12 1015.0 422.21 -656.58
13 1015.0 361.73 -606.57
14 1015.0 964.84 -460.55
15 1015.0 978.08 -473.65
16 1015.0 551.10 -913.62
17 1015.0 565.95 -909.02
18 1015.0 413.51 -958.50
19 1015.0 352.09 -921.27
20 1015.0 578.31 -775.85
21 1015.0 592.82 -771.44
22 1015.0 413.02 -764.80
23 1015.0 261.31 -624.74
24 1015.0 234.03 -523.86
25 1015.0 238.84 -539.72
6 1016.0 460.07 -920.28
7 1016.0 463.58 -941.84
8 1016.0 530.58 -431.47
9 1016.0 527.57 -415.59
10 1016.0 570.29 -540.66
11 1016.0 575.55 -557.48
12 1016.0 414.30 -658.97
13 1016.0 364.38 -615.49
14 1016.0 970.64 -466.38
15 1016.0 983.40 -478.84
16 1016.0 544.71 -915.52
17 1016.0 559.77 -910.93
18 1016.0 420.66 -956.38
19 1016.0 354.02 -927.55
20 1016.0 571.89 -777.72
21 1016.0 586.98 -773.22
22 1016.0 410.92 -757.73
23 1016.0 263.52 -631.96
24 1016.0 232.23 -517.93
25 1016.0 236.53 -532.12
6 1017.0 457.61 -912.46
7 1017.0 464.35 -933.81
8 1017.0 531.84 -438.73
9 1017.0 529.97 -422.60
10 1017.0 568.00 -533.36
11 1017.0 573.08 -549.59
12 1017.0 406.56 -661.31
13 1017.0 366.82 -623.71
14 1017.0 976.42 -472.03
15 1017.0 988.59 -483.91
16 1017.0 538.20 -917.45
17 1017.0 553.41 -912.90
18 1017.0 428.01 -954.20
19 1017.0 356.00 -934.02
20 1017.0 565.84 -779.49
21 1017.0 580.51 -775.18
22 1017.0 408.96 -751.12
23 1017.0 265.64 -638.86
24 1017.0 230.18 -511.19
25 1017.0 234.91 -526.78
6 1018.0 455.11 -904.07
7 1018.0 461.76 -925.59
8 1018.0 533.78 -445.05
9 1018.0 530.99 -430.24
10 1018.0 565.62 -525.51
11 1018.0 570.52 -541.41
12 1018.0 398.18 -663.85
13 1018.0 369.20 -631.72
14 1018.0 981.88 -477.36
15 1018.0 995.60 -488.12
16 1018.0 532.56 -919.15
17 1018.0 547.16 -914.79
18 1018.0 435.43 -952.00
19 1018.0 357.81 -939.94
20 1018.0 559.38 -781.39
21 1018.0 574.95 -776.82
22 1018.0 406.92 -744.36
23 1018.0 267.81 -645.86
24 1018.0 228.14 -504.47
25 1018.0 232.80 -519.81
6 1019.0 452.81 -896.27
7 1019.0 459.33 -917.96
8 1019.0 535.90 -451.93
9 1019.0 531.18 -436.60
10 1019.0 563.40 -518.02
11 1019.0 568.31 -534.34
12 1019.0 389.84 -666.38
13 1019.0 371.65 -639.99
14 1019.0 987.25 -482.61
15 1019.0 999.61 -494.92
16 1019.0 526.55 -920.97
17 1019.0 540.74 -916.69
18 1019.0 442.69 -949.84
19 1019.0 359.74 -946.22
20 1019.0 552.87 -783.30
21 1019.0 568.26 -778.78
22 1019.0 404.85 -737.63
23 1019.0 270.09 -653.22
24 1019.0 226.11 -497.68
25 1019.0 230.54 -512.36
6 1020.0 450.56 -888.86
7 1020.0 457.01 -910.44
8 1020.0 537.97 -458.57
9 1020.0 533.15 -443.00
10 1020.0 561.11 -510.28
11 1020.0 565.84 -526.27
12 1020.0 385.96 -668.01
13 1020.0 374.07 -648.13
14 1020.0 993.75 -487.31
15 1020.0 1005.95 -499.55
16 1020.0 521.15 -922.62
17 1020.0 534.42 -918.58
18 1020.0 450.56 -947.50
19 1020.0 361.62 -952.38
20 1020.0 546.98 -785.02
21 1020.0 561.94 -780.64
22 1020.0 402.77 -730.85
23 1020.0 272.05 -659.53
24 1020.0 224.90 -492.08
25 1020.0 228.69 -506.28
6 1021.0 448.06 -880.68
7 1021.0 454.51 -902.03
8 1021.0 539.23 -462.60
9 1021.0 535.28 -449.92
10 1021.0 558.84 -502.62
11 1021.0 563.45 -518.20
12 1021.0 382.53 -673.34
13 1021.0 376.65 -656.84
14 1021.0 998.89 -494.39
15 1021.0 1011.40 -505.32
16 1021.0 514.74 -924.57
17 1021.0 529.36 -920.12
18 1021.0 458.43 -945.16
19 1021.0 363.54 -958.66
20 1021.0 540.39 -786.96
21 1021.0 556.29 -782.29
22 1021.0 400.64 -723.93
23 1021.0 274.15 -666.31
24 1021.0 225.59 -484.57
25 1021.0 226.86 -500.20
6 1022.0 445.71 -872.94
7 1022.0 451.93 -893.33
8 1022.0 539.40 -463.16
9 1022.0 536.48 -453.82
10 1022.0 556.61 -495.08
11 1022.0 561.27 -510.81
12 1022.0 384.25 -681.40
13 1022.0 377.96 -661.24
14 1022.0 1005.69 -499.36
15 1022.0 1013.92 -514.56
16 1022.0 508.65 -926.43
17 1022.0 523.54 -921.89
18 1022.0 466.20 -942.86
19 1022.0 365.64 -964.91
20 1022.0 533.43 -789.06
21 1022.0 549.42 -784.31
22 1022.0 398.45 -716.77
23 1022.0 276.35 -673.21
24 1022.0 223.09 -475.91
25 1022.0 224.94 -492.60
6 1023.0 443.15 -864.52
7 1023.0 449.51 -885.43
8 1023.0 539.43 -463.25
9 1023.0 536.89 -455.13
10 1023.0 554.71 -489.08
11 1023.0 559.20 -503.81
12 1023.0 386.77 -689.63
13 1023.0 378.24 -662.18
14 1023.0 1011.13 -504.28
15 1023.0 1017.36 -525.85
16 1023.0 502.60 -928.30
17 1023.0 516.80 -923.94
18 1023.0 473.38 -940.71
19 1023.0 369.26 -969.43
20 1023.0 527.41 -790.87
21 1023.0 542.11 -786.45
22 1023.0 396.36 -709.97
23 1023.0 278.28 -679.53
24 1023.0 220.64 -467.16
25 1023.0 225.61 -484.63
6 1024.0 440.82 -856.98
7 1024.0 447.06 -877.38
8 1024.0 539.44 -463.29
9 1024.0 537.05 -455.63
10 1024.0 553.32 -484.92
11 1024.0 556.90 -496.04
12 1024.0 389.14 -697.33
13 1024.0 378.41 -662.76
14 1024.0 1013.75 -513.93
15 1024.0 1021.97 -538.01
16 1024.0 496.29 -930.26
17 1024.0 511.38 -925.59
18 1024.0 481.30 -938.25
19 1024.0 375.98 -969.63
20 1024.0 520.88 -792.84
21 1024.0 536.45 -788.15
22 1024.0 394.40 -703.59
23 1024.0 280.48 -686.70
24 1024.0 218.31 -458.70
25 1024.0 223.24 -476.41
6 1025.0 438.52 -849.54
7 1025.0 444.49 -868.90
8 1025.0 539.44 -463.31
9 1025.0 537.16 -455.98
10 1025.0 552.68 -483.11
11 1025.0 556.01 -493.04
12 1025.0 391.50 -705.03
13 1025.0 378.41 -662.77
14 1025.0 1017.11 -525.31
15 1025.0 1024.43 -550.70
16 1025.0 490.05 -932.19
17 1025.0 505.20 -927.50
18 1025.0 489.39 -935.75
19 1025.0 382.03 -967.85
20 1025.0 514.54 -794.76
21 1025.0 529.45 -790.26
22 1025.0 392.36 -696.95
23 1025.0 282.43 -693.02
24 1025.0 216.65 -451.95
25 1025.0 220.90 -468.11
6 1026.0 436.13 -841.80
7 1026.0 441.85 -860.31
8 1026.0 539.45 -463.31
9 1026.0 537.20 -456.12
10 1026.0 552.66 -483.04
11 1026.0 555.17 -490.49
12 1026.0 393.85 -712.69
13 1026.0 378.41 -662.78
14 1026.0 1021.80 -537.42
15 1026.0 1028.18 -563.13
16 1026.0 483.87 -934.11
17 1026.0 499.31 -929.32
18 1026.0 496.47 -933.55
19 1026.0 388.61 -965.89
20 1026.0 508.04 -796.72
21 1026.0 523.16 -792.16
22 1026.0 390.18 -689.82
23 1026.0 284.45 -699.58
24 1026.0 217.52 -445.45
25 1026.0 218.96 -460.99
6 1027.0 433.54 -833.42
7 1027.0 439.23 -851.83
8 1027.0 539.45 -463.31
9 1027.0 537.21 -456.14
10 1027.0 552.65 -483.01
11 1027.0 555.05 -490.10
12 1027.0 396.31 -720.72
13 1027.0 378.42 -662.78
14 1027.0 1024.30 -550.28
15 1027.0 1032.07 -575.86
16 1027.0 477.85 -935.97
17 1027.0 493.31 -931.18
18 1027.0 503.69 -931.32
19 1027.0 395.45 -963.86
20 1027.0 502.19 -798.48
21 1027.0 515.99 -794.32
22 1027.0 388.08 -682.98
23 1027.0 286.55 -706.40
24 1027.0 222.51 -441.23
25 1027.0 217.02 -453.89
6 1028.0 431.91 -827.49
7 1028.0 436.61 -843.35
8 1028.0 539.45 -463.31
9 1028.0 537.21 -456.15
10 1028.0 552.65 -483.01
11 1028.0 555.01 -489.98
12 1028.0 398.74 -728.63
13 1028.0 378.42 -662.78
14 1028.0 1028.15 -563.05
15 1028.0 1036.05 -588.81
16 1028.0 472.51 -937.63
17 1028.0 486.62 -933.25
18 1028.0 511.80 -928.81
19 1028.0 402.18 -961.87
20 1028.0 495.64 -800.46
21 1028.0 509.79 -796.19
22 1028.0 386.76 -678.68
23 1028.0 288.64 -713.26
24 1028.0 229.62 -438.61
25 1028.0 216.73 -447.75
6 1029.0 434.55 -822.47
7 1029.0 434.51 -836.57
8 1029.0 539.45 -463.31
9 1029.0 537.21 -456.15
10 1029.0 552.65 -483.01
11 1029.0 554.98 -489.89
12 1029.0 401.35 -737.12
13 1029.0 378.42 -662.78
14 1029.0 1032.11 -575.99
15 1029.0 1039.79 -600.94
16 1029.0 468.46 -938.21
17 1029.0 481.09 -934.97
18 1029.0 519.44 -926.48
19 1029.0 408.63 -959.95
20 1029.0 489.08 -802.44
21 1029.0 503.93 -797.96
22 1029.0 386.50 -677.84
23 1029.0 290.78 -720.30
24 1029.0 237.51 -435.92
25 1029.0 221.14 -442.01
6 1030.0 440.02 -820.61
7 1030.0 432.42 -829.79
8 1030.0 539.45 -463.31
9 1030.0 537.21 -456.15
10 1030.0 552.65 -483.01
11 1030.0 554.97 -489.88
12 1030.0 403.69 -744.74
13 1030.0 378.42 -662.78
14 1030.0 1036.18 -589.20
15 1030.0 1043.63 -613.41
16 1030.0 465.15 -935.69
17 1030.0 476.77 -936.31
18 1030.0 527.55 -924.01
19 1030.0 414.43 -958.23
20 1030.0 482.40 -804.46
21 1030.0 497.65 -799.85
22 1030.0 386.46 -677.72
23 1030.0 292.69 -726.59
24 1030.0 246.54 -433.30
25 1030.0 227.76 -435.88
6 1031.0 447.10 -818.47
7 1031.0 432.51 -824.11
8 1031.0 539.45 -463.31
9 1031.0 537.21 -456.15
10 1031.0 552.65 -483.01
11 1031.0 554.97 -489.87
12 1031.0 406.22 -753.13
13 1031.0 378.42 -662.78
14 1031.0 1040.02 -601.68
15 1031.0 1046.73 -623.50
16 1031.0 463.39 -930.72
17 1031.0 472.80 -937.54
18 1031.0 535.01 -921.74
19 1031.0 420.62 -956.40
20 1031.0 476.19 -806.34
21 1031.0 490.61 -801.98
22 1031.0 386.46 -677.70
23 1031.0 294.71 -733.23
24 1031.0 255.04 -430.83
25 1031.0 237.23 -432.68
6 1032.0 454.85 -816.14
7 1032.0 438.66 -821.02
8 1032.0 539.45 -463.31
9 1032.0 537.21 -456.15
10 1032.0 552.65 -483.01
11 1032.0 554.97 -489.87
12 1032.0 408.71 -761.52
13 1032.0 378.42 -662.78
14 1032.0 1043.39 -612.65
15 1032.0 1048.51 -629.30
16 1032.0 461.45 -924.61
17 1032.0 467.73 -938.03
18 1032.0 542.58 -919.48
19 1032.0 427.15 -954.46
20 1032.0 469.87 -808.25
21 1032.0 484.91 -803.70
22 1032.0 386.45 -677.69
23 1032.0 296.96 -740.59
24 1032.0 263.26 -428.45
25 1032.0 248.20 -429.48
6 1033.0 462.68 -813.79
7 1033.0 446.73 -818.58
8 1033.0 539.45 -463.31
9 1033.0 537.21 -456.15
10 1033.0 552.65 -483.01
11 1033.0 554.97 -489.86
12 1033.0 411.12 -769.65
13 1033.0 378.42 -662.78
14 1033.0 1045.71 -620.19
15 1033.0 1047.73 -635.06
16 1033.0 459.44 -918.30
17 1033.0 464.42 -934.04
18 1033.0 550.62 -917.10
19 1033.0 433.17 -952.67
20 1033.0 462.88 -810.38
21 1033.0 478.22 -805.73
22 1033.0 386.45 -677.69
23 1033.0 299.22 -748.01
24 1033.0 272.32 -425.84
25 1033.0 259.98 -426.06
6 1034.0 470.64 -811.36
7 1034.0 454.29 -816.31
8 1034.0 539.45 -463.31
9 1034.0 537.21 -456.15
10 1034.0 552.65 -483.01
11 1034.0 554.97 -489.86
12 1034.0 413.65 -778.17
13 1034.0 378.42 -662.78
14 1034.0 1047.74 -626.77
15 1034.0 1042.98 -637.29
16 1034.0 457.73 -912.87
17 1034.0 462.38 -927.53
18 1034.0 558.30 -914.74
19 1034.0 439.98 -950.65
20 1034.0 456.98 -812.16
21 1034.0 471.88 -807.64
22 1034.0 386.45 -677.68
23 1034.0 301.31 -754.90
24 1034.0 281.33 -423.25
25 1034.0 271.23 -422.82
6 1035.0 478.34 -809.03
7 1035.0 461.77 -814.06
8 1035.0 539.45 -463.31
9 1035.0 537.21 -456.15
10 1035.0 552.65 -483.01
11 1035.0 554.97 -489.86
12 1035.0 416.05 -786.23
13 1035.0 378.42 -662.78
14 1035.0 1048.90 -631.34
15 1035.0 1036.62 -639.21
16 1035.0 455.99 -907.01
17 1035.0 460.33 -921.08
18 1035.0 565.92 -912.38
19 1035.0 446.56 -948.69
20 1035.0 450.18 -814.21
21 1035.0 466.23 -809.36
22 1035.0 386.45 -677.68
23 1035.0 303.39 -761.72
24 1035.0 289.85 -420.80
25 1035.0 281.98 -416.41
6 1036.0 485.71 -806.81
7 1036.0 469.10 -811.83
8 1036.0 539.45 -463.31
9 1036.0 537.21 -456.15
10 1036.0 552.65 -483.01
11 1036.0 554.97 -489.86
12 1036.0 418.48 -794.43
13 1036.0 378.42 -662.78
14 1036.0 1045.69 -636.36
15 1036.0 1028.76 -641.58
16 1036.0 454.26 -901.20
17 1036.0 458.39 -914.99
18 1036.0 573.12 -910.17
19 1036.0 453.54 -946.61
20 1036.0 443.71 -816.16
21 1036.0 458.84 -811.61
22 1036.0 386.45 -677.68
23 1036.0 305.34 -768.12
24 1036.0 297.61 -415.31
25 1036.0 293.70 -413.05
6 1037.0 493.49 -804.46
7 1037.0 476.66 -809.54
8 1037.0 539.45 -463.31
9 1037.0 537.21 -456.15
10 1037.0 552.65 -483.01
11 1037.0 554.97 -489.86
12 1037.0 420.99 -802.88
13 1037.0 378.42 -662.78
14 1037.0 1040.34 -638.09
15 1037.0 1021.06 -643.91
16 1037.0 452.33 -894.67
17 1037.0 456.64 -909.20
18 1037.0 580.22 -907.99
19 1037.0 459.54 -944.84
20 1037.0 437.68 -817.98
21 1037.0 451.94 -813.68
22 1037.0 386.45 -677.68
23 1037.0 307.53 -775.41
24 1037.0 305.86 -413.00
25 1037.0 305.80 -409.69
6 1038.0 501.44 -802.06
7 1038.0 484.42 -807.20
8 1038.0 539.45 -463.31
9 1038.0 537.21 -456.15
10 1038.0 552.65 -483.01
11 1038.0 554.97 -489.86
12 1038.0 423.19 -810.28
13 1038.0 378.42 -662.78
14 1038.0 1033.12 -640.27
15 1038.0 1013.68 -646.13
16 1038.0 450.33 -888.10
17 1038.0 454.80 -903.01
18 1038.0 588.07 -905.59
19 1038.0 466.35 -942.81
20 1038.0 432.43 -819.14
21 1038.0 445.43 -815.64
22 1038.0 386.45 -677.68
23 1038.0 309.74 -782.62
24 1038.0 314.81 -410.45
25 1038.0 318.12 -406.16
6 1039.0 509.16 -799.73
7 1039.0 492.21 -804.84
8 1039.0 539.45 -463.31
9 1039.0 537.21 -456.15
10 1039.0 552.65 -483.01
11 1039.0 554.97 -489.86
12 1039.0 424.96 -816.53
13 1039.0 378.42 -662.78
14 1039.0 1024.98 -642.72
15 1039.0 1005.84 -648.51
16 1039.0 448.47 -882.01
17 1039.0 452.94 -896.72
18 1039.0 595.34 -903.36
19 1039.0 472.54 -940.97
20 1039.0 428.51 -816.28
21 1039.0 440.80 -817.03
22 1039.0 386.45 -677.68
23 1039.0 311.99 -789.97
24 1039.0 323.31 -407.98
25 1039.0 329.37 -402.89
6 1040.0 517.44 -797.23
7 1040.0 500.15 -802.45
8 1040.0 539.45 -463.31
9 1040.0 537.21 -456.15
10 1040.0 552.65 -483.01
11 1040.0 554.97 -489.86
12 1040.0 423.08 -822.03
13 1040.0 378.42 -662.78
14 1040.0 1017.86 -644.87
15 1040.0 1002.10 -649.64
16 1040.0 446.67 -876.09
17 1040.0 451.08 -890.55
18 1040.0 603.10 -900.98
19 1040.0 478.51 -939.12
20 1040.0 426.80 -811.21
21 1040.0 436.55 -818.31
22 1040.0 386.45 -677.68
23 1040.0 313.91 -796.26
24 1040.0 331.87 -405.50
25 1040.0 340.71 -399.60
6 1041.0 525.08 -794.92
7 1041.0 507.87 -800.12
8 1041.0 539.45 -463.31
9 1041.0 537.21 -456.15
10 1041.0 552.65 -483.01
11 1041.0 554.97 -489.86
12 1041.0 416.58 -824.30
13 1041.0 378.42 -662.78
14 1041.0 1011.85 -646.68
15 1041.0 997.00 -651.23
16 1041.0 444.68 -869.55
17 1041.0 449.08 -884.02
18 1041.0 611.37 -898.44
19 1041.0 484.95 -937.12
20 1041.0 425.00 -805.17
21 1041.0 430.59 -818.69
22 1041.0 386.45 -677.68
23 1041.0 316.16 -803.68
24 1041.0 340.68 -402.94
25 1041.0 352.04 -396.31
6 1042.0 532.29 -792.74
7 1042.0 515.71 -797.75
8 1042.0 539.45 -463.31
9 1042.0 537.21 -456.15
10 1042.0 552.65 -483.01
11 1042.0 554.97 -489.86
12 1042.0 408.39 -826.76
13 1042.0 378.42 -662.78
14 1042.0 1005.57 -648.59
15 1042.0 990.37 -652.61
16 1042.0 442.74 -863.17
17 1042.0 447.03 -877.27
18 1042.0 619.45 -895.96
19 1042.0 491.20 -935.19
20 1042.0 423.00 -798.41
21 1042.0 427.74 -814.37
22 1042.0 386.45 -677.68
23 1042.0 318.17 -810.35
24 1042.0 348.86 -400.56
25 1042.0 363.47 -392.99
6 1043.0 540.67 -790.22
7 1043.0 523.71 -795.33
8 1043.0 539.45 -463.31
9 1043.0 537.21 -456.15
10 1043.0 552.65 -483.01
11 1043.0 554.97 -489.86
12 1043.0 400.35 -829.17
13 1043.0 378.42 -662.78
14 1043.0 999.09 -650.45
15 1043.0 983.96 -655.06
16 1043.0 440.84 -857.03
17 1043.0 445.15 -871.08
18 1043.0 626.65 -893.75
19 1043.0 498.00 -933.08
20 1043.0 420.93 -791.46
21 1043.0 425.61 -807.20
22 1043.0 386.45 -677.68
23 1043.0 320.13 -817.27
24 1043.0 356.93 -398.22
25 1043.0 375.06 -389.62
6 1044.0 548.53 -787.90
7 1044.0 531.70 -792.92
8 1044.0 539.45 -463.31
9 1044.0 537.21 -456.15
10 1044.0 552.65 -483.01
11 1044.0 554.97 -489.86
12 1044.0 392.21 -831.62
13 1044.0 378.42 -662.78
14 1044.0 992.10 -652.15
15 1044.0 977.33 -657.21
16 1044.0 439.03 -851.18
17 1044.0 443.36 -865.19
18 1044.0 634.10 -891.45
19 1044.0 504.81 -930.97
20 1044.0 419.06 -785.16
21 1044.0 423.67 -800.67
22 1044.0 386.45 -677.68
23 1044.0 322.37 -824.46
24 1044.0 365.45 -395.75
25 1044.0 387.41 -387.64
6 1045.0 556.98 -785.43
7 1045.0 539.35 -790.61
8 1045.0 539.45 -463.31
9 1045.0 537.21 -456.15
10 1045.0 552.65 -483.01
11 1045.0 554.97 -489.86
12 1045.0 383.75 -834.15
13 1045.0 378.42 -662.78
14 1045.0 985.99 -654.38
15 1045.0 969.62 -659.51
16 1045.0 437.16 -845.11
17 1045.0 441.75 -859.97
18 1045.0 641.96 -889.02
19 1045.0 510.93 -929.08
20 1045.0 417.18 -778.82
21 1045.0 421.63 -793.82
22 1045.0 386.45 -677.68
23 1045.0 324.60 -831.53
24 1045.0 374.09 -393.24
25 1045.0 399.17 -384.02
6 1046.0 565.34 -782.98
7 1046.0 547.42 -788.22
8 1046.0 539.45 -463.31
9 1046.0 537.21 -456.15
10 1046.0 552.65 -483.01
11 1046.0 554.97 -489.86
12 1046.0 375.19 -836.71
13 1046.0 378.42 -662.78
14 1046.0 978.95 -656.69
15 1046.0 962.34 -661.53
16 1046.0 435.41 -839.48
17 1046.0 439.93 -854.09
18 1046.0 649.65 -886.65
19 1046.0 517.44 -927.09
20 1046.0 415.39 -772.80
21 1046.0 419.86 -787.84
22 1046.0 386.45 -677.68
23 1046.0 326.81 -838.65
24 1046.0 383.30 -391.11
25 1046.0 410.93 -382.48
6 1047.0 573.45 -780.61
7 1047.0 555.53 -785.85
8 1047.0 539.45 -463.31
9 1047.0 537.21 -456.15
10 1047.0 552.65 -483.01
11 1047.0 554.97 -489.86
12 1047.0 367.63 -838.97
13 1047.0 378.42 -662.78
14 1047.0 971.95 -658.86
15 1047.0 955.55 -663.41
16 1047.0 433.50 -833.30
17 1047.0 438.21 -848.52
18 1047.0 657.03 -884.37
19 1047.0 524.15 -925.05
20 1047.0 413.65 -766.93
21 1047.0 417.86 -781.12
22 1047.0 386.45 -677.68
23 1047.0 328.93 -845.61
24 1047.0 392.19 -389.51
25 1047.0 422.87 -379.54
6 1048.0 581.40 -778.25
7 1048.0 563.15 -783.62
8 1048.0 539.45 -463.31
9 1048.0 537.21 -456.15
10 1048.0 552.65 -483.01
11 1048.0 554.97 -489.86
12 1048.0 359.01 -841.55
13 1048.0 378.42 -662.78
14 1048.0 964.44 -660.95
15 1048.0 947.65 -664.56
16 1048.0 431.58 -827.72
17 1048.0 436.07 -841.61
18 1048.0 664.33 -881.62
19 1048.0 530.98 -922.97
20 1048.0 411.90 -761.02
21 1048.0 415.99 -774.80
22 1048.0 386.45 -677.68
23 1048.0 330.95 -852.22
24 1048.0 400.32 -387.01
25 1048.0 434.60 -375.41
6 1049.0 588.78 -776.01
7 1049.0 571.61 -781.15
8 1049.0 539.45 -463.31
9 1049.0 537.21 -456.15
10 1049.0 552.65 -483.01
11 1049.0 554.97 -489.86
12 1049.0 350.47 -844.12
13 1049.0 378.42 -662.78
14 1049.0 957.23 -662.95
15 1049.0 941.00 -663.09
16 1049.0 428.04 -823.17
17 1049.0 434.48 -836.46
18 1049.0 669.67 -876.00
19 1049.0 537.55 -920.97
20 1049.0 409.86 -754.16
21 1049.0 414.45 -769.64
22 1049.0 386.45 -677.68
23 1049.0 333.03 -859.00
24 1049.0 409.39 -384.73
25 1049.0 446.79 -371.77
6 1050.0 596.81 -773.53
7 1050.0 579.10 -778.94
8 1050.0 540.23 -465.52
9 1050.0 537.21 -456.15
10 1050.0 551.87 -480.73
11 1050.0 554.97 -489.86
12 1050.0 343.32 -846.26
13 1050.0 378.87 -664.11
14 1050.0 950.20 -664.46
15 1050.0 935.20 -659.42
16 1050.0 421.78 -822.84
17 1050.0 432.60 -830.37
18 1050.0 669.59 -867.65
19 1050.0 543.56 -919.19
20 1050.0 408.09 -748.21
21 1050.0 412.58 -763.32
22 1050.0 385.70 -675.30
23 1050.0 335.17 -865.99
24 1050.0 417.69 -384.75
25 1050.0 458.93 -371.52
6 1051.0 604.84 -771.00
7 1051.0 587.71 -776.34
8 1051.0 541.98 -469.95
9 1051.0 537.89 -458.33
10 1051.0 550.55 -476.69
11 1051.0 554.34 -487.95
12 1051.0 339.18 -847.50
13 1051.0 380.49 -667.46
14 1051.0 942.53 -663.74
15 1051.0 930.09 -654.87
16 1051.0 416.23 -824.41
17 1051.0 430.74 -825.94
18 1051.0 667.37 -860.05
19 1051.0 549.71 -917.37
20 1051.0 406.18 -741.96
21 1051.0 410.62 -756.72
22 1051.0 384.26 -670.73
23 1051.0 337.41 -873.33
24 1051.0 425.91 -381.86
25 1051.0 470.22 -368.19
6 1052.0 612.23 -768.77
7 1052.0 596.06 -773.77
8 1052.0 545.41 -476.24
9 1052.0 538.96 -461.73
10 1052.0 548.50 -470.44
11 1052.0 553.10 -484.30
12 1052.0 333.23 -846.49
13 1052.0 380.49 -667.46
14 1052.0 936.49 -660.33
15 1052.0 924.32 -649.52
16 1052.0 409.82 -826.32
17 1052.0 424.95 -822.37
18 1052.0 665.22 -852.72
19 1052.0 555.60 -915.57
20 1052.0 404.25 -735.69
21 1052.0 408.79 -750.56
22 1052.0 382.05 -663.72
23 1052.0 339.41 -879.86
24 1052.0 434.75 -378.75
25 1052.0 481.66 -364.81
6 1053.0 620.29 -766.34
7 1053.0 603.11 -771.55
8 1053.0 548.69 -481.90
9 1053.0 540.56 -466.36
10 1053.0 546.14 -463.25
11 1053.0 551.40 -479.28
12 1053.0 330.90 -841.09
13 1053.0 380.49 -667.46
14 1053.0 930.47 -655.22
15 1053.0 918.56 -644.18
16 1053.0 403.74 -828.16
17 1053.0 418.20 -823.82
18 1053.0 662.77 -844.36
19 1053.0 561.90 -913.62
20 1053.0 402.22 -729.07
21 1053.0 406.97 -744.54
22 1053.0 380.07 -657.12
23 1053.0 341.36 -886.21
24 1053.0 443.52 -376.08
25 1053.0 493.69 -361.25
6 1054.0 625.85 -764.67
7 1054.0 611.31 -769.04
8 1054.0 551.35 -489.09
9 1054.0 543.18 -472.34
10 1054.0 544.00 -456.39
11 1054.0 549.11 -472.30
12 1054.0 328.76 -834.08
13 1054.0 381.99 -668.83
14 1054.0 924.56 -649.74
15 1054.0 912.90 -638.94
16 1054.0 397.69 -829.97
17 1054.0 411.77 -825.74
18 1054.0 660.34 -836.24
19 1054.0 568.04 -911.72
20 1054.0 400.42 -723.19
21 1054.0 404.86 -737.65
22 1054.0 377.93 -649.89
23 1054.0 343.36 -892.75
24 1054.0 452.22 -373.50
25 1054.0 505.25 -357.94
6 1055.0 633.01 -761.89
7 1055.0 616.65 -767.44
8 1055.0 553.07 -494.40
9 1055.0 547.25 -479.14
10 1055.0 541.85 -449.50
11 1055.0 546.94 -465.68
12 1055.0 326.05 -825.49
13 1055.0 385.76 -670.30
14 1055.0 918.66 -644.28
15 1055.0 907.44 -633.88
16 1055.0 391.78 -831.74
17 1055.0 405.90 -827.51
18 1055.0 657.84 -827.94
19 1055.0 574.64 -909.70
20 1055.0 398.33 -716.38
21 1055.0 403.05 -731.77
22 1055.0 375.80 -642.72
23 1055.0 345.35 -899.25
24 1055.0 461.09 -370.89
25 1055.0 517.31 -355.13
6 1056.0 635.54 -754.80
7 1056.0 623.54 -765.36
8 1056.0 555.23 -501.70
9 1056.0 550.35 -486.13
10 1056.0 539.45 -441.70
11 1056.0 544.79 -458.91
12 1056.0 323.63 -817.83
13 1056.0 391.25 -669.29
14 1056.0 913.88 -639.85
15 1056.0 902.16 -628.98
16 1056.0 385.18 -833.72
17 1056.0 399.89 -829.31
18 1056.0 655.53 -820.30
19 1056.0 581.09 -907.73
20 1056.0 396.54 -710.56
21 1056.0 400.78 -724.38
22 1056.0 373.92 -636.39
23 1056.0 347.42 -906.00
24 1056.0 469.21 -368.48
25 1056.0 529.27 -352.53
6 1057.0 633.48 -746.87
7 1057.0 628.44 -763.89
8 1057.0 557.39 -509.00
9 1057.0 552.94 -493.98
10 1057.0 537.00 -433.74
11 1057.0 542.37 -451.19
12 1057.0 321.48 -810.27
13 1057.0 397.89 -667.28
14 1057.0 908.68 -635.02
15 1057.0 896.76 -623.98
16 1057.0 378.62 -835.68
17 1057.0 393.70 -831.17
18 1057.0 653.19 -812.50
19 1057.0 587.29 -905.83
20 1057.0 394.74 -704.70
21 1057.0 399.06 -718.77
22 1057.0 372.04 -630.07
23 1057.0 349.51 -912.83
24 1057.0 477.13 -366.14
25 1057.0 540.15 -347.55
6 1058.0 631.07 -738.93
7 1058.0 634.17 -760.65
8 1058.0 559.30 -515.44
9 1058.0 554.76 -500.11
10 1058.0 537.45 -425.62
11 1058.0 539.85 -443.01
12 1058.0 319.18 -802.57
13 1058.0 405.75 -664.90
14 1058.0 903.36 -630.10
15 1058.0 891.78 -619.07
16 1058.0 372.42 -837.54
17 1058.0 386.87 -833.21
18 1058.0 650.70 -804.27
19 1058.0 594.07 -903.75
20 1058.0 392.91 -698.72
21 1058.0 397.43 -713.46
22 1058.0 370.17 -623.78
23 1058.0 351.68 -919.92
24 1058.0 485.22 -363.75
25 1058.0 551.96 -345.22
6 1059.0 628.82 -731.52
7 1059.0 635.38 -753.64
8 1059.0 561.38 -522.49
9 1059.0 556.88 -507.27
10 1059.0 535.19 -418.07
11 1059.0 537.64 -435.80
12 1059.0 316.78 -794.71
13 1059.0 414.37 -662.29
14 1059.0 898.06 -625.18
15 1059.0 886.18 -613.37
16 1059.0 365.98 -839.47
17 1059.0 380.79 -835.03
18 1059.0 648.41 -796.71
19 1059.0 600.56 -901.76
20 1059.0 390.90 -692.17
21 1059.0 395.65 -707.67
22 1059.0 368.26 -617.33
23 1059.0 353.65 -926.34
24 1059.0 493.53 -361.30
25 1059.0 564.11 -343.86
6 1060.0 626.45 -723.69
7 1060.0 633.03 -745.38
8 1060.0 563.32 -529.03
9 1060.0 559.03 -514.54
10 1060.0 532.78 -411.02
11 1060.0 537.18 -427.92
12 1060.0 314.48 -787.18
13 1060.0 422.61 -659.79
14 1060.0 892.75 -620.06
15 1060.0 880.72 -607.83
16 1060.0 360.09 -841.23
17 1060.0 373.98 -837.07
18 1060.0 646.17 -789.33
19 1060.0 607.17 -899.73
20 1060.0 388.99 -685.96
21 1060.0 393.73 -701.41
22 1060.0 366.25 -610.56
23 1060.0 355.81 -933.41
24 1060.0 501.99 -358.80
25 1060.0 576.54 -344.18
6 1061.0 624.25 -716.39
7 1061.0 630.62 -737.46
8 1061.0 565.33 -535.55
9 1061.0 560.91 -520.90
10 1061.0 530.33 -403.69
11 1061.0 535.88 -420.07
12 1061.0 312.19 -779.71
13 1061.0 431.37 -657.14
14 1061.0 887.27 -614.48
15 1061.0 875.52 -602.53
16 1061.0 353.77 -843.13
17 1061.0 368.64 -838.67
18 1061.0 643.99 -782.10
19 1061.0 613.19 -897.89
20 1061.0 387.09 -679.78
21 1061.0 391.71 -694.82
22 1061.0 364.20 -603.70
23 1061.0 357.91 -940.24
24 1061.0 510.09 -356.71
25 1061.0 588.65 -346.42
6 1062.0 621.89 -708.57
7 1062.0 628.03 -728.93
8 1062.0 567.65 -542.98
9 1062.0 562.92 -527.67
10 1062.0 527.37 -396.34
11 1062.0 533.27 -412.46
12 1062.0 309.88 -772.11
13 1062.0 439.57 -654.66
14 1062.0 881.88 -609.00
15 1062.0 871.03 -596.07
16 1062.0 348.16 -844.81
17 1062.0 362.37 -840.55
18 1062.0 641.79 -774.78
19 1062.0 619.30 -896.01
20 1062.0 384.89 -672.74
21 1062.0 389.79 -688.55
22 1062.0 362.21 -597.03
23 1062.0 360.03 -947.19
24 1062.0 518.30 -354.92
25 1062.0 600.03 -348.96
6 1063.0 619.38 -700.21
7 1063.0 625.61 -720.92
8 1063.0 569.97 -550.39
9 1063.0 565.16 -535.01
10 1063.0 524.35 -389.77
11 1063.0 530.89 -405.40
12 1063.0 307.49 -764.21
13 1063.0 448.51 -651.96
14 1063.0 876.07 -603.09
15 1063.0 868.90 -588.88
16 1063.0 342.45 -846.52
17 1063.0 356.17 -842.41
18 1063.0 639.67 -767.60
19 1063.0 625.67 -894.05
20 1063.0 382.73 -665.86
21 1063.0 387.77 -681.99
22 1063.0 360.00 -589.75
23 1063.0 362.21 -954.30
24 1063.0 526.83 -353.06
25 1063.0 612.10 -351.66
6 1064.0 616.87 -691.88
7 1064.0 623.12 -712.64
8 1064.0 572.08 -557.13
9 1064.0 567.39 -542.14
10 1064.0 521.00 -383.09
11 1064.0 528.25 -398.43
12 1064.0 305.11 -756.39
13 1064.0 456.47 -649.57
14 1064.0 871.59 -597.32
15 1064.0 866.59 -581.11
16 1064.0 338.21 -847.70
17 1064.0 350.60 -844.08
18 1064.0 637.43 -760.10
19 1064.0 632.55 -891.93
20 1064.0 380.66 -659.08
21 1064.0 385.66 -675.18
22 1064.0 357.96 -583.17
23 1064.0 364.00 -960.13
24 1064.0 534.71 -349.81
25 1064.0 623.53 -354.25
6 1065.0 614.57 -684.16
7 1065.0 620.86 -705.15
8 1065.0 574.34 -564.38
9 1065.0 569.66 -549.41
10 1065.0 518.52 -375.42
11 1065.0 524.88 -390.80
12 1065.0 302.57 -748.04
13 1065.0 465.26 -646.91
14 1065.0 869.18 -589.85
15 1065.0 864.44 -573.88
16 1065.0 334.12 -847.28
17 1065.0 346.88 -845.19
18 1065.0 635.11 -752.30
19 1065.0 639.10 -889.91
20 1065.0 378.66 -652.37
21 1065.0 383.36 -667.88
22 1065.0 355.91 -576.56
23 1065.0 364.90 -963.10
24 1065.0 542.45 -346.82
25 1065.0 635.12 -356.95
6 1066.0 612.39 -676.80
7 1066.0 618.44 -697.09
8 1066.0 576.29 -570.61
9 1066.0 571.73 -556.03
10 1066.0 519.11 -367.93
11 1066.0 521.27 -383.78
12 1066.0 300.28 -740.52
13 1066.0 472.97 -644.58
14 1066.0 867.09 -582.79
15 1066.0 862.33 -566.76
16 1066.0 331.40 -842.74
17 1066.0 342.51 -846.51
18 1066.0 632.62 -744.04
19 1066.0 645.90 -887.81
20 1066.0 376.66 -645.62
21 1066.0 381.25 -661.07
22 1066.0 353.73 -569.51
23 1066.0 367.12 -964.71
24 1066.0 550.22 -345.50
25 1066.0 646.50 -359.61
6 1067.0 609.89 -668.40
7 1067.0 615.91 -688.67
8 1067.0 578.52 -577.76
9 1067.0 573.55 -561.86
10 1067.0 520.95 -362.33
11 1067.0 518.74 -377.23
12 1067.0 297.94 -732.84
13 1067.0 481.26 -642.07
14 1067.0 864.80 -575.08
15 1067.0 860.37 -560.15
16 1067.0 329.51 -836.53
17 1067.0 337.05 -847.88
18 1067.0 630.25 -736.24
19 1067.0 652.71 -885.70
20 1067.0 374.57 -638.59
21 1067.0 379.08 -653.76
22 1067.0 351.65 -562.69
23 1067.0 368.11 -962.85
24 1067.0 558.50 -344.26
25 1067.0 658.87 -362.50
6 1068.0 607.54 -660.49
7 1068.0 613.63 -681.00
8 1068.0 580.73 -584.81
9 1068.0 575.88 -569.30
10 1068.0 523.52 -354.72
11 1068.0 518.60 -371.33
12 1068.0 295.53 -724.92
13 1068.0 489.82 -639.48
14 1068.0 862.72 -568.09
15 1068.0 858.33 -553.29
16 1068.0 327.83 -831.12
17 1068.0 332.61 -845.69
18 1068.0 627.84 -728.31
19 1068.0 659.48 -883.61
20 1068.0 372.82 -632.68
21 1068.0 377.20 -647.45
22 1068.0 349.77 -556.07
23 1068.0 367.55 -960.82
24 1068.0 567.31 -343.72
25 1068.0 670.89 -365.32
6 1069.0 605.29 -653.01
7 1069.0 611.14 -672.61
8 1069.0 583.04 -592.19
9 1069.0 578.17 -576.63
10 1069.0 526.04 -347.26
11 1069.0 520.44 -363.87
12 1069.0 292.91 -716.31
13 1069.0 498.34 -636.90
14 1069.0 860.63 -561.05
15 1069.0 856.22 -546.19
16 1069.0 325.90 -825.02
17 1069.0 330.78 -840.72
18 1069.0 625.50 -720.53
19 1069.0 665.41 -880.96
20 1069.0 370.74 -625.69
21 1069.0 375.45 -641.54
22 1069.0 347.76 -548.93
23 1069.0 366.24 -956.54
24 1069.0 575.68 -344.09
25 1069.0 683.29 -368.27
6 1070.0 602.82 -645.05
7 1070.0 608.81 -664.74
8 1070.0 585.26 -599.29
9 1070.0 580.27 -583.33
10 1070.0 527.39 -343.25
11 1070.0 523.14 -355.83
12 1070.0 290.46 -708.27
13 1070.0 506.80 -634.35
14 1070.0 858.51 -553.92
15 1070.0 854.52 -539.39
16 1070.0 323.97 -818.90
17 1070.0 328.89 -834.47
18 1070.0 623.24 -713.05
19 1070.0 669.70 -875.92
20 1070.0 368.90 -619.48
21 1070.0 373.35 -634.49
22 1070.0 346.40 -544.12
23 1070.0 364.22 -949.92
24 1070.0 584.29 -345.49
25 1070.0 695.33 -371.15
6 1071.0 600.57 -637.78
7 1071.0 606.46 -656.83
8 1071.0 586.02 -604.65
9 1071.0 582.59 -590.76
10 1071.0 528.57 -339.36
11 1071.0 524.41 -352.07
12 1071.0 288.19 -700.84
13 1071.0 515.10 -631.83
14 1071.0 856.73 -547.89
15 1071.0 853.80 -533.00
16 1071.0 322.30 -813.17
17 1071.0 326.98 -828.43
18 1071.0 621.08 -705.87
19 1071.0 670.06 -869.75
20 1071.0 366.85 -612.59
21 1071.0 371.55 -628.40
22 1071.0 344.30 -536.94
23 1071.0 362.04 -942.81
24 1071.0 592.80 -347.34
25 1071.0 707.34 -374.02
6 1072.0 598.23 -630.25
7 1072.0 603.92 -648.61
8 1072.0 581.66 -608.36
9 1072.0 584.36 -596.43
10 1072.0 528.51 -335.16
11 1072.0 525.96 -347.50
12 1072.0 285.80 -693.07
13 1072.0 523.45 -629.31
14 1072.0 854.99 -541.51
15 1072.0 853.56 -526.58
16 1072.0 320.69 -807.55
17 1072.0 325.04 -822.30
18 1072.0 618.60 -697.62
19 1072.0 668.51 -863.94
20 1072.0 364.98 -606.30
21 1072.0 369.55 -621.69
22 1072.0 342.14 -529.62
23 1072.0 359.83 -935.60
24 1072.0 601.88 -349.38
25 1072.0 719.64 -376.95
6 1073.0 595.68 -622.02
7 1073.0 601.52 -640.86
8 1073.0 574.68 -610.47
9 1073.0 586.01 -602.11
10 1073.0 524.86 -336.12
11 1073.0 527.46 -343.05
12 1073.0 283.38 -685.22
13 1073.0 531.76 -626.79
14 1073.0 853.67 -535.61
15 1073.0 848.18 -522.96
16 1073.0 318.87 -801.58
17 1073.0 323.26 -816.59
18 1073.0 616.18 -689.59
19 1073.0 666.54 -857.24
20 1073.0 363.07 -599.88
21 1073.0 367.42 -614.51
22 1073.0 339.90 -522.30
23 1073.0 357.68 -928.57
24 1073.0 610.96 -351.41
25 1073.0 731.08 -379.68
6 1074.0 593.29 -614.35
7 1074.0 598.89 -632.39
8 1074.0 567.36 -612.68
9 1074.0 584.60 -606.94
10 1074.0 519.70 -338.14
11 1074.0 528.53 -339.53
12 1074.0 280.95 -677.30
13 1074.0 539.91 -624.32
14 1074.0 853.98 -528.60
15 1074.0 845.21 -517.27
16 1074.0 317.21 -796.10
17 1074.0 321.58 -810.62
18 1074.0 613.91 -681.93
19 1074.0 664.67 -850.83
20 1074.0 361.26 -593.89
21 1074.0 365.68 -608.66
22 1074.0 337.85 -515.68
23 1074.0 355.63 -921.87
24 1074.0 619.82 -353.39
25 1074.0 742.01 -383.86
6 1075.0 591.03 -607.06
7 1075.0 596.24 -623.82
8 1075.0 560.07 -614.89
9 1075.0 578.54 -609.30
10 1075.0 513.24 -340.68
11 1075.0 528.48 -335.16
12 1075.0 278.35 -668.90
13 1075.0 547.89 -621.91
14 1075.0 850.50 -524.12
15 1075.0 843.10 -510.63
16 1075.0 315.36 -790.05
17 1075.0 319.92 -805.01
18 1075.0 611.47 -673.72
19 1075.0 662.61 -843.82
20 1075.0 359.14 -586.97
21 1075.0 364.01 -603.04
22 1075.0 335.56 -508.27
23 1075.0 353.43 -914.71
24 1075.0 628.27 -355.35
25 1075.0 753.92 -386.46
6 1076.0 588.46 -598.79
7 1076.0 593.95 -616.47
8 1076.0 552.78 -617.09
9 1076.0 570.75 -611.66
10 1076.0 505.07 -343.08
11 1076.0 523.93 -336.49
12 1076.0 275.94 -661.26
13 1076.0 555.84 -619.51
14 1076.0 846.06 -519.68
15 1076.0 840.97 -503.69
16 1076.0 313.44 -783.78
17 1076.0 318.18 -799.32
18 1076.0 609.14 -665.85
19 1076.0 660.79 -837.73
20 1076.0 357.18 -580.64
21 1076.0 362.08 -596.60
22 1076.0 333.53 -501.69
23 1076.0 351.53 -908.49
24 1076.0 636.75 -357.34
25 1076.0 765.75 -389.03
6 1077.0 585.95 -590.77
7 1077.0 591.37 -608.16
8 1077.0 546.00 -619.14
9 1077.0 563.22 -613.94
10 1077.0 494.35 -346.40
11 1077.0 517.78 -338.89
12 1077.0 273.39 -653.05
13 1077.0 563.75 -617.11
14 1077.0 843.99 -513.45
15 1077.0 838.72 -496.33
16 1077.0 311.64 -777.92
17 1077.0 316.11 -792.50
18 1077.0 606.86 -658.20
19 1077.0 658.86 -831.32
20 1077.0 355.27 -574.47
21 1077.0 359.99 -589.72
22 1077.0 331.24 -494.29
23 1077.0 349.42 -901.61
24 1077.0 645.28 -359.33
25 1077.0 777.48 -391.59
6 1078.0 583.48 -582.87
7 1078.0 588.85 -600.06
8 1078.0 539.76 -621.03
9 1078.0 555.09 -616.40
10 1078.0 483.82 -349.65
11 1078.0 510.12 -341.64
12 1078.0 271.00 -645.35
13 1078.0 571.98 -614.63
14 1078.0 841.73 -506.16
15 1078.0 836.68 -489.68
16 1078.0 309.92 -772.25
17 1078.0 314.12 -786.03
18 1078.0 604.65 -650.97
19 1078.0 656.98 -825.10
20 1078.0 353.24 -567.95
21 1078.0 358.11 -583.63
22 1078.0 329.21 -487.68
23 1078.0 347.45 -895.18
24 1078.0 653.70 -361.29
25 1078.0 789.22 -394.15
6 1079.0 580.87 -574.51
7 1079.0 586.34 -592.01
8 1079.0 533.20 -623.02
9 1079.0 548.46 -618.40
10 1079.0 474.16 -352.64
11 1079.0 500.39 -344.53
12 1079.0 268.62 -637.68
13 1079.0 578.80 -612.56
14 1079.0 839.63 -499.31
15 1079.0 834.43 -482.33
16 1079.0 307.93 -765.65
17 1079.0 312.58 -780.98
18 1079.0 602.45 -643.87
19 1079.0 655.23 -819.28
20 1079.0 351.33 -561.59
21 1079.0 356.00 -576.85
22 1079.0 327.32 -481.42
23 1079.0 345.52 -888.89
24 1079.0 662.21 -363.28
25 1079.0 800.51 -396.73
6 1080.0 578.38 -566.55
7 1080.0 583.95 -584.37
8 1080.0 526.20 -625.14
9 1080.0 542.08 -620.33
10 1080.0 462.70 -352.84
11 1080.0 489.76 -347.82
12 1080.0 266.13 -629.53
13 1080.0 582.60 -611.42
14 1080.0 837.23 -491.48
15 1080.0 832.14 -474.87
16 1080.0 306.24 -760.09
17 1080.0 310.49 -774.14
18 1080.0 600.04 -636.07
19 1080.0 653.30 -812.90
20 1080.0 349.45 -554.92
21 1080.0 354.13 -570.81
22 1080.0 325.12 -474.20
23 1080.0 343.50 -882.29
24 1080.0 670.49 -365.23
25 1080.0 811.81 -399.31
6 1081.0 575.88 -558.56
7 1081.0 581.56 -576.72
8 1081.0 519.36 -627.21
9 1081.0 534.67 -622.57
10 1081.0 452.12 -356.11
11 1081.0 478.72 -351.23
12 1081.0 263.71 -621.63
13 1081.0 583.70 -608.80
14 1081.0 834.97 -484.11
15 1081.0 830.42 -470.53
16 1081.0 304.57 -754.61
17 1081.0 308.80 -768.52
18 1081.0 597.47 -627.79
19 1081.0 651.28 -806.20
20 1081.0 347.66 -548.61
21 1081.0 352.07 -564.18
22 1081.0 322.93 -467.06
23 1081.0 341.34 -875.25
24 1081.0 679.19 -367.30
25 1081.0 823.84 -401.90
6 1082.0 573.37 -550.52
7 1082.0 578.98 -568.46
8 1082.0 512.61 -629.25
9 1082.0 527.86 -624.63
10 1082.0 441.39 -359.28
11 1082.0 468.76 -354.31
12 1082.0 261.12 -613.12
13 1082.0 580.14 -608.82
14 1082.0 833.57 -479.54
15 1082.0 825.03 -465.84
16 1082.0 302.85 -748.98
17 1082.0 307.28 -763.53
18 1082.0 595.12 -620.23
19 1082.0 649.46 -800.20
20 1082.0 346.22 -543.51
21 1082.0 350.07 -557.10
22 1082.0 320.71 -459.86
23 1082.0 339.09 -867.90
24 1082.0 688.39 -369.50
25 1082.0 831.98 -405.83
6 1083.0 570.93 -542.72
7 1083.0 576.44 -560.36
8 1083.0 505.98 -631.25
9 1083.0 521.16 -626.67
10 1083.0 430.92 -362.38
11 1083.0 458.33 -357.54
12 1083.0 258.64 -604.96
13 1083.0 574.31 -610.58
14 1083.0 831.50 -472.89
15 1083.0 817.63 -464.53
16 1083.0 300.96 -742.77
17 1083.0 305.32 -757.07
18 1083.0 592.86 -612.95
19 1083.0 647.48 -793.64
20 1083.0 344.28 -536.87
21 1083.0 348.70 -552.26
22 1083.0 318.69 -453.23
23 1083.0 337.13 -861.51
24 1083.0 696.37 -371.40
25 1083.0 834.46 -413.95
6 1084.0 568.55 -535.12
7 1084.0 574.04 -552.65
8 1084.0 498.82 -633.42
9 1084.0 514.26 -628.75
10 1084.0 420.36 -365.51
11 1084.0 448.24 -360.59
12 1084.0 256.04 -596.39
13 1084.0 566.04 -613.08
14 1084.0 826.31 -466.58
15 1084.0 810.48 -465.56
16 1084.0 298.95 -736.17
17 1084.0 303.49 -751.05
18 1084.0 590.43 -605.14
19 1084.0 645.70 -787.75
20 1084.0 342.38 -530.46
21 1084.0 346.77 -545.45
22 1084.0 316.46 -445.94
23 1084.0 335.64 -855.65
24 1084.0 705.38 -373.56
25 1084.0 832.45 -422.95
6 1085.0 566.19 -527.46
7 1085.0 571.43 -544.32
8 1085.0 492.42 -635.35
9 1085.0 507.59 -630.77
10 1085.0 409.65 -368.68
11 1085.0 437.55 -363.75
12 1085.0 253.71 -588.72
13 1085.0 557.22 -615.75
14 1085.0 819.72 -464.68
15 1085.0 803.74 -467.69
16 1085.0 297.04 -729.88
17 1085.0 301.52 -744.61
18 1085.0 588.22 -598.03
19 1085.0 643.81 -781.54
20 1085.0 340.27 -523.50
21 1085.0 344.77 -538.50
22 1085.0 314.20 -438.56
23 1085.0 338.00 -851.47
24 1085.0 714.43 -375.71
25 1085.0 830.61 -431.25
6 1086.0 563.99 -520.00
7 1086.0 569.09 -536.84
8 1086.0 485.29 -637.51
9 1086.0 500.70 -632.85
10 1086.0 399.19 -371.84
11 1086.0 426.61 -366.99
12 1086.0 251.25 -580.63
13 1086.0 549.24 -618.17
14 1086.0 812.11 -465.23
15 1086.0 796.65 -469.89
16 1086.0 295.19 -723.80
17 1086.0 299.51 -737.98
18 1086.0 586.00 -590.91
19 1086.0 641.73 -774.59
20 1086.0 338.38 -517.38
21 1086.0 342.91 -532.22
22 1086.0 312.05 -431.56
23 1086.0 343.73 -849.48
24 1086.0 722.98 -377.75
25 1086.0 828.76 -439.56
6 1087.0 561.65 -512.11
7 1087.0 566.45 -528.34
8 1087.0 478.20 -639.65
9 1087.0 493.56 -635.01
10 1087.0 389.65 -376.26
11 1087.0 416.26 -370.05
12 1087.0 248.83 -572.69
13 1087.0 541.36 -620.54
14 1087.0 805.61 -467.11
15 1087.0 789.03 -472.25
16 1087.0 293.34 -717.73
17 1087.0 297.61 -731.74
18 1087.0 583.53 -583.03
19 1087.0 639.75 -767.84
20 1087.0 336.21 -510.36
21 1087.0 340.95 -525.70
22 1087.0 310.53 -426.76
23 1087.0 350.51 -847.44
24 1087.0 732.04 -379.91
25 1087.0 827.73 -444.21
6 1088.0 559.16 -503.70
7 1088.0 564.28 -521.01
8 1088.0 471.63 -641.64
9 1088.0 487.06 -636.97
10 1088.0 379.85 -379.16
11 1088.0 405.13 -373.34
12 1088.0 248.04 -566.49
13 1088.0 533.54 -622.91
14 1088.0 798.60 -469.29
15 1088.0 781.78 -474.50
16 1088.0 291.66 -712.21
17 1088.0 295.64 -725.29
18 1088.0 581.18 -575.52
19 1088.0 637.74 -761.13
20 1088.0 334.05 -503.39
21 1088.0 338.88 -518.99
22 1088.0 309.15 -421.27
23 1088.0 356.93 -845.52
24 1088.0 740.19 -383.26
25 1088.0 826.19 -450.97
6 1089.0 556.74 -495.51
7 1089.0 562.03 -513.40
8 1089.0 464.74 -643.72
9 1089.0 479.75 -639.18
10 1089.0 369.94 -382.09
11 1089.0 395.15 -377.77
12 1089.0 253.56 -562.76
13 1089.0 524.59 -625.63
14 1089.0 790.71 -471.73
15 1089.0 774.68 -476.70
16 1089.0 289.97 -706.65
17 1089.0 294.12 -720.29
18 1089.0 578.96 -568.39
19 1089.0 636.01 -755.33
20 1089.0 332.04 -496.88
21 1089.0 336.76 -512.15
22 1089.0 310.31 -415.85
23 1089.0 364.27 -843.32
24 1089.0 749.41 -385.47
25 1089.0 824.91 -456.58
6 1090.0 556.68 -488.65
7 1090.0 559.65 -505.35
8 1090.0 457.37 -645.95
9 1090.0 473.08 -641.20
10 1090.0 360.41 -384.91
11 1090.0 384.77 -381.04
12 1090.0 261.37 -560.47
13 1090.0 516.22 -628.16
14 1090.0 783.79 -473.87
15 1090.0 767.21 -479.05
16 1090.0 289.82 -701.56
17 1090.0 292.60 -715.30
18 1090.0 576.47 -560.42
19 1090.0 634.05 -748.73
20 1090.0 330.01 -490.32
21 1090.0 334.61 -505.18
22 1090.0 315.11 -410.36
23 1090.0 371.24 -841.23
24 1090.0 758.05 -387.36
25 1090.0 824.37 -464.38
6 1091.0 556.20 -483.48
7 1091.0 557.25 -497.24
8 1091.0 450.84 -647.92
9 1091.0 466.27 -643.26
10 1091.0 350.36 -387.88
11 1091.0 374.62 -384.04
12 1091.0 269.34 -558.12
13 1091.0 507.84 -630.69
14 1091.0 775.93 -476.31
15 1091.0 759.76 -481.38
16 1091.0 293.47 -698.89
17 1091.0 290.92 -709.76
18 1091.0 574.20 -553.18
19 1091.0 631.94 -741.80
20 1091.0 328.10 -484.00
21 1091.0 332.71 -499.03
22 1091.0 322.34 -404.93
23 1091.0 377.62 -839.32
24 1091.0 767.19 -389.35
25 1091.0 827.78 -472.42
6 1092.0 555.88 -482.57
7 1092.0 555.98 -492.87
8 1092.0 443.37 -650.18
9 1092.0 460.10 -645.12
10 1092.0 340.53 -390.79
11 1092.0 364.24 -387.12
12 1092.0 277.72 -555.65
13 1092.0 499.68 -633.16
14 1092.0 767.91 -478.83
15 1092.0 752.29 -482.67
16 1092.0 297.45 -697.68
17 1092.0 289.59 -705.00
18 1092.0 571.95 -545.96
19 1092.0 629.83 -734.85
20 1092.0 326.29 -478.00
21 1092.0 330.77 -492.77
22 1092.0 331.26 -402.34
23 1092.0 384.91 -837.13
24 1092.0 776.15 -391.30
25 1092.0 830.79 -481.37
6 1093.0 555.67 -481.96
7 1093.0 555.90 -490.60
8 1093.0 436.88 -652.14
9 1093.0 452.78 -647.33
10 1093.0 330.14 -393.87
11 1093.0 352.23 -387.33
12 1093.0 285.13 -553.47
13 1093.0 491.00 -635.78
14 1093.0 760.66 -481.10
15 1093.0 744.47 -481.49
16 1093.0 303.28 -695.90
17 1093.0 289.86 -701.43
18 1093.0 569.69 -538.74
19 1093.0 627.91 -728.53
20 1093.0 324.14 -471.01
21 1093.0 329.00 -486.99
22 1093.0 340.67 -399.61
23 1093.0 391.45 -835.18
24 1093.0 785.40 -393.32
25 1093.0 833.40 -489.91
6 1094.0 555.67 -481.95
7 1094.0 556.22 -489.80
8 1094.0 430.41 -654.10
9 1094.0 446.20 -649.32
10 1094.0 319.84 -395.42
11 1094.0 341.60 -390.48
12 1094.0 292.66 -551.25
13 1094.0 483.07 -638.18
14 1094.0 752.68 -482.69
15 1094.0 738.35 -477.45
16 1094.0 309.06 -694.15
17 1094.0 294.35 -698.62
18 1094.0 567.20 -530.79
19 1094.0 626.17 -722.77
20 1094.0 322.14 -464.51
21 1094.0 326.88 -479.95
22 1094.0 350.27 -396.82
23 1094.0 397.84 -833.26
24 1094.0 794.17 -395.28
25 1094.0 835.93 -498.17
6 1095.0 555.67 -481.95
7 1095.0 556.35 -489.49
8 1095.0 423.06 -656.32
9 1095.0 439.62 -651.31
10 1095.0 310.15 -398.29
11 1095.0 331.28 -393.53
12 1095.0 301.24 -548.72
13 1095.0 475.09 -640.59
14 1095.0 745.96 -481.84
15 1095.0 734.60 -471.02
16 1095.0 315.58 -692.17
17 1095.0 300.01 -696.90
18 1095.0 564.82 -522.82
19 1095.0 624.34 -716.71
20 1095.0 320.19 -458.15
21 1095.0 324.75 -473.00
22 1095.0 359.38 -394.18
23 1095.0 404.69 -831.21
24 1095.0 803.36 -397.38
25 1095.0 838.67 -507.12
6 1096.0 555.67 -481.95
7 1096.0 556.38 -489.41
8 1096.0 416.75 -658.23
9 1096.0 432.62 -653.43
10 1096.0 300.46 -401.39
11 1096.0 320.57 -395.28
12 1096.0 309.83 -546.15
13 1096.0 466.37 -643.23
14 1096.0 739.24 -478.39
15 1096.0 732.47 -464.37
16 1096.0 321.60 -690.35
17 1096.0 306.67 -694.88
18 1096.0 562.48 -514.91
19 1096.0 622.36 -710.12
20 1096.0 318.24 -451.77
21 1096.0 322.64 -466.14
22 1096.0 368.18 -391.62
23 1096.0 411.46 -829.17
24 1096.0 811.61 -399.27
25 1096.0 841.16 -515.13
6 1097.0 555.67 -481.95
7 1097.0 556.40 -489.36
8 1097.0 410.24 -660.20
9 1097.0 425.59 -655.55
10 1097.0 290.77 -404.38
11 1097.0 310.41 -398.21
12 1097.0 317.76 -543.80
13 1097.0 458.53 -645.59
14 1097.0 735.11 -472.15
15 1097.0 730.10 -456.98
16 1097.0 328.06 -688.39
17 1097.0 312.96 -692.97
18 1097.0 560.27 -507.44
19 1097.0 620.46 -703.81
20 1097.0 316.20 -445.10
21 1097.0 320.88 -460.39
22 1097.0 377.43 -388.93
23 1097.0 418.18 -827.16
24 1097.0 820.17 -401.14
25 1097.0 842.31 -524.19
6 1098.0 555.67 -481.95
7 1098.0 556.40 -489.36
8 1098.0 403.01 -662.39
9 1098.0 419.25 -657.47
10 1098.0 280.78 -407.41
11 1098.0 300.40 -401.41
12 1098.0 326.41 -541.30
13 1098.0 449.87 -648.21
14 1098.0 732.63 -464.88
15 1098.0 727.81 -450.15
16 1098.0 333.71 -686.67
17 1098.0 319.54 -690.97
18 1098.0 558.15 -500.27
19 1098.0 618.51 -697.33
20 1098.0 314.05 -438.08
21 1098.0 318.78 -453.54
22 1098.0 387.22 -387.69
23 1098.0 424.86 -824.70
24 1098.0 827.16 -402.58
25 1098.0 841.00 -531.73
6 1099.0 555.67 -481.95
7 1099.0 556.40 -489.36
8 1099.0 396.47 -664.37
9 1099.0 411.87 -659.71
10 1099.0 270.17 -410.63
11 1099.0 290.19 -404.56
12 1099.0 334.46 -538.88
13 1099.0 441.28 -650.81
14 1099.0 730.67 -458.67
15 1099.0 724.57 -442.96
16 1099.0 339.17 -685.02
17 1099.0 325.77 -689.08
18 1099.0 557.01 -496.42
19 1099.0 616.63 -691.07
20 1099.0 312.23 -432.15
21 1099.0 316.79 -447.04
22 1099.0 396.80 -384.75
23 1099.0 428.39 -819.36
24 1099.0 832.16 -406.14
25 1099.0 845.19 -536.54
6 1100.0 555.67 -481.95
7 1100.0 556.40 -489.36
8 1100.0 389.26 -666.55
9 1100.0 404.90 -661.82
10 1100.0 260.47 -413.57
11 1100.0 279.16 -407.90
12 1100.0 340.57 -539.15
13 1100.0 432.77 -653.38
14 1100.0 727.94 -450.55
15 1100.0 719.22 -437.07
16 1100.0 345.33 -683.14
17 1100.0 330.97 -687.50
18 1100.0 556.78 -495.64
19 1100.0 614.72 -684.66
20 1100.0 310.72 -427.37
21 1100.0 314.91 -440.90
22 1100.0 405.64 -382.03
23 1100.0 427.31 -812.94
24 1100.0 834.39 -412.02
25 1100.0 851.73 -536.22
6 1101.0 555.67 -481.95
7 1101.0 556.40 -489.36
8 1101.0 384.49 -666.56
9 1101.0 398.21 -663.84
10 1101.0 249.81 -416.80
11 1101.0 269.90 -410.71
12 1101.0 343.13 -544.34
13 1101.0 424.59 -655.86
14 1101.0 724.98 -443.59
15 1101.0 712.59 -433.99
16 1101.0 351.78 -681.17
17 1101.0 337.51 -685.52
18 1101.0 556.75 -495.56
19 1101.0 612.83 -678.30
20 1101.0 309.36 -422.29
21 1101.0 313.23 -435.41
22 1101.0 413.17 -376.16
23 1101.0 425.31 -806.20
24 1101.0 833.51 -418.16
25 1101.0 855.40 -529.80
6 1102.0 555.67 -481.95
7 1102.0 556.40 -489.36
8 1102.0 381.65 -662.42
9 1102.0 392.92 -665.45
10 1102.0 239.84 -419.83
11 1102.0 259.74 -413.79
12 1102.0 345.12 -551.35
13 1102.0 416.38 -658.34
14 1102.0 720.63 -438.19
15 1102.0 704.83 -432.04
16 1102.0 357.68 -679.36
17 1102.0 343.16 -683.80
18 1102.0 556.75 -495.54
19 1102.0 611.08 -672.41
20 1102.0 309.73 -416.85
21 1102.0 311.72 -430.52
22 1102.0 422.32 -372.94
23 1102.0 423.27 -799.34
24 1102.0 831.99 -425.04
25 1102.0 861.66 -527.26
6 1103.0 555.67 -481.95
7 1103.0 556.40 -489.36
8 1103.0 379.81 -656.22
9 1103.0 387.90 -666.81
10 1103.0 230.28 -422.72
11 1103.0 249.63 -416.86
12 1103.0 347.51 -559.81
13 1103.0 408.66 -660.68
14 1103.0 713.70 -434.37
15 1103.0 697.18 -430.47
16 1103.0 364.22 -677.36
17 1103.0 349.66 -681.81
18 1103.0 556.75 -495.53
19 1103.0 609.12 -665.80
20 1103.0 314.47 -413.89
21 1103.0 310.19 -425.64
22 1103.0 431.85 -369.59
23 1103.0 421.25 -792.53
24 1103.0 830.49 -431.78
25 1103.0 870.20 -524.63
6 1104.0 555.67 -481.95
7 1104.0 556.40 -489.36
8 1104.0 377.66 -648.99
9 1104.0 382.51 -664.44
10 1104.0 220.75 -425.62
11 1104.0 239.29 -420.00
12 1104.0 349.69 -567.28
13 1104.0 400.65 -663.10
14 1104.0 706.60 -432.40
15 1104.0 690.35 -429.06
16 1104.0 369.68 -675.69
17 1104.0 356.15 -679.83
18 1104.0 556.74 -495.53
19 1104.0 607.40 -660.02
20 1104.0 322.46 -411.57
21 1104.0 309.07 -419.91
22 1104.0 441.52 -366.65
23 1104.0 419.16 -785.50
24 1104.0 829.14 -437.84
25 1104.0 879.04 -521.91
6 1105.0 555.67 -481.95
7 1105.0 556.40 -489.36
8 1105.0 375.65 -642.22
9 1105.0 380.73 -659.32
10 1105.0 214.34 -427.27
11 1105.0 229.97 -422.82
12 1105.0 352.30 -575.72
13 1105.0 391.97 -665.73
14 1105.0 699.60 -430.96
15 1105.0 682.86 -427.53
16 1105.0 374.93 -674.09
17 1105.0 361.36 -678.24
18 1105.0 556.74 -495.53
19 1105.0 605.59 -653.99
20 1105.0 330.76 -409.16
21 1105.0 311.33 -415.14
22 1105.0 450.48 -364.01
23 1105.0 417.21 -778.93
24 1105.0 828.06 -442.71
25 1105.0 886.27 -519.68
6 1106.0 555.67 -481.95
7 1106.0 556.40 -489.36
8 1106.0 373.65 -635.49
9 1106.0 378.63 -652.26
10 1106.0 205.81 -425.87
11 1106.0 221.66 -425.34
12 1106.0 354.89 -584.05
13 1106.0 387.10 -667.48
14 1106.0 691.26 -429.25
15 1106.0 675.03 -426.07
16 1106.0 379.79 -673.85
17 1106.0 366.87 -676.55
18 1106.0 556.74 -495.53
19 1106.0 603.78 -648.13
20 1106.0 338.98 -406.77
21 1106.0 316.67 -413.25
22 1106.0 459.44 -361.36
23 1106.0 415.03 -771.58
24 1106.0 826.53 -449.49
25 1106.0 890.40 -518.40
6 1107.0 555.67 -481.95
7 1107.0 556.40 -489.36
8 1107.0 371.75 -629.10
9 1107.0 376.22 -644.14
10 1107.0 201.23 -418.89
11 1107.0 213.93 -427.33
12 1107.0 357.52 -592.57
13 1107.0 385.56 -668.20
14 1107.0 683.05 -427.56
15 1107.0 667.26 -426.15
16 1107.0 382.74 -677.00
17 1107.0 371.82 -675.04
18 1107.0 556.74 -495.53
19 1107.0 601.69 -641.40
20 1107.0 347.34 -404.34
21 1107.0 323.55 -411.25
22 1107.0 469.32 -358.44
23 1107.0 413.00 -764.75
24 1107.0 825.03 -456.04
25 1107.0 896.89 -516.43
6 1108.0 555.67 -481.95
7 1108.0 556.40 -489.36
8 1108.0 369.71 -622.23
9 1108.0 374.23 -637.44
10 1108.0 197.18 -409.49
11 1108.0 205.52 -425.68
12 1108.0 360.03 -600.88
13 1108.0 385.39 -668.28
14 1108.0 676.03 -426.11
15 1108.0 659.88 -427.85
16 1108.0 384.26 -681.45
17 1108.0 376.18 -673.79
18 1108.0 556.74 -495.53
19 1108.0 599.76 -635.17
20 1108.0 356.12 -401.79
21 1108.0 332.91 -408.53
22 1108.0 478.36 -355.77
23 1108.0 410.81 -757.37
24 1108.0 824.08 -462.09
25 1108.0 905.44 -513.84
6 1109.0 555.67 -481.95
7 1109.0 556.40 -489.36
8 1109.0 367.75 -615.61
9 1109.0 372.07 -630.16
10 1109.0 194.15 -401.95
11 1109.0 200.90 -418.15
12 1109.0 362.36 -608.68
13 1109.0 385.38 -668.29
14 1109.0 668.41 -426.07
15 1109.0 652.90 -430.87
16 1109.0 386.07 -687.33
17 1109.0 380.53 -674.17
18 1109.0 556.74 -495.53
19 1109.0 597.80 -628.87
20 1109.0 364.57 -399.33
21 1109.0 342.89 -405.63
22 1109.0 487.81 -352.98
23 1109.0 408.93 -751.03
24 1109.0 825.86 -468.41
25 1109.0 913.51 -511.42
6 1110.0 555.67 -481.95
7 1110.0 556.40 -489.36
8 1110.0 365.76 -608.93
9 1110.0 370.35 -624.36
10 1110.0 191.30 -394.83
11 1110.0 197.39 -409.99
12 1110.0 364.75 -616.74
13 1110.0 385.37 -668.29
14 1110.0 660.89 -427.58
15 1110.0 646.95 -434.56
16 1110.0 387.75 -692.81
17 1110.0 383.56 -679.16
18 1110.0 556.74 -495.53
19 1110.0 595.85 -622.57
20 1110.0 373.55 -396.73
21 1110.0 352.17 -402.94
22 1110.0 496.64 -350.36
23 1110.0 406.86 -744.15
24 1110.0 828.62 -474.29
25 1110.0 922.46 -508.75
6 1111.0 555.67 -481.95
7 1111.0 556.40 -489.36
8 1111.0 363.87 -602.58
9 1111.0 368.22 -617.20
10 1111.0 189.89 -391.88
11 1111.0 194.54 -402.93
12 1111.0 367.28 -625.26
13 1111.0 383.84 -669.94
14 1111.0 654.34 -430.09
15 1111.0 640.47 -438.83
16 1111.0 389.54 -698.64
17 1111.0 385.08 -684.11
18 1111.0 556.74 -495.53
19 1111.0 593.78 -615.92
20 1111.0 382.05 -394.37
21 1111.0 361.59 -400.20
22 1111.0 506.89 -347.62
23 1111.0 404.94 -737.91
24 1111.0 830.62 -480.82
25 1111.0 930.79 -506.26
6 1112.0 555.67 -481.95
7 1112.0 556.40 -489.36
8 1112.0 361.82 -595.75
9 1112.0 366.22 -610.48
10 1112.0 187.62 -390.13
11 1112.0 193.28 -399.79
12 1112.0 369.76 -633.63
13 1112.0 382.56 -673.22
14 1112.0 647.49 -434.20
15 1112.0 633.72 -442.56
16 1112.0 391.33 -704.47
17 1112.0 387.10 -690.71
18 1112.0 556.74 -495.53
19 1112.0 591.75 -609.38
20 1112.0 391.15 -393.18
21 1112.0 371.23 -397.40
22 1112.0 516.87 -345.44
23 1112.0 402.66 -730.49
24 1112.0 832.60 -487.28
25 1112.0 939.50 -503.65
6 1113.0 555.67 -481.95
7 1113.0 556.40 -489.36
8 1113.0 359.73 -588.87
9 1113.0 364.10 -603.35
10 1113.0 186.77 -392.85
11 1113.0 191.85 -396.22
12 1113.0 372.29 -642.16
13 1113.0 383.22 -678.05
14 1113.0 640.95 -438.51
15 1113.0 627.02 -445.03
16 1113.0 393.14 -710.38
17 1113.0 388.69 -695.88
18 1113.0 556.74 -495.53
19 1113.0 589.76 -602.96
20 1113.0 400.38 -390.34
21 1113.0 380.56 -394.69
22 1113.0 523.95 -343.92
23 1113.0 400.72 -724.17
24 1113.0 834.60 -493.83
25 1113.0 947.74 -501.38
6 1114.0 555.67 -481.95
7 1114.0 556.40 -489.36
8 1114.0 357.58 -581.92
9 1114.0 362.08 -596.60
10 1114.0 189.25 -398.33
11 1114.0 190.43 -392.91
12 1114.0 374.51 -649.63
13 1114.0 385.32 -684.91
14 1114.0 635.19 -441.91
15 1114.0 620.21 -447.43
16 1114.0 395.03 -716.53
17 1114.0 390.63 -702.19
18 1114.0 556.74 -495.53
19 1114.0 587.93 -597.09
20 1114.0 409.85 -387.83
21 1114.0 390.74 -393.30
22 1114.0 527.65 -343.11
23 1114.0 398.49 -716.90
24 1114.0 836.66 -500.54
25 1114.0 955.54 -503.91
6 1115.0 555.67 -481.95
7 1115.0 556.40 -489.36
8 1115.0 355.62 -575.61
9 1115.0 360.17 -590.29
10 1115.0 192.03 -405.25
11 1115.0 189.00 -390.64
12 1115.0 377.03 -658.11
13 1115.0 387.49 -691.98
14 1115.0 629.06 -444.29
15 1115.0 612.45 -450.09
16 1115.0 396.81 -722.35
17 1115.0 392.43 -708.07
18 1115.0 556.74 -495.53
19 1115.0 585.82 -590.34
20 1115.0 418.63 -387.81
21 1115.0 399.60 -390.58
22 1115.0 528.50 -339.61
23 1115.0 396.32 -709.83
24 1115.0 838.43 -506.34
25 1115.0 959.22 -511.55
6 1116.0 555.67 -481.95
7 1116.0 556.40 -489.36
8 1116.0 353.56 -568.98
9 1116.0 358.14 -583.75
10 1116.0 194.71 -411.87
11 1116.0 186.56 -391.51
12 1116.0 378.26 -662.27
13 1116.0 389.66 -699.03
14 1116.0 621.53 -446.99
15 1116.0 604.69 -452.69
16 1116.0 398.56 -728.04
17 1116.0 394.21 -713.88
18 1116.0 556.74 -495.53
19 1116.0 583.70 -583.58
20 1116.0 427.16 -384.81
21 1116.0 408.67 -387.95
22 1116.0 528.78 -335.58
23 1116.0 394.04 -702.40
24 1116.0 840.24 -512.23
25 1116.0 961.93 -520.26
6 1117.0 555.67 -481.95
7 1117.0 556.40 -489.36
8 1117.0 351.52 -562.25
9 1117.0 356.14 -577.29
10 1117.0 197.82 -419.07
11 1117.0 187.51 -394.24
12 1117.0 378.38 -662.65
13 1117.0 391.57 -705.26
14 1117.0 614.27 -449.46
15 1117.0 597.44 -455.03
16 1117.0 400.29 -733.68
17 1117.0 396.12 -720.10
18 1117.0 556.74 -495.53
19 1117.0 581.61 -576.88
20 1117.0 435.43 -381.90
21 1117.0 417.51 -388.20
22 1117.0 525.17 -336.00
23 1117.0 391.84 -695.25
24 1117.0 842.42 -519.03
25 1117.0 964.38 -528.82
6 1118.0 555.67 -481.95
7 1118.0 556.40 -489.36
8 1118.0 349.44 -554.88
9 1118.0 354.08 -570.64
10 1118.0 201.00 -427.23
11 1118.0 189.28 -398.38
12 1118.0 378.40 -662.72
13 1118.0 393.48 -711.48
14 1118.0 607.13 -451.90
15 1118.0 590.65 -457.23
16 1118.0 402.10 -739.57
17 1118.0 397.78 -725.50
18 1118.0 556.74 -495.53
19 1118.0 579.52 -570.20
20 1118.0 443.75 -379.34
21 1118.0 426.18 -385.15
22 1118.0 519.52 -338.21
23 1118.0 389.67 -688.18
24 1118.0 841.85 -525.25
25 1118.0 966.95 -537.80
6 1119.0 555.67 -481.95
7 1119.0 556.40 -489.36
8 1119.0 347.37 -547.55
9 1119.0 351.84 -563.38
10 1119.0 203.50 -433.99
11 1119.0 191.52 -403.98
12 1119.0 378.41 -662.77
13 1119.0 395.21 -717.12
14 1119.0 599.33 -454.42
15 1119.0 584.10 -459.37
16 1119.0 403.93 -745.53
17 1119.0 399.40 -730.78
18 1119.0 556.74 -495.53
19 1119.0 577.64 -564.17
20 1119.0 452.65 -376.72
21 1119.0 434.27 -382.30
22 1119.0 511.84 -341.17
23 1119.0 387.61 -681.47
24 1119.0 840.93 -531.43
25 1119.0 969.36 -546.09
6 1120.0 555.67 -481.95
7 1120.0 556.40 -489.36
8 1120.0 346.07 -542.96
9 1120.0 349.90 -556.53
10 1120.0 204.89 -437.54
11 1120.0 194.46 -411.26
12 1120.0 378.41 -662.78
13 1120.0 396.66 -721.87
14 1120.0 592.58 -456.60
15 1120.0 576.56 -461.82
16 1120.0 405.60 -751.04
17 1120.0 401.42 -737.36
18 1120.0 556.74 -495.53
19 1120.0 575.78 -558.24
20 1120.0 461.16 -374.20
21 1120.0 443.04 -379.56
22 1120.0 502.77 -343.79
23 1120.0 386.58 -678.11
24 1120.0 843.50 -535.89
25 1120.0 971.72 -554.20
6 1121.0 555.67 -481.95
7 1121.0 556.40 -489.36
8 1121.0 343.40 -537.28
9 1121.0 348.47 -551.46
10 1121.0 210.20 -438.09
11 1121.0 197.72 -418.85
12 1121.0 378.42 -662.78
13 1121.0 398.65 -728.35
14 1121.0 585.49 -458.92
15 1121.0 569.67 -463.93
16 1121.0 407.44 -757.24
17 1121.0 403.01 -742.54
18 1121.0 556.74 -495.53
19 1121.0 573.75 -551.74
20 1121.0 469.71 -371.68
21 1121.0 451.66 -377.01
22 1121.0 493.32 -346.71
23 1121.0 386.48 -677.78
24 1121.0 848.25 -537.03
25 1121.0 974.33 -563.17
6 1122.0 555.67 -481.95
7 1122.0 556.40 -489.36
8 1122.0 336.77 -535.15
9 1122.0 346.91 -545.92
10 1122.0 217.05 -436.21
11 1122.0 201.36 -428.20
12 1122.0 378.42 -662.78
13 1122.0 400.26 -733.57
14 1122.0 578.52 -461.22
15 1122.0 562.74 -466.21
16 1122.0 409.17 -763.07
17 1122.0 405.05 -749.20
18 1122.0 556.74 -495.53
19 1122.0 571.61 -544.89
20 1122.0 478.85 -368.97
21 1122.0 460.19 -374.49
22 1122.0 483.61 -346.37
23 1122.0 386.46 -677.73
24 1122.0 852.78 -535.15
25 1122.0 977.01 -572.39
6 1123.0 555.67 -481.95
7 1123.0 556.40 -489.36
8 1123.0 330.34 -536.79
9 1123.0 345.81 -542.06
10 1123.0 225.45 -436.70
11 1123.0 203.69 -434.50
12 1123.0 378.42 -662.78
13 1123.0 402.48 -740.83
14 1123.0 571.09 -463.49
15 1123.0 555.09 -468.70
16 1123.0 410.88 -768.82
17 1123.0 406.90 -755.42
18 1123.0 556.74 -495.53
19 1123.0 569.69 -538.75
20 1123.0 487.56 -366.40
21 1123.0 469.40 -371.77
22 1123.0 473.78 -349.41
23 1123.0 386.45 -677.69
24 1123.0 854.78 -530.44
25 1123.0 979.65 -581.47
6 1124.0 555.67 -481.95
7 1124.0 556.40 -489.36
8 1124.0 323.87 -538.70
9 1124.0 342.74 -536.66
10 1124.0 236.17 -436.31
11 1124.0 205.83 -438.21
12 1124.0 378.42 -662.78
13 1124.0 404.41 -747.09
14 1124.0 563.52 -465.95
15 1124.0 547.53 -471.07
16 1124.0 412.80 -775.30
17 1124.0 408.52 -760.88
18 1124.0 556.74 -495.53
19 1124.0 567.71 -532.43
20 1124.0 496.63 -363.72
21 1124.0 478.06 -369.21
22 1124.0 463.92 -352.46
23 1124.0 386.45 -677.69
24 1124.0 859.45 -527.94
25 1124.0 982.21 -590.30
6 1125.0 555.67 -481.95
7 1125.0 556.40 -489.36
8 1125.0 317.20 -540.64
9 1125.0 335.44 -535.35
10 1125.0 247.31 -436.41
11 1125.0 212.41 -437.59
12 1125.0 378.42 -662.78
13 1125.0 406.03 -752.48
14 1125.0 555.84 -468.46
15 1125.0 540.27 -473.35
16 1125.0 414.47 -780.91
17 1125.0 410.42 -767.27
18 1125.0 556.74 -495.53
19 1125.0 565.94 -526.59
20 1125.0 505.79 -361.10
21 1125.0 487.56 -366.40
22 1125.0 455.02 -355.21
23 1125.0 386.45 -677.69
24 1125.0 866.14 -525.88
25 1125.0 984.86 -599.39
6 1126.0 555.67 -481.95
7 1126.0 556.40 -489.36
8 1126.0 309.90 -542.79
9 1126.0 328.57 -537.33
10 1126.0 257.83 -433.35
11 1126.0 221.82 -438.00
12 1126.0 378.42 -662.78
13 1126.0 407.98 -759.05
14 1126.0 548.28 -470.83
15 1126.0 535.23 -474.92
16 1126.0 416.14 -786.54
17 1126.0 411.95 -772.44
18 1126.0 556.74 -495.53
19 1126.0 564.02 -520.13
20 1126.0 510.92 -359.81
21 1126.0 496.71 -363.70
22 1126.0 446.15 -357.88
23 1126.0 386.45 -677.68
24 1126.0 872.43 -523.94
25 1126.0 987.34 -607.91
6 1127.0 555.67 -481.95
7 1127.0 556.40 -489.36
8 1127.0 302.73 -544.94
9 1127.0 320.58 -539.66
10 1127.0 267.66 -430.51
11 1127.0 232.86 -437.45
12 1127.0 378.42 -662.78
13 1127.0 409.35 -763.66
14 1127.0 541.42 -472.99
15 1127.0 527.49 -477.29
16 1127.0 418.08 -793.07
17 1127.0 413.72 -778.39
18 1127.0 556.74 -495.53
19 1127.0 562.17 -513.88
20 1127.0 515.60 -360.10
21 1127.0 502.16 -362.09
22 1127.0 437.40 -360.46
23 1127.0 386.45 -677.68
24 1127.0 879.10 -521.89
25 1127.0 989.79 -616.16
6 1128.0 555.67 -481.95
7 1128.0 556.40 -489.36
8 1128.0 295.99 -546.93
9 1128.0 313.20 -541.80
10 1128.0 277.17 -427.77
11 1128.0 243.94 -437.39
12 1128.0 378.42 -662.78
13 1128.0 411.23 -770.00
14 1128.0 536.05 -474.67
15 1128.0 520.47 -479.43
16 1128.0 419.73 -798.65
17 1128.0 415.49 -784.34
18 1128.0 556.74 -495.53
19 1128.0 560.10 -506.87
20 1128.0 520.03 -363.12
21 1128.0 506.65 -360.89
22 1128.0 428.35 -363.14
23 1128.0 386.45 -677.68
24 1128.0 885.43 -519.94
25 1128.0 993.04 -624.34
6 1129.0 555.67 -481.95
7 1129.0 556.40 -489.36
8 1129.0 289.64 -548.80
9 1129.0 305.78 -544.04
10 1129.0 287.36 -424.84
11 1129.0 254.39 -434.35
12 1129.0 378.42 -662.78
13 1129.0 412.95 -775.81
14 1129.0 528.91 -476.86
15 1129.0 512.71 -481.75
16 1129.0 421.46 -804.47
17 1129.0 417.05 -789.62
18 1129.0 556.74 -495.53
19 1129.0 559.02 -503.22
20 1129.0 520.39 -369.73
21 1129.0 511.39 -359.73
22 1129.0 419.10 -365.88
23 1129.0 386.45 -677.68
24 1129.0 889.74 -518.61
25 1129.0 997.00 -632.30
6 1130.0 555.67 -481.95
7 1130.0 556.40 -489.36
8 1130.0 282.31 -549.08
9 1130.0 299.27 -545.96
10 1130.0 297.81 -421.88
11 1130.0 265.35 -431.17
12 1130.0 378.42 -662.78
13 1130.0 414.68 -781.63
14 1130.0 521.39 -479.15
15 1130.0 504.79 -483.94
16 1130.0 423.38 -810.93
17 1130.0 418.73 -795.26
18 1130.0 556.74 -495.53
19 1130.0 558.91 -502.85
20 1130.0 520.75 -376.30
21 1130.0 515.73 -360.26
22 1130.0 410.21 -368.51
23 1130.0 386.45 -677.68
24 1130.0 896.43 -516.57
25 1130.0 999.06 -641.29
6 1131.0 555.67 -481.95
7 1131.0 556.40 -489.36
8 1131.0 275.45 -549.64
9 1131.0 291.49 -548.25
10 1131.0 304.13 -421.63
11 1131.0 276.39 -428.00
12 1131.0 378.42 -662.78
13 1131.0 416.24 -786.88
14 1131.0 513.55 -481.52
15 1131.0 496.96 -485.97
16 1131.0 425.10 -816.45
17 1131.0 420.71 -801.92
18 1131.0 556.74 -495.53
19 1131.0 558.88 -502.74
20 1131.0 521.12 -383.03
21 1131.0 520.02 -362.82
22 1131.0 400.31 -371.44
23 1131.0 386.45 -677.68
24 1131.0 902.08 -514.86
25 1131.0 997.49 -649.15
6 1132.0 555.67 -481.95
7 1132.0 556.40 -489.36
8 1132.0 268.75 -551.62
9 1132.0 284.39 -549.80
10 1132.0 306.41 -424.65
11 1132.0 286.61 -425.06
12 1132.0 378.42 -662.78
13 1132.0 418.28 -793.76
14 1132.0 506.26 -483.56
15 1132.0 490.18 -488.17
16 1132.0 428.25 -821.08
17 1132.0 422.38 -807.57
18 1132.0 556.74 -495.53
19 1132.0 558.87 -502.73
20 1132.0 521.49 -389.78
21 1132.0 520.38 -369.37
22 1132.0 391.20 -375.80
23 1132.0 386.45 -677.68
24 1132.0 908.73 -512.85
25 1132.0 990.55 -652.55
6 1133.0 555.67 -481.95
7 1133.0 556.40 -489.36
8 1133.0 262.47 -553.48
9 1133.0 277.40 -549.07
10 1133.0 306.81 -425.55
11 1133.0 292.55 -423.35
12 1133.0 378.42 -662.78
13 1133.0 419.95 -799.38
14 1133.0 499.09 -485.41
15 1133.0 482.82 -490.63
16 1133.0 433.80 -822.17
17 1133.0 424.09 -813.33
18 1133.0 556.74 -495.53
19 1133.0 558.87 -502.72
20 1133.0 521.87 -396.54
21 1133.0 520.80 -377.17
22 1133.0 381.91 -378.55
23 1133.0 386.45 -677.68
24 1133.0 914.83 -511.03
25 1133.0 982.43 -655.56
6 1134.0 555.67 -481.95
7 1134.0 556.40 -489.36
8 1134.0 255.62 -555.50
9 1134.0 270.47 -551.12
10 1134.0 306.90 -425.87
11 1134.0 294.22 -422.88
12 1134.0 378.42 -662.78
13 1134.0 421.49 -804.56
14 1134.0 491.36 -487.77
15 1134.0 475.42 -492.88
16 1134.0 440.12 -820.58
17 1134.0 425.57 -817.47
18 1134.0 556.74 -495.53
19 1134.0 558.87 -502.72
20 1134.0 523.44 -403.24
21 1134.0 521.21 -384.65
22 1134.0 371.96 -381.49
23 1134.0 386.45 -677.68
24 1134.0 920.67 -509.28
25 1134.0 974.39 -658.17
6 1135.0 555.67 -481.95
7 1135.0 556.40 -489.36
8 1135.0 251.49 -556.71
9 1135.0 263.97 -553.03
10 1135.0 306.95 -426.02
11 1135.0 294.41 -422.83
12 1135.0 378.42 -662.78
13 1135.0 422.87 -809.22
14 1135.0 484.06 -490.22
15 1135.0 468.15 -495.08
16 1135.0 446.06 -818.79
17 1135.0 429.91 -821.91
18 1135.0 556.74 -495.53
19 1135.0 558.87 -502.72
20 1135.0 525.43 -409.29
21 1135.0 521.59 -391.66
22 1135.0 363.15 -384.10
23 1135.0 386.45 -677.68
24 1135.0 927.02 -507.38
25 1135.0 965.75 -660.59
6 1136.0 555.67 -481.95
7 1136.0 556.40 -489.36
8 1136.0 246.55 -557.25
9 1136.0 259.66 -554.31
10 1136.0 306.97 -426.08
11 1136.0 294.45 -422.81
12 1136.0 378.42 -662.78
13 1136.0 424.78 -815.66
14 1136.0 477.18 -492.35
15 1136.0 461.14 -497.20
16 1136.0 451.87 -817.04
17 1136.0 436.71 -821.61
18 1136.0 556.74 -495.53
19 1136.0 558.87 -502.72
20 1136.0 527.53 -415.46
21 1136.0 522.10 -398.65
22 1136.0 354.38 -386.70
23 1136.0 386.45 -677.68
24 1136.0 933.68 -505.40
25 1136.0 957.01 -663.01
6 1137.0 555.67 -481.95
7 1137.0 556.40 -489.36
8 1137.0 242.96 -553.32
9 1137.0 255.21 -555.62
10 1137.0 306.98 -426.11
11 1137.0 294.45 -422.81
12 1137.0 378.42 -662.78
13 1137.0 423.87 -821.35
14 1137.0 469.97 -494.53
15 1137.0 454.36 -499.26
16 1137.0 457.74 -815.27
17 1137.0 443.27 -819.63
18 1137.0 556.74 -495.53
19 1137.0 558.87 -502.72
20 1137.0 529.81 -422.13
21 1137.0 524.36 -406.02
22 1137.0 345.50 -389.32
23 1137.0 386.45 -677.68
24 1137.0 940.28 -503.42
25 1137.0 947.87 -664.55
6 1138.0 555.67 -481.95
7 1138.0 556.40 -489.36
8 1138.0 240.89 -546.49
9 1138.0 250.54 -556.99
10 1138.0 306.98 -426.12
11 1138.0 294.45 -422.81
12 1138.0 378.42 -662.78
13 1138.0 418.27 -823.80
14 1138.0 463.49 -496.49
15 1138.0 447.62 -501.30
16 1138.0 464.08 -813.36
17 1138.0 449.74 -817.68
18 1138.0 556.74 -495.53
19 1138.0 558.87 -502.72
20 1138.0 531.49 -428.44
21 1138.0 526.58 -412.69
22 1138.0 336.01 -392.13
23 1138.0 386.45 -677.68
24 1138.0 945.42 -501.89
25 1138.0 939.92 -662.50
6 1139.0 555.67 -481.95
7 1139.0 556.40 -489.36
8 1139.0 238.97 -540.17
9 1139.0 244.70 -556.23
10 1139.0 306.98 -426.12
11 1139.0 294.45 -422.81
12 1139.0 378.42 -662.78
13 1139.0 410.96 -825.98
14 1139.0 456.20 -498.70
15 1139.0 439.84 -503.65
16 1139.0 469.49 -811.71
17 1139.0 455.93 -815.82
18 1139.0 556.74 -495.53
19 1139.0 558.87 -502.72
20 1139.0 530.85 -435.51
21 1139.0 528.77 -419.09
22 1139.0 327.23 -394.73
23 1139.0 386.45 -677.68
24 1139.0 951.11 -501.21
25 1139.0 932.46 -657.07
6 1140.0 555.13 -480.17
7 1140.0 556.40 -489.36
8 1140.0 236.71 -532.70
9 1140.0 242.08 -550.42
10 1140.0 307.63 -428.20
11 1140.0 296.52 -422.23
12 1140.0 379.21 -664.86
13 1140.0 403.08 -828.36
14 1140.0 449.21 -500.81
15 1140.0 432.27 -505.92
16 1140.0 474.88 -810.08
17 1140.0 461.06 -814.28
18 1140.0 556.74 -495.53
19 1140.0 558.87 -502.72
20 1140.0 532.69 -441.51
21 1140.0 531.02 -425.66
22 1140.0 317.99 -395.85
23 1140.0 386.04 -676.40
24 1140.0 955.67 -504.08
25 1140.0 925.65 -650.76
6 1141.0 554.48 -476.38
7 1141.0 556.82 -488.29
8 1141.0 234.76 -526.28
9 1141.0 239.71 -542.62
10 1141.0 309.03 -432.64
11 1141.0 297.92 -421.86
12 1141.0 380.49 -667.46
13 1141.0 394.95 -830.79
14 1141.0 442.04 -502.98
15 1141.0 424.77 -508.19
16 1141.0 480.81 -808.29
17 1141.0 466.58 -812.60
18 1141.0 556.74 -495.53
19 1141.0 558.87 -502.72
20 1141.0 534.62 -447.76
21 1141.0 530.41 -432.00
22 1141.0 308.46 -398.82
23 1141.0 385.13 -673.50
24 1141.0 958.16 -508.99
25 1141.0 918.72 -644.33
6 1142.0 556.77 -471.83
7 1142.0 556.76 -485.08
8 1142.0 232.86 -520.01
9 1142.0 237.73 -536.06
10 1142.0 310.94 -438.87
11 1142.0 298.74 -421.63
12 1142.0 380.49 -667.46
13 1142.0 386.93 -833.19
14 1142.0 434.84 -505.15
15 1142.0 417.22 -510.45
16 1142.0 486.59 -806.54
17 1142.0 472.06 -810.93
18 1142.0 556.44 -494.50
19 1142.0 558.87 -502.72
20 1142.0 536.55 -454.04
21 1142.0 531.78 -438.53
22 1142.0 298.97 -401.87
23 1142.0 383.81 -669.31
24 1142.0 960.54 -515.43
25 1142.0 912.42 -638.49
6 1143.0 563.69 -469.27
7 1143.0 555.31 -480.88
8 1143.0 230.64 -512.71
9 1143.0 235.45 -528.55
10 1143.0 313.38 -446.82
11 1143.0 301.50 -421.15
12 1143.0 380.49 -667.46
13 1143.0 378.60 -835.69
14 1143.0 426.72 -507.60
15 1143.0 410.52 -512.45
16 1143.0 492.79 -804.67
17 1143.0 478.25 -809.06
18 1143.0 555.93 -492.82
19 1143.0 558.66 -502.01
20 1143.0 538.43 -460.03
21 1143.0 533.76 -444.98
22 1143.0 289.24 -404.85
23 1143.0 381.91 -663.28
24 1143.0 962.38 -521.85
25 1143.0 905.96 -632.51
6 1144.0 570.85 -466.92
7 1144.0 554.84 -474.02
8 1144.0 228.66 -506.19
9 1144.0 233.20 -521.15
10 1144.0 315.76 -454.62
11 1144.0 305.57 -422.96
12 1144.0 380.49 -667.46
13 1144.0 370.66 -838.07
14 1144.0 419.00 -509.92
15 1144.0 402.96 -514.72
16 1144.0 498.69 -802.89
17 1144.0 484.12 -807.29
18 1144.0 554.37 -488.05
19 1144.0 558.02 -499.85
20 1144.0 540.67 -466.62
21 1144.0 535.84 -451.73
22 1144.0 279.66 -407.75
23 1144.0 379.83 -656.29
24 1144.0 964.21 -528.24
25 1144.0 899.38 -626.41
6 1145.0 578.26 -464.64
7 1145.0 560.61 -470.29
8 1145.0 226.77 -499.87
9 1145.0 231.21 -514.58
10 1145.0 318.12 -462.31
11 1145.0 307.85 -428.91
12 1145.0 382.03 -668.87
13 1145.0 361.80 -840.72
14 1145.0 411.40 -512.19
15 1145.0 396.12 -516.77
16 1145.0 504.79 -801.05
17 1145.0 490.32 -805.41
18 1145.0 551.64 -480.83
19 1145.0 556.79 -495.70
20 1145.0 543.37 -472.67
21 1145.0 538.06 -458.88
22 1145.0 270.92 -410.40
23 1145.0 377.73 -649.22
24 1145.0 966.02 -534.58
25 1145.0 893.17 -620.48
6 1146.0 586.51 -461.95
7 1146.0 568.54 -467.67
8 1146.0 224.97 -492.87
9 1146.0 229.15 -507.79
10 1146.0 320.29 -469.38
11 1146.0 310.21 -436.49
12 1146.0 385.94 -670.32
13 1146.0 352.89 -843.39
14 1146.0 404.83 -514.16
15 1146.0 389.20 -518.85
16 1146.0 511.10 -799.14
17 1146.0 496.44 -803.57
18 1146.0 549.48 -477.18
19 1146.0 555.28 -490.81
20 1146.0 547.07 -478.86
21 1146.0 540.13 -465.25
22 1146.0 261.56 -413.24
23 1146.0 375.59 -642.04
24 1146.0 967.95 -541.22
25 1146.0 886.71 -613.92
6 1147.0 594.73 -459.27
7 1147.0 576.93 -465.05
8 1147.0 225.56 -484.46
9 1147.0 226.97 -500.56
10 1147.0 322.39 -476.21
11 1147.0 312.68 -444.54
12 1147.0 392.16 -669.01
13 1147.0 344.66 -845.86
14 1147.0 397.18 -516.46
15 1147.0 381.86 -521.05
16 1147.0 517.61 -797.18
17 1147.0 502.41 -801.77
18 1147.0 548.84 -476.70
19 1147.0 553.73 -486.09
20 1147.0 550.07 -485.32
21 1147.0 542.47 -471.08
22 1147.0 252.19 -416.08
23 1147.0 373.54 -635.12
24 1147.0 969.90 -547.93
25 1147.0 880.06 -607.15
6 1148.0 602.06 -456.90
7 1148.0 585.55 -462.27
8 1148.0 222.69 -474.52
9 1148.0 225.01 -493.32
10 1148.0 324.67 -483.71
11 1148.0 315.01 -452.15
12 1148.0 399.62 -666.75
13 1148.0 339.64 -847.37
14 1148.0 390.66 -518.41
15 1148.0 374.83 -523.20
16 1148.0 524.00 -795.25
17 1148.0 508.57 -799.91
18 1148.0 548.79 -476.67
19 1148.0 553.08 -484.25
20 1148.0 552.19 -491.65
21 1148.0 546.41 -477.82
22 1148.0 243.06 -418.85
23 1148.0 371.59 -628.56
24 1148.0 971.83 -554.58
25 1148.0 873.44 -600.39
6 1149.0 610.06 -454.30
7 1149.0 593.26 -459.74
8 1149.0 219.98 -464.78
9 1149.0 225.69 -484.92
10 1149.0 326.92 -491.16
11 1149.0 317.47 -460.20
12 1149.0 407.25 -664.44
13 1149.0 333.62 -846.84
14 1149.0 383.59 -520.53
15 1149.0 367.08 -525.58
16 1149.0 529.67 -793.54
17 1149.0 514.90 -797.99
18 1149.0 548.78 -476.66
19 1149.0 552.80 -483.45
20 1149.0 553.61 -496.23
21 1149.0 549.35 -483.28
22 1149.0 233.83 -421.65
23 1149.0 369.54 -621.64
24 1149.0 973.56 -560.54
25 1149.0 869.99 -592.57
6 1150.0 618.07 -451.54
7 1150.0 600.86 -457.29
8 1150.0 217.36 -455.59
9 1150.0 222.59 -474.16
10 1150.0 329.18 -498.46
11 1150.0 319.83 -467.89
12 1150.0 415.55 -661.93
13 1150.0 330.82 -840.84
14 1150.0 376.55 -522.67
15 1150.0 359.99 -527.84
16 1150.0 535.39 -791.81
17 1150.0 520.79 -796.22
18 1150.0 547.11 -475.41
19 1150.0 552.66 -483.04
20 1150.0 555.67 -503.17
21 1150.0 551.34 -489.05
22 1150.0 224.94 -424.35
23 1150.0 367.53 -614.88
24 1150.0 975.30 -566.50
25 1150.0 867.35 -583.66
6 1151.0 626.00 -448.79
7 1151.0 609.14 -454.62
8 1151.0 216.59 -448.72
9 1151.0 220.00 -464.85
10 1151.0 331.33 -505.43
11 1151.0 322.06 -475.14
12 1151.0 423.55 -659.51
13 1151.0 328.25 -832.45
14 1151.0 368.40 -525.17
15 1151.0 353.05 -530.07
16 1151.0 541.43 -789.99
17 1151.0 526.22 -794.58
18 1151.0 543.35 -474.19
19 1151.0 551.85 -481.20
20 1151.0 557.62 -509.78
21 1151.0 552.98 -494.09
22 1151.0 216.50 -426.92
23 1151.0 365.67 -608.60
24 1151.0 976.97 -572.26
25 1151.0 864.84 -575.21
6 1152.0 633.33 -446.11
7 1152.0 616.82 -451.97
8 1152.0 220.94 -442.12
9 1152.0 217.97 -457.61
10 1152.0 333.69 -513.05
11 1152.0 324.33 -482.58
12 1152.0 431.16 -657.21
13 1152.0 325.43 -823.54
14 1152.0 361.93 -527.22
15 1152.0 349.35 -531.22
16 1152.0 547.60 -788.17
17 1152.0 532.49 -792.69
18 1152.0 538.06 -474.41
19 1152.0 550.16 -478.09
20 1152.0 559.53 -516.23
21 1152.0 554.89 -500.53
22 1152.0 209.91 -427.44
23 1152.0 363.54 -601.46
24 1152.0 978.77 -578.44
25 1152.0 862.33 -566.78
6 1153.0 640.58 -442.56
7 1153.0 624.57 -449.31
8 1153.0 227.64 -439.31
9 1153.0 216.38 -450.22
10 1153.0 336.10 -520.84
11 1153.0 326.84 -490.90
12 1153.0 438.96 -654.85
13 1153.0 322.73 -814.71
14 1153.0 357.36 -528.69
15 1153.0 348.72 -531.40
16 1153.0 553.11 -786.56
17 1153.0 538.88 -790.76
18 1153.0 533.06 -475.59
19 1153.0 546.71 -475.11
20 1153.0 561.32 -522.27
21 1153.0 557.05 -507.84
22 1153.0 203.32 -423.12
23 1153.0 361.59 -594.98
24 1153.0 980.76 -585.29
25 1153.0 859.94 -558.73
6 1154.0 647.89 -437.76
7 1154.0 632.56 -446.40
8 1154.0 235.86 -436.40
9 1154.0 219.60 -442.88
10 1154.0 337.74 -526.14
11 1154.0 329.19 -498.49
12 1154.0 447.46 -652.28
13 1154.0 320.41 -806.64
14 1154.0 356.49 -528.96
15 1154.0 348.71 -531.40
16 1154.0 559.69 -784.63
17 1154.0 544.33 -789.13
18 1154.0 525.07 -478.03
19 1154.0 540.19 -474.03
20 1154.0 563.28 -528.89
21 1154.0 558.78 -513.70
22 1154.0 200.19 -416.58
23 1154.0 359.58 -588.38
24 1154.0 982.54 -591.43
25 1154.0 857.33 -549.94
6 1155.0 655.13 -433.29
7 1155.0 640.57 -442.56
8 1155.0 245.49 -433.60
9 1155.0 227.27 -439.45
10 1155.0 339.91 -533.38
11 1155.0 331.44 -505.78
12 1155.0 454.94 -650.03
13 1155.0 318.03 -798.81
14 1155.0 355.94 -529.14
15 1155.0 348.71 -531.40
16 1155.0 565.31 -782.99
17 1155.0 551.03 -787.17
18 1155.0 517.66 -480.29
19 1155.0 535.69 -474.78
20 1155.0 565.27 -535.33
21 1155.0 560.87 -520.74
22 1155.0 196.76 -408.47
23 1155.0 357.60 -581.99
24 1155.0 984.51 -598.18
25 1155.0 855.10 -541.98
6 1156.0 663.03 -430.32
7 1156.0 647.73 -437.87
8 1156.0 255.26 -430.76
9 1156.0 236.68 -436.16
10 1156.0 342.24 -541.25
11 1156.0 333.94 -513.88
12 1156.0 463.32 -647.49
13 1156.0 315.39 -790.15
14 1156.0 355.89 -529.16
15 1156.0 348.71 -531.40
16 1156.0 571.22 -781.26
17 1156.0 556.17 -785.66
18 1156.0 509.60 -482.64
19 1156.0 528.88 -476.87
20 1156.0 567.27 -541.76
21 1156.0 562.71 -526.97
22 1156.0 194.01 -401.61
23 1156.0 355.49 -575.18
24 1156.0 986.48 -604.96
25 1156.0 853.83 -532.65
6 1157.0 671.57 -429.11
7 1157.0 654.82 -433.46
8 1157.0 264.45 -428.11
9 1157.0 246.72 -433.25
10 1157.0 344.21 -548.17
11 1157.0 336.31 -521.51
12 1157.0 471.49 -645.02
13 1157.0 313.02 -782.43
14 1157.0 355.87 -529.16
15 1157.0 348.71 -531.40
16 1157.0 577.11 -779.53
17 1157.0 562.26 -783.88
18 1157.0 501.97 -484.67
19 1157.0 521.96 -478.98
20 1157.0 569.10 -547.62
21 1157.0 564.82 -533.91
22 1157.0 191.19 -394.57
23 1157.0 353.26 -568.00
24 1157.0 988.12 -610.61
25 1157.0 852.62 -525.27
6 1158.0 680.12 -430.23
7 1158.0 662.77 -430.39
8 1158.0 273.26 -425.57
9 1158.0 255.86 -430.59
10 1158.0 346.43 -555.99
11 1158.0 337.79 -526.32
12 1158.0 480.01 -642.45
13 1158.0 310.53 -774.27
14 1158.0 355.87 -529.16
15 1158.0 348.71 -531.40
16 1158.0 583.28 -777.68
17 1158.0 567.97 -782.21
18 1158.0 494.19 -486.83
19 1158.0 515.61 -480.92
20 1158.0 570.93 -553.45
21 1158.0 566.66 -539.81
22 1158.0 189.35 -390.87
23 1158.0 351.06 -560.61
24 1158.0 989.85 -616.33
25 1158.0 846.73 -521.15
6 1159.0 688.12 -431.87
7 1159.0 671.18 -429.11
8 1159.0 282.87 -422.81
9 1159.0 264.23 -428.17
10 1159.0 348.46 -563.16
11 1159.0 339.85 -533.18
12 1159.0 487.61 -640.15
13 1159.0 307.99 -765.84
14 1159.0 355.87 -529.17
15 1159.0 348.71 -531.40
16 1159.0 589.39 -775.83
17 1159.0 574.91 -780.18
18 1159.0 486.87 -489.28
19 1159.0 509.65 -482.62
20 1159.0 572.87 -559.66
21 1159.0 568.39 -545.34
22 1159.0 187.37 -390.14
23 1159.0 349.05 -553.50
24 1159.0 991.95 -622.69
25 1159.0 844.07 -513.71
6 1160.0 695.78 -433.45
7 1160.0 679.21 -430.04
8 1160.0 292.24 -420.12
9 1160.0 273.50 -425.50
10 1160.0 350.70 -570.53
11 1160.0 342.20 -541.10
12 1160.0 495.44 -637.78
13 1160.0 305.39 -757.31
14 1160.0 355.87 -529.17
15 1160.0 348.71 -531.40
16 1160.0 594.98 -774.11
17 1160.0 581.47 -778.22
18 1160.0 479.16 -491.75
19 1160.0 502.66 -484.49
20 1160.0 574.82 -565.92
21 1160.0 570.27 -551.34
22 1160.0 183.72 -393.93
23 1160.0 347.15 -546.79
24 1160.0 995.28 -627.73
25 1160.0 841.35 -504.91
6 1161.0 703.59 -435.05
7 1161.0 687.39 -431.72
8 1161.0 301.45 -417.56
9 1161.0 282.61 -422.88
10 1161.0 353.02 -578.05
11 1161.0 344.51 -549.21
12 1161.0 503.53 -635.33
13 1161.0 302.78 -748.74
14 1161.0 355.87 -529.17
15 1161.0 346.67 -532.32
16 1161.0 600.43 -772.39
17 1161.0 587.02 -776.54
18 1161.0 471.86 -493.96
19 1161.0 495.78 -486.29
20 1161.0 576.94 -572.68
21 1161.0 572.07 -557.12
22 1161.0 185.67 -397.99
23 1161.0 346.04 -542.85
24 1161.0 997.58 -634.13
25 1161.0 838.77 -496.51
6 1162.0 711.89 -437.12
7 1162.0 695.29 -433.35
8 1162.0 310.56 -415.00
9 1162.0 291.75 -420.26
10 1162.0 355.30 -585.38
11 1162.0 346.64 -556.74
12 1162.0 511.78 -632.84
13 1162.0 300.43 -741.01
14 1162.0 354.21 -529.70
15 1162.0 343.86 -534.37
16 1162.0 605.93 -770.67
17 1162.0 592.11 -775.00
18 1162.0 464.37 -496.23
19 1162.0 489.26 -488.48
20 1162.0 578.90 -578.97
21 1162.0 574.31 -564.29
22 1162.0 188.26 -404.45
23 1162.0 345.69 -541.62
24 1162.0 999.07 -640.53
25 1162.0 836.00 -487.45
6 1163.0 718.71 -440.76
7 1163.0 703.76 -435.08
8 1163.0 319.36 -412.47
9 1163.0 300.67 -417.78
10 1163.0 357.47 -592.43
11 1163.0 348.88 -564.63
12 1163.0 519.71 -630.44
13 1163.0 298.03 -733.13
14 1163.0 351.16 -530.67
15 1163.0 342.17 -539.36
16 1163.0 611.45 -769.00
17 1163.0 597.06 -773.45
18 1163.0 456.33 -498.66
19 1163.0 482.39 -490.77
20 1163.0 580.97 -585.60
21 1163.0 576.31 -570.69
22 1163.0 190.72 -410.61
23 1163.0 345.68 -541.60
24 1163.0 998.33 -646.99
25 1163.0 833.30 -478.64
6 1164.0 723.62 -447.72
7 1164.0 711.37 -436.96
8 1164.0 328.28 -409.88
9 1164.0 309.28 -415.36
10 1164.0 359.82 -600.19
11 1164.0 351.11 -571.85
12 1164.0 528.34 -627.83
13 1164.0 295.58 -725.07
14 1164.0 346.53 -532.39
15 1164.0 343.88 -547.00
16 1164.0 617.19 -767.28
17 1164.0 602.72 -771.67
18 1164.0 447.99 -501.18
19 1164.0 475.58 -492.83
20 1164.0 583.08 -592.32
21 1164.0 578.23 -576.82
22 1164.0 193.31 -416.83
23 1164.0 345.68 -541.59
24 1164.0 995.55 -651.80
25 1164.0 830.41 -470.50
6 1165.0 726.38 -455.93
7 1165.0 718.53 -440.62
8 1165.0 337.89 -407.08
9 1165.0 318.18 -412.81
10 1165.0 361.96 -607.34
11 1165.0 353.58 -579.85
12 1165.0 536.79 -625.27
13 1165.0 292.96 -716.46
14 1165.0 342.37 -537.35
15 1165.0 346.07 -554.71
16 1165.0 623.19 -765.47
17 1165.0 608.13 -770.00
18 1165.0 440.32 -503.50
19 1165.0 469.42 -494.70
20 1165.0 585.03 -598.56
21 1165.0 580.41 -583.78
22 1165.0 195.59 -421.98
23 1165.0 345.68 -541.59
24 1165.0 989.64 -652.91
25 1165.0 827.32 -463.89
6 1166.0 728.96 -463.83
7 1166.0 723.56 -447.54
8 1166.0 347.69 -404.24
9 1166.0 328.13 -409.92
10 1166.0 364.20 -614.87
11 1166.0 356.10 -587.96
12 1166.0 544.92 -622.81
13 1166.0 290.46 -708.26
14 1166.0 343.35 -545.13
15 1166.0 348.12 -561.96
16 1166.0 627.76 -764.09
17 1166.0 614.79 -768.00
18 1166.0 432.61 -505.82
19 1166.0 463.03 -496.63
20 1166.0 587.08 -605.14
21 1166.0 582.47 -590.37
22 1166.0 198.33 -429.24
23 1166.0 345.13 -539.72
24 1166.0 984.20 -654.98
25 1166.0 828.65 -454.54
6 1167.0 731.41 -471.75
7 1167.0 726.06 -455.00
8 1167.0 357.29 -401.45
9 1167.0 338.42 -406.93
10 1167.0 366.36 -622.16
11 1167.0 358.30 -595.15
12 1167.0 552.63 -620.48
13 1167.0 288.03 -700.33
14 1167.0 345.61 -553.08
15 1167.0 350.40 -569.57
16 1167.0 632.47 -763.55
17 1167.0 618.95 -766.75
18 1167.0 425.31 -508.02
19 1167.0 456.54 -498.60
20 1167.0 589.13 -611.73
21 1167.0 584.37 -596.44
22 1167.0 201.12 -436.77
23 1167.0 344.10 -536.26
24 1167.0 977.79 -657.07
25 1167.0 830.56 -446.27
6 1168.0 735.59 -479.20
7 1168.0 728.79 -463.29
8 1168.0 366.40 -398.80
9 1168.0 348.59 -403.98
10 1168.0 368.56 -629.57
11 1168.0 360.70 -603.14
12 1168.0 560.97 -617.95
13 1168.0 285.51 -692.13
14 1168.0 347.65 -560.29
15 1168.0 352.78 -577.27
16 1168.0 636.08 -767.04
17 1168.0 623.92 -765.25
18 1168.0 417.00 -510.52
19 1168.0 449.87 -500.62
20 1168.0 591.00 -617.74
21 1168.0 586.52 -603.34
22 1168.0 203.53 -442.82
23 1168.0 342.66 -531.38
24 1168.0 971.08 -659.10
25 1168.0 832.63 -436.93
6 1169.0 742.46 -484.12
7 1169.0 731.41 -471.75
8 1169.0 375.45 -396.17
9 1169.0 358.11 -401.21
10 1169.0 370.72 -636.86
11 1169.0 363.18 -611.44
12 1169.0 569.20 -615.47
13 1169.0 282.77 -683.26
14 1169.0 350.02 -568.33
15 1169.0 355.19 -585.03
16 1169.0 637.46 -771.33
17 1169.0 628.59 -763.85
18 1169.0 409.19 -512.85
19 1169.0 443.91 -502.42
20 1169.0 593.02 -624.26
21 1169.0 588.40 -609.38
22 1169.0 207.16 -449.83
23 1169.0 340.49 -524.20
24 1169.0 964.65 -660.89
25 1169.0 834.65 -427.82
6 1170.0 749.79 -485.72
7 1170.0 735.73 -479.34
8 1170.0 384.61 -394.19
9 1170.0 367.01 -398.62
10 1170.0 372.92 -644.28
11 1170.0 365.33 -618.69
12 1170.0 576.59 -613.23
13 1170.0 280.19 -674.84
14 1170.0 352.54 -576.49
15 1170.0 357.26 -591.73
16 1170.0 639.35 -777.82
17 1170.0 632.88 -763.65
18 1170.0 401.15 -515.27
19 1170.0 437.84 -504.25
20 1170.0 595.21 -631.31
21 1170.0 590.41 -615.86
22 1170.0 211.20 -457.39
23 1170.0 338.52 -517.84
24 1170.0 958.08 -662.71
25 1170.0 836.69 -418.60
6 1171.0 757.25 -485.35
7 1171.0 741.72 -483.76
8 1171.0 394.33 -392.20
9 1171.0 375.51 -396.16
10 1171.0 375.30 -652.27
11 1171.0 367.76 -626.88
12 1171.0 581.83 -611.65
13 1171.0 277.66 -666.80
14 1171.0 354.71 -583.49
15 1171.0 359.36 -598.65
16 1171.0 641.36 -784.44
17 1171.0 636.38 -767.77
18 1171.0 394.00 -517.41
19 1171.0 430.95 -506.32
20 1171.0 597.05 -637.26
21 1171.0 592.44 -622.39
22 1171.0 213.45 -465.12
23 1171.0 336.49 -511.28
24 1171.0 951.51 -664.28
25 1171.0 838.68 -412.77
6 1172.0 764.56 -483.24
7 1172.0 749.08 -485.68
8 1172.0 403.95 -389.24
9 1172.0 385.48 -394.23
10 1172.0 377.63 -660.14
11 1172.0 370.10 -634.77
12 1172.0 584.13 -609.38
13 1172.0 275.19 -658.84
14 1172.0 356.71 -589.92
15 1172.0 361.65 -606.32
16 1172.0 643.27 -790.76
17 1172.0 638.24 -774.02
18 1172.0 386.84 -519.56
19 1172.0 424.96 -508.13
20 1172.0 599.14 -643.98
21 1172.0 594.23 -628.16
22 1172.0 215.87 -473.96
23 1172.0 334.54 -504.96
24 1172.0 945.03 -664.41
25 1172.0 844.70 -406.85
6 1173.0 772.17 -480.85
7 1173.0 756.58 -485.48
8 1173.0 414.25 -388.85
9 1173.0 394.60 -392.12
10 1173.0 379.87 -667.45
11 1173.0 372.46 -642.71
12 1173.0 581.39 -608.44
13 1173.0 272.56 -650.36
14 1173.0 359.07 -597.70
15 1173.0 363.75 -613.38
16 1173.0 645.13 -796.91
17 1173.0 640.14 -780.43
18 1173.0 378.97 -521.93
19 1173.0 418.44 -510.09
20 1173.0 601.09 -650.27
21 1173.0 596.28 -634.77
22 1173.0 218.57 -483.33
23 1173.0 332.52 -498.44
24 1173.0 939.24 -662.11
25 1173.0 853.44 -403.10
6 1174.0 779.50 -478.56
7 1174.0 763.60 -483.54
8 1174.0 423.77 -386.00
9 1174.0 404.22 -389.16
10 1174.0 382.03 -674.29
11 1174.0 374.66 -650.13
12 1174.0 575.81 -610.13
13 1174.0 269.93 -641.91
14 1174.0 361.31 -605.17
15 1174.0 366.06 -621.15
16 1174.0 646.81 -802.47
17 1174.0 642.35 -787.73
18 1174.0 370.88 -524.41
19 1174.0 412.42 -511.88
20 1174.0 603.21 -657.13
21 1174.0 598.48 -641.86
22 1174.0 221.12 -492.08
23 1174.0 330.57 -492.14
24 1174.0 934.46 -658.89
25 1174.0 864.32 -402.37
6 1175.0 786.92 -476.25
7 1175.0 770.72 -481.31
8 1175.0 433.45 -382.59
9 1175.0 414.02 -388.87
10 1175.0 384.24 -681.37
11 1175.0 376.79 -657.30
12 1175.0 568.99 -612.19
13 1175.0 267.21 -633.08
14 1175.0 363.73 -613.30
15 1175.0 368.19 -628.35
16 1175.0 648.51 -808.08
17 1175.0 644.16 -793.70
18 1175.0 362.92 -526.90
19 1175.0 406.06 -513.79
20 1175.0 605.03 -663.25
21 1175.0 600.58 -648.65
22 1175.0 223.16 -498.97
23 1175.0 328.43 -485.11
24 1175.0 929.44 -654.27
25 1175.0 877.17 -402.08
6 1176.0 794.84 -473.80
7 1176.0 777.93 -479.05
8 1176.0 442.84 -379.61
9 1176.0 423.56 -386.07
10 1176.0 386.52 -688.82
11 1176.0 379.24 -665.45
12 1176.0 560.49 -614.76
13 1176.0 264.73 -624.96
14 1176.0 365.92 -620.70
15 1176.0 370.25 -635.27
16 1176.0 650.39 -814.30
17 1176.0 645.77 -799.01
18 1176.0 355.11 -529.41
19 1176.0 399.77 -515.68
20 1176.0 606.97 -669.77
21 1176.0 602.61 -655.17
22 1176.0 225.32 -506.18
23 1176.0 326.53 -478.79
24 1176.0 924.99 -650.14
25 1176.0 889.43 -404.92
6 1177.0 803.13 -471.24
7 1177.0 786.37 -476.42
8 1177.0 452.63 -376.72
9 1177.0 432.67 -382.87
10 1177.0 388.75 -696.08
11 1177.0 381.60 -672.94
12 1177.0 552.82 -617.08
13 1177.0 262.14 -616.45
14 1177.0 367.92 -627.42
15 1177.0 372.47 -642.76
16 1177.0 652.02 -819.71
17 1177.0 647.71 -805.44
18 1177.0 350.14 -530.98
19 1177.0 393.91 -517.44
20 1177.0 608.82 -676.01
21 1177.0 604.62 -661.87
22 1177.0 227.27 -512.62
23 1177.0 324.56 -472.37
24 1177.0 920.05 -645.56
25 1177.0 901.43 -407.69
6 1178.0 811.05 -468.73
7 1178.0 794.02 -474.06
8 1178.0 461.64 -374.06
9 1178.0 442.90 -379.60
10 1178.0 391.06 -703.62
11 1178.0 383.86 -680.13
12 1178.0 545.36 -619.34
13 1178.0 259.78 -608.70
14 1178.0 370.01 -634.45
15 1178.0 374.51 -649.61
16 1178.0 653.79 -825.57
17 1178.0 649.49 -811.32
18 1178.0 343.66 -534.59
19 1178.0 388.05 -519.20
20 1178.0 610.69 -682.33
21 1178.0 606.43 -667.96
22 1178.0 229.42 -519.70
23 1178.0 322.39 -465.31
24 1178.0 915.64 -641.48
25 1178.0 914.19 -410.83
6 1179.0 814.90 -467.96
7 1179.0 802.69 -471.37
8 1179.0 471.38 -371.18
9 1179.0 452.52 -376.75
10 1179.0 393.38 -711.17
11 1179.0 386.09 -687.41
12 1179.0 537.92 -621.59
13 1179.0 257.27 -600.44
14 1179.0 372.05 -641.34
15 1179.0 376.67 -656.89
16 1179.0 655.49 -831.22
17 1179.0 651.37 -817.56
18 1179.0 342.55 -542.18
19 1179.0 381.98 -521.01
20 1179.0 612.49 -688.39
21 1179.0 608.15 -673.77
22 1179.0 231.37 -526.11
23 1179.0 320.13 -457.94
24 1179.0 911.23 -637.39
25 1179.0 922.38 -413.58
6 1180.0 821.05 -466.32
7 1180.0 807.09 -470.01
8 1180.0 481.10 -368.31
9 1180.0 461.95 -373.97
10 1180.0 395.81 -719.09
11 1180.0 388.36 -694.80
12 1180.0 529.82 -624.04
13 1180.0 254.82 -592.39
14 1180.0 374.25 -648.74
15 1180.0 378.33 -662.50
16 1180.0 657.16 -836.78
17 1180.0 652.87 -822.53
18 1180.0 344.47 -549.08
19 1180.0 375.81 -522.90
20 1180.0 614.53 -695.18
21 1180.0 609.85 -679.48
22 1180.0 233.52 -533.21
23 1180.0 318.06 -451.17
24 1180.0 906.80 -633.28
25 1180.0 923.65 -413.95
6 1181.0 827.06 -460.92
7 1181.0 812.27 -468.46
8 1181.0 489.95 -365.69
9 1181.0 472.38 -370.89
10 1181.0 398.26 -727.06
11 1181.0 390.56 -701.97
12 1181.0 521.49 -626.57
13 1181.0 252.25 -583.93
14 1181.0 375.86 -654.18
15 1181.0 378.63 -667.85
16 1181.0 658.83 -842.31
17 1181.0 654.69 -828.58
18 1181.0 346.68 -556.89
19 1181.0 368.97 -525.00
20 1181.0 616.62 -702.13
21 1181.0 612.01 -686.77
22 1181.0 235.66 -540.26
23 1181.0 316.08 -444.71
24 1181.0 902.13 -628.95
25 1181.0 922.81 -413.61
6 1182.0 830.25 -456.32
7 1182.0 819.73 -466.78
8 1182.0 499.25 -362.95
9 1182.0 481.13 -368.30
10 1182.0 400.66 -734.90
11 1182.0 393.00 -709.91
12 1182.0 513.36 -629.02
13 1182.0 249.57 -575.12
14 1182.0 377.42 -659.41
15 1182.0 373.57 -671.16
16 1182.0 660.55 -848.15
17 1182.0 656.20 -833.59
18 1182.0 348.86 -564.57
19 1182.0 362.88 -526.91
20 1182.0 618.69 -709.00
21 1182.0 614.05 -693.61
22 1182.0 237.90 -547.65
23 1182.0 313.91 -437.62
24 1182.0 897.69 -624.84
25 1182.0 922.77 -413.60
6 1183.0 836.76 -456.75
7 1183.0 824.94 -463.98
8 1183.0 507.98 -360.55
9 1183.0 490.04 -365.67
10 1183.0 402.77 -741.75
11 1183.0 395.44 -717.88
12 1183.0 505.37 -631.44
13 1183.0 247.92 -569.17
14 1183.0 378.05 -661.54
15 1183.0 366.73 -673.25
16 1183.0 662.43 -854.57
17 1183.0 658.05 -839.71
18 1183.0 351.08 -571.75
19 1183.0 357.09 -528.77
20 1183.0 620.70 -715.67
21 1183.0 615.99 -700.03
22 1183.0 240.13 -555.01
23 1183.0 311.64 -430.28
24 1183.0 892.91 -620.22
25 1183.0 922.75 -413.59
6 1184.0 845.32 -458.64
7 1184.0 827.99 -458.61
8 1184.0 513.00 -359.51
9 1184.0 499.47 -362.88
10 1184.0 404.87 -748.57
11 1184.0 397.86 -725.76
12 1184.0 497.82 -633.72
13 1184.0 250.61 -563.84
14 1184.0 378.32 -662.47
15 1184.0 359.53 -675.45
16 1184.0 664.31 -860.99
17 1184.0 659.91 -845.94
18 1184.0 353.62 -579.98
19 1184.0 351.51 -530.56
20 1184.0 622.72 -722.41
21 1184.0 617.92 -706.47
22 1184.0 242.22 -561.90
23 1184.0 310.41 -426.38
24 1184.0 888.59 -615.83
25 1184.0 923.27 -413.92
6 1185.0 856.02 -460.99
7 1185.0 833.14 -456.04
8 1185.0 516.65 -362.36
9 1185.0 504.39 -361.46
10 1185.0 406.89 -755.41
11 1185.0 400.19 -733.35
12 1185.0 490.09 -636.06
13 1185.0 257.30 -561.66
14 1185.0 378.38 -662.68
15 1185.0 352.45 -677.62
16 1185.0 666.03 -866.86
17 1185.0 661.71 -852.10
18 1185.0 356.09 -587.94
19 1185.0 346.08 -532.59
20 1185.0 624.75 -729.13
21 1185.0 619.98 -713.30
22 1185.0 244.25 -568.61
23 1185.0 309.04 -420.38
24 1185.0 883.94 -611.10
25 1185.0 927.29 -415.99
6 1186.0 869.24 -463.90
7 1186.0 839.50 -457.36
8 1186.0 520.17 -365.68
9 1186.0 509.80 -360.09
10 1186.0 409.02 -762.57
11 1186.0 402.68 -741.47
12 1186.0 482.57 -638.33
13 1186.0 266.02 -559.10
14 1186.0 378.40 -662.74
15 1186.0 344.37 -678.32
16 1186.0 667.07 -872.94
17 1186.0 663.31 -857.57
18 1186.0 358.32 -595.22
19 1186.0 342.28 -537.70
20 1186.0 626.83 -735.95
21 1186.0 621.97 -719.90
22 1186.0 246.23 -575.13
23 1186.0 311.74 -414.92
24 1186.0 879.35 -606.43
25 1186.0 932.68 -419.33
6 1187.0 882.58 -467.55
7 1187.0 848.00 -459.23
8 1187.0 520.58 -373.11
9 1187.0 514.87 -359.75
10 1187.0 411.24 -770.03
11 1187.0 405.00 -749.02
12 1187.0 474.92 -640.64
13 1187.0 274.42 -556.62
14 1187.0 378.41 -662.77
15 1187.0 336.76 -679.06
16 1187.0 663.53 -878.37
17 1187.0 665.08 -863.63
18 1187.0 360.67 -603.02
19 1187.0 342.93 -543.64
20 1187.0 628.81 -742.47
21 1187.0 624.07 -726.87
22 1187.0 248.16 -581.46
23 1187.0 316.97 -409.82
24 1187.0 874.64 -601.63
25 1187.0 939.60 -423.63
6 1188.0 885.47 -480.54
7 1188.0 858.79 -461.60
8 1188.0 520.97 -380.29
9 1188.0 520.03 -363.05
10 1188.0 413.56 -777.86
11 1188.0 407.32 -756.83
12 1188.0 466.30 -643.25
13 1188.0 282.44 -554.26
14 1188.0 378.41 -662.78
15 1188.0 330.10 -681.09
16 1188.0 657.82 -880.77
17 1188.0 666.84 -870.01
18 1188.0 362.80 -610.17
19 1188.0 344.78 -550.17
20 1188.0 630.85 -749.18
21 1188.0 626.01 -733.28
22 1188.0 250.31 -588.55
23 1188.0 324.21 -404.39
24 1188.0 871.36 -596.87
25 1188.0 945.06 -424.90
6 1189.0 889.45 -493.86
7 1189.0 870.90 -464.27
8 1189.0 521.33 -386.82
9 1189.0 520.42 -370.14
10 1189.0 415.94 -785.87
11 1189.0 409.76 -765.06
12 1189.0 458.89 -645.48
13 1189.0 291.18 -551.68
14 1189.0 378.42 -662.78
15 1189.0 322.63 -683.35
16 1189.0 651.66 -882.67
17 1189.0 665.57 -876.73
18 1189.0 365.06 -617.77
19 1189.0 346.47 -556.14
20 1189.0 632.32 -754.68
21 1189.0 627.94 -739.63
22 1189.0 252.53 -595.87
23 1189.0 333.87 -401.58
24 1189.0 869.38 -590.52
25 1189.0 952.63 -425.12
6 1190.0 892.92 -505.47
7 1190.0 883.69 -469.83
8 1190.0 521.74 -394.39
9 1190.0 520.81 -377.41
10 1190.0 418.27 -793.73
11 1190.0 412.13 -773.03
12 1190.0 451.11 -647.84
13 1190.0 299.17 -549.33
14 1190.0 378.42 -662.78
15 1190.0 315.98 -685.37
16 1190.0 646.12 -884.38
17 1190.0 659.66 -880.20
18 1190.0 367.52 -626.07
19 1190.0 348.29 -562.53
20 1190.0 630.47 -759.67
21 1190.0 629.79 -745.71
22 1190.0 254.48 -602.29
23 1190.0 343.04 -398.92
24 1190.0 867.69 -584.82
25 1190.0 959.75 -426.07
6 1191.0 896.00 -512.32
7 1191.0 886.34 -483.43
8 1191.0 522.99 -401.86
9 1191.0 521.21 -384.76
10 1191.0 420.47 -801.13
11 1191.0 414.26 -780.23
12 1191.0 443.38 -650.17
13 1191.0 307.39 -546.89
14 1191.0 378.42 -662.78
15 1191.0 308.40 -687.67
16 1191.0 640.18 -886.22
17 1191.0 654.50 -881.79
18 1191.0 369.98 -634.38
19 1191.0 350.14 -568.72
20 1191.0 626.01 -761.28
21 1191.0 631.45 -751.18
22 1191.0 256.52 -608.98
23 1191.0 352.06 -396.30
24 1191.0 865.87 -578.69
25 1191.0 968.20 -430.43
6 1192.0 902.93 -514.33
7 1192.0 890.01 -495.72
8 1192.0 525.32 -408.94
9 1192.0 521.68 -393.28
10 1192.0 422.78 -808.90
11 1192.0 416.45 -787.59
12 1192.0 435.63 -652.52
13 1192.0 315.39 -544.48
14 1192.0 378.42 -662.78
15 1192.0 300.98 -689.92
16 1192.0 633.79 -888.19
17 1192.0 648.59 -883.62
18 1192.0 372.42 -642.58
19 1192.0 352.26 -575.56
20 1192.0 619.68 -763.18
21 1192.0 632.53 -756.13
22 1192.0 258.58 -615.78
23 1192.0 361.65 -393.51
24 1192.0 863.96 -572.26
25 1192.0 973.16 -433.96
6 1193.0 910.64 -512.28
7 1193.0 893.07 -505.97
8 1193.0 527.64 -415.77
9 1193.0 522.80 -401.29
10 1193.0 425.10 -816.73
11 1193.0 418.56 -794.71
12 1193.0 427.58 -654.95
13 1193.0 324.22 -541.94
14 1193.0 378.42 -662.78
15 1193.0 294.56 -691.87
16 1193.0 627.51 -890.13
17 1193.0 642.25 -885.58
18 1193.0 374.57 -649.83
19 1193.0 354.09 -581.47
20 1193.0 613.19 -765.14
21 1193.0 629.63 -760.04
22 1193.0 260.58 -622.37
23 1193.0 370.68 -390.89
24 1193.0 862.14 -566.14
25 1193.0 976.37 -435.29
6 1194.0 918.25 -510.01
7 1194.0 896.29 -512.58
8 1194.0 529.87 -422.29
9 1194.0 524.76 -407.25
10 1194.0 427.20 -823.64
11 1194.0 420.68 -801.84
12 1194.0 419.41 -657.42
13 1194.0 333.05 -539.30
14 1194.0 378.42 -662.78
15 1194.0 289.33 -693.10
16 1194.0 621.18 -892.09
17 1194.0 636.05 -887.49
18 1194.0 375.71 -653.68
19 1194.0 355.94 -587.44
20 1194.0 606.70 -767.09
21 1194.0 624.56 -761.72
22 1194.0 262.68 -629.22
23 1194.0 379.61 -388.34
24 1194.0 860.40 -560.26
25 1194.0 978.23 -429.72
6 1195.0 926.18 -507.64
7 1195.0 903.54 -514.24
8 1195.0 531.30 -429.28
9 1195.0 526.93 -413.70
10 1195.0 429.27 -830.45
11 1195.0 423.03 -809.74
12 1195.0 411.50 -659.82
13 1195.0 339.32 -538.48
14 1195.0 378.42 -662.78
15 1195.0 284.83 -689.56
16 1195.0 615.77 -893.75
17 1195.0 629.27 -889.59
18 1195.0 376.14 -655.11
19 1195.0 357.73 -593.29
20 1195.0 600.46 -769.03
21 1195.0 618.24 -763.62
22 1195.0 264.68 -635.72
23 1195.0 389.64 -386.95
24 1195.0 858.46 -553.73
25 1195.0 973.69 -426.49
6 1196.0 934.22 -505.23
7 1196.0 911.36 -512.07
8 1196.0 531.06 -436.19
9 1196.0 529.34 -420.74
10 1196.0 431.70 -838.32
11 1196.0 425.17 -816.94
12 1196.0 403.40 -662.27
13 1196.0 342.82 -543.26
14 1196.0 378.42 -662.78
15 1196.0 282.95 -683.86
16 1196.0 610.36 -895.40
17 1196.0 624.06 -891.20
18 1196.0 376.24 -655.44
19 1196.0 359.74 -599.93
20 1196.0 594.28 -770.98
21 1196.0 611.40 -765.68
22 1196.0 266.85 -642.76
23 1196.0 398.55 -384.21
24 1196.0 856.59 -547.45
25 1196.0 967.86 -422.89
6 1197.0 942.37 -502.80
7 1197.0 919.40 -509.66
8 1197.0 533.28 -443.42
9 1197.0 531.31 -427.08
10 1197.0 433.82 -845.16
11 1197.0 427.46 -824.51
12 1197.0 395.63 -664.62
13 1197.0 344.95 -550.75
14 1197.0 378.42 -662.78
15 1197.0 280.54 -675.97
16 1197.0 604.11 -897.32
17 1197.0 618.48 -892.92
18 1197.0 376.28 -655.59
19 1197.0 361.60 -606.16
20 1197.0 587.53 -773.05
21 1197.0 604.53 -767.74
22 1197.0 268.78 -648.99
23 1197.0 407.46 -381.10
24 1197.0 854.96 -541.35
25 1197.0 958.84 -421.54
6 1198.0 949.20 -500.24
7 1198.0 926.93 -507.41
8 1198.0 535.50 -450.65
9 1198.0 530.81 -435.40
10 1198.0 436.24 -852.99
11 1198.0 429.67 -831.74
12 1198.0 389.00 -666.63
13 1198.0 347.17 -558.60
14 1198.0 378.42 -662.78
15 1198.0 278.50 -669.31
16 1198.0 598.10 -899.16
17 1198.0 612.29 -894.81
18 1198.0 376.28 -655.59
19 1198.0 363.34 -611.99
20 1198.0 581.47 -774.89
21 1198.0 598.29 -769.71
22 1198.0 271.03 -656.24
23 1198.0 415.51 -375.34
24 1198.0 853.70 -534.44
25 1198.0 948.76 -419.43
6 1199.0 952.30 -493.23
7 1199.0 934.77 -505.07
8 1199.0 537.54 -457.20
9 1199.0 532.94 -442.31
10 1199.0 438.65 -860.79
11 1199.0 432.20 -839.92
12 1199.0 382.88 -671.83
13 1199.0 349.54 -566.77
14 1199.0 378.42 -662.78
15 1199.0 276.13 -661.86
16 1199.0 591.66 -901.14
17 1199.0 606.68 -896.53
18 1199.0 376.28 -655.59
19 1199.0 365.33 -618.69
20 1199.0 575.46 -776.67
21 1199.0 590.92 -772.02
22 1199.0 273.16 -663.11
23 1199.0 425.09 -371.97
24 1199.0 854.04 -528.90
25 1199.0 946.68 -418.72
