0 0.0 210.00 -440.00
1 0.0 380.00 -670.00
2 0.0 430.00 -820.00
3 0.0 520.00 -350.00
4 0.0 550.00 -470.00
5 0.0 850.00 -530.00
6 0.0 624.61 -717.60
7 0.0 630.04 -735.54
8 0.0 327.38 -840.51
9 0.0 556.84 -615.86
10 0.0 572.65 -611.09
11 0.0 586.14 -602.96
12 0.0 311.51 -440.73
13 0.0 518.20 -338.73
14 0.0 528.49 -339.65
15 0.0 300.35 -740.74
16 0.0 582.86 -611.34
17 0.0 474.46 -644.12
18 0.0 378.83 -667.06
19 0.0 830.22 -470.23
20 0.0 859.31 -556.61
21 0.0 660.66 -848.53
22 0.0 656.54 -834.70
23 0.0 606.95 -770.36
24 0.0 617.49 -693.93
25 0.0 656.81 -824.55
26 0.0 314.68 -798.79
27 0.0 601.63 -652.03
28 0.0 582.13 -589.30
29 0.0 577.87 -575.68
30 0.0 349.19 -554.00
31 0.0 343.41 -882.01
32 0.0 348.31 -898.01
33 0.0 517.11 -341.05
34 0.0 528.13 -437.55
35 0.0 922.74 -413.59
6 1.0 622.14 -709.39
7 1.0 627.47 -727.07
8 1.0 329.53 -847.57
9 1.0 549.77 -618.00
10 1.0 565.15 -613.35
11 1.0 583.12 -607.76
12 1.0 313.81 -448.25
13 1.0 510.63 -341.50
14 1.0 528.48 -335.16
15 1.0 298.02 -733.09
16 1.0 582.95 -611.31
17 1.0 481.28 -642.06
18 1.0 374.77 -670.79
19 1.0 825.43 -466.07
20 1.0 857.68 -551.10
21 1.0 662.60 -855.15
22 1.0 658.19 -840.19
23 1.0 613.82 -768.29
24 1.0 615.04 -685.75
25 1.0 655.02 -818.60
26 1.0 316.81 -805.83
27 1.0 603.55 -658.27
28 1.0 583.84 -594.76
29 1.0 579.38 -580.49
30 1.0 347.29 -547.27
31 1.0 341.21 -874.83
32 1.0 345.88 -890.05
33 1.0 516.91 -343.01
34 1.0 530.65 -445.76
35 1.0 922.74 -413.59
6 2.0 619.95 -702.11
7 2.0 625.12 -719.29
8 2.0 331.84 -855.12
9 2.0 543.12 -620.02
10 2.0 558.40 -615.39
11 2.0 577.79 -609.53
12 2.0 316.04 -455.53
13 2.0 501.50 -344.19
14 2.0 524.18 -336.39
15 2.0 295.63 -725.26
16 2.0 582.97 -611.30
17 2.0 487.72 -640.11
18 2.0 367.44 -673.03
19 2.0 817.95 -464.55
20 2.0 855.86 -545.18
21 2.0 664.27 -860.87
22 2.0 660.30 -847.30
23 2.0 620.04 -766.42
24 2.0 612.87 -678.44
25 2.0 652.92 -811.62
26 2.0 318.89 -812.88
27 2.0 605.52 -664.89
28 2.0 585.76 -600.91
29 2.0 581.21 -586.36
30 2.0 346.02 -542.79
31 2.0 339.31 -868.61
32 2.0 343.92 -883.67
33 2.0 516.48 -347.41
34 2.0 533.18 -453.99
35 2.0 922.74 -413.59
6 3.0 617.46 -693.85
7 3.0 622.72 -711.31
8 3.0 334.00 -862.17
9 3.0 535.84 -622.21
10 3.0 551.24 -617.56
11 3.0 570.07 -611.86
12 3.0 318.36 -463.10
13 3.0 490.53 -347.58
14 3.0 518.61 -338.57
15 3.0 293.21 -717.29
16 3.0 584.14 -609.27
17 3.0 494.13 -638.17
18 3.0 360.24 -675.23
19 3.0 810.28 -465.62
20 3.0 854.40 -538.99
21 3.0 665.91 -866.47
22 3.0 662.00 -853.11
23 3.0 625.60 -764.74
24 3.0 610.74 -671.24
25 3.0 650.94 -805.09
26 3.0 321.00 -820.12
27 3.0 607.56 -671.76
28 3.0 588.07 -608.32
29 3.0 583.14 -592.53
30 3.0 344.29 -536.90
31 3.0 337.17 -861.64
32 3.0 341.76 -876.62
33 3.0 516.54 -353.30
34 3.0 535.17 -460.32
35 3.0 922.74 -413.59
6 4.0 615.01 -685.65
7 4.0 620.20 -702.95
8 4.0 336.11 -869.06
9 4.0 529.46 -624.15
10 4.0 543.65 -619.86
11 4.0 562.65 -614.11
12 4.0 320.64 -470.51
13 4.0 480.21 -350.77
14 4.0 510.67 -341.49
15 4.0 290.91 -709.75
16 4.0 580.86 -608.60
17 4.0 500.55 -636.23
18 4.0 352.66 -677.55
19 4.0 802.57 -468.06
20 4.0 853.84 -532.47
21 4.0 667.09 -872.76
22 4.0 663.59 -858.54
23 4.0 631.09 -763.43
24 4.0 608.37 -663.29
25 4.0 648.97 -798.58
26 4.0 323.04 -826.58
27 4.0 609.53 -678.40
28 4.0 590.40 -615.79
29 4.0 585.23 -599.21
30 4.0 342.09 -529.45
31 4.0 335.67 -855.84
32 4.0 339.77 -870.13
33 4.0 516.78 -360.20
34 4.0 536.09 -463.28
35 4.0 922.74 -413.59
6 5.0 612.75 -678.04
7 5.0 617.90 -695.31
8 5.0 338.53 -876.96
9 5.0 522.93 -626.13
10 5.0 537.20 -621.81
11 5.0 555.67 -616.22
12 5.0 322.80 -477.52
13 5.0 469.46 -354.10
14 5.0 501.19 -344.28
15 5.0 288.43 -701.62
16 5.0 574.91 -610.40
17 5.0 507.21 -634.22
18 5.0 345.00 -678.53
19 5.0 795.59 -470.22
20 5.0 853.77 -527.60
21 5.0 664.33 -877.84
22 5.0 665.31 -864.39
23 5.0 635.37 -765.53
24 5.0 606.20 -655.97
25 5.0 646.97 -791.97
26 5.0 325.20 -833.43
27 5.0 611.40 -684.70
28 5.0 592.67 -623.12
29 5.0 587.45 -606.33
30 5.0 339.94 -522.45
31 5.0 337.94 -851.49
32 5.0 337.96 -864.22
33 5.0 516.94 -365.26
34 5.0 536.35 -464.12
35 5.0 922.74 -413.59
6 6.0 610.48 -670.37
7 6.0 615.62 -687.70
8 6.0 340.80 -884.39
9 6.0 516.55 -628.06
10 6.0 530.61 -623.80
11 6.0 547.72 -618.62
12 6.0 325.02 -484.85
13 6.0 458.44 -357.50
14 6.0 491.75 -347.20
15 6.0 285.91 -693.44
16 6.0 566.82 -612.85
17 6.0 514.18 -632.11
18 6.0 337.01 -678.99
19 6.0 788.25 -472.49
20 6.0 850.24 -524.06
21 6.0 659.25 -880.32
22 6.0 666.90 -870.27
23 6.0 637.28 -770.71
24 6.0 603.64 -647.70
25 6.0 644.86 -785.00
26 6.0 327.44 -840.72
27 6.0 613.31 -691.15
28 6.0 594.78 -629.93
29 6.0 589.76 -613.74
30 6.0 337.76 -515.38
31 6.0 343.06 -849.68
32 6.0 336.61 -859.80
33 6.0 517.26 -371.09
34 6.0 536.38 -464.22
35 6.0 922.74 -413.59
6 7.0 608.22 -662.75
7 7.0 613.40 -680.21
8 7.0 343.08 -891.85
9 7.0 509.65 -630.14
10 7.0 524.57 -625.63
11 7.0 540.06 -620.94
12 7.0 327.30 -492.39
13 7.0 448.00 -360.66
14 7.0 481.72 -350.30
15 7.0 283.41 -685.33
16 7.0 558.38 -615.40
17 7.0 520.92 -630.08
18 7.0 329.69 -681.21
19 7.0 780.38 -474.93
20 7.0 846.22 -520.06
21 7.0 653.35 -882.15
22 7.0 666.31 -875.76
23 7.0 638.96 -776.52
24 7.0 601.17 -639.71
25 7.0 642.83 -778.29
26 7.0 329.43 -847.24
27 7.0 615.43 -698.18
28 7.0 596.80 -636.43
29 7.0 591.72 -620.06
30 7.0 335.72 -508.78
31 7.0 350.50 -847.44
32 7.0 335.96 -853.66
33 7.0 517.58 -376.94
34 7.0 536.39 -464.25
35 7.0 922.74 -413.59
6 8.0 605.76 -654.53
7 8.0 611.18 -672.73
8 8.0 345.31 -899.11
9 8.0 502.58 -632.28
10 8.0 518.26 -627.54
11 8.0 533.87 -622.81
12 8.0 329.65 -499.97
13 8.0 437.14 -360.54
14 8.0 471.46 -353.48
15 8.0 280.88 -677.09
16 8.0 549.74 -618.01
17 8.0 527.65 -628.04
18 8.0 322.03 -683.54
19 8.0 773.43 -477.09
20 8.0 844.40 -514.73
21 8.0 647.27 -884.03
22 8.0 661.93 -879.22
23 8.0 640.94 -783.08
24 8.0 598.75 -631.91
25 8.0 641.11 -772.43
26 8.0 331.41 -853.71
27 8.0 617.29 -704.37
28 8.0 598.74 -642.69
29 8.0 593.82 -626.84
30 8.0 333.58 -501.85
31 8.0 356.98 -845.50
32 8.0 341.12 -850.26
33 8.0 517.92 -383.05
34 8.0 536.39 -464.26
35 8.0 922.74 -413.59
6 9.0 603.42 -646.99
7 9.0 608.69 -664.33
8 9.0 347.75 -907.09
9 9.0 495.40 -634.45
10 9.0 510.71 -629.82
11 9.0 527.71 -624.68
12 9.0 331.76 -506.80
13 9.0 427.14 -363.50
14 9.0 461.04 -353.35
15 9.0 278.22 -668.51
16 9.0 543.19 -619.99
17 9.0 534.37 -626.00
18 9.0 314.51 -685.82
19 9.0 766.37 -479.32
20 9.0 842.45 -508.51
21 9.0 641.58 -885.79
22 9.0 655.90 -881.36
23 9.0 642.84 -789.35
24 9.0 596.25 -623.85
25 9.0 639.25 -766.21
26 9.0 333.55 -860.71
27 9.0 619.23 -710.81
28 9.0 600.88 -649.59
29 9.0 596.02 -633.94
30 9.0 331.63 -495.55
31 9.0 363.87 -843.44
32 9.0 347.77 -848.26
33 9.0 518.26 -389.29
34 9.0 536.39 -464.26
35 9.0 922.74 -413.59
6 10.0 600.95 -639.02
7 10.0 606.31 -656.33
8 10.0 350.15 -914.90
9 10.0 487.96 -636.70
10 10.0 503.09 -632.13
11 10.0 520.54 -626.85
12 10.0 334.23 -514.81
13 10.0 416.87 -366.54
14 10.0 451.82 -356.20
15 10.0 275.66 -660.34
16 10.0 537.07 -621.84
17 10.0 541.31 -623.90
18 10.0 306.38 -688.28
19 10.0 759.08 -481.59
20 10.0 840.70 -502.78
21 10.0 635.35 -887.71
22 10.0 649.91 -883.21
23 10.0 644.76 -795.69
24 10.0 593.78 -615.92
25 10.0 637.49 -760.28
26 10.0 335.78 -868.01
27 10.0 621.10 -717.01
28 10.0 602.86 -656.00
29 10.0 598.17 -640.86
30 10.0 329.64 -489.10
31 10.0 370.86 -841.34
32 10.0 355.07 -846.07
33 10.0 518.60 -395.52
34 10.0 536.39 -464.26
35 10.0 922.74 -413.59
6 11.0 598.64 -631.57
7 11.0 603.79 -648.18
8 11.0 352.35 -922.10
9 11.0 480.71 -638.89
10 11.0 496.24 -634.20
11 11.0 513.30 -629.04
12 11.0 336.60 -522.48
13 11.0 406.34 -369.66
14 11.0 441.94 -359.12
15 11.0 272.98 -651.73
16 11.0 528.87 -624.33
17 11.0 548.03 -621.87
18 11.0 299.13 -690.48
19 11.0 751.51 -482.62
20 11.0 838.87 -496.81
21 11.0 629.59 -889.49
22 11.0 643.65 -885.14
23 11.0 646.77 -802.34
24 11.0 591.47 -608.47
25 11.0 635.50 -753.59
26 11.0 337.87 -874.82
27 11.0 623.03 -723.41
28 11.0 604.97 -663.05
29 11.0 600.39 -648.02
30 11.0 327.70 -482.66
31 11.0 378.19 -839.15
32 11.0 362.70 -843.79
33 11.0 519.54 -401.57
34 11.0 536.39 -464.26
35 11.0 922.74 -413.59
6 12.0 596.03 -623.16
7 12.0 601.46 -640.67
8 12.0 354.60 -929.46
9 12.0 473.91 -640.95
10 12.0 488.91 -636.41
11 12.0 505.89 -631.28
12 12.0 338.15 -527.47
13 12.0 396.27 -373.41
14 12.0 431.96 -362.08
15 12.0 270.33 -643.20
16 12.0 521.26 -626.63
17 12.0 555.11 -619.73
18 12.0 293.94 -692.06
19 12.0 744.11 -481.36
20 12.0 837.06 -490.93
21 12.0 623.43 -891.39
22 12.0 637.45 -887.06
23 12.0 648.71 -808.73
24 12.0 588.98 -600.48
25 12.0 633.50 -746.92
26 12.0 340.01 -881.82
27 12.0 624.79 -729.26
28 12.0 607.10 -670.23
29 12.0 602.61 -655.18
30 12.0 325.52 -475.49
31 12.0 385.25 -837.03
32 12.0 370.21 -841.54
33 12.0 521.44 -407.37
34 12.0 536.39 -464.26
35 12.0 922.74 -413.59
6 13.0 593.55 -615.18
7 13.0 598.85 -632.23
8 13.0 356.99 -937.27
9 13.0 466.59 -643.16
10 13.0 481.78 -638.57
11 13.0 498.69 -633.46
12 13.0 340.06 -533.87
13 13.0 386.55 -377.18
14 13.0 421.63 -365.13
15 13.0 267.71 -634.69
16 13.0 514.24 -628.76
17 13.0 561.28 -617.86
18 13.0 288.30 -692.86
19 13.0 738.30 -477.41
20 13.0 835.13 -484.61
21 13.0 617.95 -893.08
22 13.0 631.58 -888.88
23 13.0 650.45 -814.49
24 13.0 586.60 -592.83
25 13.0 631.60 -740.68
26 13.0 342.21 -888.98
27 13.0 626.93 -736.28
28 13.0 609.13 -677.06
29 13.0 604.65 -661.98
30 13.0 323.32 -468.32
31 13.0 392.21 -834.95
32 13.0 376.60 -839.62
33 13.0 523.47 -413.49
34 13.0 536.39 -464.26
35 13.0 922.74 -413.59
6 14.0 590.98 -606.90
7 14.0 596.35 -624.17
8 14.0 359.11 -944.18
9 14.0 459.73 -645.23
10 14.0 474.81 -640.68
11 14.0 490.98 -635.79
12 14.0 342.45 -541.94
13 14.0 376.63 -380.11
14 14.0 411.83 -368.03
15 14.0 265.42 -627.23
16 14.0 507.11 -630.91
17 14.0 567.44 -616.00
18 14.0 284.51 -688.88
19 14.0 734.31 -470.33
20 14.0 833.24 -478.46
21 14.0 612.46 -894.76
22 14.0 626.47 -890.45
23 14.0 652.18 -820.25
24 14.0 584.21 -585.18
25 14.0 629.55 -733.92
26 14.0 344.31 -895.85
27 14.0 629.05 -743.28
28 14.0 611.21 -684.07
29 14.0 606.73 -668.97
30 14.0 321.33 -461.86
31 14.0 398.99 -832.92
32 14.0 383.56 -837.54
33 14.0 525.63 -419.79
34 14.0 536.39 -464.26
35 14.0 923.58 -414.08
6 15.0 588.67 -599.47
7 15.0 593.74 -615.79
8 15.0 361.28 -951.25
9 15.0 452.64 -647.37
10 15.0 468.50 -642.58
11 15.0 484.07 -637.88
12 15.0 344.55 -549.34
13 15.0 365.48 -383.41
14 15.0 401.83 -370.99
15 15.0 263.00 -619.28
16 15.0 499.03 -633.35
17 15.0 574.50 -613.86
18 15.0 282.31 -681.76
19 15.0 732.20 -463.49
20 15.0 831.48 -472.83
21 15.0 606.32 -896.64
22 15.0 621.48 -891.99
23 15.0 654.12 -826.66
24 15.0 581.69 -577.14
25 15.0 627.48 -727.11
26 15.0 346.34 -902.47
27 15.0 630.83 -749.12
28 15.0 613.19 -690.74
29 15.0 608.65 -675.45
30 15.0 319.05 -454.43
31 15.0 406.07 -830.79
32 15.0 391.07 -835.29
33 15.0 527.64 -425.68
34 15.0 536.39 -464.26
35 15.0 928.02 -416.36
6 16.0 586.07 -591.14
7 16.0 591.45 -608.40
8 16.0 363.73 -959.25
9 16.0 446.27 -649.30
10 16.0 461.67 -644.65
11 16.0 476.76 -640.09
12 16.0 346.67 -556.83
13 16.0 354.79 -386.57
14 16.0 392.51 -375.41
15 16.0 260.43 -610.82
16 16.0 492.29 -635.39
17 16.0 580.18 -612.15
18 16.0 279.94 -674.02
19 16.0 730.05 -456.82
20 16.0 828.08 -467.78
21 16.0 600.14 -898.54
22 16.0 614.75 -894.06
23 16.0 656.17 -833.49
24 16.0 579.31 -569.52
25 16.0 625.40 -720.22
26 16.0 348.29 -908.84
27 16.0 632.26 -754.29
28 16.0 615.35 -697.92
29 16.0 610.58 -681.96
30 16.0 317.00 -447.73
31 16.0 413.13 -828.66
32 16.0 397.33 -833.42
33 16.0 527.78 -431.73
34 16.0 536.39 -464.26
35 16.0 934.22 -420.43
6 17.0 583.64 -583.38
7 17.0 589.10 -600.85
8 17.0 366.52 -966.81
9 17.0 438.80 -651.56
10 17.0 455.11 -646.63
11 17.0 469.46 -642.29
12 17.0 348.74 -564.13
13 17.0 344.52 -389.61
14 17.0 382.85 -378.27
15 17.0 258.13 -603.26
16 17.0 485.62 -637.41
17 17.0 583.14 -611.19
18 17.0 277.51 -666.31
19 17.0 727.71 -449.87
20 17.0 822.71 -465.17
21 17.0 594.19 -900.36
22 17.0 608.77 -895.89
23 17.0 658.25 -840.39
24 17.0 576.77 -561.39
25 17.0 623.47 -713.81
26 17.0 350.26 -915.29
27 17.0 631.08 -759.12
28 17.0 617.29 -704.35
29 17.0 612.71 -689.11
30 17.0 315.08 -441.46
31 17.0 419.07 -826.89
32 17.0 404.47 -831.27
33 17.0 528.17 -437.69
34 17.0 536.39 -464.26
35 17.0 942.90 -424.27
6 18.0 581.05 -575.09
7 18.0 586.49 -592.49
8 18.0 372.66 -970.12
9 18.0 431.71 -653.70
10 18.0 447.64 -648.89
11 18.0 463.68 -644.04
12 18.0 350.83 -570.96
13 18.0 333.59 -392.84
14 18.0 372.49 -381.34
15 18.0 255.58 -594.88
16 18.0 478.05 -639.70
17 18.0 583.99 -609.11
18 18.0 275.17 -658.76
19 18.0 724.46 -442.79
20 18.0 816.19 -464.50
21 18.0 588.11 -902.22
22 18.0 603.10 -897.63
23 18.0 660.03 -846.35
24 18.0 574.46 -554.00
25 18.0 621.45 -707.08
26 18.0 352.15 -921.44
27 18.0 627.01 -760.98
28 18.0 619.23 -710.79
29 18.0 614.58 -695.35
30 18.0 313.05 -434.83
31 18.0 425.58 -824.35
32 18.0 410.43 -829.48
33 18.0 529.89 -443.29
34 18.0 536.39 -464.26
35 18.0 947.80 -425.03
6 19.0 578.44 -566.74
7 19.0 583.96 -584.41
8 19.0 379.44 -968.62
9 19.0 425.43 -655.60
10 19.0 440.74 -650.97
11 19.0 456.62 -646.17
12 19.0 353.30 -578.95
13 19.0 322.68 -395.26
14 19.0 362.72 -384.23
15 19.0 253.23 -587.13
16 19.0 472.11 -641.49
17 19.0 582.27 -608.24
18 19.0 272.77 -651.04
19 19.0 719.55 -437.33
20 19.0 810.07 -465.69
21 19.0 582.01 -904.09
22 19.0 596.28 -899.72
23 19.0 662.04 -853.23
24 19.0 572.23 -546.89
25 19.0 619.65 -701.10
26 19.0 354.13 -927.93
27 19.0 620.82 -762.84
28 19.0 621.15 -717.17
29 19.0 616.45 -701.57
30 19.0 310.87 -427.84
31 19.0 428.37 -817.93
32 19.0 416.99 -827.51
33 19.0 531.62 -448.91
34 19.0 536.39 -464.26
35 19.0 951.48 -424.99
6 20.0 576.18 -559.49
7 20.0 581.59 -576.82
8 20.0 387.04 -966.36
9 20.0 418.34 -657.75
10 20.0 434.21 -652.95
11 20.0 449.54 -648.31
12 20.0 355.43 -585.79
13 20.0 312.31 -397.62
14 20.0 352.68 -387.20
15 20.0 250.68 -578.76
16 20.0 465.08 -643.62
17 20.0 579.73 -608.94
18 20.0 270.36 -643.27
19 20.0 712.19 -433.87
20 20.0 803.62 -467.73
21 20.0 576.35 -905.83
22 20.0 589.97 -901.65
23 20.0 663.96 -859.80
24 20.0 569.98 -539.69
25 20.0 617.56 -694.17
26 20.0 356.17 -934.57
27 20.0 614.15 -764.85
28 20.0 623.29 -724.27
29 20.0 618.34 -707.85
30 20.0 309.39 -422.42
31 20.0 426.70 -810.88
32 20.0 421.14 -826.27
33 20.0 533.43 -454.79
34 20.0 536.39 -464.26
35 20.0 958.30 -425.65
6 21.0 573.68 -551.53
7 21.0 578.90 -568.22
8 21.0 393.93 -964.32
9 21.0 411.22 -659.90
10 21.0 426.53 -655.27
11 21.0 442.47 -650.45
12 21.0 357.75 -593.35
13 21.0 301.26 -401.13
14 21.0 342.85 -390.11
15 21.0 248.33 -571.02
16 21.0 458.21 -645.69
17 21.0 575.12 -610.34
18 21.0 268.14 -636.10
19 21.0 705.07 -432.09
20 21.0 798.04 -469.46
21 21.0 569.98 -907.78
22 21.0 584.58 -903.31
23 21.0 665.64 -865.53
24 21.0 567.74 -532.52
25 21.0 615.59 -687.61
26 21.0 358.39 -941.82
27 21.0 607.94 -766.72
28 21.0 625.25 -730.78
29 21.0 620.47 -714.94
30 21.0 309.68 -416.93
31 21.0 424.72 -804.22
32 21.0 426.40 -823.46
33 21.0 534.06 -456.80
34 21.0 536.39 -464.26
35 21.0 967.32 -429.85
6 22.0 571.07 -543.17
7 22.0 576.25 -559.73
8 22.0 401.04 -962.21
9 22.0 403.83 -662.14
10 22.0 419.78 -657.31
11 22.0 435.09 -652.68
12 22.0 360.09 -601.07
13 22.0 291.05 -404.30
14 22.0 333.66 -392.82
15 22.0 248.64 -565.34
16 22.0 450.46 -648.03
17 22.0 568.47 -612.35
18 22.0 265.65 -627.99
19 22.0 697.39 -430.51
20 22.0 792.44 -471.19
21 22.0 564.05 -909.61
22 22.0 577.90 -905.35
23 22.0 667.09 -871.77
24 22.0 565.47 -525.01
25 22.0 613.72 -681.30
26 22.0 360.45 -948.54
27 22.0 601.65 -768.65
28 22.0 627.45 -738.02
29 22.0 622.38 -721.27
30 22.0 314.41 -410.57
31 22.0 422.76 -797.61
32 22.0 428.13 -816.32
33 22.0 534.15 -457.11
34 22.0 536.39 -464.26
35 22.0 972.85 -433.74
6 23.0 568.59 -535.22
7 23.0 573.77 -551.78
8 23.0 408.39 -960.02
9 23.0 396.36 -664.40
10 23.0 411.98 -659.67
11 23.0 427.66 -654.93
12 23.0 362.37 -608.73
13 23.0 280.72 -407.43
14 23.0 323.35 -395.29
15 23.0 254.23 -562.56
16 23.0 443.23 -650.22
17 23.0 561.38 -614.49
18 23.0 263.32 -620.35
19 23.0 690.51 -429.10
20 23.0 786.84 -472.93
21 23.0 557.50 -911.64
22 23.0 571.70 -907.25
23 23.0 664.98 -877.28
24 23.0 563.08 -516.96
25 23.0 611.76 -674.68
26 23.0 362.43 -955.01
27 23.0 595.83 -770.49
28 23.0 629.42 -744.49
29 23.0 624.63 -728.71
30 23.0 322.15 -404.99
31 23.0 420.62 -790.41
32 23.0 426.02 -808.59
33 23.0 534.15 -457.12
34 23.0 536.39 -464.26
35 23.0 975.25 -435.25
6 24.0 566.25 -527.66
7 24.0 571.31 -543.94
8 24.0 416.46 -957.63
9 24.0 389.82 -666.38
10 24.0 404.84 -661.83
11 24.0 420.04 -657.23
12 24.0 364.44 -615.69
13 24.0 269.73 -410.76
14 24.0 313.50 -397.25
15 24.0 262.66 -560.09
16 24.0 436.37 -652.29
17 24.0 554.48 -616.58
18 24.0 261.07 -612.92
19 24.0 682.77 -427.51
20 24.0 781.20 -474.67
21 24.0 551.22 -913.58
22 24.0 565.52 -909.15
23 24.0 659.18 -880.35
24 24.0 560.90 -509.58
25 24.0 609.68 -667.68
26 24.0 364.51 -961.82
27 24.0 589.52 -772.45
28 24.0 631.52 -751.39
29 24.0 626.57 -735.09
30 24.0 331.73 -402.21
31 24.0 418.45 -783.11
32 24.0 423.53 -800.22
33 24.0 534.16 -457.12
34 24.0 536.39 -464.26
35 24.0 977.33 -433.98
6 25.0 563.88 -519.65
7 25.0 568.98 -536.47
8 25.0 424.38 -955.28
9 25.0 384.02 -666.22
10 25.0 398.81 -663.66
11 25.0 412.49 -659.52
12 25.0 366.48 -622.58
13 25.0 259.30 -413.92
14 25.0 304.40 -400.11
15 25.0 270.83 -557.68
16 25.0 429.06 -654.51
17 25.0 548.38 -618.42
18 25.0 258.86 -605.67
19 25.0 675.57 -426.09
20 25.0 775.27 -476.52
21 25.0 545.50 -915.28
22 25.0 559.69 -910.96
23 25.0 652.53 -882.40
24 25.0 558.72 -502.21
25 25.0 607.78 -661.28
26 25.0 367.42 -967.86
27 25.0 583.61 -774.24
28 25.0 632.22 -757.32
29 25.0 628.61 -741.81
30 25.0 341.66 -399.32
31 25.0 416.56 -776.72
32 25.0 421.18 -792.29
33 25.0 534.16 -457.12
34 25.0 536.39 -464.26
35 25.0 977.56 -429.24
6 26.0 561.72 -512.36
7 26.0 566.41 -528.19
8 26.0 431.62 -953.13
9 26.0 381.42 -661.65
10 26.0 392.28 -665.64
11 26.0 407.01 -661.18
12 26.0 368.63 -629.83
13 26.0 248.99 -417.05
14 26.0 294.65 -403.20
15 26.0 279.48 -555.13
16 26.0 421.67 -656.74
17 26.0 541.45 -620.52
18 26.0 256.73 -598.67
19 26.0 668.34 -426.08
20 26.0 769.23 -478.42
21 26.0 539.21 -917.14
22 26.0 553.47 -912.88
23 26.0 646.24 -884.35
24 26.0 556.35 -494.21
25 26.0 605.83 -654.79
26 26.0 373.43 -970.01
27 26.0 577.42 -776.10
28 26.0 627.94 -760.71
29 26.0 630.65 -748.52
30 26.0 351.46 -396.47
31 26.0 414.40 -769.45
32 26.0 419.24 -785.75
33 26.0 534.16 -457.12
34 26.0 536.39 -464.26
35 26.0 973.64 -426.45
6 27.0 559.45 -504.69
7 27.0 564.15 -520.54
8 27.0 438.91 -950.97
9 27.0 379.53 -655.29
10 27.0 386.60 -667.01
11 27.0 400.29 -663.21
12 27.0 370.78 -637.06
13 27.0 238.34 -420.28
14 27.0 284.53 -406.27
15 27.0 287.57 -552.75
16 27.0 415.61 -658.57
17 27.0 535.35 -622.36
18 27.0 254.27 -590.56
19 27.0 661.35 -427.46
20 27.0 763.25 -480.29
21 27.0 533.72 -918.79
22 27.0 547.90 -914.57
23 27.0 640.10 -886.24
24 27.0 554.45 -488.28
25 27.0 604.05 -649.01
26 27.0 380.03 -968.44
27 27.0 571.11 -777.95
28 27.0 621.32 -762.69
29 27.0 632.23 -754.05
30 27.0 361.23 -393.64
31 27.0 412.38 -762.64
32 27.0 417.17 -778.78
33 27.0 534.16 -457.12
34 27.0 536.39 -464.26
35 27.0 967.87 -422.90
6 28.0 557.12 -496.81
7 28.0 561.92 -513.02
8 28.0 446.33 -948.76
9 28.0 377.46 -648.31
10 28.0 381.99 -663.32
11 28.0 395.42 -664.69
12 28.0 373.10 -644.88
13 28.0 228.06 -423.40
14 28.0 275.28 -409.08
15 28.0 295.61 -550.38
16 28.0 408.28 -660.79
17 28.0 528.99 -624.29
18 28.0 251.78 -582.39
19 28.0 654.12 -430.21
20 28.0 757.26 -482.10
21 28.0 527.32 -920.74
22 28.0 542.25 -916.25
23 28.0 633.71 -888.22
24 28.0 553.21 -484.62
25 28.0 602.14 -642.86
26 28.0 386.32 -966.58
27 28.0 564.45 -779.90
28 28.0 613.92 -764.92
29 28.0 631.07 -759.13
30 28.0 371.10 -390.77
31 28.0 410.16 -755.17
32 28.0 415.05 -771.65
33 28.0 534.16 -457.12
34 28.0 536.39 -464.26
35 28.0 959.04 -421.52
6 29.0 555.90 -492.67
7 29.0 559.72 -505.58
8 29.0 454.16 -946.43
9 29.0 375.45 -641.55
10 29.0 380.26 -657.75
11 29.0 389.22 -666.56
12 29.0 375.35 -652.44
13 29.0 218.03 -426.45
14 29.0 265.71 -411.98
15 29.0 303.50 -548.05
16 29.0 403.19 -662.33
17 29.0 522.09 -626.38
18 29.0 249.50 -574.89
19 29.0 647.46 -434.22
20 29.0 750.94 -482.58
21 29.0 521.50 -922.51
22 29.0 535.67 -918.20
23 29.0 627.04 -890.28
24 29.0 552.78 -483.38
25 29.0 600.20 -636.61
26 29.0 392.81 -964.65
27 29.0 558.23 -781.72
28 29.0 607.57 -766.83
29 29.0 626.29 -761.20
30 29.0 380.96 -388.10
31 29.0 408.25 -748.74
32 29.0 412.82 -764.13
33 29.0 534.16 -457.12
34 29.0 536.39 -464.26
35 29.0 949.78 -419.91
6 30.0 556.01 -490.33
7 30.0 558.29 -500.74
8 30.0 457.73 -945.37
9 30.0 373.25 -634.15
10 30.0 378.04 -650.26
11 30.0 384.00 -666.20
12 30.0 377.48 -659.62
13 30.0 210.91 -427.60
14 30.0 255.58 -415.05
15 30.0 312.03 -545.48
16 30.0 397.33 -664.11
17 30.0 515.20 -628.47
18 30.0 247.26 -567.49
19 30.0 640.88 -438.56
20 30.0 744.65 -481.53
21 30.0 515.73 -924.27
22 30.0 529.56 -920.06
23 30.0 620.35 -892.34
24 30.0 552.67 -483.08
25 30.0 598.26 -630.33
26 30.0 398.89 -962.84
27 30.0 551.73 -783.63
28 30.0 601.11 -768.83
29 30.0 618.82 -763.44
30 30.0 390.15 -386.80
31 30.0 406.10 -741.69
32 30.0 410.86 -757.53
33 30.0 534.16 -457.12
34 30.0 536.39 -464.26
35 30.0 949.35 -420.10
6 31.0 556.25 -489.74
7 31.0 557.21 -497.11
8 31.0 462.98 -942.51
9 31.0 371.31 -627.61
10 31.0 375.87 -642.95
11 31.0 381.30 -661.23
12 31.0 378.33 -662.49
13 31.0 203.51 -423.44
14 31.0 246.42 -417.83
15 31.0 320.05 -543.15
16 31.0 391.09 -666.00
17 31.0 508.14 -630.60
18 31.0 244.89 -559.68
19 31.0 634.56 -442.24
20 31.0 739.16 -478.31
21 31.0 509.78 -926.08
22 31.0 524.45 -921.61
23 31.0 613.55 -894.43
24 31.0 552.65 -483.02
25 31.0 596.17 -623.61
26 31.0 405.73 -960.81
27 31.0 545.67 -785.40
28 31.0 594.10 -771.04
29 31.0 611.78 -765.56
30 31.0 399.86 -383.81
31 31.0 404.17 -735.41
32 31.0 408.82 -750.65
33 31.0 534.16 -457.12
34 31.0 536.39 -464.26
35 31.0 941.37 -415.99
6 32.0 556.39 -489.38
7 32.0 556.92 -496.11
8 32.0 464.75 -936.21
9 32.0 369.25 -620.68
10 32.0 374.02 -636.73
11 32.0 379.24 -654.30
12 32.0 378.39 -662.68
13 32.0 199.76 -415.62
14 32.0 237.20 -420.63
15 32.0 328.36 -540.72
16 32.0 386.87 -667.59
17 32.0 501.23 -632.69
18 32.0 242.54 -551.93
19 32.0 627.96 -444.69
20 32.0 735.81 -473.71
21 32.0 504.12 -927.83
22 32.0 518.65 -923.38
23 32.0 606.77 -896.50
24 32.0 552.65 -483.01
25 32.0 594.30 -617.59
26 32.0 412.51 -958.80
27 32.0 538.81 -787.44
28 32.0 586.98 -773.22
29 32.0 604.78 -767.67
30 32.0 408.75 -379.85
31 32.0 402.07 -728.57
32 32.0 406.76 -743.85
33 32.0 534.16 -457.12
34 32.0 536.39 -464.26
35 32.0 932.32 -412.44
6 33.0 556.40 -489.37
7 33.0 556.80 -495.73
8 33.0 462.80 -928.85
9 33.0 367.03 -613.19
10 33.0 371.97 -629.82
11 33.0 376.93 -646.55
12 33.0 378.40 -662.73
13 33.0 196.38 -407.53
14 33.0 227.94 -423.44
15 33.0 334.93 -538.73
16 33.0 382.87 -671.89
17 33.0 494.41 -634.75
18 33.0 240.09 -543.86
19 33.0 621.20 -447.10
20 33.0 733.75 -468.50
21 33.0 498.47 -929.58
22 33.0 512.70 -925.19
23 33.0 600.61 -898.39
24 33.0 552.65 -483.01
25 33.0 592.47 -611.70
26 33.0 419.13 -956.84
27 33.0 532.33 -789.39
28 33.0 580.46 -775.19
29 33.0 597.49 -769.97
30 33.0 416.57 -374.97
31 33.0 399.79 -721.13
32 33.0 404.56 -736.69
33 33.0 534.16 -457.12
34 33.0 536.39 -464.26
35 33.0 924.05 -405.83
6 34.0 556.40 -489.36
7 34.0 556.77 -495.60
8 34.0 460.24 -920.80
9 34.0 365.09 -606.67
10 34.0 369.69 -622.16
11 34.0 374.58 -638.62
12 34.0 378.41 -662.78
13 34.0 193.33 -399.90
14 34.0 217.89 -426.49
15 34.0 341.35 -539.87
16 34.0 383.65 -679.45
17 34.0 488.51 -636.54
18 34.0 237.60 -535.65
19 34.0 614.45 -449.40
20 34.0 732.09 -463.14
21 34.0 491.97 -931.60
22 34.0 507.28 -926.85
23 34.0 593.76 -900.49
24 34.0 552.65 -483.01
25 34.0 590.60 -605.69
26 34.0 425.45 -954.96
27 34.0 526.15 -791.26
28 34.0 573.72 -777.18
29 34.0 590.03 -772.29
30 34.0 425.28 -371.90
31 34.0 397.58 -713.95
32 34.0 402.44 -729.79
33 34.0 534.16 -457.12
34 34.0 536.39 -464.26
35 34.0 914.69 -402.74
6 35.0 556.40 -489.36
7 35.0 556.75 -495.55
8 35.0 457.76 -912.97
9 35.0 363.16 -600.20
10 35.0 367.58 -615.03
11 35.0 372.27 -630.85
12 35.0 378.41 -662.78
13 35.0 190.70 -393.42
14 35.0 210.75 -427.57
15 35.0 343.38 -545.23
16 35.0 386.29 -688.05
17 35.0 481.85 -638.55
18 35.0 235.32 -528.14
19 35.0 606.92 -451.96
20 35.0 730.31 -457.59
21 35.0 485.85 -933.49
22 35.0 500.02 -929.10
23 35.0 587.41 -902.44
24 35.0 552.65 -483.01
25 35.0 588.49 -598.89
26 35.0 431.58 -953.14
27 35.0 520.16 -793.06
28 35.0 566.70 -779.24
29 35.0 583.20 -774.36
30 35.0 434.30 -368.79
31 35.0 395.59 -707.45
32 35.0 400.16 -722.35
33 35.0 534.16 -457.12
34 35.0 536.39 -464.26
35 35.0 905.28 -400.28
6 36.0 556.40 -489.36
7 36.0 556.74 -495.53
8 36.0 455.41 -905.06
9 36.0 360.94 -592.84
10 36.0 365.83 -609.15
11 36.0 369.98 -623.11
12 36.0 378.42 -662.78
13 36.0 189.22 -390.75
14 36.0 203.94 -424.14
15 36.0 345.58 -553.00
16 36.0 388.77 -696.13
17 36.0 475.88 -640.35
18 36.0 233.14 -520.94
19 36.0 599.14 -454.48
20 36.0 728.37 -451.81
21 36.0 480.43 -935.17
22 36.0 494.49 -930.81
23 36.0 580.55 -904.54
24 36.0 552.65 -483.01
25 36.0 586.39 -592.18
26 36.0 438.25 -951.16
27 36.0 513.36 -795.11
28 36.0 560.32 -781.11
29 36.0 575.65 -776.62
30 36.0 444.10 -365.89
31 36.0 393.33 -700.11
32 36.0 398.25 -716.14
33 36.0 534.16 -457.12
34 36.0 536.39 -464.26
35 36.0 896.35 -398.17
6 37.0 556.40 -489.36
7 37.0 556.74 -495.53
8 37.0 453.14 -897.38
9 37.0 359.01 -586.54
10 37.0 363.57 -601.56
11 37.0 368.12 -616.87
12 37.0 378.42 -662.78
13 37.0 186.65 -390.83
14 37.0 200.07 -416.31
15 37.0 347.79 -560.78
16 37.0 391.14 -703.87
17 37.0 468.86 -642.48
18 37.0 230.66 -512.76
19 37.0 592.11 -456.76
20 37.0 726.21 -445.46
21 37.0 474.93 -936.88
22 37.0 488.94 -932.54
23 37.0 574.70 -906.33
24 37.0 552.65 -483.01
25 37.0 584.36 -585.69
26 37.0 445.27 -949.08
27 37.0 506.57 -797.16
28 37.0 553.04 -783.24
29 37.0 568.64 -778.67
30 37.0 454.04 -362.96
31 37.0 391.20 -693.16
32 37.0 395.78 -708.08
33 37.0 534.16 -457.12
34 37.0 536.39 -464.26
35 37.0 887.04 -395.75
6 38.0 556.40 -489.36
7 38.0 556.74 -495.53
8 38.0 450.99 -890.28
9 38.0 356.96 -579.92
10 38.0 361.47 -594.60
11 38.0 366.01 -609.74
12 38.0 378.42 -662.78
13 38.0 187.55 -394.32
14 38.0 196.94 -408.91
15 38.0 349.98 -568.21
16 38.0 393.87 -712.77
17 38.0 461.85 -644.59
18 38.0 228.31 -505.01
19 38.0 585.25 -459.00
20 38.0 722.77 -440.28
21 38.0 469.98 -938.19
22 38.0 483.80 -934.13
23 38.0 568.09 -908.36
24 38.0 552.65 -483.01
25 38.0 582.51 -579.76
26 38.0 451.98 -947.08
27 38.0 500.00 -799.14
28 38.0 545.67 -785.40
29 38.0 561.50 -780.77
30 38.0 463.97 -360.02
31 38.0 389.07 -686.21
32 38.0 393.64 -701.12
33 38.0 534.16 -457.12
34 38.0 536.39 -464.26
35 38.0 878.24 -393.64
6 39.0 556.40 -489.36
7 39.0 556.74 -495.53
8 39.0 448.89 -883.39
9 39.0 354.96 -573.47
10 39.0 359.41 -587.83
11 39.0 364.14 -603.47
12 39.0 378.42 -662.78
13 39.0 189.98 -400.14
14 39.0 194.18 -402.03
15 39.0 352.57 -576.58
16 39.0 396.51 -721.36
17 39.0 455.53 -646.50
18 39.0 226.09 -497.60
19 39.0 578.66 -461.17
20 39.0 718.07 -436.35
21 39.0 465.57 -936.53
22 39.0 478.46 -935.78
23 39.0 561.45 -910.41
24 39.0 552.65 -483.01
25 39.0 580.63 -573.74
26 39.0 458.23 -945.22
27 39.0 493.92 -800.98
28 39.0 539.18 -787.33
29 39.0 554.30 -782.88
30 39.0 473.65 -357.16
31 39.0 387.27 -680.34
32 39.0 391.47 -694.04
33 39.0 534.16 -457.12
34 39.0 536.39 -464.26
35 39.0 868.34 -391.36
6 40.0 556.40 -489.36
7 40.0 556.74 -495.53
8 40.0 446.72 -876.27
9 40.0 352.91 -566.87
10 40.0 357.30 -581.04
11 40.0 361.99 -596.31
12 40.0 378.42 -662.78
13 40.0 192.92 -407.48
14 40.0 191.20 -394.59
15 40.0 354.94 -584.23
16 40.0 399.25 -730.28
17 40.0 449.22 -648.41
18 40.0 225.32 -490.47
19 40.0 571.38 -463.41
20 40.0 712.81 -434.06
21 40.0 463.85 -932.15
22 40.0 473.11 -937.44
23 40.0 555.22 -912.34
24 40.0 552.65 -483.01
25 40.0 578.47 -566.83
26 40.0 465.22 -943.15
27 40.0 486.96 -803.09
28 40.0 531.97 -789.50
29 40.0 547.55 -784.85
30 40.0 482.50 -354.54
31 40.0 386.64 -678.29
32 40.0 389.73 -688.36
33 40.0 534.16 -457.12
34 40.0 536.39 -464.26
35 40.0 859.36 -389.30
6 41.0 556.40 -489.36
7 41.0 556.74 -495.53
8 41.0 444.30 -868.29
9 41.0 351.05 -560.59
10 41.0 355.41 -574.92
11 41.0 360.02 -589.79
12 41.0 378.42 -662.78
13 41.0 195.83 -414.55
14 41.0 189.33 -390.84
15 41.0 357.54 -592.65
16 41.0 401.96 -739.13
17 41.0 442.81 -650.35
18 41.0 224.93 -482.26
19 41.0 563.86 -465.84
20 41.0 706.47 -432.38
21 41.0 462.03 -926.44
22 41.0 468.96 -938.34
23 41.0 548.59 -914.37
24 41.0 552.65 -483.01
25 41.0 576.50 -560.53
26 41.0 472.00 -941.13
27 41.0 480.47 -805.05
28 41.0 524.79 -791.67
29 41.0 540.24 -787.01
30 41.0 491.61 -351.85
31 41.0 386.54 -677.97
32 41.0 389.18 -686.59
33 41.0 534.16 -457.12
34 41.0 536.39 -464.26
35 41.0 850.54 -387.28
6 42.0 556.40 -489.36
7 42.0 556.74 -495.53
8 42.0 441.95 -860.63
9 42.0 349.07 -553.57
10 42.0 353.53 -568.87
11 42.0 357.97 -583.19
12 42.0 378.42 -662.78
13 42.0 198.14 -419.79
14 42.0 186.92 -390.46
15 42.0 360.14 -601.25
16 42.0 404.35 -746.90
17 42.0 436.60 -652.22
18 42.0 222.00 -472.12
19 42.0 556.51 -468.25
20 42.0 699.84 -431.01
21 42.0 460.31 -921.03
22 42.0 465.11 -935.61
23 42.0 542.39 -916.20
24 42.0 552.65 -483.01
25 42.0 574.47 -554.03
26 42.0 478.98 -938.97
27 42.0 473.53 -807.15
28 42.0 517.87 -793.75
29 42.0 532.87 -789.23
30 42.0 500.60 -349.22
31 42.0 386.48 -677.79
32 42.0 388.77 -685.24
33 42.0 534.16 -457.12
34 42.0 536.39 -464.26
35 42.0 841.67 -385.24
6 43.0 556.40 -489.36
7 43.0 556.74 -495.53
8 43.0 439.60 -853.02
9 43.0 347.00 -546.26
10 43.0 351.45 -562.02
11 43.0 356.18 -577.42
12 43.0 378.42 -662.78
13 43.0 201.09 -427.48
14 43.0 187.02 -393.32
15 43.0 362.50 -609.17
16 43.0 406.74 -754.88
17 43.0 430.40 -654.10
18 43.0 219.31 -462.28
19 43.0 549.55 -470.44
20 43.0 693.35 -429.68
21 43.0 458.26 -914.59
22 43.0 463.23 -930.22
23 43.0 535.95 -918.11
24 43.0 552.65 -483.01
25 43.0 572.28 -547.05
26 43.0 485.47 -936.96
27 43.0 467.07 -809.11
28 43.0 511.21 -795.76
29 43.0 526.56 -791.13
30 43.0 510.49 -346.81
31 43.0 386.46 -677.71
32 43.0 388.69 -684.99
33 43.0 534.16 -457.12
34 43.0 536.39 -464.26
35 43.0 832.34 -383.10
6 44.0 556.40 -489.36
7 44.0 556.74 -495.53
8 44.0 437.24 -845.38
9 44.0 345.98 -542.67
10 44.0 349.54 -555.25
11 44.0 354.06 -570.57
12 44.0 378.42 -662.78
13 44.0 203.78 -434.74
14 44.0 189.11 -397.96
15 44.0 364.95 -617.43
16 44.0 409.25 -763.35
17 44.0 423.93 -656.06
18 44.0 217.14 -454.51
19 44.0 542.64 -472.61
20 44.0 687.44 -428.47
21 44.0 456.29 -908.04
22 44.0 460.96 -923.09
23 44.0 529.70 -920.01
24 44.0 552.65 -483.01
25 44.0 570.26 -540.58
26 44.0 492.34 -934.83
27 44.0 460.74 -811.04
28 44.0 504.26 -797.86
29 44.0 519.64 -793.22
30 44.0 519.27 -344.93
31 44.0 386.45 -677.69
32 44.0 388.68 -684.94
33 44.0 534.16 -457.12
34 44.0 536.39 -464.26
35 44.0 822.64 -380.87
6 45.0 556.40 -489.36
7 45.0 556.74 -495.53
8 45.0 434.89 -837.78
9 45.0 344.11 -538.00
10 45.0 348.23 -550.60
11 45.0 352.10 -564.26
12 45.0 378.42 -662.78
13 45.0 210.08 -438.12
14 45.0 191.84 -404.78
15 45.0 367.15 -624.84
16 45.0 411.87 -772.17
17 45.0 417.90 -657.88
18 45.0 216.89 -446.62
19 45.0 535.81 -474.75
20 45.0 681.28 -427.20
21 45.0 454.60 -902.35
22 45.0 458.90 -916.59
23 45.0 523.33 -921.95
24 45.0 552.65 -483.01
25 45.0 568.11 -533.69
26 45.0 499.62 -932.58
27 45.0 453.99 -813.06
28 45.0 497.99 -799.75
29 45.0 513.24 -795.15
30 45.0 526.19 -343.44
31 45.0 386.45 -677.69
32 45.0 388.66 -684.88
33 45.0 534.16 -457.12
34 45.0 536.39 -464.26
35 45.0 813.42 -378.76
6 46.0 556.40 -489.36
7 46.0 556.74 -495.53
8 46.0 432.75 -830.87
9 46.0 337.78 -534.99
10 46.0 347.03 -546.36
11 46.0 350.68 -559.29
12 46.0 378.42 -662.78
13 46.0 218.40 -435.77
14 46.0 194.72 -411.89
15 46.0 369.39 -632.37
16 46.0 414.46 -780.89
17 46.0 410.95 -659.98
18 46.0 222.72 -441.11
19 46.0 530.78 -476.29
20 46.0 675.53 -426.09
21 46.0 452.79 -896.22
22 46.0 457.12 -910.82
23 46.0 517.32 -923.78
24 46.0 552.65 -483.01
25 46.0 566.31 -527.87
26 46.0 505.84 -930.65
27 46.0 448.05 -814.85
28 46.0 490.77 -801.93
29 46.0 506.96 -797.04
30 46.0 528.09 -341.16
31 46.0 386.45 -677.68
32 46.0 388.66 -684.87
33 46.0 534.16 -457.12
34 46.0 536.39 -464.26
35 46.0 803.52 -376.51
6 47.0 556.40 -489.36
7 47.0 556.74 -495.53
8 47.0 432.12 -824.84
9 47.0 331.43 -536.46
10 47.0 345.76 -541.87
11 47.0 349.31 -554.41
12 47.0 378.42 -662.78
13 47.0 227.64 -435.92
14 47.0 197.82 -419.09
15 47.0 371.70 -640.17
16 47.0 416.80 -788.77
17 47.0 403.98 -662.10
18 47.0 230.57 -438.27
19 47.0 524.02 -478.35
20 47.0 669.11 -426.03
21 47.0 451.10 -890.63
22 47.0 455.45 -905.20
23 47.0 510.44 -925.88
24 47.0 552.65 -483.01
25 47.0 564.54 -521.87
26 47.0 512.62 -928.56
27 47.0 441.11 -816.94
28 47.0 483.46 -804.14
29 47.0 499.60 -799.26
30 47.0 529.00 -336.74
31 47.0 386.45 -677.68
32 47.0 388.65 -684.86
33 47.0 534.16 -457.12
34 47.0 536.39 -464.26
35 47.0 794.19 -374.45
6 48.0 556.40 -489.36
7 48.0 556.74 -495.53
8 48.0 437.42 -821.39
9 48.0 324.95 -538.39
10 48.0 342.12 -536.09
11 48.0 348.10 -550.13
12 48.0 378.42 -662.78
13 48.0 237.23 -432.68
14 48.0 201.22 -427.84
15 48.0 374.13 -648.36
16 48.0 419.22 -796.92
17 48.0 398.02 -663.90
18 48.0 240.09 -435.17
19 48.0 516.94 -480.51
20 48.0 663.50 -426.90
21 48.0 449.08 -884.02
22 48.0 453.59 -898.92
23 48.0 504.65 -927.67
24 48.0 552.65 -483.01
25 48.0 562.50 -514.98
26 48.0 518.93 -926.64
27 48.0 436.93 -818.20
28 48.0 476.09 -806.37
29 48.0 492.35 -801.46
30 48.0 526.77 -335.37
31 48.0 386.45 -677.68
32 48.0 388.65 -684.86
33 48.0 534.16 -457.12
34 48.0 536.39 -464.26
35 48.0 784.11 -372.23
6 49.0 556.40 -489.36
7 49.0 556.74 -495.53
8 49.0 445.40 -818.99
9 49.0 318.11 -540.37
10 49.0 335.11 -535.40
11 49.0 346.62 -544.90
12 49.0 378.42 -662.78
13 49.0 244.15 -430.66
14 49.0 203.79 -434.76
15 49.0 375.59 -653.27
16 49.0 421.84 -805.74
17 49.0 391.68 -665.82
18 49.0 250.50 -432.15
19 49.0 509.81 -482.58
20 49.0 657.49 -428.73
21 49.0 447.41 -878.54
22 49.0 451.81 -892.95
23 49.0 498.47 -929.58
24 49.0 552.65 -483.01
25 49.0 560.77 -509.12
26 49.0 525.54 -924.63
27 49.0 432.08 -819.06
28 49.0 468.87 -808.56
29 49.0 485.00 -803.68
30 49.0 521.46 -337.45
31 49.0 386.45 -677.68
32 49.0 388.65 -684.86
33 49.0 534.16 -457.12
34 49.0 536.39 -464.26
35 49.0 773.55 -372.74
6 50.0 556.40 -489.36
7 50.0 556.74 -495.53
8 50.0 453.25 -816.62
9 50.0 311.19 -542.40
10 50.0 328.09 -537.47
11 50.0 344.33 -538.50
12 50.0 378.42 -662.78
13 50.0 250.36 -432.19
14 50.0 209.02 -438.34
15 50.0 376.26 -655.51
16 50.0 424.49 -814.67
17 50.0 386.59 -667.72
18 50.0 260.26 -425.98
19 50.0 502.61 -484.50
20 50.0 651.92 -431.40
21 50.0 445.65 -872.75
22 50.0 450.01 -887.09
23 50.0 491.74 -931.67
24 50.0 552.65 -483.01
25 50.0 559.52 -504.92
26 50.0 531.87 -922.70
27 50.0 428.31 -815.85
28 50.0 462.00 -810.65
29 50.0 478.56 -805.62
30 50.0 514.54 -340.17
31 50.0 386.45 -677.68
32 50.0 388.65 -684.86
33 50.0 534.16 -457.12
34 50.0 536.39 -464.26
35 50.0 764.56 -369.50
6 51.0 556.40 -489.36
7 51.0 556.74 -495.53
8 51.0 460.72 -814.38
9 51.0 304.25 -544.50
10 51.0 319.95 -539.84
11 51.0 338.22 -534.93
12 51.0 378.42 -662.78
13 51.0 257.88 -433.33
14 51.0 216.35 -436.44
15 51.0 376.27 -655.57
16 51.0 423.81 -821.41
17 51.0 382.73 -672.51
18 51.0 271.24 -422.82
19 51.0 494.75 -486.64
20 51.0 646.53 -434.84
21 51.0 443.96 -867.18
22 51.0 448.35 -881.64
23 51.0 485.76 -933.52
24 51.0 552.65 -483.01
25 51.0 558.97 -503.05
26 51.0 538.74 -920.62
27 51.0 426.78 -811.14
28 51.0 455.31 -812.67
29 51.0 471.60 -807.73
30 51.0 505.59 -342.92
31 51.0 386.45 -677.68
32 51.0 388.65 -684.86
33 51.0 534.16 -457.12
34 51.0 536.39 -464.26
35 51.0 755.50 -367.44
6 52.0 556.40 -489.36
7 52.0 556.74 -495.53
8 52.0 468.27 -812.08
9 52.0 297.09 -546.61
10 52.0 313.21 -541.79
11 52.0 330.52 -536.73
12 52.0 378.42 -662.78
13 52.0 265.82 -431.04
14 52.0 224.71 -436.97
15 52.0 376.28 -655.58
16 52.0 417.59 -824.00
17 52.0 383.54 -679.08
18 52.0 282.08 -419.70
19 52.0 487.18 -489.18
20 52.0 641.60 -438.09
21 52.0 441.95 -860.62
22 52.0 446.73 -876.29
23 52.0 479.82 -935.36
24 52.0 552.65 -483.01
25 52.0 558.87 -502.73
26 52.0 545.65 -918.57
27 52.0 424.85 -804.64
28 52.0 448.25 -814.79
29 52.0 465.13 -809.70
30 52.0 495.71 -345.98
31 52.0 386.45 -677.68
32 52.0 388.65 -684.86
33 52.0 534.16 -457.12
34 52.0 536.39 -464.26
35 52.0 745.02 -368.33
6 53.0 556.40 -489.36
7 53.0 556.74 -495.53
8 53.0 475.69 -809.83
9 53.0 289.81 -548.75
10 53.0 305.53 -544.12
11 53.0 323.58 -538.79
12 53.0 378.42 -662.78
13 53.0 275.85 -428.15
14 53.0 234.80 -436.75
15 53.0 376.28 -655.59
16 53.0 408.82 -826.63
17 53.0 385.37 -685.06
18 53.0 289.04 -417.70
19 53.0 479.50 -491.64
20 53.0 636.72 -441.10
21 53.0 440.25 -855.13
22 53.0 444.70 -869.61
23 53.0 473.93 -937.19
24 53.0 552.65 -483.01
25 53.0 558.87 -502.72
26 53.0 552.67 -916.48
27 53.0 422.86 -797.95
28 53.0 441.65 -816.78
29 53.0 458.09 -811.83
30 53.0 485.38 -345.82
31 53.0 386.45 -677.68
32 53.0 388.65 -684.86
33 53.0 534.16 -457.12
34 53.0 536.39 -464.26
35 53.0 735.54 -366.16
6 54.0 556.40 -489.36
7 54.0 556.74 -495.53
8 54.0 483.13 -807.59
9 54.0 283.08 -549.35
10 54.0 298.63 -546.15
11 54.0 315.99 -540.99
12 54.0 378.42 -662.78
13 54.0 285.33 -425.43
14 54.0 246.24 -436.72
15 54.0 376.28 -655.59
16 54.0 401.03 -828.97
17 54.0 387.52 -692.06
18 54.0 292.51 -416.71
19 54.0 472.68 -493.71
20 54.0 631.48 -443.39
21 54.0 438.29 -848.79
22 54.0 443.06 -864.21
23 54.0 469.41 -938.28
24 54.0 552.65 -483.01
25 54.0 558.87 -502.72
26 54.0 559.79 -914.27
27 54.0 420.96 -791.56
28 54.0 437.43 -818.05
29 54.0 451.75 -813.74
30 54.0 475.59 -348.85
31 54.0 386.45 -677.68
32 54.0 388.65 -684.86
33 54.0 534.16 -457.12
34 54.0 536.39 -464.26
35 54.0 725.69 -363.88
6 55.0 556.40 -489.36
7 55.0 556.74 -495.53
8 55.0 490.80 -805.27
9 55.0 276.26 -549.41
10 55.0 292.39 -547.99
11 55.0 308.49 -543.22
12 55.0 378.42 -662.78
13 55.0 291.95 -423.52
14 55.0 256.35 -433.78
15 55.0 376.28 -655.59
16 55.0 392.79 -831.44
17 55.0 389.45 -698.37
18 55.0 292.61 -416.68
19 55.0 465.80 -495.79
20 55.0 626.05 -445.38
21 55.0 436.35 -842.52
22 55.0 440.81 -856.93
23 55.0 465.14 -935.68
24 55.0 552.65 -483.01
25 55.0 558.87 -502.72
26 55.0 565.99 -912.36
27 55.0 418.88 -784.56
28 55.0 432.37 -819.13
29 55.0 446.69 -815.26
30 55.0 465.79 -351.88
31 55.0 386.45 -677.68
32 55.0 388.65 -684.86
33 55.0 534.16 -457.12
34 55.0 536.39 -464.26
35 55.0 716.31 -361.70
6 56.0 556.40 -489.36
7 56.0 556.74 -495.53
8 56.0 497.91 -803.13
9 56.0 269.40 -551.43
10 56.0 285.58 -549.71
11 56.0 301.86 -545.20
12 56.0 378.42 -662.78
13 56.0 294.31 -422.85
14 56.0 266.03 -430.98
15 56.0 376.28 -655.59
16 56.0 383.98 -834.08
17 56.0 391.57 -705.27
18 56.0 292.68 -416.66
19 56.0 458.82 -497.91
20 56.0 619.76 -447.58
21 56.0 434.55 -836.69
22 56.0 438.90 -850.77
23 56.0 463.43 -930.85
24 56.0 552.65 -483.01
25 56.0 558.87 -502.72
26 56.0 572.64 -910.32
27 56.0 417.09 -778.53
28 56.0 428.44 -816.14
29 56.0 441.04 -816.96
30 56.0 456.78 -354.67
31 56.0 386.45 -677.68
32 56.0 388.65 -684.86
33 56.0 534.16 -457.12
34 56.0 536.39 -464.26
35 56.0 706.77 -359.50
6 57.0 556.40 -489.36
7 57.0 556.74 -495.53
8 57.0 504.87 -801.02
9 57.0 262.63 -553.43
10 57.0 278.25 -548.82
11 57.0 294.02 -547.51
12 57.0 378.42 -662.78
13 57.0 294.41 -422.82
14 57.0 275.94 -428.13
15 57.0 376.28 -655.59
16 57.0 375.24 -836.69
17 57.0 393.46 -711.41
18 57.0 292.70 -416.66
19 57.0 452.11 -499.94
20 57.0 613.40 -449.76
21 57.0 432.56 -830.24
22 57.0 437.15 -845.11
23 57.0 461.51 -924.81
24 57.0 552.65 -483.01
25 57.0 558.87 -502.72
26 57.0 579.27 -908.28
27 57.0 415.08 -771.74
28 57.0 426.64 -810.68
29 57.0 436.55 -818.32
30 57.0 447.31 -357.53
31 57.0 386.45 -677.68
32 57.0 388.65 -684.86
33 57.0 534.16 -457.12
34 57.0 536.39 -464.26
35 57.0 696.90 -357.24
6 58.0 556.40 -489.36
7 58.0 556.74 -495.53
8 58.0 512.37 -798.76
9 58.0 255.21 -555.62
10 58.0 270.67 -551.05
11 58.0 287.36 -549.47
12 58.0 378.42 -662.78
13 58.0 294.44 -422.82
14 58.0 282.93 -426.12
15 58.0 376.28 -655.59
16 58.0 367.15 -839.12
17 58.0 395.40 -717.76
18 58.0 292.70 -416.66
19 58.0 444.54 -502.23
20 58.0 607.72 -451.70
21 58.0 431.17 -826.85
22 58.0 435.25 -838.94
23 58.0 459.37 -918.08
24 58.0 552.65 -483.01
25 58.0 558.87 -502.72
26 58.0 586.48 -906.07
27 58.0 413.28 -765.69
28 58.0 424.54 -803.60
29 58.0 431.45 -818.90
30 58.0 437.48 -360.44
31 58.0 386.45 -677.68
32 58.0 388.65 -684.86
33 58.0 534.16 -457.12
34 58.0 536.39 -464.26
35 58.0 688.00 -355.19
6 59.0 556.40 -489.36
7 59.0 556.74 -495.53
8 59.0 519.86 -796.50
9 59.0 251.59 -556.68
10 59.0 263.50 -553.17
11 59.0 279.00 -548.73
12 59.0 378.42 -662.78
13 59.0 294.45 -422.81
14 59.0 287.06 -424.93
15 59.0 376.28 -655.59
16 59.0 359.04 -841.55
17 59.0 397.50 -724.58
18 59.0 292.70 -416.66
19 59.0 437.45 -504.37
20 59.0 601.98 -453.56
21 59.0 426.99 -822.90
22 59.0 433.85 -834.43
23 59.0 457.29 -911.39
24 59.0 552.65 -483.01
25 59.0 558.87 -502.72
26 59.0 593.74 -903.85
27 59.0 411.49 -759.64
28 59.0 422.51 -796.76
29 59.0 428.01 -815.20
30 59.0 428.34 -363.15
31 59.0 386.45 -677.68
32 59.0 388.65 -684.86
33 59.0 534.16 -457.12
34 59.0 536.39 -464.26
35 59.0 678.50 -353.01
6 60.0 556.40 -489.36
7 60.0 556.74 -495.53
8 60.0 527.31 -794.25
9 60.0 246.22 -557.17
10 60.0 260.03 -554.20
11 60.0 271.96 -550.67
12 60.0 379.07 -664.92
13 60.0 296.82 -422.15
14 60.0 287.20 -424.89
15 60.0 376.28 -655.59
16 60.0 350.79 -844.02
17 60.0 399.67 -731.65
18 60.0 294.46 -416.16
19 60.0 429.98 -506.61
20 60.0 595.57 -455.64
21 60.0 420.90 -823.01
22 60.0 432.30 -829.42
23 60.0 455.32 -904.76
24 60.0 551.65 -480.84
25 60.0 558.87 -502.72
26 60.0 599.88 -901.97
27 60.0 409.44 -752.76
28 60.0 420.56 -790.22
29 60.0 426.26 -809.40
30 60.0 419.11 -365.88
31 60.0 386.01 -676.28
32 60.0 388.65 -684.86
33 60.0 534.16 -457.12
34 60.0 536.90 -466.09
35 60.0 668.87 -350.80
6 61.0 557.05 -487.11
7 61.0 556.74 -495.53
8 61.0 535.22 -791.86
9 61.0 242.88 -553.08
10 61.0 254.28 -555.89
11 61.0 268.30 -551.76
12 61.0 380.22 -668.56
13 61.0 301.22 -421.19
14 61.0 288.67 -424.46
15 61.0 376.72 -657.08
16 61.0 343.67 -846.16
17 61.0 401.71 -738.31
18 61.0 297.78 -415.27
19 61.0 422.64 -508.82
20 61.0 590.11 -457.41
21 61.0 414.75 -824.85
22 61.0 430.67 -825.81
23 61.0 453.49 -898.58
24 61.0 549.89 -477.59
25 61.0 558.87 -502.72
26 61.0 606.59 -899.91
27 61.0 407.41 -745.95
28 61.0 418.48 -783.21
29 61.0 424.18 -802.40
30 61.0 410.34 -368.47
31 61.0 384.93 -672.85
32 61.0 388.31 -683.74
33 61.0 534.63 -458.62
34 61.0 537.59 -469.30
35 61.0 659.51 -348.65
6 62.0 556.20 -483.48
7 62.0 556.15 -493.53
8 62.0 542.49 -789.67
9 62.0 240.66 -545.74
10 62.0 249.14 -557.27
11 62.0 262.81 -553.38
12 62.0 381.90 -673.89
13 62.0 306.31 -424.41
14 62.0 292.25 -423.44
15 62.0 377.79 -660.68
16 62.0 340.12 -847.22
17 62.0 403.62 -744.51
18 62.0 302.83 -413.85
19 62.0 415.42 -510.99
20 62.0 583.99 -459.41
21 62.0 408.99 -826.57
22 62.0 426.43 -822.75
23 62.0 451.58 -892.19
24 62.0 549.12 -476.91
25 62.0 558.87 -502.72
26 62.0 613.23 -897.87
27 62.0 405.26 -738.98
28 62.0 416.46 -776.38
29 62.0 422.01 -795.08
30 62.0 400.71 -371.32
31 62.0 383.35 -667.86
32 62.0 387.46 -680.96
33 62.0 535.61 -461.75
34 62.0 536.14 -474.37
35 62.0 649.95 -346.45
6 63.0 554.77 -478.71
7 63.0 555.87 -491.22
8 63.0 549.43 -787.64
9 63.0 238.68 -539.21
10 63.0 244.22 -555.80
11 63.0 257.12 -555.06
12 63.0 384.19 -681.22
13 63.0 308.27 -430.25
14 63.0 298.21 -421.78
15 63.0 379.31 -665.08
16 63.0 334.14 -847.30
17 63.0 405.62 -751.10
18 63.0 309.22 -412.05
19 63.0 408.43 -513.08
20 63.0 578.42 -461.25
21 63.0 402.66 -828.48
22 63.0 419.36 -823.47
23 63.0 449.73 -886.15
24 63.0 548.83 -476.70
25 63.0 558.56 -501.68
26 63.0 619.80 -895.86
27 63.0 403.46 -733.11
28 63.0 414.52 -769.86
29 63.0 419.84 -787.78
30 63.0 392.54 -375.40
31 63.0 381.37 -661.49
32 63.0 386.15 -676.73
33 63.0 537.06 -466.79
34 63.0 531.13 -476.18
35 63.0 639.91 -344.17
6 64.0 555.95 -472.31
7 64.0 557.04 -486.98
8 64.0 556.49 -785.57
9 64.0 236.70 -532.67
10 64.0 241.97 -550.06
11 64.0 252.12 -556.53
12 64.0 386.29 -688.06
13 64.0 310.63 -437.85
14 64.0 303.51 -421.45
15 64.0 380.25 -667.11
16 64.0 330.86 -840.96
17 64.0 407.44 -757.23
18 64.0 317.51 -409.66
19 64.0 400.69 -515.40
20 64.0 572.14 -463.17
21 64.0 396.54 -830.31
22 64.0 413.18 -825.32
23 64.0 447.84 -879.94
24 64.0 548.79 -476.67
25 64.0 557.84 -499.23
26 64.0 626.36 -893.84
27 64.0 401.32 -726.14
28 64.0 412.32 -762.45
29 64.0 417.65 -780.40
30 64.0 382.58 -378.35
31 64.0 379.29 -654.47
32 64.0 384.36 -671.04
33 64.0 537.67 -471.88
34 64.0 523.01 -478.66
35 64.0 631.06 -342.18
6 65.0 562.06 -469.81
7 65.0 555.43 -481.28
8 65.0 564.22 -783.31
9 65.0 234.48 -525.38
10 65.0 239.57 -542.15
11 65.0 246.34 -557.20
12 65.0 388.41 -694.98
13 65.0 312.92 -445.32
14 65.0 306.69 -425.25
15 65.0 380.36 -667.34
16 65.0 328.44 -833.04
17 65.0 409.20 -763.16
18 65.0 327.17 -406.86
19 65.0 393.61 -517.53
20 65.0 566.48 -464.98
21 65.0 389.98 -832.28
22 65.0 406.24 -827.40
23 65.0 446.04 -874.01
24 65.0 547.03 -475.35
25 65.0 556.73 -495.47
26 65.0 633.55 -891.62
27 65.0 399.21 -719.24
28 65.0 410.19 -755.29
29 65.0 415.76 -774.05
30 65.0 373.45 -381.05
31 65.0 377.19 -647.41
32 65.0 381.91 -663.27
33 65.0 536.16 -474.64
34 65.0 513.79 -481.45
35 65.0 622.17 -340.18
6 66.0 569.72 -467.28
7 66.0 554.56 -474.84
8 66.0 571.90 -781.06
9 66.0 232.24 -517.97
10 66.0 237.25 -534.48
11 66.0 242.93 -553.24
12 66.0 390.55 -701.94
13 66.0 315.43 -453.53
14 66.0 308.46 -430.85
15 66.0 380.43 -667.41
16 66.0 325.68 -824.32
17 66.0 411.05 -769.42
18 66.0 337.03 -404.00
19 66.0 386.37 -519.70
20 66.0 560.67 -466.89
21 66.0 384.07 -834.05
22 66.0 399.13 -829.54
23 66.0 444.21 -868.00
24 66.0 542.74 -474.08
25 66.0 555.30 -490.88
26 66.0 640.17 -889.58
27 66.0 397.40 -713.34
28 66.0 408.18 -748.52
29 66.0 413.53 -766.52
30 66.0 363.59 -383.97
31 66.0 375.12 -640.43
32 66.0 379.80 -656.18
33 66.0 529.67 -476.63
34 66.0 505.66 -483.71
35 66.0 613.24 -338.19
6 67.0 577.37 -464.91
7 67.0 559.55 -470.64
8 67.0 578.81 -779.03
9 67.0 230.06 -510.78
10 67.0 234.99 -527.05
11 67.0 240.79 -546.18
12 67.0 392.78 -709.20
13 67.0 317.81 -461.29
14 67.0 310.76 -438.27
15 67.0 381.79 -668.65
16 67.0 323.19 -816.34
17 67.0 413.14 -776.43
18 67.0 346.86 -401.14
19 67.0 379.53 -521.76
20 67.0 558.96 -467.47
21 67.0 378.09 -835.84
22 67.0 392.66 -831.48
23 67.0 442.39 -862.05
24 67.0 536.55 -474.68
25 67.0 553.29 -484.83
26 67.0 646.81 -887.52
27 67.0 395.34 -706.66
28 67.0 406.04 -741.52
29 67.0 411.61 -760.05
30 67.0 353.95 -386.82
31 67.0 373.14 -633.77
32 67.0 377.50 -648.46
33 67.0 523.15 -478.62
34 67.0 497.15 -485.92
35 67.0 603.79 -336.07
6 68.0 585.53 -462.27
7 68.0 567.44 -468.03
8 68.0 586.22 -776.79
9 68.0 228.07 -504.22
10 68.0 232.79 -519.78
11 68.0 238.50 -538.63
12 68.0 394.93 -716.22
13 68.0 320.12 -468.81
14 68.0 312.84 -445.07
15 68.0 384.75 -670.04
16 68.0 320.97 -808.47
17 68.0 414.89 -782.34
18 68.0 357.36 -398.10
19 68.0 372.68 -523.86
20 68.0 558.40 -467.65
21 68.0 372.41 -837.54
22 68.0 386.64 -833.28
23 68.0 440.40 -855.60
24 68.0 532.28 -475.83
25 68.0 550.84 -479.35
26 68.0 653.77 -885.38
27 68.0 393.52 -700.72
28 68.0 403.86 -734.40
29 68.0 409.65 -753.47
30 68.0 344.71 -389.55
31 68.0 371.18 -627.15
32 68.0 375.63 -642.15
33 68.0 517.44 -480.36
34 68.0 489.18 -488.50
35 68.0 593.94 -333.86
6 69.0 592.69 -459.92
7 69.0 575.31 -465.55
8 69.0 593.67 -774.52
9 69.0 226.02 -497.37
10 69.0 230.55 -512.39
11 69.0 236.32 -531.44
12 69.0 397.28 -723.87
13 69.0 322.57 -476.80
14 69.0 314.95 -451.95
15 69.0 390.31 -669.58
16 69.0 318.31 -799.72
17 69.0 416.82 -788.84
18 69.0 367.72 -395.09
19 69.0 365.28 -526.14
20 69.0 558.06 -467.76
21 69.0 366.69 -839.25
22 69.0 380.67 -835.07
23 69.0 438.53 -849.56
24 69.0 526.24 -477.67
25 69.0 545.75 -474.61
26 69.0 660.03 -883.44
27 69.0 391.38 -693.73
28 69.0 401.83 -727.79
29 69.0 407.61 -746.61
30 69.0 334.79 -392.49
31 69.0 369.21 -620.54
32 69.0 373.73 -635.76
33 69.0 511.25 -482.17
34 69.0 480.57 -491.32
35 69.0 584.04 -331.65
6 70.0 600.67 -457.35
7 70.0 583.31 -463.01
8 70.0 601.55 -772.04
9 70.0 225.34 -490.43
10 70.0 228.44 -505.47
11 70.0 234.00 -523.79
12 70.0 399.60 -731.44
13 70.0 324.84 -484.25
14 70.0 317.27 -459.54
15 70.0 397.74 -667.32
16 70.0 315.79 -791.47
17 70.0 418.63 -794.92
18 70.0 377.77 -392.17
19 70.0 358.35 -528.37
20 70.0 557.94 -467.79
21 70.0 360.52 -841.10
22 70.0 375.04 -836.75
23 70.0 436.40 -842.68
24 70.0 519.29 -479.79
25 70.0 539.69 -474.12
26 70.0 665.91 -880.66
27 70.0 389.35 -687.13
28 70.0 399.69 -720.83
29 70.0 405.49 -739.72
30 70.0 325.31 -395.15
31 70.0 367.05 -613.25
32 70.0 371.90 -629.58
33 70.0 504.82 -483.93
34 70.0 472.36 -493.81
35 70.0 574.57 -329.53
6 71.0 608.82 -454.72
7 71.0 591.11 -460.44
8 71.0 608.73 -769.82
9 71.0 224.89 -482.16
10 71.0 226.55 -499.16
11 71.0 231.90 -516.87
12 71.0 401.90 -738.93
13 71.0 327.03 -491.51
14 71.0 319.51 -466.84
15 71.0 405.39 -665.01
16 71.0 313.32 -783.40
17 71.0 420.54 -801.37
18 71.0 388.69 -390.59
19 71.0 351.52 -530.56
20 71.0 557.89 -467.81
21 71.0 354.96 -842.77
22 71.0 368.74 -838.64
23 71.0 434.29 -835.85
24 71.0 512.78 -481.73
25 71.0 535.98 -474.70
26 71.0 669.83 -875.49
27 71.0 387.38 -680.72
28 71.0 397.64 -714.12
29 71.0 403.42 -732.96
30 71.0 315.29 -396.69
31 71.0 364.92 -606.10
32 71.0 369.79 -622.50
33 71.0 498.90 -485.46
34 71.0 464.12 -496.30
35 71.0 565.37 -327.93
6 72.0 616.98 -451.91
7 72.0 598.90 -457.92
8 72.0 616.25 -767.56
9 72.0 222.12 -472.54
10 72.0 225.00 -491.40
11 72.0 229.63 -509.37
12 72.0 404.34 -746.84
13 72.0 329.42 -499.24
14 72.0 321.88 -474.55
15 72.0 413.16 -662.65
16 72.0 310.66 -774.71
17 72.0 422.37 -807.52
18 72.0 399.58 -387.24
19 72.0 344.91 -533.24
20 72.0 557.87 -467.82
21 72.0 348.85 -844.61
22 72.0 363.81 -840.12
23 72.0 432.32 -829.46
24 72.0 506.57 -483.48
25 72.0 529.95 -476.54
26 72.0 669.92 -869.09
27 72.0 385.28 -673.98
28 72.0 395.68 -707.76
29 72.0 401.33 -726.18
30 72.0 305.38 -399.80
31 72.0 362.74 -598.78
32 72.0 367.69 -615.41
33 72.0 492.64 -487.34
34 72.0 455.83 -498.81
35 72.0 557.32 -331.32
6 73.0 624.40 -449.37
7 73.0 607.19 -455.24
8 73.0 623.54 -765.36
9 73.0 219.45 -462.79
10 73.0 224.89 -482.14
11 73.0 227.37 -501.89
12 73.0 406.67 -754.64
13 73.0 331.85 -507.09
14 73.0 324.00 -481.48
15 73.0 421.12 -660.25
16 73.0 307.98 -765.83
17 73.0 424.30 -814.02
18 73.0 410.19 -384.97
19 73.0 342.16 -539.25
20 73.0 557.86 -467.82
21 73.0 342.49 -846.51
22 73.0 357.06 -842.14
23 73.0 430.91 -826.30
24 73.0 501.01 -484.92
25 73.0 523.89 -478.39
26 73.0 667.90 -861.87
27 73.0 383.27 -667.60
28 73.0 393.67 -701.19
29 73.0 399.02 -718.64
30 73.0 295.48 -402.95
31 73.0 360.79 -592.34
32 73.0 365.42 -607.77
33 73.0 486.13 -489.53
34 73.0 447.04 -501.47
35 73.0 548.86 -332.44
6 74.0 631.61 -446.75
7 74.0 615.34 -452.48
8 74.0 627.87 -764.06
9 74.0 217.46 -455.94
10 74.0 221.93 -471.88
11 74.0 225.06 -493.89
12 74.0 408.89 -762.14
13 74.0 334.10 -514.37
14 74.0 326.28 -489.07
15 74.0 429.57 -657.69
16 74.0 305.42 -757.42
17 74.0 424.97 -819.49
18 74.0 420.52 -383.75
19 74.0 343.83 -546.83
20 74.0 557.86 -467.82
21 74.0 338.51 -847.65
22 74.0 350.67 -844.06
23 74.0 430.46 -825.36
24 74.0 493.90 -486.92
25 74.0 517.99 -480.19
26 74.0 666.06 -855.57
27 74.0 381.26 -661.12
28 74.0 391.70 -694.79
29 74.0 396.89 -711.71
30 74.0 286.33 -405.73
31 74.0 358.51 -584.93
32 74.0 363.31 -600.71
33 74.0 479.49 -491.65
34 74.0 438.39 -504.09
35 74.0 539.76 -334.92
6 75.0 639.24 -443.40
7 75.0 622.69 -449.97
8 75.0 633.79 -761.05
9 75.0 216.56 -448.94
10 75.0 220.07 -465.09
11 75.0 225.94 -485.98
12 75.0 411.22 -769.97
13 75.0 336.33 -521.58
14 75.0 328.54 -496.40
15 75.0 437.94 -655.16
16 75.0 302.97 -749.37
17 75.0 421.40 -822.81
18 75.0 430.43 -380.26
19 75.0 346.05 -554.66
20 75.0 557.86 -467.82
21 75.0 334.39 -847.50
22 75.0 347.24 -845.09
23 75.0 430.44 -825.33
24 75.0 487.16 -489.18
25 75.0 510.99 -482.24
26 75.0 664.18 -849.15
27 75.0 379.19 -654.14
28 75.0 389.71 -688.31
29 75.0 394.79 -704.85
30 75.0 276.66 -408.66
31 75.0 356.46 -578.31
32 75.0 361.00 -593.05
33 75.0 472.76 -493.69
34 75.0 430.22 -506.54
35 75.0 529.92 -337.74
6 76.0 646.21 -438.88
7 76.0 630.38 -447.21
8 76.0 635.49 -754.39
9 76.0 220.04 -442.63
10 76.0 217.86 -457.25
11 76.0 223.50 -477.32
12 76.0 413.44 -777.46
13 76.0 337.79 -526.32
14 76.0 330.77 -503.62
15 76.0 445.41 -652.90
16 76.0 300.33 -740.70
17 76.0 415.92 -824.50
18 76.0 441.01 -376.82
19 76.0 348.26 -562.46
20 76.0 557.86 -467.82
21 76.0 331.50 -843.07
22 76.0 342.81 -846.41
23 76.0 430.44 -825.33
24 76.0 481.08 -491.17
25 76.0 504.71 -483.96
26 76.0 662.22 -842.49
27 76.0 377.19 -647.41
28 76.0 387.76 -681.94
29 76.0 392.76 -698.25
30 76.0 267.85 -411.33
31 76.0 354.18 -570.98
32 76.0 359.08 -586.76
33 76.0 466.01 -495.73
34 76.0 422.22 -508.95
35 76.0 523.60 -339.68
6 77.0 653.38 -434.24
7 77.0 638.18 -443.95
8 77.0 633.76 -747.78
9 77.0 227.17 -439.49
10 77.0 216.36 -450.37
11 77.0 220.90 -468.12
12 77.0 415.82 -785.45
13 77.0 339.75 -532.83
14 77.0 333.07 -511.04
15 77.0 453.04 -650.60
16 77.0 297.98 -732.95
17 77.0 409.48 -826.43
18 77.0 451.19 -373.81
19 77.0 350.46 -569.76
20 77.0 557.86 -467.82
21 77.0 329.79 -837.43
22 77.0 337.28 -847.84
23 77.0 428.52 -823.60
24 77.0 474.94 -493.03
25 77.0 497.71 -485.77
26 77.0 660.12 -835.51
27 77.0 375.35 -641.22
28 77.0 385.71 -675.32
29 77.0 390.60 -691.21
30 77.0 258.59 -414.14
31 77.0 352.12 -564.31
32 77.0 356.89 -579.69
33 77.0 459.81 -497.61
34 77.0 413.71 -511.50
35 77.0 517.11 -341.03
6 78.0 660.49 -431.00
7 78.0 645.61 -439.27
8 78.0 631.53 -740.46
9 78.0 235.76 -436.43
10 78.0 219.16 -443.13
11 78.0 218.78 -460.35
12 78.0 417.90 -792.49
13 78.0 342.07 -540.66
14 78.0 335.32 -518.33
15 78.0 461.47 -648.05
16 78.0 295.52 -724.87
17 78.0 402.98 -828.38
18 78.0 462.07 -370.60
19 78.0 352.89 -577.62
20 78.0 557.86 -467.82
21 78.0 328.12 -832.04
22 78.0 332.66 -845.79
23 78.0 423.65 -822.56
24 78.0 468.46 -494.99
25 78.0 491.58 -487.70
26 78.0 658.13 -828.90
27 78.0 373.48 -634.91
28 78.0 383.55 -668.48
29 78.0 388.55 -684.51
30 78.0 248.73 -417.13
31 78.0 350.28 -557.86
32 78.0 354.90 -573.30
33 78.0 454.20 -499.31
34 78.0 405.57 -513.94
35 78.0 516.61 -346.13
6 79.0 668.94 -429.25
7 79.0 651.84 -435.16
8 79.0 629.12 -732.50
9 79.0 244.58 -433.87
10 79.0 227.01 -439.54
11 79.0 216.85 -453.01
12 79.0 420.20 -800.22
13 79.0 344.26 -548.31
14 79.0 337.32 -524.78
15 79.0 469.03 -645.77
16 79.0 293.04 -716.75
17 79.0 396.57 -830.31
18 79.0 471.89 -367.69
19 79.0 354.98 -584.35
20 79.0 557.86 -467.82
21 79.0 326.26 -826.14
22 79.0 330.88 -841.02
23 79.0 417.69 -823.97
24 79.0 462.42 -496.82
25 79.0 485.47 -489.75
26 79.0 656.01 -821.87
27 79.0 371.42 -627.99
28 79.0 381.50 -661.93
29 79.0 386.31 -677.21
30 79.0 239.70 -419.87
31 79.0 348.32 -550.93
32 79.0 352.78 -566.44
33 79.0 448.35 -501.07
34 79.0 396.49 -516.66
35 79.0 516.50 -352.55
6 80.0 676.50 -429.43
7 80.0 659.81 -431.25
8 80.0 626.96 -725.41
9 80.0 253.97 -431.14
10 80.0 236.07 -436.34
11 80.0 217.98 -444.79
12 80.0 422.27 -807.20
13 80.0 346.31 -555.58
14 80.0 339.46 -531.84
15 80.0 477.09 -643.33
16 80.0 290.45 -708.22
17 80.0 389.96 -832.29
18 80.0 481.61 -364.82
19 80.0 357.29 -591.82
20 80.0 557.86 -467.82
21 80.0 324.22 -819.71
22 80.0 328.85 -834.35
23 80.0 411.03 -825.96
24 80.0 456.07 -498.74
25 80.0 479.50 -491.65
26 80.0 654.17 -815.77
27 80.0 369.65 -622.02
28 80.0 379.42 -654.91
29 80.0 384.03 -669.99
30 80.0 230.63 -422.62
31 80.0 346.66 -545.07
32 80.0 350.66 -559.21
33 80.0 442.26 -502.92
34 80.0 387.93 -519.23
35 80.0 516.78 -359.51
6 81.0 684.28 -431.08
7 81.0 667.56 -429.35
8 81.0 624.53 -717.31
9 81.0 263.61 -428.35
10 81.0 245.37 -433.64
11 81.0 224.51 -440.44
12 81.0 424.37 -814.28
13 81.0 348.35 -562.77
14 81.0 341.51 -538.77
15 81.0 485.27 -640.85
16 81.0 288.00 -700.24
17 81.0 383.97 -834.08
18 81.0 492.10 -361.72
19 81.0 359.60 -599.44
20 81.0 557.86 -467.82
21 81.0 322.39 -813.49
22 81.0 326.91 -828.21
23 81.0 404.73 -827.86
24 81.0 450.84 -500.32
25 81.0 473.29 -493.52
26 81.0 652.04 -808.71
27 81.0 367.83 -615.89
28 81.0 377.28 -647.70
29 81.0 381.75 -662.77
30 81.0 221.77 -425.31
31 81.0 344.84 -538.77
32 81.0 348.91 -553.03
33 81.0 435.52 -504.95
34 81.0 378.87 -521.96
35 81.0 516.96 -365.60
6 82.0 692.26 -432.72
7 82.0 675.62 -429.29
8 82.0 622.12 -709.31
9 82.0 272.65 -425.75
10 82.0 254.47 -430.99
11 82.0 234.08 -437.01
12 82.0 426.46 -821.21
13 82.0 350.51 -569.91
14 82.0 343.50 -545.65
15 82.0 493.21 -638.45
16 82.0 285.28 -691.38
17 82.0 377.80 -835.93
18 82.0 502.73 -358.59
19 82.0 361.92 -607.21
20 82.0 557.86 -467.82
21 82.0 320.70 -807.58
22 82.0 324.98 -822.11
23 82.0 397.82 -829.93
24 82.0 444.27 -502.31
25 82.0 466.56 -495.56
26 82.0 650.19 -802.58
27 82.0 365.88 -609.33
28 82.0 375.40 -641.37
29 82.0 379.79 -656.17
30 82.0 215.17 -427.13
31 82.0 342.85 -532.01
32 82.0 347.09 -546.58
33 82.0 429.79 -506.67
34 82.0 370.10 -524.65
35 82.0 517.35 -372.63
6 83.0 699.93 -434.30
7 83.0 683.98 -431.02
8 83.0 619.80 -701.62
9 83.0 282.08 -423.04
10 83.0 262.94 -428.54
11 83.0 244.14 -433.99
12 83.0 428.82 -828.98
13 83.0 352.72 -577.07
14 83.0 345.49 -552.68
15 83.0 500.99 -636.10
16 83.0 282.85 -683.51
17 83.0 371.78 -837.73
18 83.0 513.65 -355.93
19 83.0 364.14 -614.70
20 83.0 557.86 -467.82
21 83.0 318.75 -801.18
22 83.0 323.11 -816.03
23 83.0 391.10 -831.95
24 83.0 438.35 -504.10
25 83.0 459.96 -497.56
26 83.0 648.19 -795.99
27 83.0 364.12 -603.42
28 83.0 373.34 -634.46
29 83.0 377.96 -649.99
30 83.0 207.45 -426.99
31 83.0 340.80 -525.22
32 83.0 345.89 -542.34
33 83.0 423.44 -508.58
34 83.0 361.83 -527.25
35 83.0 517.76 -380.19
6 84.0 707.83 -435.92
7 84.0 690.93 -432.45
8 84.0 617.54 -694.09
9 84.0 290.99 -420.47
10 84.0 272.72 -425.73
11 84.0 252.66 -431.52
12 84.0 431.10 -836.38
13 84.0 355.03 -584.51
14 84.0 347.37 -559.31
15 84.0 509.10 -633.65
16 84.0 280.20 -674.85
17 84.0 365.61 -839.58
18 84.0 524.35 -353.60
19 84.0 366.36 -622.17
20 84.0 557.86 -467.82
21 84.0 317.08 -795.69
22 84.0 321.35 -809.83
23 84.0 384.17 -834.02
24 84.0 432.17 -505.96
25 84.0 453.95 -499.38
26 84.0 646.12 -789.14
27 84.0 362.29 -597.30
28 84.0 371.16 -627.11
29 84.0 375.76 -642.60
30 84.0 201.98 -420.73
31 84.0 338.88 -518.99
32 84.0 345.75 -541.83
33 84.0 417.27 -510.44
34 84.0 353.98 -529.77
35 84.0 518.15 -387.36
6 85.0 715.59 -438.62
7 85.0 698.88 -434.08
8 85.0 615.23 -686.40
9 85.0 300.54 -417.82
10 85.0 281.69 -423.15
11 85.0 262.37 -428.70
12 85.0 433.41 -843.85
13 85.0 357.27 -591.77
14 85.0 349.52 -566.72
15 85.0 516.55 -631.40
16 85.0 277.58 -666.54
17 85.0 358.98 -841.57
18 85.0 534.00 -350.35
19 85.0 368.66 -629.92
20 85.0 557.86 -467.82
21 85.0 315.10 -789.19
22 85.0 319.72 -804.37
23 85.0 377.96 -835.88
24 85.0 425.25 -508.04
25 85.0 447.90 -501.21
26 85.0 644.16 -782.67
27 85.0 360.42 -591.12
28 85.0 369.02 -619.89
29 85.0 373.55 -635.16
30 85.0 197.95 -411.32
31 85.0 336.90 -512.59
32 85.0 345.71 -541.69
33 85.0 411.05 -512.29
34 85.0 350.39 -530.90
35 85.0 518.58 -395.10
6 86.0 721.36 -443.85
7 86.0 706.63 -435.67
8 86.0 612.96 -678.75
9 86.0 310.28 -415.08
10 86.0 291.14 -420.43
11 86.0 272.19 -425.88
12 86.0 435.66 -851.12
13 86.0 359.74 -599.91
14 86.0 351.92 -574.47
15 86.0 524.00 -629.14
16 86.0 275.19 -658.83
17 86.0 352.13 -843.62
18 86.0 543.48 -346.49
19 86.0 371.01 -637.82
20 86.0 557.86 -467.82
21 86.0 313.28 -783.26
22 86.0 317.69 -797.68
23 86.0 371.12 -837.93
24 86.0 418.81 -509.98
25 86.0 441.26 -503.22
26 86.0 642.00 -775.53
27 86.0 358.44 -584.71
28 86.0 367.02 -613.18
29 86.0 371.45 -628.08
30 86.0 195.02 -404.12
31 86.0 334.95 -506.30
32 86.0 345.69 -541.62
33 86.0 404.47 -514.27
34 86.0 345.28 -532.40
35 86.0 519.59 -401.73
6 87.0 724.59 -450.61
7 87.0 714.40 -438.04
8 87.0 610.60 -670.77
9 87.0 319.41 -412.45
10 87.0 301.18 -417.64
11 87.0 281.26 -423.27
12 87.0 438.02 -858.75
13 87.0 362.00 -607.49
14 87.0 354.09 -581.50
15 87.0 531.87 -626.76
16 87.0 272.68 -650.75
17 87.0 345.18 -845.71
18 87.0 553.80 -344.93
19 87.0 373.08 -644.79
20 87.0 557.86 -467.82
21 87.0 311.38 -777.06
22 87.0 315.87 -791.72
23 87.0 364.83 -839.81
24 87.0 412.28 -511.92
25 87.0 434.50 -505.25
26 87.0 640.14 -769.15
27 87.0 356.33 -577.89
28 87.0 364.89 -605.98
29 87.0 369.62 -621.93
30 87.0 192.37 -397.51
31 87.0 332.70 -499.00
32 87.0 345.68 -541.60
33 87.0 397.95 -516.23
34 87.0 337.82 -534.56
35 87.0 521.98 -409.01
6 88.0 727.14 -458.20
7 88.0 720.55 -442.59
8 88.0 608.24 -662.83
9 88.0 329.28 -409.58
10 88.0 310.82 -414.93
11 88.0 291.70 -420.27
12 88.0 440.20 -865.79
13 88.0 364.46 -615.77
14 88.0 356.44 -589.06
15 88.0 540.03 -624.29
16 88.0 270.01 -642.17
17 88.0 340.37 -847.15
18 88.0 564.70 -343.83
19 88.0 375.08 -651.53
20 88.0 557.86 -467.82
21 88.0 309.57 -771.09
22 88.0 313.88 -785.23
23 88.0 358.22 -841.79
24 88.0 405.76 -513.88
25 88.0 427.93 -507.23
26 88.0 638.31 -763.05
27 88.0 354.49 -571.97
28 88.0 362.65 -598.48
29 88.0 367.47 -614.68
30 88.0 190.10 -392.29
31 88.0 330.77 -492.78
32 88.0 345.68 -541.59
33 88.0 391.78 -518.07
34 88.0 328.80 -537.26
35 88.0 524.20 -415.61
6 89.0 729.61 -465.94
7 89.0 724.22 -449.53
8 89.0 606.00 -655.31
9 89.0 338.54 -406.90
10 89.0 320.89 -412.02
11 89.0 301.30 -417.60
12 89.0 442.40 -873.06
13 89.0 366.82 -623.72
14 89.0 358.63 -596.23
15 89.0 548.15 -621.83
16 89.0 267.54 -634.15
17 89.0 335.23 -847.71
18 89.0 575.62 -344.09
19 89.0 377.22 -658.75
20 89.0 557.86 -467.82
21 89.0 307.64 -764.71
22 89.0 312.01 -779.13
23 89.0 351.53 -843.80
24 89.0 399.45 -515.78
25 89.0 421.49 -509.17
26 89.0 636.32 -756.37
27 89.0 352.32 -564.98
28 89.0 360.45 -591.23
29 89.0 365.33 -607.48
30 89.0 187.78 -390.13
31 89.0 328.54 -485.46
32 89.0 345.13 -539.75
33 89.0 385.30 -520.02
34 89.0 319.93 -539.85
35 89.0 526.43 -422.12
6 90.0 732.48 -474.11
7 90.0 726.83 -457.27
8 90.0 603.63 -647.66
9 90.0 347.71 -404.23
10 90.0 330.47 -409.24
11 90.0 311.82 -414.65
12 90.0 444.52 -880.04
13 90.0 369.05 -631.22
14 90.0 360.81 -603.49
15 90.0 555.74 -619.54
16 90.0 264.90 -625.53
17 90.0 331.83 -844.06
18 90.0 586.66 -345.98
19 90.0 378.80 -664.41
20 90.0 557.86 -467.82
21 90.0 305.70 -758.34
22 90.0 310.30 -773.50
23 90.0 345.67 -845.56
24 90.0 393.39 -517.59
25 90.0 415.00 -511.11
26 90.0 634.33 -749.65
27 90.0 350.31 -557.95
28 90.0 358.15 -583.78
29 90.0 363.33 -600.75
30 90.0 183.87 -394.21
31 90.0 326.56 -478.89
32 90.0 344.17 -536.51
33 90.0 378.61 -522.04
34 90.0 311.43 -542.33
35 90.0 528.45 -429.68
6 91.0 737.00 -480.69
7 91.0 729.35 -465.10
8 91.0 601.44 -640.61
9 91.0 356.82 -401.59
10 91.0 338.80 -406.82
11 91.0 321.68 -411.79
12 91.0 446.68 -887.14
13 91.0 371.48 -639.41
14 91.0 362.82 -610.25
15 91.0 563.87 -617.08
16 91.0 262.54 -617.78
17 91.0 330.45 -839.62
18 91.0 597.45 -348.38
19 91.0 377.03 -669.75
20 91.0 557.86 -467.82
21 91.0 303.78 -752.04
22 91.0 308.35 -767.02
23 91.0 340.57 -847.09
24 91.0 386.40 -519.69
25 91.0 408.27 -513.13
26 91.0 632.13 -742.41
27 91.0 348.53 -551.65
28 91.0 356.04 -576.97
29 91.0 361.39 -594.33
30 91.0 185.92 -398.61
31 91.0 324.43 -471.94
32 91.0 342.60 -531.19
33 91.0 371.80 -524.13
34 91.0 302.90 -544.90
35 91.0 527.71 -436.20
6 92.0 743.90 -484.64
7 92.0 732.16 -473.40
8 92.0 599.28 -633.62
9 92.0 366.18 -398.87
10 92.0 347.64 -404.25
11 92.0 330.50 -409.23
12 92.0 448.78 -893.97
13 92.0 373.60 -646.54
14 92.0 365.08 -617.85
15 92.0 571.91 -614.65
16 92.0 260.13 -609.83
17 92.0 328.51 -833.27
18 92.0 607.76 -350.69
19 92.0 371.65 -671.74
20 92.0 557.86 -467.82
21 92.0 302.06 -746.37
22 92.0 306.56 -761.15
23 92.0 335.21 -847.71
24 92.0 379.58 -521.74
25 92.0 401.60 -515.13
26 92.0 629.98 -735.33
27 92.0 346.65 -545.03
28 92.0 353.94 -570.21
29 92.0 359.30 -587.48
30 92.0 188.60 -405.31
31 92.0 322.18 -464.64
32 92.0 340.32 -523.68
33 92.0 365.04 -526.22
34 92.0 294.61 -547.34
35 92.0 529.70 -442.66
6 93.0 752.55 -485.89
7 93.0 736.82 -480.50
8 93.0 596.99 -626.24
9 93.0 375.03 -396.29
10 93.0 357.28 -401.45
11 93.0 339.32 -406.67
12 93.0 451.15 -901.91
13 93.0 375.90 -654.31
14 93.0 367.32 -625.41
15 93.0 578.88 -612.54
16 93.0 257.71 -601.87
17 93.0 326.37 -826.51
18 93.0 618.66 -353.13
19 93.0 364.14 -674.04
20 93.0 557.86 -467.82
21 93.0 300.18 -740.18
22 93.0 304.69 -755.02
23 93.0 332.18 -844.80
24 93.0 373.11 -523.73
25 93.0 395.74 -516.89
26 93.0 627.98 -728.77
27 93.0 345.87 -542.26
28 93.0 351.89 -563.57
29 93.0 357.12 -580.47
30 93.0 191.11 -411.53
31 93.0 320.08 -457.79
32 93.0 337.79 -515.46
33 93.0 358.26 -528.40
34 93.0 285.87 -549.69
35 93.0 531.77 -449.40
6 94.0 760.59 -484.47
7 94.0 744.01 -484.67
8 94.0 594.82 -619.26
9 94.0 383.92 -394.16
10 94.0 365.60 -399.04
11 94.0 349.07 -403.84
12 94.0 453.37 -909.44
13 94.0 378.20 -662.05
14 94.0 369.43 -632.50
15 94.0 582.71 -611.38
16 94.0 255.26 -593.82
17 94.0 324.36 -820.14
18 94.0 629.46 -355.63
19 94.0 356.38 -676.42
20 94.0 557.86 -467.82
21 94.0 298.19 -733.67
22 94.0 302.93 -749.23
23 94.0 330.45 -839.63
24 94.0 366.81 -525.66
25 94.0 389.58 -518.74
26 94.0 625.82 -721.60
27 94.0 345.71 -541.69
28 94.0 350.06 -557.09
29 94.0 354.94 -573.41
30 94.0 194.26 -418.98
31 94.0 318.06 -451.17
32 94.0 335.38 -507.67
33 94.0 351.76 -530.48
34 94.0 276.49 -549.34
35 94.0 533.94 -456.46
6 95.0 768.22 -482.10
7 95.0 751.83 -485.85
8 95.0 592.53 -611.90
9 95.0 393.08 -392.58
10 95.0 374.44 -396.47
11 95.0 357.58 -401.37
12 95.0 455.78 -917.37
13 95.0 380.79 -670.36
14 95.0 371.50 -639.48
15 95.0 583.63 -608.73
16 95.0 252.64 -585.19
17 95.0 322.53 -814.01
18 95.0 639.52 -357.98
19 95.0 349.14 -678.63
20 95.0 557.86 -467.82
21 95.0 296.38 -727.70
22 95.0 300.94 -742.70
23 95.0 328.45 -833.09
24 95.0 359.97 -527.85
25 95.0 383.55 -520.54
26 95.0 623.71 -714.59
27 95.0 345.68 -541.60
28 95.0 348.52 -551.62
29 95.0 352.93 -566.93
30 95.0 195.76 -422.41
31 95.0 316.12 -444.86
32 95.0 332.86 -499.52
33 95.0 345.17 -532.43
34 95.0 267.87 -551.88
35 95.0 535.61 -461.73
6 96.0 775.73 -479.73
7 96.0 760.28 -484.57
8 96.0 590.30 -604.70
9 96.0 402.70 -389.62
10 96.0 383.69 -394.15
11 96.0 366.11 -398.89
12 96.0 458.25 -925.12
13 96.0 383.20 -678.01
14 96.0 373.60 -646.55
15 96.0 580.55 -608.70
16 96.0 250.16 -577.05
17 96.0 320.75 -807.75
18 96.0 650.00 -360.43
19 96.0 341.83 -677.86
20 96.0 557.86 -467.82
21 96.0 294.55 -721.68
22 96.0 299.12 -736.71
23 96.0 326.59 -827.18
24 96.0 353.70 -529.86
25 96.0 377.34 -522.43
26 96.0 621.55 -707.41
27 96.0 345.68 -541.59
28 96.0 347.89 -549.42
29 96.0 351.04 -560.55
30 96.0 197.87 -428.01
31 96.0 314.06 -438.10
32 96.0 330.14 -490.73
33 96.0 338.42 -534.39
34 96.0 259.50 -554.35
35 96.0 536.34 -464.08
6 97.0 783.95 -477.17
7 97.0 767.08 -482.46
8 97.0 587.81 -596.73
9 97.0 412.23 -388.33
10 97.0 393.40 -392.48
11 97.0 375.11 -396.27
12 97.0 460.24 -931.37
13 97.0 385.46 -685.35
14 97.0 375.80 -653.99
15 97.0 575.96 -610.08
16 97.0 248.22 -570.68
17 97.0 318.76 -801.19
18 97.0 660.37 -362.85
19 97.0 334.27 -679.82
20 97.0 557.86 -467.82
21 97.0 292.86 -716.15
22 97.0 297.33 -730.84
23 97.0 324.48 -820.53
24 97.0 349.24 -531.25
25 97.0 370.56 -524.51
26 97.0 619.43 -700.40
27 97.0 345.68 -541.59
28 97.0 347.73 -548.82
29 97.0 350.23 -557.70
30 97.0 200.43 -434.90
31 97.0 311.86 -430.98
32 97.0 327.66 -482.53
33 97.0 332.59 -536.10
34 97.0 252.98 -556.27
35 97.0 536.38 -464.23
6 98.0 792.11 -474.65
7 98.0 775.30 -479.87
8 98.0 585.52 -589.40
9 98.0 421.94 -386.64
10 98.0 403.22 -389.46
11 98.0 384.09 -394.17
12 98.0 462.96 -938.58
13 98.0 387.95 -693.48
14 98.0 377.79 -660.66
15 98.0 569.77 -611.96
16 98.0 249.07 -564.88
17 98.0 316.71 -794.48
18 98.0 671.70 -362.23
19 98.0 327.13 -681.99
20 98.0 557.86 -467.82
21 98.0 291.07 -710.27
22 98.0 295.46 -724.70
23 98.0 322.44 -813.66
24 98.0 344.01 -534.21
25 98.0 364.60 -526.36
26 98.0 617.54 -694.10
27 98.0 345.68 -541.59
28 98.0 347.72 -548.81
29 98.0 349.87 -556.41
30 98.0 203.18 -441.95
31 98.0 310.54 -426.79
32 98.0 325.06 -474.00
33 98.0 326.42 -537.96
34 98.0 246.65 -557.27
35 98.0 536.39 -464.26
6 99.0 800.30 -472.11
7 99.0 782.84 -477.52
8 99.0 583.18 -581.89
9 99.0 431.69 -383.21
10 99.0 412.58 -388.44
11 99.0 394.28 -392.21
12 99.0 468.90 -941.58
13 99.0 390.51 -701.80
14 99.0 379.81 -667.26
15 99.0 561.34 -614.50
16 99.0 255.69 -562.14
17 99.0 314.56 -787.45
18 99.0 681.98 -364.68
19 99.0 319.58 -684.28
20 99.0 557.86 -467.82
21 99.0 289.73 -705.85
22 99.0 293.47 -718.16
23 99.0 320.66 -807.44
24 99.0 342.53 -542.02
25 99.0 358.54 -528.31
26 99.0 615.63 -687.74
27 99.0 345.68 -541.59
28 99.0 347.72 -548.81
29 99.0 349.81 -556.20
30 99.0 207.15 -449.82
31 99.0 309.04 -420.39
32 99.0 322.64 -466.14
33 99.0 319.92 -539.85
34 99.0 242.52 -551.87
35 99.0 536.39 -464.26
6 100.0 807.80 -469.79
7 100.0 790.66 -475.10
8 100.0 580.89 -574.58
9 100.0 441.37 -380.05
10 100.0 422.51 -386.44
11 100.0 403.75 -389.30
12 100.0 476.57 -939.72
13 100.0 392.83 -709.37
14 100.0 382.19 -674.81
15 100.0 552.77 -617.10
16 100.0 264.13 -559.65
17 100.0 312.77 -781.59
18 100.0 691.88 -367.04
19 100.0 311.73 -686.66
20 100.0 557.86 -467.82
21 100.0 290.07 -701.20
22 100.0 292.11 -713.69
23 100.0 318.83 -801.45
24 100.0 344.41 -548.87
25 100.0 352.58 -530.22
26 100.0 613.75 -681.39
27 100.0 345.68 -541.59
28 100.0 347.72 -548.81
29 100.0 349.78 -556.09
30 100.0 210.87 -456.68
31 100.0 310.85 -415.41
32 100.0 320.18 -458.13
33 100.0 314.11 -541.53
34 100.0 239.78 -542.84
35 100.0 536.39 -464.26
6 101.0 813.28 -468.26
7 101.0 798.57 -472.65
8 101.0 578.41 -566.64
9 101.0 450.32 -377.40
10 101.0 432.07 -383.08
11 101.0 413.45 -388.70
12 101.0 483.56 -937.55
13 101.0 395.18 -717.02
14 101.0 384.37 -681.81
15 101.0 545.32 -619.35
16 101.0 272.65 -557.14
17 101.0 310.79 -775.13
18 101.0 702.20 -369.51
19 101.0 304.83 -688.75
20 101.0 557.86 -467.82
21 101.0 293.72 -698.81
22 101.0 290.87 -709.60
23 101.0 317.06 -795.62
24 101.0 346.46 -556.09
25 101.0 346.98 -532.18
26 101.0 611.61 -674.21
27 101.0 345.68 -541.59
28 101.0 347.72 -548.81
29 101.0 349.77 -556.05
30 101.0 213.32 -464.62
31 101.0 315.43 -410.27
32 101.0 317.68 -449.95
33 101.0 307.79 -543.43
34 101.0 237.34 -534.81
35 101.0 536.39 -464.26
6 102.0 820.50 -466.58
7 102.0 804.76 -470.73
8 102.0 576.24 -559.70
9 102.0 459.18 -374.79
10 102.0 441.47 -380.02
11 102.0 423.82 -385.98
12 102.0 491.14 -935.21
13 102.0 397.54 -724.70
14 102.0 386.49 -688.72
15 102.0 536.70 -621.95
16 102.0 281.10 -554.65
17 102.0 308.67 -768.09
18 102.0 712.56 -371.97
19 102.0 297.85 -690.87
20 102.0 557.86 -467.82
21 102.0 299.26 -697.13
22 102.0 289.71 -705.78
23 102.0 315.27 -789.78
24 102.0 348.64 -563.78
25 102.0 342.54 -536.72
26 102.0 609.71 -667.80
27 102.0 345.53 -541.08
28 102.0 347.72 -548.81
29 102.0 349.76 -556.03
30 102.0 215.85 -473.89
31 102.0 322.33 -408.27
32 102.0 315.17 -441.73
33 102.0 301.90 -545.19
34 102.0 234.87 -526.63
35 102.0 536.39 -464.26
6 103.0 826.47 -462.17
7 103.0 812.49 -468.41
8 103.0 573.71 -551.62
9 103.0 468.34 -372.08
10 103.0 450.29 -377.41
11 103.0 432.44 -382.95
12 103.0 497.98 -933.08
13 103.0 400.08 -733.00
14 103.0 388.57 -695.47
15 103.0 528.16 -624.54
16 103.0 289.05 -552.31
17 103.0 306.54 -761.10
18 103.0 722.76 -374.40
19 103.0 293.99 -692.04
20 103.0 557.86 -467.82
21 103.0 304.73 -695.47
22 103.0 290.28 -700.97
23 103.0 313.16 -782.87
24 103.0 351.17 -572.06
25 103.0 342.75 -543.00
26 103.0 607.91 -661.72
27 103.0 345.22 -540.02
28 103.0 347.62 -548.44
29 103.0 349.76 -556.02
30 103.0 218.67 -483.66
31 103.0 330.55 -402.55
32 103.0 312.72 -433.75
33 103.0 295.24 -547.15
34 103.0 232.31 -518.20
35 103.0 536.39 -464.26
6 104.0 829.35 -456.84
7 104.0 819.96 -466.72
8 104.0 571.32 -543.96
9 104.0 478.11 -369.19
10 104.0 459.21 -374.78
11 104.0 441.04 -380.14
12 104.0 505.96 -930.61
13 104.0 402.32 -740.28
14 104.0 390.63 -702.20
15 104.0 520.71 -626.80
16 104.0 297.74 -549.75
17 104.0 304.65 -754.87
18 104.0 732.75 -376.79
19 104.0 287.78 -692.74
20 104.0 557.86 -467.82
21 104.0 310.42 -693.74
22 104.0 294.30 -698.63
23 104.0 311.18 -776.42
24 104.0 353.58 -579.83
25 104.0 344.49 -549.14
26 104.0 605.76 -654.54
27 104.0 344.43 -537.37
28 104.0 347.41 -547.72
29 104.0 349.66 -555.67
30 104.0 221.16 -492.21
31 104.0 339.29 -400.01
32 104.0 310.94 -428.06
33 104.0 288.47 -549.14
34 104.0 229.84 -510.07
35 104.0 536.39 -464.26
6 105.0 835.78 -456.54
7 105.0 825.04 -463.90
8 105.0 568.86 -536.09
9 105.0 487.19 -366.51
10 105.0 468.42 -372.06
11 105.0 450.39 -377.38
12 105.0 513.11 -928.41
13 105.0 404.61 -747.71
14 105.0 392.66 -708.81
15 105.0 512.62 -629.25
16 105.0 305.67 -547.41
17 105.0 302.54 -747.96
18 105.0 743.14 -380.83
19 105.0 284.40 -688.51
20 105.0 556.13 -468.37
21 105.0 315.94 -692.06
22 105.0 300.16 -696.85
23 105.0 309.23 -769.95
24 105.0 355.90 -587.31
25 105.0 346.14 -554.96
26 105.0 603.70 -647.89
27 105.0 343.17 -533.13
28 105.0 346.55 -544.65
29 105.0 349.54 -555.25
30 105.0 223.20 -499.11
31 105.0 348.10 -397.45
32 105.0 309.03 -420.53
33 105.0 282.10 -549.01
34 105.0 227.41 -502.03
35 105.0 536.39 -464.26
6 106.0 844.50 -458.46
7 106.0 827.87 -458.91
8 106.0 566.35 -528.01
9 106.0 497.05 -363.60
10 106.0 477.29 -369.44
11 106.0 459.80 -374.60
12 106.0 520.32 -926.22
13 106.0 406.95 -755.60
14 106.0 395.00 -716.43
15 106.0 504.21 -631.79
16 106.0 313.92 -544.91
17 106.0 300.67 -741.81
18 106.0 753.59 -383.11
19 106.0 282.05 -680.91
20 106.0 552.26 -469.58
21 106.0 322.14 -690.18
22 106.0 306.85 -694.82
23 106.0 307.48 -764.18
24 106.0 358.13 -594.58
25 106.0 347.89 -561.15
26 106.0 601.53 -640.88
27 106.0 341.29 -526.81
28 106.0 345.40 -540.63
29 106.0 348.99 -553.30
30 106.0 225.30 -506.11
31 106.0 356.96 -394.88
32 106.0 312.33 -414.59
33 106.0 275.82 -549.53
34 106.0 225.03 -493.56
35 106.0 536.39 -464.26
6 107.0 855.06 -460.78
7 107.0 833.02 -456.03
8 107.0 564.13 -520.48
9 107.0 506.28 -360.98
10 107.0 487.42 -366.44
11 107.0 469.07 -371.86
12 107.0 527.16 -924.13
13 107.0 409.16 -763.05
14 107.0 397.27 -723.83
15 107.0 495.76 -634.34
16 107.0 321.78 -542.65
17 107.0 298.78 -735.60
18 107.0 764.51 -385.49
19 107.0 279.94 -674.02
20 107.0 546.90 -471.27
21 107.0 327.61 -688.52
22 107.0 313.20 -692.90
23 107.0 305.37 -757.26
24 107.0 360.30 -601.78
25 107.0 349.80 -567.61
26 107.0 599.57 -634.56
27 107.0 339.20 -520.05
28 107.0 343.69 -534.86
29 107.0 347.74 -548.89
30 107.0 227.46 -513.22
31 107.0 366.12 -392.22
32 107.0 318.17 -409.47
33 107.0 269.93 -551.27
34 107.0 225.27 -483.46
35 107.0 536.39 -464.26
6 108.0 867.46 -463.51
7 108.0 839.60 -457.38
8 108.0 561.97 -513.18
9 108.0 511.48 -359.72
10 108.0 497.16 -363.56
11 108.0 478.47 -369.09
12 108.0 534.98 -921.75
13 108.0 411.54 -771.06
14 108.0 399.42 -730.85
15 108.0 487.43 -636.86
16 108.0 330.20 -540.17
17 108.0 296.67 -728.66
18 108.0 774.48 -387.66
19 108.0 277.56 -666.47
20 108.0 541.18 -473.06
21 108.0 333.87 -686.63
22 108.0 318.97 -691.15
23 108.0 303.27 -750.34
24 108.0 362.76 -610.04
25 108.0 351.81 -574.12
26 108.0 597.47 -627.79
27 108.0 337.19 -513.55
28 108.0 341.74 -528.28
29 108.0 346.16 -543.27
30 108.0 229.56 -520.16
31 108.0 375.09 -389.61
32 108.0 325.96 -403.88
33 108.0 263.22 -553.26
34 108.0 221.85 -471.56
35 108.0 536.39 -464.26
6 109.0 880.72 -466.43
7 109.0 848.44 -459.32
8 109.0 559.88 -506.11
9 109.0 515.81 -360.36
10 109.0 502.78 -361.91
11 109.0 488.02 -366.26
12 109.0 542.22 -919.59
13 109.0 413.94 -779.12
14 109.0 401.57 -737.84
15 109.0 479.20 -639.35
16 109.0 337.13 -538.30
17 109.0 294.53 -721.62
18 109.0 784.71 -389.89
19 109.0 275.23 -658.97
20 109.0 535.65 -474.80
21 109.0 339.74 -684.84
22 109.0 325.51 -689.16
23 109.0 301.38 -744.14
24 109.0 365.12 -618.01
25 109.0 353.83 -580.64
26 109.0 595.47 -621.34
27 109.0 335.07 -506.68
28 109.0 339.74 -521.77
29 109.0 344.06 -536.13
30 109.0 231.57 -526.77
31 109.0 383.99 -388.11
32 109.0 336.31 -400.87
33 109.0 256.91 -555.12
34 109.0 218.62 -459.75
35 109.0 536.39 -464.26
6 110.0 885.14 -479.43
7 110.0 858.78 -461.60
8 110.0 557.76 -498.95
9 110.0 520.01 -362.75
10 110.0 507.21 -360.74
11 110.0 493.49 -364.65
12 110.0 550.15 -917.24
13 110.0 416.33 -787.19
14 110.0 403.87 -745.33
15 110.0 471.04 -641.82
16 110.0 342.21 -541.54
17 110.0 292.66 -715.50
18 110.0 794.62 -392.10
19 110.0 273.12 -652.16
20 110.0 532.41 -475.79
21 110.0 345.15 -683.19
22 110.0 330.96 -687.51
23 110.0 299.60 -738.30
24 110.0 367.58 -626.26
25 110.0 355.97 -587.55
26 110.0 593.27 -614.28
27 110.0 333.10 -500.30
28 110.0 337.67 -515.09
29 110.0 342.20 -529.82
30 110.0 233.62 -533.54
31 110.0 393.81 -385.67
32 110.0 347.31 -397.68
33 110.0 252.02 -556.55
34 110.0 216.35 -450.42
35 110.0 536.39 -464.26
6 111.0 889.14 -492.84
7 111.0 871.09 -464.31
8 111.0 555.97 -492.72
9 111.0 520.34 -368.65
10 111.0 511.62 -359.70
11 111.0 498.76 -363.09
12 111.0 557.67 -914.93
13 111.0 418.65 -795.00
14 111.0 406.20 -753.08
15 111.0 463.22 -644.18
16 111.0 344.03 -547.53
17 111.0 290.85 -709.55
18 111.0 805.48 -394.58
19 111.0 271.05 -645.52
20 111.0 526.50 -477.59
21 111.0 351.23 -681.34
22 111.0 336.89 -685.71
23 111.0 297.54 -731.51
24 111.0 369.86 -633.96
25 111.0 358.05 -594.32
26 111.0 591.22 -607.66
27 111.0 331.11 -493.87
28 111.0 335.55 -508.23
29 111.0 340.14 -523.07
30 111.0 235.70 -540.39
31 111.0 402.53 -382.99
32 111.0 359.35 -394.18
33 111.0 246.88 -557.33
34 111.0 220.64 -442.29
35 111.0 536.39 -464.26
6 112.0 892.70 -504.74
7 112.0 883.61 -469.42
8 112.0 556.77 -485.11
9 112.0 520.75 -376.19
10 112.0 516.13 -360.74
11 112.0 502.62 -361.96
12 112.0 565.64 -912.47
13 112.0 420.92 -802.64
14 112.0 408.30 -760.15
15 112.0 455.09 -646.63
16 112.0 346.34 -555.66
17 112.0 289.07 -703.70
18 112.0 816.25 -397.04
19 112.0 268.84 -638.37
20 112.0 519.95 -479.59
21 112.0 357.40 -679.45
22 112.0 343.29 -683.76
23 112.0 295.54 -724.96
24 112.0 372.15 -641.68
25 112.0 360.10 -601.10
26 112.0 589.28 -601.42
27 112.0 329.04 -487.14
28 112.0 333.48 -501.55
29 112.0 338.19 -516.76
30 112.0 237.67 -546.90
31 112.0 410.71 -377.44
32 112.0 370.91 -390.83
33 112.0 243.11 -553.68
34 112.0 230.17 -438.41
35 112.0 536.39 -464.26
6 113.0 895.86 -512.18
7 113.0 886.25 -483.13
8 113.0 555.81 -482.36
9 113.0 521.15 -383.63
10 113.0 520.07 -363.70
11 113.0 507.17 -360.76
12 113.0 572.89 -910.24
13 113.0 423.34 -810.79
14 113.0 410.50 -767.55
15 113.0 447.15 -649.04
16 113.0 348.53 -563.41
17 113.0 287.12 -697.37
18 113.0 826.89 -399.26
19 113.0 266.77 -631.62
20 113.0 513.58 -481.51
21 113.0 363.42 -677.61
22 113.0 349.75 -681.79
23 113.0 293.55 -718.41
24 113.0 374.35 -649.10
25 113.0 361.92 -607.23
26 113.0 587.16 -594.65
27 113.0 327.18 -480.96
28 113.0 331.70 -495.78
29 113.0 335.97 -509.58
30 113.0 239.87 -554.16
31 113.0 420.26 -373.67
32 113.0 382.60 -388.05
33 113.0 241.57 -548.72
34 113.0 240.49 -431.73
35 113.0 536.39 -464.26
6 114.0 902.90 -514.34
7 114.0 889.79 -495.00
8 114.0 555.71 -482.08
9 114.0 521.54 -390.72
10 114.0 520.46 -370.87
11 114.0 512.01 -359.65
12 114.0 580.02 -908.05
13 114.0 425.58 -818.31
14 114.0 412.46 -774.14
15 114.0 439.52 -651.34
16 114.0 350.96 -571.37
17 114.0 285.03 -690.56
18 114.0 837.57 -403.07
19 114.0 264.46 -624.07
20 114.0 507.95 -483.10
21 114.0 368.95 -675.92
22 114.0 354.92 -680.21
23 114.0 291.50 -711.69
24 114.0 376.80 -657.34
25 114.0 363.75 -613.39
26 114.0 585.23 -588.45
27 114.0 325.29 -474.76
28 114.0 329.87 -489.87
29 114.0 334.12 -503.62
30 114.0 241.79 -560.48
31 114.0 429.62 -370.37
32 114.0 394.43 -385.48
33 114.0 239.69 -542.56
34 114.0 252.81 -428.14
35 114.0 536.39 -464.26
6 115.0 909.86 -512.51
7 115.0 892.87 -505.30
8 115.0 555.68 -482.00
9 115.0 521.92 -397.22
10 115.0 520.92 -379.35
11 115.0 516.28 -360.93
12 115.0 587.30 -905.82
13 115.0 427.85 -825.77
14 115.0 414.61 -781.38
15 115.0 431.11 -653.89
16 115.0 353.55 -579.73
17 115.0 282.93 -683.79
18 115.0 848.37 -405.19
19 115.0 262.25 -616.84
20 115.0 501.47 -484.80
21 115.0 374.98 -674.07
22 115.0 360.88 -678.38
23 115.0 289.79 -706.05
24 115.0 378.03 -661.50
25 115.0 365.72 -620.01
26 115.0 583.24 -582.09
27 115.0 323.27 -468.16
28 115.0 327.87 -483.24
29 115.0 332.27 -497.64
30 115.0 243.79 -567.09
31 115.0 438.53 -367.54
32 115.0 406.07 -381.88
33 115.0 237.68 -535.91
34 115.0 264.11 -424.87
35 115.0 536.39 -464.26
6 116.0 917.11 -510.35
7 116.0 895.82 -512.15
8 116.0 555.67 -481.96
9 116.0 523.60 -403.71
10 116.0 521.36 -387.47
11 116.0 520.07 -363.83
12 116.0 594.74 -903.54
13 116.0 430.30 -833.79
14 116.0 416.69 -788.41
15 116.0 423.34 -656.24
16 116.0 356.05 -587.81
17 116.0 280.77 -676.72
18 116.0 859.06 -407.71
19 116.0 259.92 -609.16
20 116.0 495.04 -486.54
21 116.0 379.92 -673.88
22 116.0 366.96 -676.53
23 116.0 289.87 -701.41
24 116.0 378.33 -662.51
25 116.0 367.70 -626.67
26 116.0 581.15 -575.40
27 116.0 321.34 -461.91
28 116.0 325.80 -476.41
29 116.0 330.29 -491.23
30 116.0 245.84 -573.84
31 116.0 447.58 -364.86
32 116.0 415.07 -375.49
33 116.0 235.83 -529.83
34 116.0 276.50 -421.31
35 116.0 536.39 -464.26
6 117.0 924.43 -508.16
7 117.0 903.07 -514.31
8 117.0 555.67 -481.95
9 117.0 525.83 -410.49
10 117.0 521.76 -394.77
11 117.0 520.42 -370.26
12 117.0 602.59 -901.14
13 117.0 432.78 -841.81
14 117.0 418.87 -795.73
15 117.0 415.51 -658.61
16 117.0 358.51 -595.84
17 117.0 278.85 -670.44
18 117.0 869.05 -410.06
19 117.0 257.78 -602.11
20 117.0 489.13 -488.52
21 117.0 382.84 -677.19
22 117.0 371.91 -675.01
23 117.0 293.64 -698.83
24 117.0 378.39 -662.70
25 117.0 369.60 -633.09
26 117.0 578.94 -568.35
27 117.0 319.54 -456.03
28 117.0 323.90 -470.24
29 117.0 328.44 -485.15
30 117.0 247.86 -580.47
31 117.0 457.33 -361.98
32 117.0 426.07 -371.62
33 117.0 234.09 -524.06
34 117.0 288.89 -417.74
35 117.0 536.39 -464.26
6 118.0 931.82 -505.95
7 118.0 910.73 -512.25
8 118.0 555.67 -481.95
9 118.0 528.12 -417.18
10 118.0 522.96 -401.77
11 118.0 520.81 -377.37
12 118.0 610.54 -898.70
13 118.0 435.26 -849.84
14 118.0 421.13 -803.34
15 118.0 407.96 -660.89
16 118.0 361.17 -604.69
17 118.0 276.65 -663.56
18 118.0 880.21 -412.64
19 118.0 255.68 -595.20
20 118.0 483.33 -490.47
21 118.0 384.42 -681.95
22 118.0 376.20 -673.78
23 118.0 300.10 -696.87
24 118.0 378.41 -662.77
25 118.0 371.38 -639.08
26 118.0 576.71 -561.22
27 118.0 317.69 -449.97
28 118.0 322.21 -464.75
29 118.0 326.36 -478.22
30 118.0 249.98 -587.46
31 118.0 466.70 -359.21
32 118.0 437.28 -367.91
33 118.0 232.36 -518.37
34 118.0 300.92 -414.39
35 118.0 536.39 -464.26
6 119.0 939.89 -503.54
7 119.0 918.42 -509.95
8 119.0 555.67 -481.95
9 119.0 530.51 -424.17
10 119.0 525.14 -408.40
11 119.0 521.23 -385.02
12 119.0 617.95 -896.43
13 119.0 437.68 -857.66
14 119.0 423.32 -810.74
15 119.0 400.15 -663.25
16 119.0 363.53 -612.64
17 119.0 274.77 -657.49
18 119.0 891.10 -415.16
19 119.0 253.51 -588.06
20 119.0 477.50 -492.25
21 119.0 386.17 -687.65
22 119.0 381.13 -674.68
23 119.0 306.58 -694.90
24 119.0 378.41 -662.78
25 119.0 373.21 -645.25
26 119.0 574.67 -554.67
27 119.0 315.65 -443.30
28 119.0 320.34 -458.64
29 119.0 324.58 -472.44
30 119.0 252.21 -594.81
31 119.0 475.85 -356.51
32 119.0 448.92 -364.47
33 119.0 230.62 -512.64
34 119.0 312.65 -411.08
35 119.0 536.39 -464.26
6 120.0 947.41 -501.06
7 120.0 926.49 -507.54
8 120.0 555.67 -481.95
9 120.0 530.55 -431.56
10 120.0 527.76 -416.14
11 120.0 521.67 -393.16
12 120.0 625.54 -894.09
13 120.0 440.08 -865.40
14 120.0 425.42 -817.77
15 120.0 391.98 -665.73
16 120.0 366.19 -621.60
17 120.0 272.74 -650.94
18 120.0 901.70 -417.62
19 120.0 251.25 -580.64
20 120.0 471.55 -494.05
21 120.0 387.94 -693.43
22 120.0 383.76 -679.81
23 120.0 313.09 -692.93
24 120.0 378.41 -662.78
25 120.0 375.05 -651.44
26 120.0 572.51 -547.76
27 120.0 313.65 -436.77
28 120.0 318.09 -451.29
29 120.0 322.78 -466.57
30 120.0 254.21 -601.39
31 120.0 485.11 -353.77
32 120.0 460.65 -361.00
33 120.0 228.57 -505.90
34 120.0 324.72 -407.57
35 120.0 536.39 -464.26
6 121.0 952.19 -495.98
7 121.0 933.97 -505.31
8 121.0 555.67 -481.95
9 121.0 531.67 -438.18
10 121.0 530.13 -423.06
11 121.0 522.71 -401.01
12 121.0 633.25 -891.71
13 121.0 442.41 -873.09
14 121.0 427.50 -824.63
15 121.0 387.55 -667.27
16 121.0 368.52 -629.45
17 121.0 270.61 -644.09
18 121.0 911.64 -420.09
19 121.0 249.05 -573.41
20 121.0 465.57 -495.86
21 121.0 389.66 -699.04
22 121.0 385.55 -685.66
23 121.0 319.20 -691.07
24 121.0 378.42 -662.78
25 121.0 376.01 -654.67
26 121.0 570.29 -540.66
27 121.0 311.54 -429.95
28 121.0 316.15 -444.95
29 121.0 320.76 -460.00
30 121.0 256.31 -608.28
31 121.0 493.88 -351.18
32 121.0 472.43 -357.52
33 121.0 226.64 -499.45
34 121.0 336.91 -404.03
35 121.0 536.39 -464.26
6 122.0 951.22 -488.83
7 122.0 942.60 -502.73
8 122.0 555.67 -481.95
9 122.0 533.90 -445.44
10 122.0 531.33 -429.20
11 122.0 525.04 -408.09
12 122.0 641.18 -889.26
13 122.0 444.82 -881.01
14 122.0 429.62 -831.60
15 122.0 382.84 -672.02
16 122.0 371.14 -638.28
17 122.0 268.75 -638.10
18 122.0 921.42 -423.39
19 122.0 246.76 -565.86
20 122.0 459.90 -497.58
21 122.0 391.42 -704.79
22 122.0 387.08 -690.62
23 122.0 325.20 -689.26
24 122.0 378.42 -662.78
25 122.0 376.28 -655.59
26 122.0 568.19 -533.97
27 122.0 310.36 -426.22
28 122.0 313.95 -437.76
29 122.0 318.89 -453.90
30 122.0 258.27 -614.77
31 122.0 504.08 -348.33
32 122.0 482.52 -354.54
33 122.0 225.04 -493.65
34 122.0 348.99 -400.52
35 122.0 536.39 -464.26
6 123.0 948.64 -481.17
7 123.0 949.71 -499.92
8 123.0 555.67 -481.95
9 123.0 536.17 -452.82
10 123.0 531.15 -436.50
11 123.0 527.64 -415.79
12 123.0 648.73 -886.93
13 123.0 447.19 -888.78
14 123.0 431.88 -838.88
15 123.0 383.68 -679.56
16 123.0 373.24 -645.35
17 123.0 266.75 -631.57
18 123.0 924.96 -424.86
19 123.0 244.39 -558.05
20 123.0 454.46 -499.23
21 123.0 393.22 -710.64
22 123.0 388.72 -695.97
23 123.0 330.95 -687.51
24 123.0 378.42 -662.78
25 123.0 376.28 -655.59
26 123.0 566.10 -527.16
27 123.0 309.11 -421.05
28 123.0 312.71 -433.70
29 123.0 316.76 -446.93
30 123.0 260.27 -621.35
31 123.0 512.94 -346.29
32 123.0 493.25 -351.37
33 123.0 226.01 -486.81
34 123.0 361.21 -396.98
35 123.0 536.39 -464.26
6 124.0 946.03 -473.02
7 124.0 952.21 -492.74
8 124.0 555.67 -481.95
9 124.0 538.40 -459.93
10 124.0 533.38 -443.73
11 124.0 530.17 -423.16
12 124.0 655.60 -884.81
13 124.0 449.36 -895.88
14 124.0 434.10 -846.06
15 124.0 385.87 -686.67
16 124.0 374.12 -648.31
17 124.0 264.96 -625.71
18 124.0 933.93 -429.98
19 124.0 242.32 -551.22
20 124.0 448.72 -500.96
21 124.0 395.23 -717.19
22 124.0 390.40 -701.44
23 124.0 337.12 -685.64
24 124.0 378.42 -662.78
25 124.0 376.28 -655.59
26 124.0 564.18 -520.66
27 124.0 310.30 -415.88
28 124.0 311.28 -429.13
29 124.0 315.39 -442.45
30 124.0 262.26 -627.84
31 124.0 522.06 -344.33
32 124.0 502.71 -348.68
33 124.0 223.98 -478.98
34 124.0 373.29 -393.47
35 124.0 536.39 -464.26
6 125.0 943.84 -465.65
7 125.0 949.90 -484.89
8 125.0 555.67 -481.95
9 125.0 539.27 -462.75
10 125.0 535.65 -451.11
11 125.0 530.62 -431.34
12 125.0 663.36 -882.08
13 125.0 451.72 -903.84
14 125.0 436.36 -853.39
15 125.0 387.62 -692.40
16 125.0 374.14 -648.37
17 125.0 262.83 -618.73
18 125.0 941.84 -437.19
19 125.0 240.10 -543.90
20 125.0 443.06 -502.68
21 125.0 396.96 -722.82
22 125.0 392.53 -708.38
23 125.0 343.48 -683.71
24 125.0 378.42 -662.78
25 125.0 376.28 -655.59
26 125.0 562.29 -514.27
27 125.0 315.89 -413.48
28 125.0 310.03 -425.12
29 125.0 314.03 -438.03
30 125.0 264.24 -634.30
31 125.0 526.86 -343.30
32 125.0 512.55 -346.37
33 125.0 221.43 -470.03
34 125.0 385.51 -391.20
35 125.0 536.39 -464.26
6 126.0 941.51 -457.63
7 126.0 947.25 -476.90
8 126.0 555.67 -481.95
9 126.0 539.37 -463.08
10 126.0 536.74 -454.65
11 126.0 532.04 -439.37
12 126.0 669.48 -876.58
13 126.0 454.19 -912.19
14 126.0 438.47 -860.21
15 126.0 389.74 -699.30
16 126.0 374.14 -648.39
17 126.0 260.92 -612.45
18 126.0 948.80 -444.28
19 126.0 237.91 -536.68
20 126.0 437.60 -504.32
21 126.0 398.86 -729.03
22 126.0 394.26 -714.05
23 126.0 349.96 -681.72
24 126.0 378.42 -662.78
25 126.0 376.28 -655.59
26 126.0 560.17 -507.11
27 126.0 324.14 -411.08
28 126.0 309.17 -418.55
29 126.0 312.88 -434.24
30 126.0 266.50 -641.63
31 126.0 528.12 -341.03
32 126.0 518.02 -345.19
33 126.0 219.19 -461.86
34 126.0 396.74 -388.11
35 126.0 536.39 -464.26
6 127.0 939.29 -449.58
7 127.0 944.60 -468.25
8 127.0 555.67 -481.95
9 127.0 539.43 -463.26
10 127.0 536.99 -455.47
11 127.0 533.61 -444.51
12 127.0 669.91 -869.06
13 127.0 456.78 -920.50
14 127.0 440.72 -867.52
15 127.0 391.71 -705.73
16 127.0 374.14 -648.39
17 127.0 258.84 -605.61
18 127.0 956.08 -451.65
19 127.0 235.74 -529.51
20 127.0 431.26 -506.23
21 127.0 400.70 -735.01
22 127.0 396.16 -720.21
23 127.0 356.03 -679.87
24 127.0 378.42 -662.78
25 127.0 376.28 -655.59
26 127.0 558.37 -501.02
27 127.0 333.52 -408.35
28 127.0 312.81 -414.37
29 127.0 311.13 -428.66
30 127.0 268.49 -648.05
31 127.0 529.01 -336.68
32 127.0 521.64 -344.42
33 127.0 217.24 -455.03
34 127.0 407.86 -384.88
35 127.0 536.39 -464.26
6 128.0 937.17 -441.53
7 128.0 942.15 -459.89
8 128.0 555.67 -481.95
9 128.0 539.44 -463.30
10 128.0 537.19 -456.07
11 128.0 534.64 -447.85
12 128.0 667.91 -861.92
13 128.0 459.29 -928.39
14 128.0 442.78 -874.32
15 128.0 393.51 -711.59
16 128.0 374.15 -648.40
17 128.0 256.82 -598.96
18 128.0 961.66 -457.33
19 128.0 233.65 -522.61
20 128.0 425.49 -507.97
21 128.0 402.62 -741.26
22 128.0 398.18 -726.80
23 128.0 362.37 -677.93
24 128.0 378.42 -662.78
25 128.0 376.28 -655.59
26 128.0 556.42 -494.45
27 128.0 341.96 -405.90
28 128.0 319.95 -412.30
29 128.0 309.42 -422.55
30 128.0 270.56 -654.73
31 128.0 526.56 -335.45
32 128.0 525.51 -343.59
33 128.0 216.74 -447.70
34 128.0 419.36 -384.16
35 128.0 536.39 -464.26
6 129.0 936.25 -432.93
7 129.0 940.00 -452.16
8 129.0 555.67 -481.95
9 129.0 539.45 -463.31
10 129.0 537.21 -456.14
11 129.0 534.82 -448.43
12 129.0 665.79 -854.66
13 129.0 460.86 -933.34
14 129.0 445.09 -881.91
15 129.0 395.53 -718.18
16 129.0 374.15 -648.40
17 129.0 255.03 -593.07
18 129.0 967.09 -462.84
19 129.0 231.32 -514.95
20 129.0 419.17 -509.87
21 129.0 404.61 -747.72
22 129.0 400.24 -733.53
23 129.0 368.12 -676.17
24 129.0 378.42 -662.78
25 129.0 376.28 -655.59
26 129.0 555.62 -491.85
27 129.0 350.37 -403.46
28 129.0 328.98 -409.67
29 129.0 309.99 -416.40
30 129.0 272.54 -661.10
31 129.0 521.61 -337.39
32 129.0 528.09 -341.16
33 129.0 220.77 -442.21
34 129.0 430.34 -380.30
35 129.0 536.39 -464.26
6 130.0 935.44 -423.87
7 130.0 937.68 -443.74
8 130.0 555.67 -481.95
9 130.0 539.45 -463.31
10 130.0 537.21 -456.15
11 130.0 534.96 -448.89
12 130.0 663.43 -846.59
13 130.0 464.39 -939.95
14 130.0 447.45 -889.64
15 130.0 397.57 -724.83
16 130.0 374.15 -648.40
17 130.0 252.93 -586.15
18 130.0 973.00 -468.69
19 130.0 228.93 -507.06
20 130.0 413.45 -511.58
21 130.0 406.39 -753.69
22 130.0 402.30 -740.24
23 130.0 375.02 -674.06
24 130.0 378.42 -662.78
25 130.0 376.28 -655.59
26 130.0 555.24 -490.71
27 130.0 359.36 -400.85
28 130.0 338.11 -407.02
29 130.0 315.70 -413.53
30 130.0 274.52 -667.48
31 130.0 514.99 -339.99
32 130.0 529.01 -336.70
33 130.0 226.84 -439.60
34 130.0 441.55 -376.66
35 130.0 536.39 -464.26
6 131.0 934.78 -416.43
7 131.0 936.42 -434.88
8 131.0 555.67 -481.95
9 131.0 539.45 -463.31
10 131.0 537.21 -456.15
11 131.0 534.98 -448.95
12 131.0 661.08 -838.70
13 131.0 472.16 -941.05
14 131.0 449.56 -896.57
15 131.0 399.66 -731.61
16 131.0 374.15 -648.40
17 131.0 250.99 -579.79
18 131.0 979.02 -474.57
19 131.0 226.78 -499.91
20 131.0 406.94 -513.53
21 131.0 408.10 -759.45
22 131.0 403.99 -745.70
23 131.0 379.88 -673.87
24 131.0 378.42 -662.78
25 131.0 376.28 -655.59
26 131.0 554.99 -489.93
27 131.0 367.96 -398.35
28 131.0 347.30 -404.35
29 131.0 323.72 -411.20
30 131.0 276.78 -674.61
31 131.0 506.56 -342.62
32 131.0 524.93 -336.09
33 131.0 235.19 -436.62
34 131.0 452.76 -373.35
35 131.0 536.39 -464.26
6 132.0 934.39 -412.11
7 132.0 935.67 -426.52
8 132.0 555.67 -481.95
9 132.0 539.45 -463.31
10 132.0 537.21 -456.15
11 132.0 534.99 -448.97
12 132.0 658.81 -831.18
13 132.0 479.87 -938.70
14 132.0 451.86 -904.32
15 132.0 401.53 -737.72
16 132.0 374.15 -648.40
17 132.0 248.88 -572.85
18 132.0 984.43 -479.85
19 132.0 224.96 -492.82
20 132.0 401.33 -515.21
21 132.0 409.85 -765.38
22 132.0 405.66 -751.23
23 132.0 383.16 -677.87
24 132.0 378.42 -662.78
25 132.0 376.28 -655.59
26 132.0 554.97 -489.88
27 132.0 376.69 -395.81
28 132.0 356.15 -401.78
29 132.0 332.61 -408.62
30 132.0 278.88 -681.49
31 132.0 497.77 -345.34
32 132.0 517.84 -338.87
33 132.0 243.22 -434.26
34 132.0 464.42 -369.90
35 132.0 536.39 -464.26
6 133.0 929.58 -407.97
7 133.0 935.26 -421.82
8 133.0 555.67 -481.95
9 133.0 539.45 -463.31
10 133.0 537.21 -456.15
11 133.0 534.99 -448.98
12 133.0 656.55 -823.68
13 133.0 487.84 -936.23
14 133.0 453.99 -911.50
15 133.0 403.00 -742.52
16 133.0 374.15 -648.40
17 133.0 247.81 -567.40
18 133.0 990.28 -485.36
19 133.0 225.59 -484.56
20 133.0 395.83 -516.86
21 133.0 411.71 -771.63
22 133.0 407.46 -757.32
23 133.0 385.17 -684.41
24 133.0 378.42 -662.78
25 133.0 376.28 -655.59
26 133.0 554.97 -489.87
27 133.0 385.62 -394.23
28 133.0 365.29 -399.12
29 133.0 341.82 -405.94
30 133.0 281.04 -688.52
31 133.0 487.03 -345.31
32 133.0 508.27 -338.84
33 133.0 251.16 -431.95
34 133.0 476.03 -366.47
35 133.0 536.39 -464.26
6 134.0 921.23 -404.82
7 134.0 934.65 -415.00
8 134.0 555.67 -481.95
9 134.0 539.45 -463.31
10 134.0 537.21 -456.15
11 134.0 534.99 -448.98
12 134.0 654.29 -816.17
13 134.0 495.94 -933.72
14 134.0 456.19 -918.63
15 134.0 405.01 -749.05
16 134.0 374.15 -648.40
17 134.0 251.36 -563.49
18 134.0 995.49 -491.91
19 134.0 222.76 -474.75
20 134.0 389.64 -518.72
21 134.0 413.32 -777.04
22 134.0 409.22 -763.25
23 134.0 387.05 -690.52
24 134.0 378.42 -662.78
25 134.0 376.28 -655.59
26 134.0 554.97 -489.86
27 134.0 395.15 -391.94
28 134.0 374.30 -396.51
29 134.0 351.61 -403.10
30 134.0 283.04 -695.00
31 134.0 477.72 -348.19
32 134.0 497.78 -341.98
33 134.0 259.68 -429.48
34 134.0 487.28 -363.15
35 134.0 536.39 -464.26
6 135.0 911.25 -401.84
7 135.0 930.26 -408.27
8 135.0 555.67 -481.95
9 135.0 539.45 -463.31
10 135.0 537.21 -456.15
11 135.0 534.99 -448.98
12 135.0 652.11 -808.94
13 135.0 503.33 -931.43
14 135.0 458.43 -925.68
15 135.0 406.58 -754.35
16 135.0 374.15 -648.40
17 135.0 255.99 -562.05
18 135.0 1002.07 -496.72
19 135.0 220.02 -464.93
20 135.0 383.60 -520.53
21 135.0 415.02 -782.79
22 135.0 410.95 -769.08
23 135.0 388.90 -696.57
24 135.0 378.42 -662.78
25 135.0 376.28 -655.59
26 135.0 554.97 -489.86
27 135.0 403.64 -389.34
28 135.0 384.33 -394.18
29 135.0 360.78 -400.44
30 135.0 285.09 -701.64
31 135.0 468.77 -350.96
32 135.0 487.48 -345.17
33 135.0 268.32 -426.99
34 135.0 498.72 -359.76
35 135.0 536.39 -464.26
6 136.0 900.01 -399.04
7 136.0 921.02 -404.75
8 136.0 555.67 -481.95
9 136.0 539.45 -463.31
10 136.0 537.21 -456.15
11 136.0 534.99 -448.98
12 136.0 649.90 -801.64
13 136.0 511.41 -928.93
14 136.0 460.36 -931.75
15 136.0 408.35 -760.32
16 136.0 374.15 -648.40
17 136.0 262.34 -560.18
18 136.0 1008.24 -501.23
19 136.0 217.33 -455.51
20 136.0 378.23 -522.16
21 136.0 416.76 -788.64
22 136.0 412.53 -774.39
23 136.0 390.98 -703.35
24 136.0 378.42 -662.78
25 136.0 376.28 -655.59
26 136.0 554.97 -489.86
27 136.0 413.20 -388.62
28 136.0 393.02 -392.60
29 136.0 370.55 -397.60
30 136.0 287.23 -708.64
31 136.0 459.13 -353.94
32 136.0 478.26 -348.02
33 136.0 276.43 -421.33
34 136.0 510.01 -356.73
35 136.0 536.39 -464.26
6 137.0 888.77 -396.20
7 137.0 910.51 -401.64
8 137.0 555.67 -481.95
9 137.0 539.45 -463.31
10 137.0 537.21 -456.15
11 137.0 534.99 -448.98
12 137.0 647.60 -794.04
13 137.0 518.90 -926.65
14 137.0 463.06 -938.72
15 137.0 410.04 -765.99
16 137.0 374.15 -648.40
17 137.0 268.38 -558.40
18 137.0 1012.12 -508.23
19 137.0 216.71 -447.92
20 137.0 372.71 -523.85
21 137.0 418.70 -795.17
22 137.0 414.41 -780.70
23 137.0 393.02 -710.00
24 137.0 378.42 -662.78
25 137.0 376.28 -655.59
26 137.0 554.97 -489.86
27 137.0 422.21 -386.55
28 137.0 402.90 -389.56
29 137.0 380.57 -394.69
30 137.0 289.16 -714.98
31 137.0 450.41 -356.61
32 137.0 468.06 -351.18
33 137.0 285.56 -418.70
34 137.0 522.38 -354.03
35 137.0 536.39 -464.26
6 138.0 877.80 -393.54
7 138.0 899.27 -398.87
8 138.0 555.67 -481.95
9 138.0 539.45 -463.31
10 138.0 537.21 -456.15
11 138.0 534.99 -448.98
12 138.0 645.31 -786.46
13 138.0 526.22 -924.42
14 138.0 468.63 -941.62
15 138.0 412.02 -772.67
16 138.0 374.15 -648.40
17 138.0 274.77 -556.52
18 138.0 1014.79 -517.72
19 138.0 221.38 -441.87
20 138.0 366.29 -525.82
21 138.0 420.54 -801.35
22 138.0 416.22 -786.82
23 138.0 395.10 -716.75
24 138.0 378.42 -662.78
25 138.0 376.28 -655.59
26 138.0 554.97 -489.86
27 138.0 431.23 -383.37
28 138.0 412.95 -388.55
29 138.0 390.69 -393.32
30 138.0 291.22 -721.74
31 138.0 440.90 -359.43
32 138.0 459.01 -353.98
33 138.0 294.43 -416.17
34 138.0 533.85 -350.47
35 138.0 536.39 -464.26
6 139.0 866.37 -390.91
7 139.0 887.69 -395.92
8 139.0 555.67 -481.95
9 139.0 539.45 -463.31
10 139.0 537.21 -456.15
11 139.0 534.99 -448.98
12 139.0 643.21 -779.55
13 139.0 533.61 -922.17
14 139.0 475.27 -940.12
15 139.0 413.94 -779.14
16 139.0 374.15 -648.40
17 139.0 280.72 -554.77
18 139.0 1018.76 -528.81
19 139.0 229.54 -438.64
20 139.0 359.81 -527.90
21 139.0 422.41 -807.67
22 139.0 417.86 -792.34
23 139.0 397.22 -723.67
24 139.0 378.42 -662.78
25 139.0 376.28 -655.59
26 139.0 554.97 -489.86
27 139.0 439.41 -380.62
28 139.0 422.22 -386.55
29 139.0 400.25 -390.38
30 139.0 293.23 -728.33
31 139.0 431.96 -362.07
32 139.0 449.31 -356.94
33 139.0 303.01 -413.80
34 139.0 544.28 -346.39
35 139.0 536.39 -464.26
6 140.0 855.75 -388.47
7 140.0 876.67 -393.28
8 140.0 555.67 -481.95
9 140.0 539.45 -463.31
10 140.0 537.21 -456.15
11 140.0 534.99 -448.98
12 140.0 641.05 -772.23
13 140.0 540.91 -919.97
14 140.0 481.97 -938.05
15 140.0 415.47 -784.28
16 140.0 374.15 -648.40
17 140.0 287.61 -552.74
18 140.0 1022.70 -542.26
19 140.0 239.70 -435.28
20 140.0 353.96 -529.78
21 140.0 424.18 -813.62
22 140.0 419.75 -798.72
23 140.0 399.23 -730.24
24 140.0 378.42 -662.78
25 140.0 376.28 -655.59
26 140.0 554.97 -489.86
27 140.0 448.29 -378.00
28 140.0 430.46 -383.64
29 140.0 410.02 -387.81
30 140.0 295.18 -734.76
31 140.0 423.06 -364.71
32 140.0 440.25 -359.62
33 140.0 311.71 -411.36
34 140.0 555.66 -344.64
35 140.0 536.39 -464.26
6 141.0 844.29 -385.84
7 141.0 865.37 -390.68
8 141.0 555.67 -481.95
9 141.0 539.45 -463.31
10 141.0 537.21 -456.15
11 141.0 534.99 -448.98
12 141.0 638.89 -765.01
13 141.0 549.11 -917.55
14 141.0 489.17 -935.82
15 141.0 417.30 -790.46
16 141.0 374.15 -648.40
17 141.0 293.81 -550.91
18 141.0 1025.90 -555.56
19 141.0 248.63 -429.36
20 141.0 349.80 -531.08
21 141.0 425.87 -818.11
22 141.0 421.75 -805.45
23 141.0 401.36 -737.16
24 141.0 378.42 -662.78
25 141.0 376.28 -655.59
26 141.0 554.97 -489.86
27 141.0 457.19 -375.37
28 141.0 439.13 -380.71
29 141.0 420.14 -387.28
30 141.0 297.09 -741.04
31 141.0 413.96 -367.40
32 141.0 431.06 -362.34
33 141.0 319.76 -409.01
34 141.0 567.79 -343.70
35 141.0 536.39 -464.26
6 142.0 834.85 -380.39
7 142.0 853.81 -388.03
8 142.0 555.67 -481.95
9 142.0 539.45 -463.31
10 142.0 537.21 -456.15
11 142.0 534.99 -448.98
12 142.0 636.74 -757.79
13 142.0 557.02 -915.13
14 142.0 496.90 -933.42
15 142.0 419.29 -797.15
16 142.0 374.15 -648.40
17 142.0 300.45 -548.95
18 142.0 1029.88 -568.74
19 142.0 258.85 -426.39
20 142.0 344.69 -533.47
21 142.0 429.68 -821.86
22 142.0 423.12 -810.04
23 142.0 403.19 -743.11
24 142.0 378.42 -662.78
25 142.0 376.28 -655.59
26 142.0 554.97 -489.86
27 142.0 465.79 -372.83
28 142.0 447.91 -378.12
29 142.0 429.37 -384.03
30 142.0 299.36 -748.48
31 142.0 404.30 -370.26
32 142.0 422.32 -364.93
33 142.0 328.33 -406.52
34 142.0 579.60 -344.57
35 142.0 536.39 -464.26
6 143.0 824.49 -378.02
7 143.0 842.95 -385.54
8 143.0 555.67 -481.95
9 143.0 539.45 -463.31
10 143.0 537.21 -456.15
11 143.0 534.99 -448.98
12 143.0 634.71 -750.92
13 143.0 565.17 -912.61
14 143.0 504.17 -931.16
15 143.0 420.69 -801.86
16 143.0 374.15 -648.40
17 143.0 307.32 -546.91
18 143.0 1033.88 -581.75
19 143.0 268.42 -423.63
20 143.0 342.12 -538.95
21 143.0 436.09 -821.80
22 143.0 424.84 -815.85
23 143.0 405.18 -749.64
24 143.0 378.42 -662.78
25 143.0 376.28 -655.59
26 143.0 554.97 -489.86
27 143.0 474.57 -370.24
28 143.0 457.07 -375.41
29 143.0 438.25 -380.96
30 143.0 301.36 -755.04
31 143.0 395.80 -373.75
32 143.0 412.46 -367.85
33 143.0 336.93 -404.03
34 143.0 591.61 -347.08
35 143.0 536.39 -464.26
6 144.0 814.02 -375.61
7 144.0 832.25 -383.08
8 144.0 555.67 -481.95
9 144.0 539.45 -463.31
10 144.0 537.21 -456.15
11 144.0 534.99 -448.98
12 144.0 632.32 -743.05
13 144.0 572.98 -910.21
14 144.0 510.98 -929.06
15 144.0 422.33 -807.40
16 144.0 374.15 -648.40
17 144.0 314.02 -544.88
18 144.0 1037.84 -594.63
19 144.0 277.92 -420.90
20 144.0 343.34 -545.08
21 144.0 441.91 -820.04
22 144.0 428.45 -821.27
23 144.0 406.96 -755.62
24 144.0 378.42 -662.78
25 144.0 376.28 -655.59
26 144.0 554.97 -489.86
27 144.0 483.54 -367.59
28 144.0 465.64 -372.88
29 144.0 447.17 -378.33
30 144.0 303.53 -762.17
31 144.0 387.16 -377.00
32 144.0 404.23 -370.28
33 144.0 344.84 -401.73
34 144.0 603.11 -349.65
35 144.0 536.39 -464.26
6 145.0 802.90 -373.10
7 145.0 821.51 -380.61
8 145.0 555.67 -481.95
9 145.0 539.45 -463.31
10 145.0 537.21 -456.15
11 145.0 534.99 -448.98
12 145.0 630.17 -735.97
13 145.0 580.29 -907.97
14 145.0 518.14 -926.88
15 145.0 424.19 -813.67
16 145.0 374.15 -648.40
17 145.0 320.78 -542.94
18 145.0 1042.05 -608.28
19 145.0 287.15 -418.24
20 145.0 344.91 -550.62
21 145.0 448.06 -818.19
22 145.0 433.91 -822.15
23 145.0 408.81 -761.86
24 145.0 378.42 -662.78
25 145.0 376.28 -655.59
26 145.0 554.97 -489.86
27 145.0 492.60 -364.91
28 145.0 474.34 -370.31
29 145.0 456.08 -375.70
30 145.0 305.67 -769.20
31 145.0 378.27 -379.63
32 145.0 395.61 -373.88
33 145.0 353.61 -399.18
34 145.0 614.97 -352.30
35 145.0 536.39 -464.26
6 146.0 792.18 -370.74
7 146.0 810.12 -378.00
8 146.0 555.67 -481.95
9 146.0 539.45 -463.31
10 146.0 537.21 -456.15
11 146.0 534.99 -448.98
12 146.0 627.92 -728.57
13 146.0 587.58 -905.74
14 146.0 525.89 -924.52
15 146.0 424.67 -820.48
16 146.0 374.15 -648.40
17 146.0 327.38 -541.01
18 146.0 1045.80 -620.47
19 146.0 292.04 -416.84
20 146.0 346.72 -557.01
21 146.0 453.44 -816.56
22 146.0 440.27 -820.53
23 146.0 410.79 -768.51
24 146.0 378.42 -662.78
25 146.0 376.28 -655.59
26 146.0 554.97 -489.86
27 146.0 499.37 -362.91
28 146.0 483.37 -367.64
29 146.0 465.51 -372.92
30 146.0 307.86 -776.49
31 146.0 368.86 -382.41
32 146.0 387.00 -377.04
33 146.0 362.61 -396.57
34 146.0 626.39 -354.91
35 146.0 536.39 -464.26
6 147.0 780.86 -368.24
7 147.0 798.41 -375.39
8 147.0 555.67 -481.95
9 147.0 539.45 -463.31
10 147.0 537.21 -456.15
11 147.0 534.99 -448.98
12 147.0 625.58 -720.81
13 147.0 595.45 -903.32
14 147.0 533.30 -922.26
15 147.0 419.64 -823.39
16 147.0 374.15 -648.40
17 147.0 333.82 -539.07
18 147.0 1048.29 -628.57
19 147.0 292.61 -416.68
20 147.0 348.42 -563.00
21 147.0 459.94 -814.61
22 147.0 444.88 -819.14
23 147.0 412.60 -774.62
24 147.0 378.42 -662.78
25 147.0 376.28 -655.59
26 147.0 554.97 -489.86
27 147.0 501.84 -362.18
28 147.0 490.95 -365.40
29 147.0 474.86 -370.15
30 147.0 310.06 -783.66
31 147.0 359.31 -385.24
32 147.0 378.04 -379.69
33 147.0 370.64 -394.24
34 147.0 638.10 -357.65
35 147.0 536.39 -464.26
6 148.0 770.99 -364.48
7 148.0 787.54 -372.99
8 148.0 555.67 -481.95
9 148.0 539.45 -463.31
10 148.0 537.21 -456.15
11 148.0 534.99 -448.98
12 148.0 623.22 -712.98
13 148.0 602.81 -901.07
14 148.0 540.39 -920.13
15 148.0 412.06 -825.65
16 148.0 374.15 -648.40
17 148.0 338.41 -538.25
18 148.0 1048.34 -634.39
19 148.0 292.65 -416.67
20 148.0 350.35 -569.41
21 148.0 465.47 -812.93
22 148.0 451.80 -817.06
23 148.0 414.48 -780.95
24 148.0 378.42 -662.78
25 148.0 376.28 -655.59
26 148.0 554.97 -489.86
27 148.0 502.49 -361.99
28 148.0 494.34 -364.40
29 148.0 482.98 -367.76
30 148.0 312.15 -790.49
31 148.0 349.72 -388.07
32 148.0 368.34 -382.56
33 148.0 378.80 -391.87
34 148.0 649.77 -360.37
35 148.0 536.39 -464.26
6 149.0 760.15 -361.93
7 149.0 776.22 -370.40
8 149.0 555.67 -481.95
9 149.0 539.45 -463.31
10 149.0 537.21 -456.15
11 149.0 534.99 -448.98
12 149.0 621.17 -706.16
13 149.0 610.43 -898.73
14 149.0 547.78 -917.94
15 149.0 403.84 -828.13
16 149.0 374.15 -648.40
17 149.0 341.86 -540.75
18 149.0 1043.40 -637.16
19 149.0 292.68 -416.66
20 149.0 352.21 -575.40
21 149.0 471.43 -811.12
22 149.0 456.82 -815.55
23 149.0 416.36 -787.28
24 149.0 378.42 -662.78
25 149.0 376.28 -655.59
26 149.0 554.97 -489.86
27 149.0 502.55 -361.97
28 149.0 494.93 -364.22
29 149.0 486.79 -366.63
30 149.0 314.25 -797.40
31 149.0 340.39 -390.83
32 149.0 359.22 -385.26
33 149.0 386.93 -390.99
34 149.0 661.01 -363.00
35 149.0 536.39 -464.26
6 150.0 749.25 -359.45
7 150.0 765.67 -366.47
8 150.0 555.07 -479.92
9 150.0 540.25 -465.56
10 150.0 537.21 -456.15
11 150.0 534.99 -448.98
12 150.0 619.01 -698.99
13 150.0 618.56 -896.24
14 150.0 555.05 -915.74
15 150.0 395.50 -830.63
16 150.0 374.15 -648.40
17 150.0 343.63 -546.11
18 150.0 1035.41 -639.58
19 150.0 295.12 -415.99
20 150.0 354.19 -581.80
21 150.0 477.53 -809.28
22 150.0 463.19 -813.63
23 150.0 418.07 -793.05
24 150.0 378.89 -665.01
25 150.0 376.28 -655.59
26 150.0 554.97 -489.86
27 150.0 504.75 -361.37
28 150.0 495.28 -364.12
29 150.0 487.49 -366.42
30 150.0 316.27 -804.05
31 150.0 331.57 -393.44
32 150.0 350.21 -387.93
33 150.0 395.63 -388.45
34 150.0 673.29 -365.89
35 150.0 536.94 -466.28
6 151.0 738.43 -356.98
7 151.0 753.99 -363.81
8 151.0 554.51 -475.87
9 151.0 541.80 -469.50
10 151.0 537.63 -457.48
11 151.0 534.99 -448.98
12 151.0 616.93 -692.08
13 151.0 626.00 -893.95
14 151.0 562.51 -913.44
15 151.0 388.08 -832.85
16 151.0 374.15 -648.40
17 151.0 345.54 -552.84
18 151.0 1028.03 -641.80
19 151.0 298.98 -414.93
20 151.0 356.14 -588.11
21 151.0 484.07 -807.30
22 151.0 468.84 -811.90
23 151.0 419.91 -799.26
24 151.0 378.13 -668.63
25 151.0 376.84 -657.47
26 151.0 554.40 -488.12
27 151.0 508.75 -360.35
28 151.0 496.61 -363.73
29 151.0 488.11 -366.24
30 151.0 318.41 -811.19
31 151.0 321.59 -395.23
32 151.0 341.58 -390.48
33 151.0 403.73 -385.96
34 151.0 684.49 -368.56
35 151.0 537.64 -470.79
6 152.0 727.38 -354.41
7 152.0 743.32 -361.38
8 152.0 558.33 -471.03
9 152.0 544.97 -475.52
10 152.0 538.74 -461.01
11 152.0 535.27 -449.89
12 152.0 614.57 -684.17
13 152.0 633.89 -891.51
14 152.0 569.64 -911.23
15 152.0 379.54 -835.41
16 152.0 374.54 -649.74
17 152.0 347.30 -559.05
18 152.0 1019.95 -644.24
19 152.0 305.19 -413.19
20 152.0 357.86 -593.71
21 152.0 489.55 -805.65
22 152.0 475.76 -809.81
23 152.0 421.92 -806.00
24 152.0 372.63 -671.44
25 152.0 377.66 -660.24
26 152.0 553.24 -484.69
27 152.0 513.25 -359.48
28 152.0 499.99 -362.73
29 152.0 489.05 -365.96
30 152.0 320.30 -817.84
31 152.0 312.18 -397.66
32 152.0 331.27 -393.53
33 152.0 411.98 -385.53
34 152.0 696.27 -371.38
35 152.0 535.88 -474.73
6 153.0 716.34 -351.84
7 153.0 732.51 -358.89
8 153.0 565.73 -468.59
9 153.0 548.48 -481.48
10 153.0 540.59 -466.42
11 153.0 536.22 -452.99
12 153.0 612.50 -677.20
13 153.0 641.16 -889.27
14 153.0 577.06 -908.96
15 153.0 371.36 -837.86
16 153.0 375.35 -652.46
17 153.0 349.08 -565.29
18 153.0 1012.26 -646.56
19 153.0 313.76 -410.75
20 153.0 359.60 -599.43
21 153.0 496.12 -803.67
22 153.0 480.64 -808.34
23 153.0 423.80 -812.36
24 153.0 364.66 -673.88
25 153.0 378.89 -665.03
26 153.0 550.82 -479.30
27 153.0 516.49 -361.21
28 153.0 504.49 -361.43
29 153.0 492.35 -364.98
30 153.0 322.38 -824.50
31 153.0 302.56 -400.71
32 153.0 321.04 -395.21
33 153.0 420.96 -383.59
34 153.0 708.18 -374.22
35 153.0 529.71 -476.62
6 154.0 705.59 -349.38
7 154.0 721.03 -356.21
8 154.0 572.98 -466.26
9 154.0 551.18 -488.57
10 154.0 543.68 -473.23
11 154.0 537.95 -458.50
12 154.0 610.35 -669.95
13 154.0 648.66 -886.95
14 154.0 584.42 -906.70
15 154.0 363.31 -840.27
16 154.0 376.63 -656.77
17 154.0 351.04 -571.64
18 154.0 1004.99 -648.76
19 154.0 323.22 -408.01
20 154.0 361.43 -605.57
21 154.0 502.17 -801.84
22 154.0 486.89 -806.45
23 154.0 425.74 -817.84
24 154.0 357.11 -676.19
25 154.0 377.30 -669.54
26 154.0 549.62 -477.28
27 154.0 520.11 -364.44
28 154.0 508.12 -360.51
29 154.0 496.12 -363.87
30 154.0 324.54 -831.34
31 154.0 293.38 -403.59
32 154.0 311.10 -397.99
33 154.0 428.83 -380.83
34 154.0 720.15 -377.07
35 154.0 522.79 -478.73
6 155.0 694.56 -346.84
7 155.0 710.06 -353.69
8 155.0 579.88 -464.13
9 155.0 553.08 -494.44
10 155.0 547.74 -479.99
11 155.0 540.16 -465.32
12 155.0 608.23 -662.79
13 155.0 656.00 -884.69
14 155.0 592.17 -904.33
15 155.0 355.79 -842.52
16 155.0 378.26 -662.27
17 155.0 353.00 -577.99
18 155.0 997.11 -651.18
19 155.0 332.60 -405.28
20 155.0 363.12 -611.24
21 155.0 508.06 -800.06
22 155.0 492.76 -804.68
23 155.0 429.98 -821.93
24 155.0 349.43 -678.54
25 155.0 372.40 -671.51
26 155.0 548.85 -476.71
27 155.0 520.45 -370.67
28 155.0 513.21 -359.49
29 155.0 499.86 -362.77
30 155.0 326.71 -838.32
31 155.0 284.09 -406.41
32 155.0 302.21 -400.82
33 155.0 436.99 -378.00
34 155.0 732.49 -380.02
35 155.0 515.43 -480.97
6 156.0 683.40 -344.28
7 156.0 699.15 -351.18
8 156.0 587.17 -461.74
9 156.0 555.22 -501.67
10 156.0 550.59 -486.82
11 156.0 543.17 -472.32
12 156.0 605.82 -654.75
13 156.0 663.76 -881.89
14 156.0 599.18 -902.18
15 156.0 347.31 -845.07
16 156.0 379.72 -665.97
17 156.0 355.14 -584.87
18 156.0 989.17 -653.10
19 156.0 342.42 -402.43
20 156.0 364.99 -617.54
21 156.0 513.49 -798.42
22 156.0 499.49 -802.65
23 156.0 436.08 -821.80
24 156.0 342.47 -680.67
25 156.0 365.56 -673.61
26 156.0 548.80 -476.67
27 156.0 520.79 -376.93
28 156.0 516.53 -361.49
29 156.0 504.63 -361.40
30 156.0 328.69 -844.82
31 156.0 274.84 -409.21
32 156.0 293.39 -403.59
33 156.0 445.07 -375.62
34 156.0 744.32 -384.37
35 156.0 508.16 -483.04
6 157.0 672.93 -341.88
7 157.0 687.34 -348.47
8 157.0 594.67 -459.29
9 157.0 557.10 -508.02
10 157.0 552.89 -493.78
11 157.0 546.70 -478.27
12 157.0 603.57 -647.48
13 157.0 669.58 -876.31
14 157.0 605.78 -900.16
15 157.0 341.99 -846.66
16 157.0 383.38 -669.69
17 157.0 357.07 -591.09
18 157.0 981.46 -655.87
19 157.0 352.01 -399.65
20 157.0 366.84 -623.80
21 157.0 519.78 -796.52
22 157.0 504.75 -801.06
23 157.0 441.81 -820.07
24 157.0 335.14 -682.90
25 157.0 359.13 -675.57
26 157.0 548.78 -476.66
27 157.0 521.14 -383.48
28 157.0 520.13 -364.85
29 157.0 509.16 -360.25
30 157.0 330.94 -852.19
31 157.0 264.96 -412.21
32 157.0 283.64 -406.54
33 157.0 453.16 -373.23
34 157.0 755.94 -386.90
35 157.0 501.75 -484.72
6 158.0 662.08 -339.39
7 158.0 675.58 -345.77
8 158.0 601.93 -456.94
9 158.0 559.32 -515.51
10 158.0 554.63 -499.66
11 158.0 549.85 -484.71
12 158.0 601.22 -639.90
13 158.0 669.75 -868.33
14 158.0 612.51 -898.10
15 158.0 335.62 -847.81
16 158.0 390.15 -669.63
17 158.0 359.21 -598.16
18 158.0 974.55 -658.12
19 158.0 361.80 -396.81
20 158.0 368.51 -629.42
21 158.0 525.47 -794.80
22 158.0 510.59 -799.30
23 158.0 448.36 -818.09
24 158.0 328.01 -685.06
25 158.0 352.72 -677.53
26 158.0 548.78 -476.66
27 158.0 521.48 -389.59
28 158.0 520.53 -372.30
29 158.0 513.95 -359.52
30 158.0 333.00 -858.92
31 158.0 255.13 -415.19
32 158.0 273.76 -409.54
33 158.0 461.54 -370.75
34 158.0 768.46 -389.63
35 158.0 495.27 -486.46
6 159.0 651.63 -336.99
7 159.0 664.38 -343.20
8 159.0 609.11 -454.63
9 159.0 561.26 -522.07
10 159.0 556.83 -507.10
11 159.0 552.22 -491.76
12 159.0 598.97 -632.64
13 159.0 667.46 -860.37
14 159.0 619.88 -895.83
15 159.0 331.66 -843.59
16 159.0 398.64 -667.05
17 159.0 361.10 -604.48
18 159.0 967.11 -660.21
19 159.0 371.47 -394.00
20 159.0 370.34 -635.56
21 159.0 531.70 -792.92
22 159.0 516.32 -797.57
23 159.0 454.90 -816.13
24 159.0 319.86 -687.54
25 159.0 346.14 -679.55
26 159.0 546.82 -475.19
27 159.0 521.86 -396.36
28 159.0 520.91 -379.17
29 159.0 516.74 -363.11
30 159.0 335.13 -865.88
31 159.0 245.92 -417.98
32 159.0 263.73 -412.58
33 159.0 469.62 -368.36
34 159.0 780.53 -392.26
35 159.0 488.81 -488.63
6 160.0 640.87 -334.55
7 160.0 653.28 -340.65
8 160.0 616.42 -452.11
9 160.0 563.47 -529.55
10 160.0 558.84 -513.90
11 160.0 554.21 -498.23
12 160.0 596.75 -625.46
13 160.0 665.04 -852.11
14 160.0 627.58 -893.46
15 160.0 329.23 -835.61
16 160.0 406.80 -664.58
17 160.0 362.98 -610.79
18 160.0 960.17 -662.14
19 160.0 381.03 -391.33
20 160.0 372.24 -641.98
21 160.0 538.11 -790.99
22 160.0 522.51 -795.70
23 160.0 460.97 -814.30
24 160.0 312.10 -689.89
25 160.0 339.96 -681.44
26 160.0 543.07 -474.14
27 160.0 523.35 -402.97
28 160.0 521.29 -386.07
29 160.0 520.24 -366.89
30 160.0 337.33 -873.06
31 160.0 236.02 -420.98
32 160.0 254.87 -415.27
33 160.0 477.97 -365.90
34 160.0 792.72 -394.95
35 160.0 481.92 -490.91
6 161.0 629.59 -332.02
7 161.0 641.95 -338.07
8 161.0 623.51 -449.69
9 161.0 565.46 -535.97
10 161.0 561.04 -521.34
11 161.0 556.45 -505.82
12 161.0 594.34 -617.73
13 161.0 662.89 -844.76
14 161.0 634.34 -891.37
15 161.0 326.65 -827.40
16 161.0 415.49 -661.95
17 161.0 364.91 -617.29
18 161.0 952.94 -664.07
19 161.0 390.84 -389.93
20 161.0 373.96 -647.76
21 161.0 544.64 -789.04
22 161.0 529.69 -793.53
23 161.0 466.82 -812.52
24 161.0 304.06 -692.33
25 161.0 333.08 -683.53
26 161.0 536.72 -474.65
27 161.0 525.45 -409.34
28 161.0 521.66 -393.02
29 161.0 520.66 -374.57
30 161.0 339.42 -879.87
31 161.0 226.86 -423.76
32 161.0 244.88 -418.30
33 161.0 486.72 -363.31
34 161.0 805.10 -397.78
35 161.0 474.88 -493.04
6 162.0 618.52 -329.54
7 162.0 630.68 -335.54
8 162.0 630.57 -447.14
9 162.0 567.67 -543.05
10 162.0 562.90 -527.60
11 162.0 558.67 -513.32
12 162.0 591.87 -609.77
13 162.0 660.44 -836.58
14 162.0 641.66 -889.12
15 162.0 324.16 -819.50
16 162.0 424.31 -659.28
17 162.0 366.85 -623.83
18 162.0 945.33 -664.45
19 162.0 400.64 -386.91
20 162.0 375.71 -653.67
21 162.0 550.30 -787.38
22 162.0 536.53 -791.46
23 162.0 472.66 -810.75
24 162.0 297.30 -694.38
25 162.0 326.44 -685.54
26 162.0 532.03 -475.90
27 162.0 527.59 -415.63
28 162.0 522.59 -400.63
29 162.0 521.03 -381.41
30 162.0 341.47 -886.57
31 162.0 217.30 -426.67
32 162.0 235.33 -421.19
33 162.0 495.55 -360.70
34 162.0 817.39 -400.57
35 162.0 467.82 -495.18
6 163.0 607.66 -327.11
7 163.0 619.21 -332.97
8 163.0 638.16 -443.96
9 163.0 569.78 -549.79
10 163.0 565.13 -534.89
11 163.0 560.34 -518.96
12 163.0 589.47 -602.03
13 163.0 658.02 -828.56
14 163.0 648.63 -886.96
15 163.0 321.99 -812.09
16 163.0 432.95 -656.67
17 163.0 368.81 -630.41
18 163.0 938.50 -661.68
19 163.0 411.03 -385.24
20 163.0 377.42 -659.42
21 163.0 555.84 -785.76
22 163.0 542.57 -789.64
23 163.0 479.02 -808.83
24 163.0 293.21 -695.62
25 163.0 320.24 -687.42
26 163.0 525.36 -477.94
27 163.0 529.53 -421.31
28 163.0 524.87 -407.57
29 163.0 521.42 -388.62
30 163.0 343.45 -893.05
31 163.0 210.78 -427.58
32 163.0 226.27 -423.94
33 163.0 504.07 -358.24
34 163.0 828.09 -402.77
35 163.0 461.51 -497.09
6 164.0 597.42 -324.82
7 164.0 607.96 -330.45
8 164.0 644.43 -440.05
9 164.0 571.97 -556.78
10 164.0 567.34 -541.98
11 164.0 562.56 -526.48
12 164.0 587.29 -595.03
13 164.0 655.73 -820.93
14 164.0 655.68 -884.78
15 164.0 319.76 -804.48
16 164.0 441.65 -654.04
17 164.0 370.68 -636.71
18 164.0 932.54 -657.14
19 164.0 421.11 -383.54
20 164.0 378.64 -663.53
21 164.0 562.47 -783.82
22 164.0 547.96 -788.06
23 164.0 484.89 -807.06
24 164.0 288.14 -698.49
25 164.0 313.39 -689.50
26 164.0 518.14 -480.15
27 164.0 531.35 -427.39
28 164.0 526.72 -413.09
29 164.0 521.87 -396.49
30 164.0 345.39 -899.38
31 164.0 204.03 -424.28
32 164.0 218.79 -426.22
33 164.0 512.57 -356.16
34 164.0 833.59 -409.43
35 164.0 454.11 -499.33
6 165.0 586.01 -322.26
7 165.0 597.14 -328.03
8 165.0 650.73 -435.89
9 165.0 573.97 -563.19
10 165.0 569.28 -548.19
11 165.0 564.65 -533.36
12 165.0 585.16 -588.23
13 165.0 653.45 -813.39
14 165.0 663.01 -882.25
15 165.0 317.15 -795.91
16 165.0 449.40 -651.69
17 165.0 372.42 -642.59
18 165.0 926.73 -651.76
19 165.0 430.33 -380.30
20 165.0 378.27 -668.48
21 165.0 568.89 -781.94
22 165.0 554.08 -786.28
23 165.0 491.22 -805.14
24 165.0 286.42 -705.25
25 165.0 306.46 -691.60
26 165.0 510.94 -482.26
27 165.0 530.55 -434.27
28 165.0 528.83 -419.25
29 165.0 523.70 -404.01
30 165.0 347.31 -905.66
31 165.0 200.50 -417.26
32 165.0 212.08 -427.63
33 165.0 521.95 -354.12
34 165.0 833.52 -418.14
35 165.0 447.78 -501.25
6 166.0 575.43 -319.89
7 166.0 585.46 -325.41
8 166.0 657.72 -432.08
9 166.0 575.93 -569.47
10 166.0 571.34 -554.76
11 166.0 566.64 -539.75
12 166.0 582.71 -580.38
13 166.0 651.08 -805.54
14 166.0 668.84 -877.82
15 166.0 314.51 -787.29
16 166.0 457.56 -649.24
17 166.0 374.51 -649.62
18 166.0 921.20 -646.63
19 166.0 439.70 -377.21
20 166.0 374.63 -670.84
21 166.0 574.82 -780.21
22 166.0 560.94 -784.27
23 166.0 497.27 -803.32
24 166.0 288.46 -712.68
25 166.0 299.64 -693.67
26 166.0 504.54 -484.00
27 166.0 532.37 -440.46
28 166.0 530.93 -425.39
29 166.0 525.70 -410.09
30 166.0 349.28 -912.06
31 166.0 196.88 -408.77
32 166.0 204.46 -424.96
33 166.0 530.99 -352.10
34 166.0 831.69 -426.36
35 166.0 440.98 -503.30
6 167.0 564.57 -319.97
7 167.0 574.81 -323.03
8 167.0 665.18 -429.81
9 167.0 578.07 -576.29
10 167.0 573.17 -560.64
11 167.0 568.76 -546.52
12 167.0 580.51 -573.35
13 167.0 648.87 -798.25
14 167.0 670.13 -870.07
15 167.0 311.89 -778.73
16 167.0 465.56 -646.82
17 167.0 376.38 -655.92
18 167.0 915.87 -641.69
19 167.0 449.16 -374.41
20 167.0 369.28 -672.47
21 167.0 581.06 -778.35
22 167.0 566.25 -782.72
23 167.0 503.69 -801.38
24 167.0 290.77 -720.27
25 167.0 294.10 -695.35
26 167.0 497.56 -485.81
27 167.0 534.43 -447.15
28 167.0 530.36 -432.14
29 167.0 527.85 -416.38
30 167.0 351.43 -919.09
31 167.0 194.17 -401.99
32 167.0 200.25 -416.70
33 167.0 538.60 -348.05
34 167.0 829.69 -435.39
35 167.0 434.12 -505.37
6 168.0 553.29 -322.16
7 168.0 564.27 -322.97
8 168.0 672.99 -429.18
9 168.0 580.34 -583.58
10 168.0 575.35 -567.60
11 168.0 570.54 -552.20
12 168.0 578.15 -565.80
13 168.0 646.39 -790.04
14 168.0 668.10 -862.54
15 168.0 309.56 -771.05
16 168.0 473.48 -644.42
17 168.0 378.22 -662.11
18 168.0 910.45 -636.66
19 168.0 458.96 -371.51
20 168.0 363.62 -674.20
21 168.0 587.46 -776.41
22 168.0 572.59 -780.86
23 168.0 510.03 -799.46
24 168.0 292.94 -727.41
25 168.0 288.75 -697.84
26 168.0 490.72 -487.99
27 168.0 536.22 -452.98
28 168.0 532.06 -439.44
29 168.0 530.06 -422.84
30 168.0 353.70 -926.52
31 168.0 191.48 -395.28
32 168.0 197.42 -410.07
33 168.0 547.11 -346.01
34 168.0 828.28 -441.74
35 168.0 427.37 -507.40
6 169.0 541.12 -324.55
7 169.0 553.40 -325.38
8 169.0 680.20 -430.25
9 169.0 582.34 -589.96
10 169.0 577.63 -574.91
11 169.0 572.66 -558.99
12 169.0 575.94 -558.74
13 169.0 643.86 -781.69
14 169.0 666.14 -855.85
15 169.0 307.07 -762.84
16 169.0 482.18 -641.79
17 169.0 379.63 -665.77
18 169.0 904.33 -631.00
19 169.0 469.43 -368.42
20 169.0 357.88 -675.96
21 169.0 593.18 -774.68
22 169.0 579.53 -778.81
23 169.0 516.91 -797.39
24 169.0 295.30 -735.16
25 169.0 286.24 -704.01
26 169.0 483.56 -490.39
27 169.0 538.07 -458.91
28 169.0 533.62 -444.52
29 169.0 530.96 -430.33
30 169.0 355.99 -933.98
31 169.0 189.68 -391.49
32 169.0 194.68 -403.28
33 169.0 555.49 -344.67
34 169.0 826.51 -449.56
35 169.0 420.19 -509.56
6 170.0 530.82 -327.49
7 170.0 542.39 -327.52
8 170.0 688.28 -431.91
9 170.0 584.39 -596.51
10 170.0 579.54 -581.01
11 170.0 574.79 -565.82
12 170.0 573.64 -551.40
13 170.0 641.68 -774.41
14 170.0 664.19 -849.18
15 170.0 304.53 -754.50
16 170.0 490.03 -639.41
17 170.0 383.52 -669.72
18 170.0 898.89 -625.95
19 170.0 478.80 -365.65
20 170.0 351.99 -677.76
21 170.0 599.00 -772.84
22 170.0 584.98 -777.16
23 170.0 523.42 -795.42
24 170.0 297.79 -743.34
25 170.0 287.82 -710.59
26 170.0 476.42 -492.58
27 170.0 540.23 -465.52
28 170.0 535.63 -451.06
29 170.0 530.98 -435.94
30 170.0 357.92 -940.29
31 170.0 187.40 -390.14
32 170.0 193.32 -399.88
33 170.0 563.91 -343.87
34 170.0 824.97 -456.28
35 170.0 413.84 -511.46
6 171.0 520.09 -331.15
7 171.0 530.88 -330.80
8 171.0 696.44 -433.58
9 171.0 585.91 -601.55
10 171.0 581.85 -588.41
11 171.0 576.80 -572.24
12 171.0 571.51 -544.57
13 171.0 639.56 -767.23
14 171.0 662.01 -841.79
15 171.0 302.27 -747.06
16 171.0 498.41 -636.88
17 171.0 389.76 -669.74
18 171.0 893.35 -620.67
19 171.0 489.16 -362.59
20 171.0 346.27 -678.96
21 171.0 605.33 -770.85
22 171.0 590.81 -775.40
23 171.0 529.78 -793.50
24 171.0 300.12 -751.00
25 171.0 289.94 -717.55
26 171.0 470.05 -494.51
27 171.0 542.59 -471.29
28 171.0 537.49 -457.06
29 171.0 532.95 -442.34
30 171.0 360.10 -947.41
31 171.0 186.50 -392.11
32 171.0 191.66 -395.73
33 171.0 573.31 -343.86
34 171.0 824.65 -465.37
35 171.0 406.97 -513.52
6 172.0 510.10 -335.02
7 172.0 520.31 -334.48
8 172.0 703.54 -435.04
9 172.0 584.98 -606.53
10 172.0 583.33 -593.13
11 172.0 579.20 -579.92
12 172.0 569.02 -536.59
13 172.0 637.35 -759.84
14 172.0 659.71 -834.15
15 172.0 300.00 -739.62
16 172.0 506.81 -634.34
17 172.0 396.08 -667.83
18 172.0 887.92 -615.14
19 172.0 498.92 -359.70
20 172.0 340.35 -678.00
21 172.0 611.49 -768.99
22 172.0 596.81 -773.53
23 172.0 535.63 -791.74
24 172.0 302.47 -758.69
25 172.0 291.80 -723.64
26 172.0 463.20 -496.58
27 172.0 545.89 -476.99
28 172.0 539.18 -462.46
29 172.0 534.79 -448.35
30 172.0 362.09 -953.90
31 172.0 185.10 -396.57
32 172.0 190.85 -393.72
33 172.0 581.61 -344.96
34 172.0 828.54 -474.10
35 172.0 400.72 -515.40
6 173.0 499.77 -338.02
7 173.0 509.72 -338.44
8 173.0 711.11 -436.88
9 173.0 580.69 -608.65
10 173.0 585.08 -598.73
11 173.0 580.86 -585.22
12 173.0 566.64 -528.98
13 173.0 634.90 -751.56
14 173.0 657.45 -826.66
15 173.0 297.49 -731.36
16 173.0 514.70 -631.96
17 173.0 402.68 -665.83
18 173.0 882.23 -609.36
19 173.0 509.02 -356.98
20 173.0 334.00 -679.90
21 173.0 617.35 -767.23
22 173.0 603.38 -771.46
23 173.0 541.39 -790.00
24 173.0 304.93 -766.77
25 173.0 293.77 -730.11
26 173.0 456.18 -498.71
27 173.0 548.88 -482.28
28 173.0 541.74 -469.34
29 173.0 536.55 -454.06
30 173.0 364.06 -960.35
31 173.0 186.86 -400.97
32 173.0 189.22 -390.75
33 173.0 589.97 -346.72
34 173.0 831.32 -483.11
35 173.0 393.52 -517.55
6 174.0 488.71 -341.44
7 174.0 498.52 -341.75
8 174.0 718.34 -440.46
9 174.0 574.58 -610.50
10 174.0 586.10 -602.67
11 174.0 582.68 -591.05
12 174.0 564.26 -520.94
13 174.0 632.50 -743.63
14 174.0 655.17 -819.08
15 174.0 294.94 -722.98
16 174.0 523.24 -629.37
17 174.0 409.41 -663.79
18 174.0 876.61 -603.64
19 174.0 518.77 -354.81
20 174.0 328.01 -681.72
21 174.0 623.70 -765.32
22 174.0 609.38 -769.63
23 174.0 547.89 -788.08
24 174.0 307.15 -774.14
25 174.0 295.86 -736.99
26 174.0 449.12 -500.84
27 174.0 551.30 -488.93
28 174.0 544.24 -474.22
29 174.0 538.84 -461.34
30 174.0 364.90 -963.08
31 174.0 189.25 -406.94
32 174.0 186.77 -390.67
33 174.0 598.87 -348.70
34 174.0 833.83 -491.32
35 174.0 386.48 -519.66
6 175.0 478.18 -344.70
7 175.0 487.07 -345.30
8 175.0 723.42 -447.13
9 175.0 567.77 -612.56
10 175.0 584.03 -607.33
11 175.0 583.94 -595.07
12 175.0 562.04 -513.44
13 175.0 630.04 -735.55
14 175.0 652.89 -811.51
15 175.0 292.48 -714.88
16 175.0 531.92 -626.74
17 175.0 415.50 -661.95
18 175.0 871.50 -597.14
19 175.0 529.31 -352.52
20 175.0 322.67 -683.34
21 175.0 628.03 -764.01
22 175.0 615.54 -767.77
23 175.0 554.42 -786.18
24 175.0 309.60 -782.19
25 175.0 297.83 -743.46
26 175.0 442.12 -502.96
27 175.0 553.10 -494.50
28 175.0 547.83 -480.18
29 175.0 540.69 -466.67
30 175.0 367.10 -964.73
31 175.0 191.81 -413.23
32 175.0 184.75 -395.86
33 175.0 607.29 -350.59
34 175.0 836.64 -500.48
35 175.0 379.42 -521.79
6 176.0 467.80 -347.91
7 176.0 476.03 -348.71
8 176.0 725.76 -454.11
9 176.0 560.76 -614.68
10 176.0 577.89 -609.50
11 176.0 585.43 -599.85
12 176.0 559.71 -505.55
13 176.0 627.76 -728.03
14 176.0 650.67 -804.20
15 176.0 290.13 -707.18
16 176.0 540.59 -624.12
17 176.0 422.42 -659.85
18 176.0 869.25 -590.06
19 176.0 538.98 -347.93
20 176.0 316.15 -685.32
21 176.0 632.95 -763.67
22 176.0 619.24 -766.66
23 176.0 561.22 -784.19
24 176.0 311.80 -789.35
25 176.0 299.67 -749.50
26 176.0 435.46 -504.97
27 176.0 555.06 -501.12
28 176.0 550.73 -487.21
29 176.0 543.24 -472.44
30 176.0 368.11 -962.86
31 176.0 194.82 -420.22
32 176.0 187.09 -401.55
33 176.0 616.13 -352.56
34 176.0 839.46 -509.68
35 176.0 372.52 -523.91
6 177.0 456.70 -351.35
7 177.0 465.47 -351.98
8 177.0 728.28 -461.63
9 177.0 553.56 -616.86
10 177.0 570.44 -611.75
11 177.0 585.71 -605.72
12 177.0 557.55 -498.26
13 177.0 625.55 -720.72
14 177.0 648.66 -797.53
15 177.0 287.79 -699.56
16 177.0 549.39 -621.46
17 177.0 429.51 -657.71
18 177.0 867.12 -582.91
19 177.0 548.80 -345.73
20 177.0 310.71 -686.97
21 177.0 635.93 -766.72
22 177.0 624.55 -765.06
23 177.0 567.59 -782.32
24 177.0 314.08 -796.82
25 177.0 301.46 -755.37
26 177.0 429.26 -506.83
27 177.0 557.12 -508.10
28 177.0 552.77 -493.44
29 177.0 546.75 -478.35
30 177.0 367.40 -960.33
31 177.0 197.87 -427.99
32 177.0 190.14 -409.15
33 177.0 624.66 -354.51
34 177.0 841.35 -515.71
35 177.0 366.24 -525.84
6 178.0 445.80 -354.64
7 178.0 455.02 -355.21
8 178.0 730.52 -468.89
9 178.0 547.13 -618.80
10 178.0 562.61 -614.12
11 178.0 580.94 -608.58
12 178.0 555.83 -492.50
13 178.0 623.21 -712.95
14 178.0 646.34 -789.89
15 178.0 285.29 -691.41
16 178.0 557.69 -618.95
17 178.0 436.57 -655.57
18 178.0 865.02 -575.84
19 178.0 558.89 -344.23
20 178.0 305.38 -688.59
21 178.0 637.50 -771.45
22 178.0 628.63 -763.84
23 178.0 573.35 -780.64
24 178.0 316.27 -804.04
25 178.0 303.42 -761.83
26 178.0 422.60 -508.84
27 178.0 559.04 -514.58
28 178.0 554.45 -499.07
29 178.0 549.96 -485.01
30 178.0 365.94 -955.56
31 178.0 200.95 -436.31
32 178.0 193.63 -417.60
33 178.0 632.65 -356.38
34 178.0 842.48 -523.83
35 178.0 359.48 -528.01
6 179.0 434.68 -357.93
7 179.0 444.56 -358.34
8 179.0 733.46 -476.07
9 179.0 540.74 -620.73
10 179.0 556.13 -616.08
11 179.0 573.94 -610.70
12 179.0 553.46 -485.32
13 179.0 620.92 -705.32
14 179.0 644.31 -783.17
15 179.0 282.64 -682.85
16 179.0 566.13 -616.39
17 179.0 442.84 -653.67
18 179.0 862.94 -568.82
19 179.0 569.28 -343.63
20 179.0 299.87 -690.26
21 179.0 639.09 -776.95
22 179.0 633.97 -764.11
23 179.0 579.11 -778.94
24 179.0 318.66 -812.08
25 179.0 305.36 -768.19
26 179.0 415.33 -511.01
27 179.0 561.03 -521.29
28 179.0 556.61 -506.38
29 179.0 552.14 -491.50
30 179.0 363.84 -948.70
31 179.0 203.62 -443.04
32 179.0 195.80 -422.50
33 179.0 640.89 -358.30
34 179.0 841.05 -531.97
35 179.0 353.04 -530.07
6 180.0 424.49 -364.29
7 180.0 437.16 -360.54
8 180.0 738.52 -481.90
9 180.0 533.66 -622.88
10 180.0 549.69 -618.03
11 180.0 565.93 -613.12
12 180.0 550.79 -477.43
13 180.0 618.52 -697.35
14 180.0 642.14 -776.00
15 180.0 280.35 -675.34
16 180.0 575.00 -613.71
17 180.0 449.16 -651.77
18 180.0 860.87 -561.86
19 180.0 579.88 -344.63
20 180.0 294.01 -692.03
21 180.0 640.84 -782.73
22 180.0 636.71 -768.84
23 180.0 584.95 -777.17
24 180.0 320.87 -819.69
25 180.0 307.37 -774.88
26 180.0 408.76 -512.98
27 180.0 562.98 -527.88
28 180.0 558.46 -512.63
29 180.0 553.98 -497.46
30 180.0 361.86 -942.21
31 180.0 207.54 -450.47
32 180.0 198.45 -429.56
33 180.0 649.41 -360.29
34 180.0 845.49 -536.66
35 180.0 349.85 -531.06
6 181.0 413.76 -367.46
7 181.0 428.59 -363.07
8 181.0 745.94 -485.13
9 181.0 527.22 -624.83
10 181.0 542.04 -620.34
11 181.0 559.19 -615.16
12 181.0 548.56 -470.63
13 181.0 616.22 -689.72
14 181.0 640.09 -768.98
15 181.0 277.99 -667.86
16 181.0 580.64 -612.01
17 181.0 455.18 -649.95
18 181.0 858.74 -554.68
19 181.0 590.54 -346.84
20 181.0 289.26 -693.09
21 181.0 642.76 -789.08
22 181.0 638.23 -773.96
23 181.0 591.03 -775.33
24 181.0 323.36 -827.58
25 181.0 309.41 -781.56
26 181.0 401.51 -515.16
27 181.0 564.86 -534.05
28 181.0 560.46 -519.35
29 181.0 555.84 -503.76
30 181.0 359.71 -935.21
31 181.0 211.20 -457.39
32 181.0 201.60 -438.08
33 181.0 657.91 -362.28
34 181.0 852.18 -535.76
35 181.0 344.75 -532.55
6 182.0 403.13 -370.61
7 182.0 419.44 -365.78
8 182.0 754.17 -485.95
9 182.0 520.49 -626.87
10 182.0 535.47 -622.33
11 182.0 551.64 -617.44
12 182.0 546.19 -463.39
13 182.0 614.10 -682.58
14 182.0 638.12 -762.41
15 182.0 275.53 -659.95
16 182.0 583.56 -610.69
17 182.0 462.01 -647.89
18 182.0 856.51 -547.16
19 182.0 601.19 -349.22
20 182.0 285.28 -690.49
21 182.0 644.53 -794.94
22 182.0 640.27 -780.86
23 182.0 597.62 -773.28
24 182.0 325.87 -835.55
25 182.0 311.36 -787.92
26 182.0 394.43 -517.28
27 182.0 567.00 -540.89
28 182.0 562.39 -525.89
29 182.0 558.03 -511.17
30 182.0 357.80 -928.96
31 182.0 213.41 -464.96
32 182.0 204.93 -445.83
33 182.0 666.27 -364.23
34 182.0 855.90 -529.48
35 182.0 337.81 -534.57
6 183.0 392.59 -375.38
7 183.0 410.46 -368.44
8 183.0 762.05 -484.02
9 183.0 513.66 -628.93
10 183.0 529.19 -624.23
11 183.0 544.83 -619.50
12 183.0 544.03 -456.51
13 183.0 611.63 -674.25
14 183.0 635.85 -754.78
15 183.0 273.07 -652.01
16 183.0 582.93 -608.45
17 183.0 468.56 -645.91
18 183.0 854.57 -539.63
19 183.0 611.62 -351.55
20 183.0 283.75 -686.41
21 183.0 646.35 -800.93
22 183.0 642.19 -787.19
23 183.0 603.53 -771.42
24 183.0 328.05 -842.72
25 183.0 313.16 -793.82
26 183.0 387.80 -519.27
27 183.0 568.86 -546.85
28 183.0 564.27 -532.14
29 183.0 559.98 -517.75
30 183.0 355.87 -922.67
31 183.0 216.05 -474.59
32 183.0 209.73 -454.20
33 183.0 675.27 -366.37
34 183.0 863.17 -526.79
35 183.0 330.61 -536.71
6 184.0 382.50 -378.37
7 184.0 400.21 -371.47
8 184.0 769.31 -481.75
9 184.0 507.32 -630.85
10 184.0 522.39 -626.29
11 184.0 538.35 -621.46
12 184.0 541.85 -449.51
13 184.0 609.20 -666.08
14 184.0 633.57 -747.17
15 184.0 270.47 -643.64
16 184.0 580.05 -608.85
17 184.0 474.76 -644.03
18 184.0 853.85 -532.39
19 184.0 621.05 -353.67
20 184.0 281.84 -680.21
21 184.0 648.13 -806.82
22 184.0 644.03 -793.27
23 184.0 610.32 -769.34
24 184.0 330.54 -850.87
25 184.0 315.05 -800.01
26 184.0 381.10 -521.28
27 184.0 571.02 -553.77
28 184.0 566.37 -538.86
29 184.0 561.83 -524.01
30 184.0 353.87 -916.14
31 184.0 218.69 -483.74
32 184.0 212.85 -462.87
33 184.0 684.34 -368.53
34 184.0 871.42 -524.25
35 184.0 323.68 -538.76
6 185.0 372.34 -381.38
7 185.0 391.48 -375.72
8 185.0 777.33 -479.23
9 185.0 499.86 -633.10
10 185.0 516.04 -628.21
11 185.0 530.64 -623.79
12 185.0 539.74 -442.63
13 185.0 606.78 -657.92
14 185.0 631.54 -740.48
15 185.0 267.98 -635.58
16 185.0 575.78 -610.14
17 185.0 480.82 -642.20
18 185.0 853.31 -526.22
19 185.0 630.81 -355.95
20 185.0 279.93 -673.97
21 185.0 649.98 -812.94
22 185.0 645.72 -798.85
23 185.0 616.72 -767.42
24 185.0 332.81 -858.28
25 185.0 316.98 -806.37
26 185.0 375.03 -523.14
27 185.0 573.11 -560.44
28 185.0 568.36 -545.26
29 185.0 563.94 -531.09
30 185.0 351.79 -909.35
31 185.0 221.12 -492.08
32 185.0 215.42 -472.34
33 185.0 692.39 -370.45
34 185.0 879.97 -521.62
35 185.0 316.94 -540.71
6 186.0 362.26 -384.36
7 186.0 381.40 -378.70
8 186.0 784.70 -476.94
9 186.0 493.21 -635.11
10 186.0 508.01 -630.64
11 186.0 524.79 -625.57
12 186.0 537.58 -435.61
13 186.0 604.49 -650.45
14 186.0 629.19 -732.73
15 186.0 265.34 -626.97
16 186.0 570.20 -611.83
17 186.0 487.39 -640.21
18 186.0 848.47 -523.20
19 186.0 641.22 -358.38
20 186.0 278.01 -667.93
21 186.0 651.87 -819.22
22 186.0 647.47 -804.63
23 186.0 623.36 -765.42
24 186.0 335.08 -865.72
25 186.0 318.99 -813.23
26 186.0 367.75 -525.37
27 186.0 575.22 -567.20
28 186.0 570.59 -552.39
29 186.0 565.83 -537.14
30 186.0 349.66 -902.40
31 186.0 222.98 -498.34
32 186.0 217.92 -481.05
33 186.0 700.90 -372.49
34 186.0 887.27 -519.37
35 186.0 309.82 -542.82
6 187.0 351.52 -387.54
7 187.0 371.73 -381.56
8 187.0 791.75 -474.76
9 187.0 485.93 -637.31
10 187.0 501.72 -632.54
11 187.0 517.02 -627.92
12 187.0 537.09 -428.22
13 187.0 602.23 -643.16
14 187.0 627.16 -726.06
15 187.0 262.78 -618.56
16 187.0 562.48 -614.16
17 187.0 493.78 -638.28
18 187.0 845.19 -517.19
19 187.0 651.44 -360.77
20 187.0 276.31 -662.44
21 187.0 653.68 -825.21
22 187.0 649.51 -811.38
23 187.0 627.64 -764.13
24 187.0 337.47 -873.51
25 187.0 320.85 -819.63
26 187.0 360.66 -527.63
27 187.0 577.37 -574.07
28 187.0 572.73 -559.24
29 187.0 567.83 -543.53
30 187.0 347.37 -894.93
31 187.0 225.02 -505.18
32 187.0 220.21 -488.98
33 187.0 708.97 -374.41
34 187.0 895.64 -516.81
35 187.0 302.91 -544.89
6 188.0 341.23 -390.59
7 188.0 360.80 -384.80
8 188.0 799.75 -472.28
9 188.0 478.70 -639.50
10 188.0 494.42 -634.75
11 188.0 510.25 -629.96
12 188.0 535.91 -420.17
13 188.0 599.70 -635.00
14 188.0 625.19 -719.52
15 188.0 260.45 -610.91
16 188.0 553.77 -616.79
17 188.0 500.85 -636.14
18 188.0 842.93 -510.07
19 188.0 661.66 -363.15
20 188.0 274.38 -656.24
21 188.0 655.46 -831.12
22 188.0 651.25 -817.14
23 188.0 632.48 -763.55
24 188.0 339.78 -881.04
25 188.0 322.95 -826.30
26 188.0 354.27 -529.68
27 188.0 579.55 -581.04
28 188.0 574.86 -566.03
29 188.0 569.90 -550.18
30 188.0 345.11 -887.54
31 188.0 227.12 -512.11
32 188.0 222.43 -496.52
33 188.0 717.28 -376.39
34 188.0 903.85 -514.32
35 188.0 295.53 -547.07
6 189.0 330.96 -393.62
7 189.0 350.88 -387.73
8 189.0 807.03 -470.03
9 189.0 472.16 -641.48
10 189.0 486.90 -637.02
11 189.0 503.51 -632.00
12 189.0 533.38 -412.78
13 189.0 597.29 -627.23
14 189.0 623.09 -712.55
15 189.0 258.12 -603.23
16 189.0 545.40 -619.32
17 189.0 507.18 -634.23
18 189.0 840.42 -501.87
19 189.0 671.62 -365.50
20 189.0 272.47 -650.09
21 189.0 657.21 -836.94
22 189.0 652.84 -822.41
23 189.0 635.81 -766.47
24 189.0 342.14 -888.77
25 189.0 324.92 -832.53
26 189.0 349.53 -531.16
27 189.0 581.72 -587.99
28 189.0 577.07 -573.12
29 189.0 571.92 -556.64
30 189.0 342.87 -880.25
31 189.0 229.27 -519.19
32 189.0 224.70 -504.11
33 189.0 726.09 -378.49
34 189.0 912.73 -511.66
35 189.0 288.59 -549.11
6 190.0 320.66 -395.26
7 190.0 339.88 -390.99
8 190.0 813.64 -468.20
9 190.0 465.75 -643.41
10 190.0 480.80 -638.87
11 190.0 495.72 -634.36
12 190.0 530.81 -405.16
13 190.0 594.91 -619.55
14 190.0 621.08 -705.86
15 190.0 255.66 -595.13
16 190.0 536.87 -621.90
17 190.0 514.18 -632.11
18 190.0 838.26 -494.82
19 190.0 682.09 -364.70
20 190.0 270.66 -644.25
21 190.0 659.08 -843.14
22 190.0 654.62 -828.32
23 190.0 637.35 -770.94
24 190.0 344.42 -896.22
25 190.0 326.72 -838.35
26 190.0 344.18 -534.02
27 190.0 583.90 -594.95
28 190.0 579.12 -579.66
29 190.0 574.19 -563.91
30 190.0 340.60 -872.83
31 190.0 231.53 -526.65
32 190.0 226.61 -510.43
33 190.0 734.76 -380.59
34 190.0 921.75 -508.96
35 190.0 281.27 -548.72
6 191.0 309.95 -398.35
7 191.0 329.28 -394.12
8 191.0 815.96 -467.76
9 191.0 458.53 -645.59
10 191.0 473.86 -640.96
11 191.0 488.87 -636.42
12 191.0 527.78 -397.30
13 191.0 592.53 -611.90
14 191.0 618.77 -698.20
15 191.0 253.14 -586.86
16 191.0 528.31 -624.50
17 191.0 520.84 -630.10
18 191.0 835.78 -486.74
19 191.0 692.44 -367.18
20 191.0 268.84 -638.40
21 191.0 660.73 -848.74
22 191.0 656.60 -834.89
23 191.0 639.38 -777.90
24 191.0 346.62 -903.38
25 191.0 328.75 -845.00
26 191.0 342.23 -539.80
27 191.0 586.05 -601.84
28 191.0 581.35 -586.79
29 191.0 576.44 -571.10
30 191.0 338.64 -866.42
31 191.0 233.57 -533.39
32 191.0 228.80 -517.66
33 191.0 743.45 -384.17
34 191.0 930.09 -506.47
35 191.0 274.65 -549.88
6 192.0 299.48 -401.71
7 192.0 318.76 -395.63
8 192.0 816.01 -467.75
9 192.0 451.30 -647.78
10 192.0 466.52 -643.18
11 192.0 481.94 -638.52
12 192.0 524.26 -389.60
13 192.0 590.13 -604.17
14 192.0 616.52 -690.71
15 192.0 250.72 -578.89
16 192.0 520.40 -626.90
17 192.0 526.95 -628.25
18 192.0 833.58 -479.56
19 192.0 702.18 -369.51
20 192.0 266.88 -632.00
21 192.0 662.32 -854.20
22 192.0 658.32 -840.62
23 192.0 641.21 -783.95
24 192.0 348.97 -911.06
25 192.0 330.68 -851.33
26 192.0 343.63 -546.09
27 192.0 588.25 -608.89
28 192.0 583.34 -593.17
29 192.0 578.72 -578.38
30 192.0 336.56 -859.63
31 192.0 235.67 -540.30
32 192.0 231.08 -525.17
33 192.0 752.14 -386.07
34 192.0 939.25 -503.73
35 192.0 268.00 -551.85
6 193.0 288.66 -405.02
7 193.0 308.14 -398.91
8 193.0 816.01 -467.75
9 193.0 444.26 -649.91
10 193.0 459.56 -645.28
11 193.0 474.28 -640.84
12 193.0 520.81 -382.59
13 193.0 587.89 -596.96
14 193.0 614.45 -683.74
15 193.0 248.10 -570.28
16 193.0 511.52 -629.58
17 193.0 533.83 -626.16
18 193.0 831.64 -473.22
19 193.0 712.18 -371.88
20 193.0 264.95 -625.68
21 193.0 664.24 -860.76
22 193.0 660.06 -846.45
23 193.0 643.31 -790.89
24 193.0 351.40 -919.01
25 193.0 332.54 -857.40
26 193.0 345.45 -552.54
27 193.0 590.18 -615.11
28 193.0 585.65 -600.55
29 193.0 580.68 -584.65
30 193.0 335.77 -854.42
31 193.0 237.88 -547.59
32 193.0 233.26 -532.35
33 193.0 760.31 -387.85
34 193.0 947.75 -501.38
35 193.0 261.04 -553.90
6 194.0 277.60 -408.38
7 194.0 297.78 -402.26
8 194.0 816.01 -467.75
9 194.0 437.43 -651.97
10 194.0 452.97 -647.27
11 194.0 468.25 -642.66
12 194.0 518.53 -375.10
13 194.0 585.40 -589.00
14 194.0 612.28 -676.45
15 194.0 249.62 -564.30
16 194.0 502.96 -632.17
17 194.0 540.41 -624.17
18 194.0 827.34 -467.18
19 194.0 722.80 -374.41
20 194.0 263.31 -620.29
21 194.0 665.98 -866.72
22 194.0 661.90 -852.77
23 194.0 645.13 -796.90
24 194.0 353.87 -927.07
25 194.0 334.68 -864.40
26 194.0 347.46 -559.61
27 194.0 592.23 -621.71
28 194.0 587.74 -607.26
29 194.0 582.94 -591.90
30 194.0 339.93 -850.61
31 194.0 239.79 -553.90
32 194.0 235.27 -539.00
33 194.0 768.39 -389.61
34 194.0 954.88 -503.09
35 194.0 254.81 -555.74
6 195.0 266.91 -411.62
7 195.0 286.81 -405.58
8 195.0 816.76 -467.56
9 195.0 430.07 -654.20
10 195.0 446.54 -649.22
11 195.0 461.61 -644.66
12 195.0 519.48 -366.79
13 195.0 583.05 -581.48
14 195.0 610.32 -669.86
15 195.0 255.43 -562.21
16 195.0 494.53 -634.72
17 195.0 547.02 -622.17
18 195.0 819.58 -464.67
19 195.0 732.69 -376.78
20 195.0 261.45 -614.19
21 195.0 667.11 -872.56
22 195.0 663.47 -858.14
23 195.0 647.04 -803.21
24 195.0 356.26 -934.87
25 195.0 336.74 -871.14
26 195.0 349.31 -566.03
27 195.0 594.11 -627.79
28 195.0 589.52 -612.99
29 195.0 584.98 -598.40
30 195.0 346.23 -848.73
31 195.0 241.86 -560.70
32 195.0 237.37 -545.93
33 195.0 777.57 -391.61
34 195.0 958.80 -510.52
35 195.0 251.06 -556.83
6 196.0 256.70 -414.71
7 196.0 275.83 -408.91
8 196.0 817.40 -467.39
9 196.0 422.64 -656.45
10 196.0 439.05 -651.48
11 196.0 455.07 -646.64
12 196.0 520.97 -362.27
13 196.0 580.74 -574.11
14 196.0 608.10 -662.36
15 196.0 263.18 -559.93
16 196.0 485.86 -637.33
17 196.0 553.81 -620.12
18 196.0 812.14 -465.23
19 196.0 741.75 -380.42
20 196.0 259.76 -608.63
21 196.0 664.52 -877.68
22 196.0 665.15 -863.87
23 196.0 648.89 -809.33
24 196.0 358.51 -942.22
25 196.0 338.70 -877.54
26 196.0 351.19 -572.12
27 196.0 595.95 -633.72
28 196.0 591.45 -619.19
29 196.0 586.88 -604.49
30 196.0 353.23 -846.63
31 196.0 244.01 -567.82
32 196.0 239.46 -552.81
33 196.0 786.00 -393.45
34 196.0 961.42 -518.48
35 196.0 245.72 -557.04
6 197.0 246.31 -417.87
7 197.0 265.91 -411.92
8 197.0 819.47 -466.85
9 197.0 416.27 -658.38
10 197.0 431.97 -653.63
11 197.0 447.13 -649.04
12 197.0 522.92 -356.50
13 197.0 578.28 -566.21
14 197.0 605.79 -654.66
15 197.0 271.22 -557.56
16 197.0 477.89 -639.75
17 197.0 559.73 -618.33
18 197.0 804.17 -467.56
19 197.0 752.35 -382.84
20 197.0 257.92 -602.58
21 197.0 659.36 -880.29
22 197.0 666.70 -869.36
23 197.0 650.95 -816.15
24 197.0 360.78 -949.64
25 197.0 340.74 -884.19
26 197.0 353.08 -578.23
27 197.0 597.84 -639.80
28 197.0 593.46 -625.68
29 197.0 588.87 -610.88
30 197.0 359.88 -844.63
31 197.0 245.95 -574.20
32 197.0 241.67 -560.09
33 197.0 794.03 -395.25
34 197.0 964.00 -527.50
35 197.0 242.87 -553.04
6 198.0 235.72 -421.08
7 198.0 255.52 -415.07
8 198.0 823.66 -465.06
9 198.0 409.65 -660.38
10 198.0 424.96 -655.75
11 198.0 440.18 -651.14
12 198.0 525.34 -349.31
13 198.0 575.82 -558.35
14 198.0 603.42 -646.98
15 198.0 279.00 -555.27
16 198.0 469.77 -642.20
17 198.0 566.28 -616.35
18 198.0 796.67 -469.88
19 198.0 762.35 -385.02
20 198.0 255.99 -596.23
21 198.0 652.90 -882.29
22 198.0 666.65 -874.96
23 198.0 652.93 -822.72
24 198.0 363.22 -957.60
25 198.0 342.76 -890.78
26 198.0 355.24 -585.20
27 198.0 599.78 -646.04
28 198.0 595.47 -632.17
29 198.0 590.73 -616.87
30 198.0 367.33 -842.40
31 198.0 247.96 -580.82
32 198.0 243.33 -565.55
33 198.0 802.64 -397.21
34 198.0 966.38 -535.83
35 198.0 240.83 -546.30
6 199.0 225.33 -424.23
7 199.0 245.41 -418.14
8 199.0 827.32 -460.33
9 199.0 403.39 -662.27
10 199.0 418.07 -657.83
11 199.0 432.82 -653.37
12 199.0 527.15 -343.96
13 199.0 573.25 -550.13
14 199.0 601.03 -639.28
15 199.0 287.18 -552.86
16 199.0 461.21 -644.79
17 199.0 572.80 -614.38
18 199.0 789.59 -472.08
19 199.0 773.03 -387.35
20 199.0 254.11 -590.04
21 199.0 647.35 -884.00
22 199.0 661.20 -879.56
23 199.0 654.89 -829.23
24 199.0 365.80 -965.25
25 199.0 344.57 -896.68
26 199.0 357.21 -591.56
27 199.0 601.85 -652.72
28 199.0 597.26 -637.94
29 199.0 592.81 -623.56
30 199.0 373.92 -840.42
31 199.0 250.12 -587.91
32 199.0 245.24 -571.86
33 199.0 811.18 -399.17
34 199.0 969.02 -544.92
35 199.0 238.66 -539.15
6 200.0 216.72 -426.87
7 200.0 234.61 -421.41
8 200.0 831.06 -456.07
9 200.0 396.32 -664.41
10 200.0 411.75 -659.74
11 200.0 426.83 -655.18
12 200.0 528.35 -340.17
13 200.0 570.69 -541.94
14 200.0 598.93 -632.50
15 200.0 294.96 -550.57
16 200.0 453.36 -647.16
17 200.0 578.77 -612.57
18 200.0 781.90 -474.46
19 200.0 783.29 -389.58
20 200.0 252.14 -583.57
21 200.0 641.23 -885.89
22 200.0 655.48 -881.49
23 200.0 656.95 -836.06
24 200.0 371.75 -970.07
25 200.0 346.43 -902.79
26 200.0 359.20 -598.13
27 200.0 603.81 -659.16
28 200.0 599.36 -644.69
29 200.0 594.64 -629.47
30 200.0 381.00 -838.30
31 200.0 252.35 -595.27
32 200.0 247.65 -579.80
33 200.0 819.52 -401.01
34 200.0 971.61 -553.84
35 200.0 236.69 -532.66
6 201.0 208.10 -427.14
7 201.0 225.00 -424.33
8 201.0 837.18 -456.84
9 201.0 389.34 -666.52
10 201.0 404.79 -661.85
11 201.0 420.05 -657.23
12 201.0 528.95 -335.99
13 201.0 568.38 -534.57
14 201.0 596.80 -625.63
15 201.0 303.32 -548.10
16 201.0 445.22 -649.62
17 201.0 582.59 -611.42
18 201.0 774.33 -476.81
19 201.0 793.37 -391.81
20 201.0 250.40 -577.85
21 201.0 635.83 -887.56
22 201.0 649.81 -883.24
23 201.0 658.74 -842.01
24 201.0 378.77 -968.82
25 201.0 348.55 -909.69
26 201.0 361.16 -604.68
27 201.0 605.70 -665.49
28 201.0 601.41 -651.30
29 201.0 596.89 -636.72
30 201.0 387.62 -836.33
31 201.0 254.42 -602.08
32 201.0 249.75 -586.72
33 201.0 828.22 -402.80
34 201.0 974.09 -562.34
35 201.0 234.64 -525.89
6 202.0 202.05 -420.89
7 202.0 216.71 -426.85
8 202.0 844.57 -458.47
9 202.0 384.08 -666.28
10 202.0 397.84 -663.96
11 202.0 412.54 -659.50
12 202.0 525.73 -335.78
13 202.0 566.12 -527.20
14 202.0 594.58 -618.49
15 202.0 311.28 -545.71
16 202.0 436.53 -652.25
17 202.0 583.98 -609.09
18 202.0 766.29 -479.34
19 202.0 803.24 -394.07
20 202.0 248.70 -572.24
21 202.0 630.21 -889.30
22 202.0 643.93 -885.06
23 202.0 660.71 -848.68
24 202.0 386.41 -966.55
25 202.0 350.38 -915.66
26 202.0 363.18 -611.47
27 202.0 607.77 -672.47
28 202.0 603.46 -657.95
29 202.0 598.90 -643.20
30 202.0 394.28 -834.33
31 202.0 256.59 -609.22
32 202.0 251.93 -593.88
33 202.0 832.55 -406.81
34 202.0 976.68 -571.26
35 202.0 232.52 -518.90
6 203.0 197.74 -410.83
7 203.0 208.30 -427.17
8 203.0 853.34 -460.40
9 203.0 381.54 -662.06
10 203.0 392.20 -665.66
11 203.0 405.49 -661.64
12 203.0 520.16 -337.96
13 203.0 563.74 -519.16
14 203.0 592.48 -611.73
15 203.0 318.81 -543.50
16 203.0 427.91 -654.85
17 203.0 582.03 -608.25
18 203.0 758.42 -481.80
19 203.0 813.92 -396.51
20 203.0 246.76 -565.85
21 203.0 624.55 -891.05
22 203.0 638.42 -886.76
23 203.0 662.49 -854.77
24 203.0 393.81 -964.35
25 203.0 352.47 -922.50
26 203.0 365.02 -617.65
27 203.0 609.68 -678.90
28 203.0 605.25 -663.99
29 203.0 600.89 -649.62
30 203.0 401.32 -832.22
31 203.0 258.68 -616.09
32 203.0 253.96 -600.56
33 203.0 834.47 -412.34
34 203.0 979.08 -579.52
35 203.0 230.29 -511.54
6 204.0 194.75 -403.45
7 204.0 202.09 -421.00
8 204.0 864.31 -462.82
9 204.0 379.44 -654.97
10 204.0 387.34 -666.90
11 204.0 400.48 -663.16
12 204.0 513.02 -340.76
13 204.0 561.37 -511.16
14 204.0 590.11 -604.12
15 204.0 326.93 -541.14
16 204.0 419.22 -657.48
17 204.0 577.52 -609.61
18 204.0 751.00 -482.59
19 204.0 823.43 -398.55
20 204.0 244.89 -559.68
21 204.0 618.91 -892.78
22 204.0 632.62 -888.55
23 204.0 664.51 -861.67
24 204.0 401.06 -962.20
25 204.0 354.28 -928.40
26 204.0 366.92 -624.05
27 204.0 611.50 -685.06
28 204.0 607.15 -670.38
29 204.0 602.80 -655.80
30 204.0 408.76 -829.98
31 204.0 260.83 -623.19
32 204.0 256.16 -607.82
33 204.0 833.29 -419.17
34 204.0 981.60 -588.17
35 204.0 228.23 -504.77
6 205.0 191.84 -396.17
7 205.0 198.44 -412.51
8 205.0 877.36 -465.69
9 205.0 377.41 -648.15
10 205.0 382.22 -663.82
11 205.0 395.48 -664.67
12 205.0 503.50 -343.57
13 205.0 558.97 -503.06
14 205.0 588.05 -597.47
15 205.0 335.15 -538.67
16 205.0 412.12 -659.63
17 205.0 570.58 -611.71
18 205.0 743.35 -481.00
19 205.0 832.74 -401.16
20 205.0 242.96 -553.34
21 205.0 612.73 -894.68
22 205.0 626.96 -890.30
23 205.0 666.41 -868.17
24 205.0 408.50 -959.99
25 205.0 356.13 -934.44
26 205.0 368.74 -630.20
27 205.0 613.24 -690.92
28 205.0 608.84 -676.08
29 205.0 604.80 -662.49
30 205.0 415.73 -827.89
31 205.0 263.05 -630.43
32 205.0 258.35 -615.01
33 205.0 832.00 -424.96
34 205.0 984.24 -597.25
35 205.0 226.25 -498.15
6 206.0 189.87 -391.84
7 206.0 195.32 -404.88
8 206.0 883.80 -474.55
9 206.0 375.25 -640.87
10 206.0 380.32 -657.95
11 206.0 389.40 -666.51
12 206.0 493.58 -346.64
13 206.0 556.54 -494.83
14 206.0 585.83 -590.39
15 206.0 340.65 -539.22
16 206.0 405.40 -661.66
17 206.0 564.53 -613.54
18 206.0 736.93 -475.65
19 206.0 842.41 -404.02
20 206.0 241.31 -547.90
21 206.0 606.24 -896.67
22 206.0 621.16 -892.09
23 206.0 666.72 -874.73
24 206.0 416.57 -957.60
25 206.0 358.11 -940.90
26 206.0 370.65 -636.64
27 206.0 615.16 -697.27
28 206.0 610.78 -682.62
29 206.0 606.58 -668.46
30 206.0 420.62 -826.43
31 206.0 265.08 -637.01
32 206.0 260.40 -621.78
33 206.0 830.47 -431.88
34 206.0 986.62 -605.45
35 206.0 225.14 -491.01
6 207.0 187.10 -390.21
7 207.0 193.38 -400.04
8 207.0 887.58 -487.59
9 207.0 373.21 -634.00
10 207.0 378.02 -650.19
11 207.0 384.17 -666.36
12 207.0 483.62 -349.71
13 207.0 554.54 -488.54
14 207.0 583.49 -582.91
15 207.0 343.20 -544.60
16 207.0 398.87 -663.64
17 207.0 558.64 -615.32
18 207.0 733.77 -468.57
19 207.0 852.25 -406.10
20 207.0 239.41 -541.61
21 207.0 600.53 -898.42
22 207.0 614.41 -894.16
23 207.0 662.53 -878.94
24 207.0 424.22 -955.33
25 207.0 359.89 -946.71
26 207.0 372.71 -643.57
27 207.0 617.25 -704.24
28 207.0 612.75 -689.27
29 207.0 608.49 -674.91
30 207.0 426.60 -823.24
31 207.0 267.22 -643.96
32 207.0 262.55 -628.79
33 207.0 828.93 -438.83
34 207.0 989.29 -614.49
35 207.0 225.14 -482.99
6 208.0 184.23 -394.89
7 208.0 191.77 -396.01
8 208.0 891.01 -499.08
9 208.0 371.10 -626.90
10 208.0 375.87 -642.98
11 208.0 381.46 -661.79
12 208.0 473.37 -352.89
13 208.0 553.07 -484.22
14 208.0 581.36 -576.08
15 208.0 345.46 -552.55
16 208.0 392.74 -665.50
17 208.0 551.86 -617.37
18 208.0 731.57 -461.44
19 208.0 862.00 -408.40
20 208.0 237.78 -536.25
21 208.0 594.20 -900.36
22 208.0 608.67 -895.92
23 208.0 656.07 -881.31
24 208.0 432.53 -952.86
25 208.0 361.93 -953.38
26 208.0 374.66 -650.15
27 208.0 619.09 -710.33
28 208.0 614.74 -695.89
29 208.0 610.36 -681.20
30 208.0 428.20 -816.83
31 208.0 269.50 -651.29
32 208.0 264.54 -635.27
33 208.0 827.82 -443.79
34 208.0 991.89 -622.60
35 208.0 222.29 -473.13
6 209.0 186.47 -400.00
7 209.0 190.65 -393.32
8 209.0 893.51 -507.45
9 209.0 368.96 -619.68
10 209.0 373.73 -635.76
11 209.0 379.37 -654.75
12 209.0 462.65 -352.85
13 209.0 552.74 -483.27
14 209.0 579.29 -569.46
15 209.0 347.87 -561.06
16 209.0 387.06 -667.50
17 209.0 545.59 -619.27
18 209.0 729.06 -453.88
19 209.0 872.47 -410.85
20 209.0 235.85 -529.87
21 209.0 588.19 -902.20
22 209.0 603.01 -897.66
23 209.0 649.30 -883.40
24 209.0 440.12 -950.61
25 209.0 364.04 -960.29
26 209.0 376.68 -656.94
27 209.0 621.20 -717.35
28 209.0 616.54 -701.87
29 209.0 612.19 -687.36
30 209.0 426.65 -810.71
31 209.0 271.44 -657.57
32 209.0 267.02 -643.31
33 209.0 826.30 -450.48
34 209.0 996.14 -629.80
35 209.0 219.78 -464.02
6 210.0 189.38 -407.26
7 210.0 189.10 -390.69
8 210.0 897.38 -513.58
9 210.0 366.83 -612.52
10 210.0 371.65 -628.75
11 210.0 377.23 -647.55
12 210.0 452.20 -356.08
13 210.0 552.66 -483.05
14 210.0 577.11 -562.49
15 210.0 350.18 -568.86
16 210.0 382.45 -673.67
17 210.0 539.08 -621.24
18 210.0 726.67 -446.76
19 210.0 882.44 -413.16
20 210.0 234.16 -524.31
21 210.0 582.34 -903.99
22 210.0 596.39 -899.69
23 210.0 642.55 -885.48
24 210.0 448.01 -948.26
25 210.0 366.14 -965.98
26 210.0 377.95 -661.22
27 210.0 623.13 -723.76
28 210.0 618.70 -709.03
29 210.0 613.80 -692.77
30 210.0 424.74 -804.28
31 210.0 273.59 -664.51
32 210.0 268.94 -649.50
33 210.0 824.82 -456.93
34 210.0 998.65 -638.30
35 210.0 217.33 -455.51
6 211.0 192.26 -414.31
7 211.0 186.53 -391.80
8 211.0 904.00 -514.17
9 211.0 364.93 -606.12
10 211.0 369.37 -621.06
11 211.0 375.06 -640.22
12 211.0 442.35 -359.00
13 211.0 552.65 -483.01
14 211.0 574.83 -555.19
15 211.0 352.70 -577.00
16 211.0 384.38 -681.83
17 211.0 533.10 -623.05
18 211.0 722.40 -439.89
19 211.0 892.22 -415.42
20 211.0 232.30 -518.18
21 211.0 576.90 -905.66
22 211.0 590.91 -901.37
23 211.0 635.82 -887.57
24 211.0 456.10 -945.86
25 211.0 371.15 -969.92
26 211.0 378.19 -662.02
27 211.0 625.22 -730.67
28 211.0 620.69 -715.64
29 211.0 616.03 -700.19
30 211.0 422.72 -797.48
31 211.0 275.65 -670.95
32 211.0 271.07 -656.37
33 211.0 824.17 -463.69
34 211.0 998.25 -647.18
35 211.0 216.55 -449.00
6 212.0 194.94 -420.48
7 212.0 185.16 -396.72
8 212.0 911.22 -512.11
9 212.0 362.70 -598.66
10 212.0 367.43 -614.53
11 212.0 372.81 -632.65
12 212.0 431.68 -362.16
13 212.0 552.65 -483.01
14 212.0 572.55 -547.91
15 212.0 355.31 -585.42
16 212.0 386.75 -689.56
17 212.0 526.71 -624.98
18 212.0 715.94 -435.20
19 212.0 902.36 -417.77
20 212.0 230.61 -512.61
21 212.0 570.33 -907.68
22 212.0 585.04 -903.17
23 212.0 628.92 -889.70
24 212.0 463.39 -943.69
25 212.0 376.98 -969.35
26 212.0 378.35 -662.55
27 212.0 627.32 -737.57
28 212.0 622.75 -722.50
29 212.0 618.22 -707.46
30 212.0 420.63 -790.45
31 212.0 277.90 -678.28
32 212.0 273.03 -662.69
33 212.0 826.60 -470.00
34 212.0 992.72 -652.12
35 212.0 220.31 -442.47
6 213.0 198.11 -428.63
7 213.0 187.16 -401.72
8 213.0 918.51 -509.93
9 213.0 360.56 -591.58
10 213.0 365.31 -607.41
11 213.0 370.46 -624.73
12 213.0 421.73 -365.10
13 213.0 552.65 -483.01
14 213.0 570.22 -540.43
15 213.0 357.61 -592.87
16 213.0 389.37 -698.10
17 213.0 520.63 -626.83
18 213.0 708.65 -432.82
19 213.0 911.91 -420.17
20 213.0 228.77 -506.56
21 213.0 564.20 -909.56
22 213.0 579.18 -904.96
23 213.0 622.95 -891.54
24 213.0 471.52 -941.27
25 213.0 383.39 -967.44
26 213.0 378.41 -662.76
27 213.0 629.31 -744.14
28 213.0 624.87 -729.51
29 213.0 620.39 -714.64
30 213.0 418.46 -783.12
31 213.0 280.18 -685.73
32 213.0 275.47 -670.35
33 213.0 829.07 -475.78
34 213.0 984.76 -654.80
35 213.0 227.82 -439.25
6 214.0 201.56 -437.97
7 214.0 190.01 -408.84
8 214.0 926.24 -507.62
9 214.0 358.55 -585.05
10 214.0 363.05 -599.82
11 214.0 368.16 -617.00
12 214.0 411.08 -368.25
13 214.0 552.65 -483.01
14 214.0 568.12 -533.73
15 214.0 359.91 -600.47
16 214.0 391.81 -706.05
17 214.0 513.73 -628.91
18 214.0 700.41 -431.13
19 214.0 919.83 -422.85
20 214.0 227.09 -500.94
21 214.0 558.38 -911.36
22 214.0 572.58 -906.98
23 214.0 616.62 -893.49
24 214.0 479.22 -938.90
25 214.0 389.77 -965.55
26 214.0 378.41 -662.77
27 214.0 631.42 -751.06
28 214.0 626.93 -736.30
29 214.0 622.24 -720.79
30 214.0 416.35 -776.02
31 214.0 282.30 -692.57
32 214.0 277.76 -677.81
33 214.0 830.83 -481.50
34 214.0 976.57 -657.46
35 214.0 237.46 -435.94
6 215.0 205.03 -446.03
7 215.0 193.03 -416.14
8 215.0 933.75 -505.37
9 215.0 356.59 -578.74
10 215.0 361.02 -593.11
11 215.0 365.95 -609.54
12 215.0 401.16 -371.19
13 215.0 552.65 -483.01
14 215.0 565.98 -526.73
15 215.0 362.23 -608.25
16 215.0 394.54 -714.95
17 215.0 507.58 -630.77
18 215.0 693.06 -429.62
19 215.0 919.65 -422.68
20 215.0 225.14 -494.44
21 215.0 552.34 -913.23
22 215.0 566.55 -908.84
23 215.0 609.73 -895.60
24 215.0 487.12 -936.45
25 215.0 396.78 -963.47
26 215.0 378.41 -662.78
27 215.0 632.44 -755.49
28 215.0 628.90 -742.77
29 215.0 624.45 -728.13
30 215.0 414.48 -769.73
31 215.0 284.25 -698.92
32 215.0 279.73 -684.25
33 215.0 832.58 -487.23
34 215.0 967.93 -659.98
35 215.0 246.89 -433.19
6 216.0 209.96 -454.70
7 216.0 195.23 -421.11
8 216.0 940.99 -503.21
9 216.0 354.59 -572.29
10 216.0 359.06 -586.70
11 216.0 363.82 -602.43
12 216.0 392.18 -375.51
13 216.0 552.65 -483.01
14 216.0 564.01 -520.10
15 216.0 364.53 -615.99
16 216.0 396.94 -722.76
17 216.0 500.68 -632.86
18 216.0 684.78 -427.92
19 216.0 919.39 -422.58
20 216.0 225.88 -488.89
21 216.0 546.55 -914.97
22 216.0 560.06 -910.84
23 216.0 603.82 -897.41
24 216.0 494.58 -934.14
25 216.0 402.93 -961.64
26 216.0 378.42 -662.78
27 216.0 629.81 -759.96
28 216.0 630.33 -747.49
29 216.0 626.29 -734.18
30 216.0 412.57 -763.30
31 216.0 286.41 -705.94
32 216.0 281.57 -690.20
33 216.0 834.38 -493.09
34 216.0 959.33 -662.37
35 216.0 256.41 -430.43
6 217.0 212.88 -462.99
7 217.0 197.72 -427.60
8 217.0 948.29 -500.66
9 217.0 352.33 -565.01
10 217.0 356.98 -579.99
11 217.0 361.67 -595.25
12 217.0 381.84 -378.57
13 217.0 552.65 -483.01
14 217.0 562.00 -513.29
15 217.0 366.81 -623.69
16 217.0 399.44 -730.90
17 217.0 494.56 -634.71
18 217.0 676.68 -426.19
19 217.0 919.36 -422.57
20 217.0 224.91 -482.22
21 217.0 540.40 -916.79
22 217.0 555.09 -912.38
23 217.0 596.96 -899.51
24 217.0 502.77 -931.60
25 217.0 409.42 -959.72
26 217.0 378.42 -662.78
27 217.0 624.97 -761.59
28 217.0 632.01 -753.10
29 217.0 627.65 -738.65
30 217.0 410.45 -756.17
31 217.0 288.41 -712.53
32 217.0 283.63 -696.92
33 217.0 836.44 -499.84
34 217.0 951.31 -664.31
35 217.0 265.69 -427.75
6 218.0 215.78 -473.65
7 218.0 200.97 -436.36
8 218.0 952.35 -495.35
9 218.0 350.51 -558.69
10 218.0 354.75 -572.82
11 218.0 359.62 -588.50
12 218.0 371.71 -381.57
13 218.0 552.65 -483.01
14 218.0 559.81 -505.88
15 218.0 369.07 -631.29
16 218.0 401.85 -738.77
17 218.0 488.43 -636.56
18 218.0 668.20 -426.09
19 218.0 919.36 -422.57
20 218.0 222.54 -473.99
21 218.0 534.03 -918.70
22 218.0 549.13 -914.21
23 218.0 590.94 -901.36
24 218.0 510.22 -929.29
25 218.0 415.93 -957.79
26 218.0 378.42 -662.78
27 218.0 618.30 -763.60
28 218.0 632.14 -757.64
29 218.0 629.24 -743.88
30 218.0 408.33 -748.99
31 218.0 290.64 -719.85
32 218.0 285.81 -704.00
33 218.0 838.53 -506.65
34 218.0 942.36 -663.67
35 218.0 274.36 -421.92
6 219.0 218.73 -483.86
7 219.0 204.34 -444.78
8 219.0 951.12 -488.54
9 219.0 348.53 -551.66
10 219.0 352.80 -566.52
11 219.0 357.38 -581.29
12 219.0 362.16 -384.39
13 219.0 552.65 -483.01
14 219.0 557.80 -499.10
15 219.0 371.47 -639.37
16 219.0 404.47 -747.26
17 219.0 481.42 -638.68
18 219.0 661.01 -427.55
19 219.0 919.36 -422.57
20 219.0 220.35 -466.12
21 219.0 528.40 -920.41
22 219.0 542.37 -916.21
23 219.0 584.19 -903.43
24 219.0 517.45 -927.09
25 219.0 422.31 -955.89
26 219.0 378.42 -662.78
27 219.0 611.51 -765.64
28 219.0 628.47 -760.55
29 219.0 630.88 -749.29
30 219.0 406.16 -741.88
31 219.0 292.90 -727.26
32 219.0 287.94 -710.99
33 219.0 840.49 -513.05
34 219.0 934.95 -659.24
35 219.0 284.12 -419.12
6 220.0 221.61 -493.74
7 220.0 209.09 -453.04
8 220.0 948.81 -481.68
9 220.0 346.77 -545.43
10 220.0 350.80 -559.70
11 220.0 355.38 -574.84
12 220.0 351.65 -387.50
13 220.0 552.65 -483.01
14 220.0 556.00 -493.03
15 220.0 373.67 -646.78
16 220.0 407.00 -755.75
17 220.0 475.36 -640.51
18 220.0 653.57 -430.50
19 220.0 919.36 -422.57
20 220.0 217.90 -457.39
21 220.0 522.55 -922.19
22 220.0 536.21 -918.03
23 220.0 578.18 -905.27
24 220.0 525.50 -924.64
25 220.0 428.93 -953.93
26 220.0 378.42 -662.78
27 220.0 605.50 -767.45
28 220.0 622.77 -762.25
29 220.0 632.21 -753.90
30 220.0 404.03 -734.96
31 220.0 294.82 -733.58
32 220.0 290.19 -718.37
33 220.0 842.69 -519.84
34 220.0 928.43 -653.33
35 220.0 293.38 -416.46
6 221.0 223.91 -501.46
7 221.0 212.31 -461.00
8 221.0 946.50 -474.51
9 221.0 344.49 -538.87
10 221.0 349.08 -553.63
11 221.0 353.15 -567.66
12 221.0 341.24 -390.58
13 221.0 552.65 -483.01
14 221.0 555.12 -490.33
15 221.0 375.29 -652.26
16 221.0 409.54 -764.31
17 221.0 468.93 -642.45
18 221.0 646.39 -434.93
19 221.0 919.36 -422.57
20 221.0 216.53 -451.33
21 221.0 516.83 -923.93
22 221.0 530.72 -919.71
23 221.0 572.28 -907.08
24 221.0 533.58 -922.18
25 221.0 435.44 -952.00
26 221.0 378.42 -662.78
27 221.0 598.52 -769.64
28 221.0 616.39 -764.18
29 221.0 631.47 -758.70
30 221.0 401.97 -728.23
31 221.0 296.92 -740.46
32 221.0 292.32 -725.37
33 221.0 841.79 -525.42
34 221.0 921.82 -647.20
35 221.0 302.87 -413.84
6 222.0 226.25 -509.24
7 222.0 215.34 -472.04
8 222.0 944.28 -467.17
9 222.0 338.71 -534.90
10 222.0 347.09 -546.56
11 222.0 351.53 -562.29
12 222.0 331.21 -393.55
13 222.0 552.65 -483.01
14 222.0 555.03 -490.04
15 222.0 376.16 -655.19
16 222.0 411.90 -772.27
17 222.0 462.75 -644.32
18 222.0 639.90 -439.19
19 222.0 919.36 -422.57
20 222.0 217.67 -445.23
21 222.0 511.35 -925.60
22 222.0 525.44 -921.31
23 222.0 566.57 -908.83
24 222.0 540.88 -919.98
25 222.0 441.90 -950.08
26 222.0 378.42 -662.78
27 222.0 592.65 -771.49
28 222.0 609.84 -766.14
29 222.0 626.25 -761.21
30 222.0 399.87 -721.41
31 222.0 299.00 -747.32
32 222.0 294.36 -732.06
33 222.0 840.95 -531.50
34 222.0 915.36 -641.21
35 222.0 312.15 -411.23
6 223.0 228.70 -517.32
7 223.0 218.48 -483.03
8 223.0 942.05 -459.55
9 223.0 331.47 -536.44
10 223.0 346.09 -543.03
11 223.0 349.45 -554.92
12 223.0 320.85 -395.23
13 223.0 552.65 -483.01
14 223.0 554.99 -489.93
15 223.0 376.25 -655.48
16 223.0 414.41 -780.73
17 223.0 455.72 -646.44
18 223.0 633.38 -442.68
19 223.0 919.36 -422.57
20 223.0 222.67 -441.14
21 223.0 505.09 -927.53
22 223.0 519.93 -922.99
23 223.0 559.75 -910.94
24 223.0 548.01 -917.87
25 223.0 448.07 -948.24
26 223.0 378.42 -662.78
27 223.0 586.15 -773.47
28 223.0 603.27 -768.14
29 223.0 619.27 -763.31
30 223.0 397.83 -714.75
31 223.0 301.02 -753.93
32 223.0 296.45 -738.94
33 223.0 843.57 -535.92
34 223.0 909.07 -635.38
35 223.0 321.51 -408.50
6 224.0 230.94 -524.71
7 224.0 221.32 -492.76
8 224.0 939.95 -451.98
9 224.0 325.16 -538.32
10 224.0 344.08 -537.92
11 224.0 348.33 -550.97
12 224.0 310.10 -398.31
13 224.0 552.65 -483.01
14 224.0 554.98 -489.89
15 224.0 376.27 -655.56
16 224.0 417.02 -789.52
17 224.0 449.84 -648.22
18 224.0 625.84 -445.45
19 224.0 919.36 -422.57
20 224.0 228.68 -438.94
21 224.0 499.21 -929.35
22 224.0 513.45 -924.96
23 224.0 553.13 -912.99
24 224.0 556.07 -915.43
25 224.0 454.91 -946.21
26 224.0 378.42 -662.78
27 224.0 579.83 -775.38
28 224.0 596.64 -770.23
29 224.0 612.31 -765.40
30 224.0 395.89 -708.43
31 224.0 303.19 -761.07
32 224.0 298.28 -744.95
33 224.0 848.32 -537.04
34 224.0 902.19 -629.01
35 224.0 330.34 -405.94
6 225.0 233.22 -532.23
7 225.0 223.84 -501.22
8 225.0 938.06 -445.14
9 225.0 318.54 -540.25
10 225.0 338.16 -534.94
11 225.0 346.98 -546.20
12 225.0 300.28 -401.45
13 225.0 552.65 -483.01
14 225.0 554.97 -489.87
15 225.0 376.28 -655.58
16 225.0 419.57 -798.10
17 225.0 443.30 -650.20
18 225.0 618.54 -448.00
19 225.0 919.36 -422.57
20 225.0 236.97 -436.08
21 225.0 493.11 -931.24
22 225.0 508.12 -926.59
23 225.0 546.62 -914.95
24 225.0 564.25 -912.90
25 225.0 461.08 -944.38
26 225.0 378.42 -662.78
27 225.0 573.79 -777.16
28 225.0 589.23 -772.54
29 225.0 605.66 -767.40
30 225.0 393.96 -702.14
31 225.0 305.36 -768.19
32 225.0 300.54 -752.36
33 225.0 852.81 -535.13
34 225.0 895.66 -622.96
35 225.0 339.57 -403.26
6 226.0 235.68 -540.34
7 226.0 226.18 -509.00
8 226.0 936.62 -437.16
9 226.0 311.17 -542.41
10 226.0 331.45 -536.45
11 226.0 346.03 -542.83
12 226.0 290.42 -404.49
13 226.0 552.65 -483.01
14 226.0 554.97 -489.87
15 226.0 376.28 -655.58
16 226.0 421.93 -806.05
17 226.0 437.20 -652.04
18 226.0 611.00 -450.59
19 226.0 919.36 -422.57
20 226.0 245.73 -433.53
21 226.0 487.59 -932.95
22 226.0 501.97 -928.50
23 226.0 540.26 -916.83
24 226.0 571.56 -910.64
25 226.0 467.69 -942.41
26 226.0 378.42 -662.78
27 226.0 567.81 -778.92
28 226.0 583.23 -774.35
29 226.0 598.91 -769.52
30 226.0 391.74 -694.92
31 226.0 307.24 -774.43
32 226.0 302.79 -759.75
33 226.0 854.54 -530.73
34 226.0 889.26 -616.51
35 226.0 349.24 -400.45
6 227.0 237.90 -547.66
7 227.0 228.60 -517.00
8 227.0 935.79 -427.85
9 227.0 303.78 -544.64
10 227.0 323.41 -538.83
11 227.0 343.85 -537.69
12 227.0 280.07 -407.63
13 227.0 552.65 -483.01
14 227.0 554.97 -489.86
15 227.0 376.28 -655.59
16 227.0 424.27 -813.93
17 227.0 430.74 -654.00
18 227.0 603.68 -453.01
19 227.0 919.36 -422.57
20 227.0 253.46 -431.29
21 227.0 482.03 -934.68
22 227.0 495.72 -930.43
23 227.0 533.50 -918.86
24 227.0 578.76 -908.44
25 227.0 474.63 -940.32
26 227.0 378.42 -662.78
27 227.0 560.95 -780.93
28 227.0 576.94 -776.24
29 227.0 592.01 -771.69
30 227.0 389.49 -687.58
31 227.0 309.39 -781.49
32 227.0 304.59 -765.66
33 227.0 859.23 -528.01
34 227.0 882.61 -609.74
35 227.0 357.98 -397.92
6 228.0 240.21 -555.29
7 228.0 231.06 -525.10
8 228.0 935.00 -418.88
9 228.0 297.04 -546.62
10 228.0 316.06 -540.97
11 228.0 337.94 -534.97
12 228.0 269.48 -410.84
13 228.0 552.65 -483.01
14 228.0 554.97 -489.86
15 228.0 376.28 -655.59
16 228.0 424.43 -820.74
17 228.0 423.73 -656.12
18 228.0 596.47 -455.35
19 228.0 919.36 -422.57
20 228.0 261.05 -429.08
21 228.0 475.51 -936.70
22 228.0 489.72 -932.29
23 228.0 526.63 -920.95
24 228.0 586.38 -906.10
25 228.0 481.23 -938.28
26 228.0 378.42 -662.78
27 228.0 554.69 -782.76
28 228.0 569.95 -778.29
29 228.0 585.41 -773.69
30 228.0 387.55 -681.27
31 228.0 311.34 -787.86
32 228.0 306.80 -772.98
33 228.0 865.64 -526.03
34 228.0 876.82 -603.85
35 228.0 367.68 -395.10
6 229.0 242.53 -562.92
7 229.0 233.47 -533.04
8 229.0 934.55 -413.92
9 229.0 290.12 -548.66
10 229.0 308.63 -543.18
11 229.0 331.18 -536.53
12 229.0 259.79 -413.78
13 229.0 552.65 -483.01
14 229.0 554.97 -489.86
15 229.0 376.28 -655.59
16 229.0 419.21 -823.52
17 229.0 417.17 -658.10
18 229.0 589.08 -457.74
19 229.0 919.36 -422.57
20 229.0 269.69 -426.60
21 229.0 470.42 -938.12
22 229.0 483.88 -934.10
23 229.0 519.81 -923.03
24 229.0 594.09 -903.74
25 229.0 487.20 -936.42
26 229.0 378.42 -662.78
27 229.0 548.57 -784.56
28 229.0 563.49 -780.18
29 229.0 578.31 -775.84
30 229.0 386.78 -678.76
31 229.0 313.43 -794.69
32 229.0 308.62 -778.98
33 229.0 871.58 -524.21
34 229.0 871.18 -596.50
35 229.0 377.19 -392.34
6 230.0 245.00 -571.06
7 230.0 235.93 -541.16
8 230.0 931.06 -408.64
9 230.0 283.30 -549.42
10 230.0 301.42 -545.33
11 230.0 323.89 -538.70
12 230.0 250.10 -416.71
13 230.0 552.65 -483.01
14 230.0 554.97 -489.86
15 230.0 376.28 -655.59
16 230.0 411.40 -825.85
17 230.0 410.15 -660.23
18 230.0 582.40 -459.93
19 230.0 919.36 -422.57
20 230.0 277.42 -424.37
21 230.0 466.43 -937.32
22 230.0 478.96 -935.63
23 230.0 513.90 -924.83
24 230.0 601.35 -901.51
25 230.0 493.72 -934.41
26 230.0 378.42 -662.78
27 230.0 541.95 -786.49
28 230.0 557.52 -781.93
29 230.0 572.50 -777.54
30 230.0 386.47 -677.73
31 230.0 315.35 -801.02
32 230.0 310.72 -785.84
33 230.0 878.05 -522.21
34 230.0 868.50 -587.55
35 230.0 386.78 -391.02
6 231.0 247.46 -579.17
7 231.0 238.43 -549.42
8 231.0 922.45 -405.22
9 231.0 275.52 -549.62
10 231.0 294.07 -547.49
11 231.0 315.93 -541.00
12 231.0 240.48 -419.63
13 231.0 552.65 -483.01
14 231.0 554.97 -489.86
15 231.0 376.28 -655.59
16 231.0 402.83 -828.43
17 231.0 403.14 -662.35
18 231.0 574.29 -462.52
19 231.0 919.36 -422.57
20 231.0 285.64 -422.01
21 231.0 464.33 -933.73
22 231.0 474.69 -936.95
23 231.0 507.82 -926.68
24 231.0 609.18 -899.11
25 231.0 500.23 -932.39
26 231.0 378.42 -662.78
27 231.0 535.33 -788.49
28 231.0 551.23 -783.78
29 231.0 566.76 -779.23
30 231.0 386.46 -677.70
31 231.0 317.52 -808.16
32 231.0 312.68 -792.22
33 231.0 884.57 -520.20
34 231.0 865.84 -578.60
35 231.0 395.65 -388.45
6 232.0 249.99 -587.48
7 232.0 240.81 -557.25
8 232.0 911.75 -401.97
9 232.0 269.02 -551.54
10 232.0 285.87 -549.69
11 232.0 308.69 -543.16
12 232.0 230.78 -422.57
13 232.0 552.65 -483.01
14 232.0 554.97 -489.86
15 232.0 376.28 -655.59
16 232.0 395.05 -830.76
17 232.0 396.11 -664.48
18 232.0 566.24 -465.05
19 232.0 919.36 -422.57
20 232.0 290.85 -420.52
21 232.0 462.53 -928.01
22 232.0 470.80 -938.06
23 232.0 501.27 -928.71
24 232.0 616.37 -896.91
25 232.0 506.30 -930.51
26 232.0 378.42 -662.78
27 232.0 529.02 -790.39
28 232.0 544.90 -785.63
29 232.0 560.01 -781.20
30 232.0 386.45 -677.69
31 232.0 319.60 -815.40
32 232.0 314.97 -799.76
33 232.0 889.74 -518.61
34 232.0 863.26 -569.90
35 232.0 405.33 -385.47
6 233.0 252.29 -595.07
7 233.0 243.13 -564.91
8 233.0 901.54 -399.40
9 233.0 262.36 -553.51
10 233.0 277.87 -548.93
11 233.0 301.56 -545.29
12 233.0 223.08 -424.91
13 233.0 552.65 -483.01
14 233.0 554.97 -489.86
15 233.0 376.28 -655.59
16 233.0 386.10 -833.44
17 233.0 389.03 -666.62
18 233.0 560.14 -467.07
19 233.0 919.36 -422.57
20 233.0 292.61 -420.01
21 233.0 460.51 -921.68
22 233.0 465.76 -936.70
23 233.0 495.31 -930.56
24 233.0 623.80 -894.63
25 233.0 512.27 -928.67
26 233.0 378.42 -662.78
27 233.0 522.12 -792.47
28 233.0 537.76 -787.76
29 233.0 553.50 -783.11
30 233.0 386.45 -677.68
31 233.0 321.73 -822.43
32 233.0 317.11 -806.80
33 233.0 896.42 -516.58
34 233.0 860.61 -560.96
35 233.0 414.76 -385.61
6 234.0 254.49 -602.31
7 234.0 245.65 -573.23
8 234.0 891.07 -396.80
9 234.0 255.43 -555.55
10 234.0 270.91 -550.98
11 234.0 293.51 -547.66
12 234.0 217.95 -426.47
13 234.0 552.65 -483.01
14 234.0 554.97 -489.86
15 234.0 376.28 -655.59
16 234.0 377.65 -835.97
17 234.0 383.71 -670.09
18 234.0 557.96 -467.79
19 234.0 919.36 -422.57
20 234.0 293.38 -419.79
21 234.0 458.75 -916.12
22 234.0 463.80 -932.01
23 234.0 488.92 -932.54
24 234.0 631.96 -892.11
25 234.0 518.73 -926.70
26 234.0 378.42 -662.78
27 234.0 515.36 -794.51
28 234.0 531.01 -789.79
29 234.0 546.81 -785.07
30 234.0 386.45 -677.68
31 234.0 323.91 -829.32
32 234.0 319.32 -814.39
33 234.0 902.52 -514.72
34 234.0 858.00 -552.18
35 234.0 424.50 -382.35
6 235.0 256.92 -610.32
7 235.0 247.92 -580.69
8 235.0 880.27 -394.10
9 235.0 251.76 -556.63
10 235.0 263.71 -553.11
11 235.0 285.56 -549.71
12 235.0 217.13 -426.73
13 235.0 552.65 -483.01
14 235.0 554.97 -489.86
15 235.0 376.28 -655.59
16 235.0 369.37 -838.45
17 235.0 382.85 -676.29
18 235.0 557.90 -467.81
19 235.0 919.36 -422.57
20 235.0 293.50 -419.76
21 235.0 456.90 -910.08
22 235.0 461.63 -925.18
23 235.0 482.88 -934.41
24 235.0 639.74 -889.71
25 235.0 525.68 -924.58
26 235.0 378.42 -662.78
27 235.0 508.81 -796.49
28 235.0 523.74 -791.98
29 235.0 539.86 -787.12
30 235.0 386.45 -677.68
31 235.0 326.22 -836.69
32 235.0 321.27 -820.98
33 235.0 908.70 -512.86
34 235.0 856.04 -545.67
35 235.0 433.63 -379.14
6 236.0 259.13 -617.59
7 236.0 250.44 -588.97
8 236.0 869.30 -391.58
9 236.0 246.27 -557.18
10 236.0 259.20 -554.44
11 236.0 278.06 -548.87
12 236.0 217.11 -426.73
13 236.0 552.65 -483.01
14 236.0 554.97 -489.86
15 236.0 376.28 -655.59
16 236.0 361.24 -840.89
17 236.0 384.55 -682.38
18 236.0 557.86 -467.82
19 236.0 919.36 -422.57
20 236.0 293.56 -419.74
21 236.0 455.20 -904.38
22 236.0 459.55 -918.63
23 236.0 476.49 -936.39
24 236.0 647.04 -887.45
25 236.0 531.90 -922.69
26 236.0 378.42 -662.78
27 236.0 502.28 -798.46
28 236.0 517.10 -793.98
29 236.0 533.27 -789.11
30 236.0 386.45 -677.68
31 236.0 328.31 -843.58
32 236.0 323.43 -827.81
33 236.0 915.14 -510.94
34 236.0 853.81 -536.55
35 236.0 442.56 -376.36
6 237.0 261.40 -625.07
7 237.0 253.03 -597.51
8 237.0 858.33 -389.07
9 237.0 242.85 -552.95
10 237.0 254.21 -555.91
11 237.0 270.37 -551.14
12 237.0 217.10 -426.74
13 237.0 552.65 -483.01
14 237.0 554.97 -489.86
15 237.0 376.28 -655.59
16 237.0 352.37 -843.55
17 237.0 386.62 -689.14
18 237.0 557.86 -467.82
19 237.0 919.36 -422.57
20 237.0 293.57 -419.74
21 237.0 453.49 -898.58
22 237.0 457.88 -913.38
23 237.0 472.28 -937.70
24 237.0 654.19 -885.25
25 237.0 537.82 -920.89
26 237.0 378.42 -662.78
27 237.0 495.31 -800.56
28 237.0 510.08 -796.10
29 237.0 526.74 -791.08
30 237.0 386.45 -677.68
31 237.0 330.46 -850.60
32 237.0 325.78 -835.25
33 237.0 920.84 -509.23
34 237.0 854.04 -529.40
35 237.0 452.37 -373.46
6 238.0 263.91 -633.22
7 238.0 255.36 -605.16
8 238.0 848.59 -383.55
9 238.0 240.65 -545.72
10 238.0 248.86 -557.31
11 238.0 263.85 -553.07
12 238.0 217.10 -426.74
13 238.0 552.65 -483.01
14 238.0 554.97 -489.86
15 238.0 376.28 -655.59
16 238.0 344.62 -845.87
17 238.0 388.51 -695.30
18 238.0 557.86 -467.82
19 238.0 919.36 -422.57
20 238.0 293.57 -419.74
21 238.0 451.59 -892.23
22 238.0 456.11 -907.42
23 238.0 467.52 -937.98
24 238.0 661.86 -882.79
25 238.0 544.64 -918.87
26 238.0 378.42 -662.78
27 238.0 488.45 -802.63
28 238.0 503.39 -798.12
29 238.0 520.25 -793.03
30 238.0 386.45 -677.68
31 238.0 332.65 -857.76
32 238.0 327.92 -842.29
33 238.0 927.50 -507.24
34 238.0 849.86 -523.91
35 238.0 462.01 -370.61
6 239.0 266.14 -640.47
7 239.0 257.63 -612.65
8 239.0 838.59 -381.25
9 239.0 238.68 -539.20
10 239.0 243.97 -555.50
11 239.0 258.29 -554.71
12 239.0 217.10 -426.74
13 239.0 552.65 -483.01
14 239.0 554.97 -489.86
15 239.0 376.28 -655.59
16 239.0 340.45 -847.12
17 239.0 390.48 -701.72
18 239.0 557.86 -467.82
19 239.0 919.36 -422.57
20 239.0 293.57 -419.74
21 239.0 449.67 -885.97
22 239.0 454.15 -900.82
23 239.0 464.34 -933.76
24 239.0 668.45 -878.30
25 239.0 550.55 -917.12
26 239.0 378.42 -662.78
27 239.0 482.26 -804.51
28 239.0 496.10 -800.32
29 239.0 513.23 -795.15
30 239.0 386.45 -677.68
31 239.0 334.62 -864.19
32 239.0 329.96 -848.96
33 239.0 933.15 -505.55
34 239.0 845.59 -518.44
35 239.0 471.21 -367.89
6 240.0 268.60 -648.41
7 240.0 260.18 -621.05
8 240.0 828.34 -378.90
9 240.0 236.60 -532.35
10 240.0 242.07 -550.39
11 240.0 253.29 -556.18
12 240.0 215.84 -427.03
13 240.0 552.11 -481.46
14 240.0 554.97 -489.86
15 240.0 376.28 -655.59
16 240.0 333.89 -847.08
17 240.0 392.57 -708.52
18 240.0 557.86 -467.82
19 240.0 919.36 -422.57
20 240.0 294.86 -419.37
21 240.0 447.92 -880.22
22 240.0 452.22 -894.28
23 240.0 462.32 -927.37
24 240.0 670.25 -870.89
25 240.0 556.99 -915.14
26 240.0 378.81 -664.51
27 240.0 475.81 -806.46
28 240.0 489.70 -802.25
29 240.0 506.81 -797.09
30 240.0 385.95 -676.08
31 240.0 336.85 -871.48
32 240.0 332.15 -856.14
33 240.0 939.32 -503.71
34 240.0 842.79 -509.60
35 240.0 481.02 -364.99
6 241.0 271.09 -656.44
7 241.0 262.55 -628.79
8 241.0 817.48 -376.41
9 241.0 234.34 -524.89
10 241.0 239.77 -542.80
11 241.0 247.40 -557.46
12 241.0 211.55 -427.70
13 241.0 550.97 -477.99
14 241.0 554.52 -488.50
15 241.0 376.67 -656.89
16 241.0 330.92 -841.17
17 241.0 394.45 -714.64
18 241.0 557.86 -467.82
19 241.0 919.36 -422.57
20 241.0 298.43 -418.40
21 241.0 446.12 -874.27
22 241.0 450.45 -888.50
23 241.0 460.32 -921.07
24 241.0 668.31 -863.29
25 241.0 563.42 -913.15
26 241.0 378.62 -667.89
27 241.0 469.56 -808.35
28 241.0 483.35 -804.18
29 241.0 500.05 -799.13
30 241.0 384.97 -673.00
31 241.0 338.89 -878.15
32 241.0 334.24 -862.97
33 241.0 945.81 -501.77
34 241.0 839.98 -500.46
35 241.0 490.54 -362.18
6 242.0 273.68 -664.80
7 242.0 264.97 -636.66
8 242.0 807.48 -374.12
9 242.0 232.29 -518.13
10 242.0 237.48 -535.24
11 242.0 243.12 -553.69
12 242.0 206.13 -426.09
13 242.0 549.05 -472.11
14 242.0 553.52 -485.50
15 242.0 377.60 -660.02
16 242.0 328.45 -833.10
17 242.0 396.50 -721.32
18 242.0 557.86 -467.82
19 242.0 919.36 -422.57
20 242.0 304.22 -416.78
21 242.0 444.27 -868.18
22 242.0 448.49 -882.08
23 242.0 458.51 -915.37
24 242.0 666.19 -856.02
25 242.0 569.34 -911.33
26 242.0 374.98 -670.71
27 242.0 463.29 -810.26
28 242.0 477.91 -805.82
29 242.0 492.54 -801.40
30 242.0 383.29 -667.65
31 242.0 340.80 -884.38
32 242.0 336.34 -869.83
33 242.0 951.50 -501.24
34 242.0 837.51 -492.37
35 242.0 499.75 -359.47
6 243.0 276.12 -672.48
7 243.0 267.59 -645.15
8 243.0 797.11 -371.83
9 243.0 230.02 -510.66
10 243.0 235.21 -527.76
11 243.0 241.42 -548.25
12 243.0 201.55 -419.67
13 243.0 546.36 -463.92
14 243.0 551.98 -481.07
15 243.0 378.86 -664.08
16 243.0 325.85 -824.87
17 243.0 398.54 -727.99
18 243.0 557.86 -467.82
19 243.0 919.36 -422.57
20 243.0 311.51 -411.41
21 243.0 442.59 -862.70
22 243.0 446.56 -875.74
23 243.0 456.75 -909.58
24 243.0 663.74 -847.68
25 243.0 575.74 -909.37
26 243.0 370.05 -672.23
27 243.0 457.32 -812.06
28 243.0 471.73 -807.69
29 243.0 486.60 -803.19
30 243.0 381.04 -660.37
31 243.0 342.80 -890.93
32 243.0 338.07 -875.49
33 243.0 955.78 -504.21
34 243.0 834.80 -483.55
35 243.0 509.07 -356.97
6 244.0 278.52 -680.32
7 244.0 270.22 -653.64
8 244.0 786.85 -369.56
9 244.0 228.12 -504.40
10 244.0 232.93 -520.26
11 244.0 239.32 -541.31
12 244.0 197.81 -410.99
13 244.0 544.00 -456.41
14 244.0 550.02 -475.07
15 244.0 382.74 -669.52
16 244.0 323.33 -816.82
17 244.0 400.34 -733.85
18 244.0 557.86 -467.82
19 244.0 919.36 -422.57
20 244.0 319.54 -409.07
21 244.0 440.90 -857.24
22 244.0 445.07 -870.81
23 244.0 455.02 -903.75
24 244.0 661.46 -839.97
25 244.0 582.17 -907.39
26 244.0 363.67 -674.19
27 244.0 451.31 -813.87
28 244.0 465.89 -809.46
29 244.0 480.18 -805.13
30 244.0 379.18 -654.11
31 244.0 344.83 -897.56
32 244.0 340.04 -881.91
33 244.0 958.17 -509.01
34 244.0 832.26 -475.28
35 244.0 518.36 -354.90
6 245.0 280.94 -688.18
7 245.0 272.79 -661.93
8 245.0 775.94 -366.96
9 245.0 225.91 -497.01
10 245.0 230.78 -513.15
11 245.0 237.22 -534.39
12 245.0 194.80 -403.58
13 245.0 541.55 -448.54
14 245.0 547.60 -467.69
15 245.0 390.00 -669.67
16 245.0 320.81 -807.95
17 245.0 402.14 -739.72
18 245.0 557.86 -467.82
19 245.0 919.36 -422.57
20 245.0 328.01 -406.62
21 245.0 438.94 -850.90
22 245.0 443.32 -865.06
23 245.0 453.20 -897.60
24 245.0 659.09 -832.11
25 245.0 587.99 -905.61
26 245.0 356.87 -676.27
27 245.0 444.46 -815.93
28 245.0 459.75 -811.33
29 245.0 474.01 -807.00
30 245.0 377.14 -647.22
31 245.0 346.75 -903.83
32 245.0 342.12 -888.70
33 245.0 960.28 -514.50
34 245.0 828.24 -466.82
35 245.0 528.64 -352.67
6 246.0 283.43 -696.27
7 246.0 275.29 -669.83
8 246.0 766.50 -363.38
9 246.0 225.47 -490.05
10 246.0 228.30 -504.99
11 246.0 234.79 -526.39
12 246.0 191.71 -395.86
13 246.0 539.30 -441.23
14 246.0 545.27 -460.50
15 246.0 397.44 -667.41
16 246.0 318.19 -799.34
17 246.0 404.22 -746.47
18 246.0 557.86 -467.82
19 246.0 919.36 -422.57
20 246.0 336.74 -404.08
21 246.0 437.05 -844.77
22 246.0 441.57 -859.39
23 246.0 451.34 -891.42
24 246.0 656.58 -823.77
25 246.0 593.75 -903.84
26 246.0 349.62 -678.48
27 246.0 437.97 -817.89
28 246.0 453.30 -813.27
29 246.0 468.31 -808.73
30 246.0 375.10 -640.37
31 246.0 349.04 -911.29
32 246.0 344.21 -895.53
33 246.0 962.13 -520.98
34 246.0 827.15 -462.07
35 246.0 537.22 -348.51
6 247.0 285.83 -704.06
7 247.0 277.78 -677.88
8 247.0 756.41 -361.08
9 247.0 225.00 -482.53
10 247.0 226.09 -497.60
11 247.0 232.44 -518.63
12 247.0 189.95 -392.01
13 247.0 537.05 -433.90
14 247.0 542.99 -453.20
15 247.0 405.17 -665.07
16 247.0 315.62 -790.89
17 247.0 406.34 -753.55
18 247.0 557.86 -467.82
19 247.0 919.36 -422.57
20 247.0 344.74 -401.76
21 247.0 435.05 -838.31
22 247.0 439.58 -852.95
23 247.0 449.55 -885.56
24 247.0 654.40 -816.52
25 247.0 599.55 -902.07
26 247.0 343.20 -680.45
27 247.0 432.67 -819.13
28 247.0 446.07 -815.45
29 247.0 461.35 -810.85
30 247.0 373.05 -633.46
31 247.0 351.15 -918.17
32 247.0 346.39 -902.64
33 247.0 964.09 -527.81
34 247.0 828.57 -454.89
35 247.0 546.47 -346.11
6 248.0 288.09 -711.45
7 248.0 280.16 -685.65
8 248.0 745.91 -358.69
9 248.0 222.24 -472.97
10 248.0 225.38 -490.30
11 248.0 230.30 -511.58
12 248.0 187.53 -390.14
13 248.0 537.46 -425.65
14 248.0 540.62 -445.52
15 248.0 413.43 -662.57
16 248.0 313.20 -783.00
17 248.0 408.32 -760.21
18 248.0 557.86 -467.82
19 248.0 919.36 -422.57
20 248.0 353.09 -399.34
21 248.0 433.37 -832.88
22 248.0 437.73 -846.96
23 248.0 447.59 -879.12
24 248.0 652.11 -808.95
25 248.0 605.51 -900.24
26 248.0 337.04 -682.32
27 248.0 428.44 -816.13
28 248.0 441.59 -816.80
29 248.0 454.89 -812.79
30 248.0 370.83 -625.98
31 248.0 353.33 -925.32
32 248.0 348.50 -909.52
33 248.0 965.96 -534.37
34 248.0 830.50 -446.49
35 248.0 556.07 -344.58
6 249.0 290.33 -718.83
7 249.0 282.77 -694.12
8 249.0 735.83 -356.38
9 249.0 219.50 -462.99
10 249.0 224.83 -481.94
11 249.0 227.91 -503.70
12 249.0 186.49 -392.33
13 249.0 535.34 -418.50
14 249.0 538.32 -438.04
15 249.0 421.26 -660.20
16 249.0 310.55 -774.34
17 249.0 410.40 -767.23
18 249.0 557.86 -467.82
19 249.0 919.36 -422.57
20 249.0 360.93 -397.06
21 249.0 431.43 -827.39
22 249.0 436.15 -841.86
23 249.0 445.78 -873.16
24 249.0 649.88 -801.58
25 249.0 611.37 -898.44
26 249.0 330.96 -684.17
27 249.0 426.74 -811.02
28 249.0 436.96 -818.19
29 249.0 450.37 -814.15
30 249.0 368.88 -619.43
31 249.0 355.52 -932.44
32 249.0 350.75 -916.88
33 249.0 967.61 -540.06
34 249.0 832.55 -437.26
35 249.0 565.07 -343.82
6 250.0 292.61 -726.30
7 250.0 285.37 -702.56
8 250.0 725.41 -353.95
9 250.0 217.51 -456.09
10 250.0 222.03 -472.22
11 250.0 225.62 -496.05
12 250.0 188.48 -396.40
13 250.0 532.64 -410.60
14 250.0 536.48 -430.13
15 250.0 429.11 -657.83
16 250.0 308.14 -766.35
17 250.0 412.16 -773.15
18 250.0 557.86 -467.82
19 250.0 919.36 -422.57
20 250.0 369.40 -394.60
21 250.0 427.24 -822.96
22 250.0 434.43 -836.29
23 250.0 443.94 -867.11
24 250.0 647.62 -794.11
25 250.0 617.43 -896.59
26 250.0 324.73 -686.06
27 250.0 424.77 -804.39
28 250.0 431.47 -818.91
29 250.0 445.63 -815.58
30 250.0 366.74 -612.22
31 250.0 357.46 -938.79
32 250.0 352.98 -924.16
33 250.0 969.49 -546.54
34 250.0 834.42 -428.85
35 250.0 574.85 -344.01
6 251.0 294.90 -733.83
7 251.0 287.78 -710.45
8 251.0 714.77 -351.48
9 251.0 216.61 -448.57
10 251.0 219.86 -464.31
11 251.0 225.78 -489.17
12 251.0 190.76 -402.08
13 251.0 530.26 -403.47
14 251.0 536.76 -422.65
15 251.0 437.51 -655.29
16 251.0 305.50 -757.67
17 251.0 413.91 -779.04
18 251.0 557.86 -467.82
19 251.0 919.36 -422.57
20 251.0 377.14 -392.35
21 251.0 421.51 -822.88
22 251.0 432.53 -830.17
23 251.0 441.84 -860.26
24 251.0 645.35 -786.59
25 251.0 623.66 -894.67
26 251.0 318.59 -687.92
27 251.0 422.82 -797.81
28 251.0 427.83 -814.67
29 251.0 440.09 -817.25
30 251.0 364.62 -605.09
31 251.0 359.54 -945.56
32 251.0 354.96 -930.63
33 251.0 971.34 -552.88
34 251.0 836.29 -420.43
35 251.0 584.02 -345.43
6 252.0 297.27 -741.61
7 252.0 290.13 -718.17
8 252.0 704.52 -349.13
9 252.0 220.59 -442.31
10 252.0 217.53 -456.17
11 252.0 224.35 -480.29
12 252.0 193.81 -409.71
13 252.0 527.25 -396.07
14 252.0 534.52 -416.10
15 252.0 445.65 -652.82
16 252.0 302.87 -749.04
17 252.0 415.77 -785.29
18 252.0 557.86 -467.82
19 252.0 919.36 -422.57
20 252.0 385.66 -391.20
21 252.0 415.24 -824.70
22 252.0 431.14 -826.78
23 252.0 439.76 -853.54
24 252.0 642.99 -778.81
25 252.0 630.34 -892.61
26 252.0 312.26 -689.84
27 252.0 420.97 -791.58
28 252.0 425.85 -808.02
29 252.0 436.16 -818.43
30 252.0 362.73 -598.75
31 252.0 361.80 -952.96
32 252.0 356.98 -937.24
33 252.0 972.99 -558.58
34 252.0 838.22 -413.39
35 252.0 592.86 -347.36
6 253.0 299.57 -749.18
7 253.0 292.43 -725.72
8 253.0 694.25 -346.77
9 253.0 228.22 -439.11
10 253.0 216.46 -449.61
11 253.0 221.38 -469.85
12 253.0 197.07 -417.44
13 253.0 523.70 -388.52
14 253.0 532.09 -409.02
15 253.0 453.28 -650.52
16 253.0 300.42 -740.99
17 253.0 417.63 -791.55
18 253.0 557.86 -467.82
19 253.0 919.36 -422.57
20 253.0 394.45 -388.82
21 253.0 408.61 -826.69
22 253.0 427.08 -822.92
23 253.0 437.65 -846.71
24 253.0 640.65 -770.83
25 253.0 637.02 -890.55
26 253.0 305.34 -691.94
27 253.0 418.98 -784.89
28 253.0 423.81 -801.14
29 253.0 430.23 -818.43
30 253.0 360.76 -592.25
31 253.0 363.93 -959.93
32 253.0 359.29 -944.75
33 253.0 974.96 -565.34
34 253.0 844.65 -406.90
35 253.0 602.01 -349.40
6 254.0 302.10 -757.48
7 254.0 295.00 -734.17
8 254.0 683.69 -344.35
9 254.0 237.04 -436.06
10 254.0 219.80 -442.77
11 254.0 218.97 -461.03
12 254.0 198.92 -421.70
13 254.0 520.30 -381.27
14 254.0 529.50 -401.38
15 254.0 461.78 -647.96
16 254.0 297.78 -732.32
17 254.0 419.39 -797.50
18 254.0 557.86 -467.82
19 254.0 919.36 -422.57
20 254.0 402.69 -386.28
21 254.0 402.66 -828.48
22 254.0 420.63 -823.09
23 254.0 435.60 -840.08
24 254.0 638.17 -762.56
25 254.0 643.59 -888.52
26 254.0 298.37 -694.05
27 254.0 416.88 -777.82
28 254.0 421.83 -794.48
29 254.0 427.71 -814.28
30 254.0 358.80 -585.86
31 254.0 364.90 -963.10
32 254.0 361.26 -951.20
33 254.0 976.94 -572.17
34 254.0 854.44 -403.33
35 254.0 611.66 -351.56
6 255.0 304.33 -764.80
7 255.0 297.51 -742.40
8 255.0 673.07 -341.91
9 255.0 246.40 -433.34
10 255.0 227.54 -439.35
11 255.0 217.05 -454.01
12 255.0 201.37 -428.23
13 255.0 518.58 -372.78
14 255.0 526.32 -393.86
15 255.0 470.06 -645.46
16 255.0 295.07 -723.39
17 255.0 421.43 -804.34
18 255.0 557.86 -467.82
19 255.0 919.36 -422.57
20 255.0 411.11 -385.27
21 255.0 397.18 -830.12
22 255.0 414.35 -824.97
23 255.0 433.50 -833.29
24 255.0 635.74 -754.40
25 255.0 649.80 -886.60
26 255.0 293.50 -695.53
27 255.0 414.90 -771.13
28 255.0 419.61 -787.00
29 255.0 425.89 -808.14
30 255.0 356.71 -579.14
31 255.0 367.11 -964.72
32 255.0 362.47 -955.16
33 255.0 978.59 -577.83
34 255.0 866.97 -402.99
35 255.0 621.06 -353.67
6 256.0 306.71 -772.69
7 256.0 299.92 -750.32
8 256.0 662.28 -339.43
9 256.0 255.15 -430.80
10 256.0 237.54 -435.91
11 256.0 217.14 -445.99
12 256.0 203.76 -434.69
13 256.0 520.11 -364.86
14 256.0 523.19 -387.55
15 256.0 477.65 -643.16
16 256.0 292.44 -714.77
17 256.0 423.19 -810.30
18 256.0 557.86 -467.82
19 256.0 919.36 -422.57
20 256.0 419.66 -384.06
21 256.0 391.43 -831.85
22 256.0 408.11 -826.84
23 256.0 431.84 -828.26
24 256.0 633.28 -746.20
25 256.0 655.60 -884.81
26 256.0 292.91 -695.71
27 256.0 412.82 -764.15
28 256.0 417.63 -780.35
29 256.0 423.76 -800.98
30 256.0 354.56 -572.18
31 256.0 368.11 -962.85
32 256.0 363.56 -958.71
33 256.0 980.51 -584.45
34 256.0 879.38 -402.60
35 256.0 630.68 -355.92
6 257.0 309.18 -780.81
7 257.0 302.36 -758.34
8 257.0 651.69 -337.00
9 257.0 264.98 -427.95
10 257.0 246.43 -433.33
11 257.0 223.46 -440.81
12 257.0 208.71 -438.35
13 257.0 521.26 -361.39
14 257.0 520.03 -380.57
15 257.0 485.36 -640.83
16 257.0 289.93 -706.52
17 257.0 424.73 -815.49
18 257.0 557.86 -467.82
19 257.0 919.36 -422.57
20 257.0 428.18 -381.06
21 257.0 384.97 -833.78
22 257.0 401.70 -828.77
23 257.0 430.85 -826.19
24 257.0 631.01 -738.75
25 257.0 661.73 -882.85
26 257.0 292.81 -695.74
27 257.0 410.83 -757.43
28 257.0 415.57 -773.41
29 257.0 421.77 -794.29
30 257.0 352.47 -565.46
31 257.0 367.37 -960.22
32 257.0 364.18 -960.73
33 257.0 982.26 -590.47
34 257.0 891.71 -405.44
35 257.0 640.58 -358.23
6 258.0 311.53 -788.50
7 258.0 304.90 -766.68
8 258.0 641.92 -334.79
9 258.0 274.80 -425.13
10 258.0 255.82 -430.60
11 258.0 233.53 -437.21
12 258.0 216.38 -436.43
13 258.0 523.05 -356.09
14 258.0 518.56 -373.47
15 258.0 493.27 -638.43
16 258.0 287.48 -698.55
17 258.0 424.77 -820.28
18 258.0 557.86 -467.82
19 258.0 919.36 -422.57
20 258.0 436.60 -378.12
21 258.0 378.94 -835.59
22 258.0 394.47 -830.94
23 258.0 430.51 -825.46
24 258.0 628.66 -730.99
25 258.0 667.74 -879.10
26 258.0 292.81 -695.74
27 258.0 408.90 -750.94
28 258.0 413.39 -766.04
29 258.0 419.58 -786.92
30 258.0 350.49 -558.60
31 258.0 365.99 -955.71
32 258.0 365.03 -963.51
33 258.0 984.22 -597.21
34 258.0 903.08 -408.08
35 258.0 650.15 -360.46
6 259.0 314.03 -796.68
7 259.0 307.27 -774.53
8 259.0 631.60 -332.47
9 259.0 283.97 -422.49
10 259.0 265.97 -427.67
11 259.0 243.34 -434.23
12 259.0 225.78 -436.59
13 259.0 525.47 -348.95
14 259.0 519.68 -366.16
15 259.0 501.39 -635.98
16 259.0 285.09 -690.75
17 259.0 420.07 -823.26
18 259.0 557.86 -467.82
19 259.0 919.36 -422.57
20 259.0 445.07 -375.62
21 259.0 372.61 -837.48
22 259.0 387.55 -833.01
23 259.0 430.46 -825.36
24 259.0 626.32 -723.27
25 259.0 670.21 -873.59
26 259.0 291.37 -696.40
27 259.0 406.86 -744.16
28 259.0 411.38 -759.29
29 259.0 417.34 -779.37
30 259.0 348.40 -551.20
31 259.0 364.11 -949.57
32 259.0 367.57 -964.28
33 259.0 985.99 -603.30
34 259.0 914.77 -411.01
35 259.0 659.75 -362.71
6 260.0 316.29 -804.12
7 260.0 309.58 -782.13
8 260.0 621.76 -330.26
9 260.0 293.34 -419.80
10 260.0 274.95 -425.09
11 260.0 253.90 -431.16
12 260.0 236.00 -433.03
13 260.0 527.21 -343.78
14 260.0 521.17 -361.66
15 260.0 509.38 -633.56
16 260.0 282.68 -682.97
17 260.0 413.32 -825.27
18 260.0 557.86 -467.82
19 260.0 919.36 -422.57
20 260.0 453.21 -373.21
21 260.0 367.23 -839.09
22 260.0 381.72 -834.75
23 260.0 428.53 -823.60
24 260.0 624.13 -716.00
25 260.0 669.28 -866.58
26 260.0 288.06 -698.58
27 260.0 404.92 -737.86
28 260.0 409.27 -752.17
29 260.0 415.39 -772.79
30 260.0 346.61 -544.87
31 260.0 362.03 -942.78
32 260.0 367.44 -960.46
33 260.0 987.94 -609.98
34 260.0 923.08 -413.82
35 260.0 669.44 -364.98
6 261.0 318.78 -812.50
7 261.0 311.95 -789.85
8 261.0 611.77 -328.03
9 261.0 302.48 -417.27
10 261.0 284.17 -422.43
11 261.0 264.13 -428.20
12 261.0 245.72 -433.54
13 261.0 528.59 -339.28
14 261.0 523.45 -354.94
15 261.0 517.29 -631.17
16 261.0 280.03 -674.31
17 261.0 406.29 -827.39
18 261.0 557.86 -467.82
19 261.0 919.36 -422.57
20 261.0 461.82 -370.67
21 261.0 361.11 -840.92
22 261.0 375.77 -836.53
23 261.0 423.90 -822.53
24 261.0 621.98 -708.84
25 261.0 667.54 -860.63
26 261.0 286.16 -703.52
27 261.0 402.93 -731.37
28 261.0 407.31 -745.64
29 261.0 413.41 -766.12
30 261.0 344.51 -537.63
31 261.0 359.98 -936.09
32 261.0 365.83 -955.20
33 261.0 989.89 -616.47
34 261.0 922.80 -413.61
35 261.0 679.13 -367.28
6 262.0 320.90 -819.81
7 262.0 314.47 -798.10
8 262.0 601.96 -325.83
9 262.0 312.27 -414.52
10 262.0 293.09 -419.87
11 262.0 273.35 -425.55
12 262.0 256.79 -433.65
13 262.0 528.30 -335.15
14 262.0 525.25 -349.58
15 262.0 525.22 -628.77
16 262.0 277.39 -665.94
17 262.0 400.01 -829.28
18 262.0 557.86 -467.82
19 262.0 919.36 -422.57
20 262.0 469.84 -368.30
21 262.0 355.39 -842.64
22 262.0 369.05 -838.55
23 262.0 417.53 -824.02
24 262.0 619.59 -700.92
25 262.0 665.62 -854.08
26 262.0 287.71 -710.20
27 262.0 400.86 -724.63
28 262.0 405.39 -739.40
29 262.0 411.19 -758.66
30 262.0 342.57 -531.09
31 262.0 358.02 -929.70
32 262.0 363.81 -948.60
33 262.0 992.11 -622.94
34 262.0 922.75 -413.59
35 262.0 688.64 -369.55
6 263.0 323.56 -828.23
7 263.0 317.09 -806.73
8 263.0 591.63 -323.52
9 263.0 321.12 -411.96
10 263.0 302.43 -417.28
11 263.0 283.26 -422.70
12 263.0 266.71 -430.78
13 263.0 523.79 -336.54
14 263.0 527.21 -343.78
15 263.0 533.26 -626.34
16 263.0 274.71 -657.29
17 263.0 393.49 -831.23
18 263.0 557.86 -467.82
19 263.0 919.36 -422.57
20 263.0 477.58 -366.01
21 263.0 348.99 -844.56
22 263.0 364.08 -840.04
23 263.0 410.96 -825.98
24 263.0 617.25 -693.16
25 263.0 663.74 -847.66
26 263.0 289.71 -716.80
27 263.0 399.02 -718.62
28 263.0 403.52 -733.29
29 263.0 409.26 -752.15
30 263.0 340.61 -524.58
31 263.0 356.10 -923.43
32 263.0 361.10 -939.73
33 263.0 995.80 -628.80
34 263.0 922.74 -413.59
35 263.0 697.61 -371.70
6 264.0 326.15 -836.47
7 264.0 319.29 -814.28
8 264.0 581.22 -321.19
9 264.0 330.24 -409.31
10 264.0 311.04 -414.86
11 264.0 292.81 -419.95
12 264.0 276.62 -427.93
13 264.0 517.83 -338.88
14 264.0 528.61 -339.21
15 264.0 541.57 -623.82
16 264.0 272.28 -649.48
17 264.0 386.97 -833.18
18 264.0 557.86 -467.82
19 264.0 919.36 -422.57
20 264.0 485.13 -363.78
21 264.0 342.75 -846.44
22 264.0 357.67 -841.96
23 264.0 404.77 -827.85
24 264.0 615.03 -685.71
25 264.0 662.02 -841.82
26 264.0 291.65 -723.15
27 264.0 396.96 -711.94
28 264.0 401.70 -727.35
29 264.0 407.35 -745.76
30 264.0 338.58 -518.02
31 264.0 353.92 -916.32
32 264.0 359.01 -932.91
33 264.0 997.76 -634.82
34 264.0 922.74 -413.59
35 264.0 706.65 -373.86
6 265.0 328.51 -844.23
7 265.0 321.59 -822.00
8 265.0 571.16 -318.93
9 265.0 339.80 -406.53
10 265.0 320.21 -412.22
11 265.0 301.07 -417.67
12 265.0 287.08 -424.92
13 265.0 510.40 -341.57
14 265.0 528.65 -335.29
15 265.0 549.53 -621.42
16 265.0 269.72 -641.22
17 265.0 380.30 -835.18
18 265.0 557.86 -467.82
19 265.0 919.36 -422.57
20 265.0 493.20 -361.39
21 265.0 338.70 -847.63
22 265.0 351.70 -843.75
23 265.0 397.83 -829.93
24 265.0 612.60 -677.53
25 265.0 660.14 -835.58
26 265.0 293.76 -730.10
27 265.0 395.06 -705.72
28 265.0 399.75 -721.00
29 265.0 405.14 -738.58
30 265.0 336.36 -510.87
31 265.0 351.70 -909.07
32 265.0 356.62 -925.13
33 265.0 999.06 -641.44
34 265.0 922.74 -413.59
35 265.0 715.55 -375.97
6 266.0 330.82 -851.80
7 266.0 324.21 -830.29
8 266.0 560.96 -321.38
9 266.0 348.75 -403.93
10 266.0 330.49 -409.24
11 266.0 310.45 -415.03
12 266.0 297.08 -422.08
13 266.0 500.47 -344.50
14 266.0 524.70 -336.18
15 266.0 557.16 -619.11
16 266.0 267.20 -633.05
17 266.0 373.62 -837.18
18 266.0 557.86 -467.82
19 266.0 919.36 -422.57
20 266.0 501.69 -358.89
21 266.0 333.96 -847.14
22 266.0 347.23 -845.09
23 266.0 391.88 -831.71
24 266.0 610.30 -669.77
25 266.0 658.07 -828.70
26 266.0 295.81 -736.81
27 266.0 393.09 -699.33
28 266.0 397.88 -714.92
29 266.0 402.95 -731.44
30 266.0 334.19 -503.83
31 266.0 349.77 -902.76
32 266.0 354.45 -918.03
33 266.0 998.28 -647.12
34 266.0 922.74 -413.59
35 266.0 725.41 -378.33
6 267.0 333.27 -859.79
7 267.0 326.67 -838.17
8 267.0 549.47 -322.67
9 267.0 358.49 -401.10
10 267.0 339.44 -406.63
11 267.0 320.20 -412.22
12 267.0 302.95 -421.29
13 267.0 490.44 -347.61
14 267.0 519.06 -338.39
15 267.0 565.58 -616.56
16 267.0 264.65 -624.71
17 267.0 367.29 -839.07
18 267.0 557.86 -467.82
19 267.0 919.36 -422.57
20 267.0 509.90 -356.76
21 267.0 331.65 -843.57
22 267.0 342.50 -846.51
23 267.0 385.67 -833.57
24 267.0 608.04 -662.15
25 267.0 655.99 -821.81
26 267.0 297.89 -743.66
27 267.0 391.21 -693.19
28 267.0 395.94 -708.61
29 267.0 400.85 -724.60
30 267.0 332.12 -497.13
31 267.0 347.68 -895.92
32 267.0 352.35 -911.18
33 267.0 995.27 -651.90
34 267.0 922.74 -413.59
35 267.0 735.04 -380.68
6 268.0 335.61 -867.43
7 268.0 329.18 -846.42
8 268.0 537.96 -325.45
9 268.0 367.48 -398.49
10 268.0 349.84 -403.61
11 268.0 329.57 -409.50
12 268.0 306.94 -425.98
13 268.0 480.10 -350.81
14 268.0 511.03 -341.39
15 268.0 573.27 -614.24
16 268.0 262.19 -616.63
17 268.0 360.64 -841.07
18 268.0 557.86 -467.82
19 268.0 919.36 -422.57
20 268.0 518.31 -354.91
21 268.0 329.77 -837.36
22 268.0 338.70 -847.63
23 268.0 378.81 -835.63
24 268.0 605.63 -654.11
25 268.0 653.94 -815.00
26 268.0 299.99 -750.54
27 268.0 389.39 -687.25
28 268.0 394.07 -702.49
29 268.0 398.87 -718.16
30 268.0 330.16 -490.81
31 268.0 345.57 -889.06
32 268.0 350.39 -904.79
33 268.0 989.55 -652.94
34 268.0 922.74 -413.59
35 268.0 744.51 -384.41
6 269.0 338.02 -875.31
7 269.0 331.80 -854.98
8 269.0 527.23 -328.52
9 269.0 377.04 -395.71
10 269.0 358.31 -401.15
11 269.0 339.72 -406.55
12 269.0 309.26 -433.38
13 269.0 469.82 -353.98
14 269.0 501.11 -344.31
15 269.0 579.55 -612.34
16 269.0 259.65 -608.26
17 269.0 353.99 -843.06
18 269.0 557.86 -467.82
19 269.0 919.36 -422.57
20 269.0 527.42 -352.93
21 269.0 328.06 -831.85
22 269.0 333.59 -846.81
23 269.0 372.63 -837.48
24 269.0 603.43 -647.01
25 269.0 652.07 -808.81
26 269.0 301.86 -756.68
27 269.0 387.39 -680.75
28 269.0 392.17 -696.31
29 269.0 396.85 -711.56
30 269.0 328.22 -484.41
31 269.0 343.39 -881.93
32 269.0 348.08 -897.25
33 269.0 983.88 -655.09
34 269.0 922.74 -413.59
35 269.0 753.36 -386.33
6 270.0 340.51 -883.44
7 270.0 334.39 -863.46
8 270.0 517.71 -332.08
9 270.0 387.10 -394.20
10 270.0 368.16 -398.29
11 270.0 348.75 -403.93
12 270.0 311.58 -440.95
13 270.0 459.77 -357.09
14 270.0 491.91 -347.15
15 270.0 583.14 -611.19
16 270.0 257.00 -599.56
17 270.0 347.69 -844.95
18 270.0 557.86 -467.82
19 270.0 919.36 -422.57
20 270.0 535.44 -349.29
21 270.0 326.35 -826.45
22 270.0 331.26 -842.29
23 270.0 365.83 -839.51
24 270.0 601.08 -639.44
25 270.0 650.24 -802.75
26 270.0 304.04 -763.87
27 270.0 385.34 -674.17
28 270.0 390.06 -689.45
29 270.0 394.67 -704.48
30 270.0 326.09 -477.34
31 270.0 341.19 -874.75
32 270.0 345.95 -890.28
33 270.0 977.90 -657.03
34 270.0 922.74 -413.59
35 270.0 763.32 -388.50
6 271.0 342.96 -891.45
7 271.0 336.72 -871.07
8 271.0 507.70 -335.68
9 271.0 396.15 -391.64
10 271.0 377.52 -395.57
11 271.0 358.95 -400.97
12 271.0 313.74 -448.01
13 271.0 447.83 -357.38
14 271.0 482.69 -350.00
15 271.0 583.16 -608.51
16 271.0 254.62 -591.73
17 271.0 341.77 -846.73
18 271.0 557.86 -467.82
19 271.0 919.36 -422.57
20 271.0 543.36 -346.53
21 271.0 324.39 -820.24
22 271.0 329.24 -835.63
23 271.0 359.80 -841.32
24 271.0 598.63 -631.53
25 271.0 648.27 -796.25
26 271.0 305.93 -770.07
27 271.0 383.22 -667.43
28 271.0 387.98 -682.67
29 271.0 392.46 -697.27
30 271.0 323.83 -469.99
31 271.0 338.92 -867.34
32 271.0 343.68 -882.89
33 271.0 971.90 -658.88
34 271.0 922.74 -413.59
35 271.0 773.18 -390.65
6 272.0 345.32 -899.16
7 272.0 339.29 -879.47
8 272.0 496.81 -338.93
9 272.0 404.97 -388.92
10 272.0 387.31 -394.16
11 272.0 367.87 -398.38
12 272.0 316.05 -455.56
13 272.0 437.75 -360.36
14 272.0 472.47 -353.17
15 272.0 579.47 -609.02
16 272.0 252.23 -583.85
17 272.0 336.78 -847.92
18 272.0 557.86 -467.82
19 272.0 919.36 -422.57
20 272.0 551.24 -345.34
21 272.0 322.55 -814.06
22 272.0 327.07 -828.71
23 272.0 353.25 -843.28
24 272.0 596.07 -623.28
25 272.0 646.49 -790.39
26 272.0 308.07 -777.19
27 272.0 381.11 -660.61
28 272.0 385.94 -676.07
29 272.0 390.41 -690.59
30 272.0 321.84 -463.52
31 272.0 336.71 -860.13
32 272.0 341.49 -875.74
33 272.0 966.23 -660.45
34 272.0 922.74 -413.59
35 272.0 783.04 -392.80
6 273.0 347.68 -906.85
7 273.0 341.74 -887.45
8 273.0 486.71 -342.06
9 273.0 414.67 -388.80
10 273.0 395.58 -391.81
11 273.0 377.40 -395.61
12 273.0 318.48 -463.50
13 273.0 427.83 -363.30
14 273.0 461.49 -353.21
15 273.0 574.51 -610.52
16 273.0 249.88 -576.13
17 273.0 332.33 -845.11
18 273.0 557.86 -467.82
19 273.0 919.36 -422.57
20 273.0 559.42 -344.19
21 273.0 321.01 -808.61
22 273.0 325.10 -822.49
23 273.0 347.08 -845.14
24 273.0 593.64 -615.47
25 273.0 644.65 -784.30
26 273.0 310.00 -783.48
27 273.0 379.26 -654.36
28 273.0 383.80 -669.28
29 273.0 388.31 -683.76
30 273.0 319.83 -456.96
31 273.0 335.60 -855.38
32 273.0 339.42 -868.98
33 273.0 960.03 -662.17
34 273.0 922.74 -413.59
35 273.0 792.83 -394.97
6 274.0 349.89 -914.07
7 274.0 344.10 -895.18
8 274.0 476.26 -345.29
9 274.0 424.50 -385.74
10 274.0 404.53 -389.06
11 274.0 386.49 -394.26
12 274.0 320.74 -470.84
13 274.0 417.67 -366.31
14 274.0 451.68 -356.24
15 274.0 567.85 -612.54
16 274.0 247.92 -569.15
17 274.0 330.55 -839.94
18 274.0 557.86 -467.82
19 274.0 919.36 -422.57
20 274.0 568.20 -343.68
21 274.0 319.08 -802.25
22 274.0 323.52 -817.49
23 274.0 341.82 -846.71
24 274.0 591.40 -608.26
25 274.0 642.74 -778.00
26 274.0 312.11 -790.36
27 274.0 377.34 -647.92
28 274.0 381.88 -663.19
29 274.0 386.43 -677.62
30 274.0 317.69 -449.97
31 274.0 339.09 -850.96
32 274.0 337.97 -864.25
33 274.0 953.57 -663.96
34 274.0 922.74 -413.59
35 274.0 802.78 -397.25
6 275.0 352.29 -921.90
7 275.0 346.57 -903.24
8 275.0 465.73 -348.55
9 275.0 433.49 -382.58
10 275.0 415.04 -388.74
11 275.0 395.47 -391.85
12 275.0 323.20 -478.84
13 275.0 406.94 -369.48
14 275.0 442.35 -359.00
15 275.0 560.43 -614.78
16 275.0 250.55 -563.87
17 275.0 328.43 -833.03
18 275.0 557.86 -467.82
19 275.0 919.36 -422.57
20 275.0 576.24 -344.15
21 275.0 317.32 -796.46
22 275.0 321.78 -811.35
23 275.0 336.70 -847.93
24 275.0 589.08 -600.77
25 275.0 640.79 -771.32
26 275.0 314.12 -796.94
27 275.0 375.46 -641.60
28 275.0 379.96 -656.73
29 275.0 384.60 -671.81
30 275.0 315.50 -442.83
31 275.0 344.75 -849.17
32 275.0 335.99 -857.78
33 275.0 947.09 -664.55
34 275.0 922.74 -413.59
35 275.0 812.57 -399.49
6 276.0 354.79 -930.08
7 276.0 348.95 -910.99
8 276.0 456.00 -351.56
9 276.0 442.29 -379.78
10 276.0 424.27 -385.82
11 276.0 405.17 -388.86
12 276.0 325.35 -485.96
13 276.0 396.65 -373.14
14 276.0 433.00 -361.77
15 276.0 551.92 -617.35
16 276.0 256.81 -561.81
17 276.0 326.29 -826.25
18 276.0 557.86 -467.82
19 276.0 919.36 -422.57
20 276.0 584.31 -345.49
21 276.0 315.45 -790.36
22 276.0 320.12 -805.67
23 276.0 332.65 -845.78
24 276.0 586.66 -593.04
25 276.0 638.98 -765.31
26 276.0 316.08 -803.41
27 276.0 373.63 -635.42
28 276.0 378.19 -650.76
29 276.0 382.47 -665.06
30 276.0 313.51 -436.31
31 276.0 351.39 -847.18
32 276.0 336.55 -852.71
33 276.0 941.48 -663.29
34 276.0 922.74 -413.59
35 276.0 821.54 -401.42
6 277.0 357.32 -938.31
7 277.0 351.24 -918.48
8 277.0 446.01 -354.58
9 277.0 451.58 -377.03
10 277.0 433.45 -382.59
11 277.0 414.39 -388.84
12 277.0 327.52 -493.09
13 277.0 386.22 -377.27
14 277.0 423.15 -364.68
15 277.0 544.44 -619.61
16 277.0 264.75 -559.47
17 277.0 324.11 -819.35
18 277.0 557.86 -467.82
19 277.0 919.36 -422.57
20 277.0 592.60 -347.30
21 277.0 313.45 -783.82
22 277.0 318.15 -799.20
23 277.0 331.02 -841.49
24 277.0 584.09 -584.81
25 277.0 637.02 -758.70
26 277.0 317.98 -809.68
27 277.0 371.68 -628.86
28 277.0 376.26 -644.29
29 277.0 380.58 -658.81
30 277.0 311.51 -429.84
31 277.0 358.66 -845.00
32 277.0 343.09 -849.67
33 277.0 935.59 -659.69
34 277.0 922.74 -413.59
35 277.0 828.55 -402.90
6 278.0 359.53 -945.54
7 278.0 353.63 -926.28
8 278.0 436.64 -360.69
9 278.0 460.38 -374.43
10 278.0 442.96 -379.58
11 278.0 424.21 -385.85
12 278.0 329.75 -500.31
13 278.0 375.44 -380.46
14 278.0 413.57 -367.52
15 278.0 535.81 -622.22
16 278.0 273.04 -557.03
17 278.0 322.36 -813.39
18 278.0 557.86 -467.82
19 278.0 919.36 -422.57
20 278.0 600.31 -349.02
21 278.0 311.62 -777.87
22 278.0 316.09 -792.44
23 278.0 329.02 -834.90
24 278.0 581.58 -576.77
25 278.0 635.15 -752.42
26 278.0 319.96 -816.65
27 278.0 369.75 -622.34
28 278.0 374.10 -636.99
29 278.0 378.81 -652.87
30 278.0 310.20 -425.68
31 278.0 365.99 -842.80
32 278.0 350.00 -847.59
33 278.0 931.13 -655.84
34 278.0 922.74 -413.59
35 278.0 833.13 -408.20
6 279.0 362.11 -953.98
7 279.0 356.07 -934.24
8 279.0 426.18 -363.78
9 279.0 470.03 -371.58
10 279.0 452.05 -376.89
11 279.0 433.97 -382.41
12 279.0 332.19 -508.20
13 279.0 365.03 -383.54
14 279.0 403.23 -370.58
15 279.0 528.20 -624.53
16 279.0 280.98 -554.69
17 279.0 320.65 -807.43
18 279.0 557.86 -467.82
19 279.0 919.36 -422.57
20 279.0 608.84 -350.93
21 279.0 309.97 -772.41
22 279.0 314.16 -786.15
23 279.0 326.99 -828.48
24 279.0 579.09 -568.81
25 279.0 633.26 -746.12
26 279.0 322.11 -823.64
27 279.0 367.88 -616.05
28 279.0 372.13 -630.38
29 279.0 376.65 -645.59
30 279.0 309.12 -419.24
31 279.0 373.00 -840.70
32 279.0 357.79 -845.26
33 279.0 926.57 -651.61
34 279.0 922.74 -413.59
35 279.0 834.21 -415.05
6 280.0 364.53 -961.89
7 280.0 358.46 -942.04
8 280.0 415.79 -366.86
9 280.0 479.02 -368.92
10 280.0 461.24 -374.18
11 280.0 442.60 -379.68
12 280.0 334.50 -515.68
13 280.0 354.73 -386.59
14 280.0 393.59 -374.97
15 280.0 520.79 -626.78
16 280.0 288.99 -552.33
17 280.0 318.69 -800.99
18 280.0 557.86 -467.82
19 280.0 919.36 -422.57
20 280.0 617.63 -352.90
21 280.0 308.03 -765.97
22 280.0 312.48 -780.66
23 280.0 325.13 -822.59
24 280.0 576.66 -561.04
25 280.0 631.49 -740.30
26 280.0 324.19 -830.22
27 280.0 366.11 -610.11
28 280.0 370.23 -623.96
29 280.0 374.72 -639.10
30 280.0 312.25 -414.63
31 280.0 379.52 -838.75
32 280.0 364.29 -843.31
33 280.0 921.42 -646.83
34 280.0 922.74 -413.59
35 280.0 832.56 -422.46
6 281.0 368.24 -968.61
7 281.0 360.98 -950.27
8 281.0 405.09 -370.03
9 281.0 488.48 -366.13
10 281.0 470.26 -371.51
11 281.0 452.36 -376.80
12 281.0 336.98 -523.71
13 281.0 344.45 -389.63
14 281.0 384.16 -377.88
15 281.0 512.80 -629.19
16 281.0 296.95 -549.98
17 281.0 316.71 -794.46
18 281.0 557.86 -467.82
19 281.0 919.36 -422.57
20 281.0 625.72 -354.76
21 281.0 306.02 -759.40
22 281.0 310.47 -774.08
23 281.0 323.24 -816.49
24 281.0 574.15 -553.02
25 281.0 629.56 -733.96
26 281.0 326.29 -836.94
27 281.0 364.30 -604.01
28 281.0 368.39 -617.78
29 281.0 372.74 -632.43
30 281.0 317.62 -409.63
31 281.0 386.11 -836.78
32 281.0 371.12 -841.26
33 281.0 916.90 -642.64
34 281.0 922.74 -413.59
35 281.0 830.97 -429.62
6 282.0 376.18 -969.58
7 282.0 363.63 -958.95
8 282.0 395.75 -373.78
9 282.0 497.26 -363.53
10 282.0 479.47 -368.79
11 282.0 461.29 -374.16
12 282.0 338.15 -527.48
13 282.0 334.00 -392.72
14 282.0 374.76 -380.67
15 282.0 505.04 -631.54
16 282.0 304.93 -547.63
17 282.0 314.56 -787.44
18 282.0 557.86 -467.82
19 282.0 919.36 -422.57
20 282.0 634.42 -356.79
21 282.0 304.33 -753.84
22 282.0 308.58 -767.81
23 282.0 321.38 -809.92
24 282.0 571.74 -545.29
25 282.0 627.52 -727.25
26 282.0 328.18 -843.17
27 282.0 362.40 -597.66
28 282.0 366.82 -612.50
29 282.0 370.95 -626.39
30 282.0 324.70 -404.25
31 282.0 393.48 -834.57
32 282.0 377.53 -839.34
33 282.0 911.77 -637.89
34 282.0 922.74 -413.59
35 282.0 829.48 -436.34
6 283.0 384.30 -967.17
7 283.0 366.13 -965.95
8 283.0 386.38 -377.23
9 283.0 505.89 -361.08
10 283.0 488.65 -366.08
11 283.0 470.84 -371.34
12 283.0 338.38 -528.21
13 283.0 323.03 -395.28
14 283.0 365.44 -383.42
15 283.0 497.07 -633.95
16 283.0 312.73 -545.27
17 283.0 312.62 -781.11
18 283.0 557.86 -467.82
19 283.0 919.36 -422.57
20 283.0 642.44 -358.66
21 283.0 302.67 -748.37
22 283.0 307.06 -762.78
23 283.0 319.55 -803.79
24 283.0 569.37 -537.73
25 283.0 625.75 -721.36
26 283.0 330.24 -849.87
27 283.0 360.30 -590.73
28 283.0 364.87 -605.92
29 283.0 369.17 -620.41
30 283.0 333.83 -401.59
31 283.0 400.83 -832.37
32 283.0 385.50 -836.96
33 283.0 906.73 -633.22
34 283.0 922.74 -413.59
35 283.0 828.11 -442.48
6 284.0 392.53 -964.73
7 284.0 372.16 -970.18
8 284.0 376.00 -380.30
9 284.0 510.49 -359.91
10 284.0 497.01 -363.61
11 284.0 479.82 -368.69
12 284.0 338.41 -528.33
13 284.0 312.85 -397.45
14 284.0 355.92 -386.24
15 284.0 489.07 -636.37
16 284.0 320.65 -542.98
17 284.0 310.64 -774.64
18 284.0 557.86 -467.82
19 284.0 919.27 -422.53
20 284.0 651.31 -360.73
21 284.0 300.91 -742.58
22 284.0 305.37 -757.25
23 284.0 317.63 -797.50
24 284.0 566.93 -529.93
25 284.0 623.79 -714.87
26 284.0 332.14 -856.10
27 284.0 358.17 -583.83
28 284.0 362.83 -599.10
29 284.0 367.32 -614.16
30 284.0 343.40 -398.82
31 284.0 408.13 -830.17
32 284.0 393.06 -834.70
33 284.0 902.16 -628.98
34 284.0 923.22 -413.89
35 284.0 826.60 -449.16
6 285.0 400.11 -962.48
7 285.0 380.43 -968.32
8 285.0 366.26 -383.18
9 285.0 515.07 -359.80
10 285.0 501.82 -362.19
11 285.0 488.68 -366.07
12 285.0 338.43 -528.39
13 285.0 302.12 -400.85
14 285.0 346.28 -389.09
15 285.0 481.35 -638.70
16 285.0 329.17 -540.48
17 285.0 308.58 -767.80
18 285.0 556.31 -468.32
19 285.0 921.99 -423.65
20 285.0 659.70 -362.69
21 285.0 299.07 -736.55
22 285.0 303.55 -751.28
23 285.0 315.73 -791.25
24 285.0 564.69 -522.39
25 285.0 621.82 -708.34
26 285.0 334.30 -863.17
27 285.0 356.19 -577.45
28 285.0 360.69 -592.00
29 285.0 365.35 -607.53
30 285.0 353.03 -396.02
31 285.0 414.86 -828.15
32 285.0 399.86 -832.66
33 285.0 897.49 -624.65
34 285.0 926.94 -415.81
35 285.0 825.18 -455.38
6 286.0 408.17 -960.09
7 286.0 388.46 -965.94
8 286.0 356.06 -386.20
9 286.0 520.01 -362.77
10 286.0 506.41 -360.95
11 286.0 493.58 -364.62
12 286.0 338.44 -528.40
13 286.0 291.13 -404.27
14 286.0 336.08 -392.11
15 286.0 473.63 -641.03
16 286.0 334.94 -538.73
17 286.0 306.49 -760.92
18 286.0 553.01 -469.35
19 286.0 926.97 -425.71
20 286.0 668.17 -364.68
21 286.0 297.16 -730.27
22 286.0 301.80 -745.51
23 286.0 313.72 -784.72
24 286.0 562.44 -514.79
25 286.0 619.97 -702.17
26 286.0 336.48 -870.27
27 286.0 354.28 -571.29
28 286.0 358.84 -586.01
29 286.0 363.30 -600.66
30 286.0 362.38 -393.30
31 286.0 420.54 -826.46
32 286.0 407.02 -830.51
33 286.0 892.86 -620.18
34 286.0 932.60 -419.27
35 286.0 824.06 -462.59
6 287.0 415.59 -957.89
7 287.0 397.00 -963.40
8 287.0 345.94 -389.19
9 287.0 520.39 -369.61
10 287.0 510.94 -359.80
11 287.0 498.82 -363.07
12 287.0 338.44 -528.41
13 287.0 280.97 -407.35
14 287.0 326.75 -394.87
15 287.0 465.33 -643.54
16 287.0 340.62 -539.19
17 287.0 304.49 -754.37
18 287.0 547.29 -471.14
19 287.0 933.41 -429.56
20 287.0 676.78 -366.72
21 287.0 295.40 -724.48
22 287.0 299.72 -738.68
23 287.0 311.87 -778.68
24 287.0 560.14 -507.02
25 287.0 618.17 -696.20
26 287.0 338.48 -876.80
27 287.0 352.45 -565.40
28 287.0 356.84 -579.55
29 287.0 361.36 -594.23
30 287.0 371.37 -390.69
31 287.0 426.93 -822.88
32 287.0 411.92 -829.03
33 287.0 888.00 -615.23
34 287.0 940.12 -423.92
35 287.0 826.39 -469.55
6 288.0 423.53 -955.53
7 288.0 405.35 -960.93
8 288.0 335.74 -392.21
9 288.0 520.77 -376.69
10 288.0 515.58 -360.07
11 288.0 502.84 -361.89
12 288.0 339.14 -530.78
13 288.0 269.87 -410.72
14 288.0 316.83 -396.21
15 288.0 457.91 -645.78
16 288.0 343.36 -545.14
17 288.0 302.65 -748.32
18 288.0 539.23 -473.68
19 288.0 940.67 -436.06
20 288.0 685.25 -368.74
21 288.0 293.69 -718.87
22 288.0 298.01 -733.06
23 288.0 309.77 -771.73
24 288.0 557.84 -499.24
25 288.0 616.08 -689.26
26 288.0 340.44 -883.20
27 288.0 350.56 -558.87
28 288.0 354.90 -573.29
29 288.0 359.49 -588.09
30 288.0 380.30 -388.22
31 288.0 428.21 -816.87
32 288.0 418.38 -827.10
33 288.0 883.33 -610.48
34 288.0 946.55 -424.97
35 288.0 829.31 -476.56
6 289.0 431.16 -953.27
7 289.0 413.84 -958.41
8 289.0 326.26 -394.97
9 289.0 521.18 -384.10
10 289.0 520.06 -363.66
11 289.0 506.70 -360.87
12 289.0 340.46 -535.24
13 289.0 259.45 -413.88
14 289.0 306.95 -399.29
15 289.0 449.32 -648.38
16 289.0 345.59 -553.03
17 289.0 300.86 -742.43
18 289.0 534.07 -475.28
19 289.0 947.19 -442.65
20 289.0 692.88 -370.57
21 289.0 291.79 -712.63
22 289.0 296.33 -727.54
23 289.0 307.75 -765.06
24 289.0 555.90 -492.73
25 289.0 614.21 -682.94
26 289.0 342.48 -889.86
27 289.0 348.57 -551.82
28 289.0 353.01 -567.18
29 289.0 357.37 -581.26
30 289.0 390.05 -386.82
31 289.0 426.65 -810.71
32 289.0 424.79 -824.73
33 289.0 878.96 -606.03
34 289.0 950.35 -424.86
35 289.0 831.44 -483.49
6 290.0 438.77 -951.01
7 290.0 421.45 -956.15
8 290.0 316.38 -396.35
9 290.0 521.55 -390.88
10 290.0 520.45 -370.76
11 290.0 512.28 -359.61
12 290.0 342.34 -541.59
13 290.0 249.24 -416.98
14 290.0 296.91 -402.52
15 290.0 441.86 -650.63
16 290.0 347.86 -561.03
17 290.0 298.85 -735.83
18 290.0 526.79 -477.50
19 290.0 954.93 -450.48
20 290.0 701.20 -372.56
21 290.0 290.00 -706.73
22 290.0 294.20 -720.55
23 290.0 305.87 -758.90
24 290.0 553.75 -486.15
25 290.0 612.24 -676.30
26 290.0 344.41 -896.19
27 290.0 346.88 -545.82
28 290.0 351.06 -560.63
29 290.0 355.42 -574.98
30 290.0 399.29 -383.98
31 290.0 424.73 -804.25
32 290.0 428.38 -819.42
33 290.0 874.91 -601.90
34 290.0 960.97 -426.43
35 290.0 833.39 -489.88
6 291.0 446.00 -948.86
7 291.0 429.19 -953.85
8 291.0 305.83 -399.65
9 291.0 522.06 -398.38
10 291.0 520.90 -379.05
11 291.0 516.51 -361.37
12 291.0 344.37 -548.70
13 291.0 239.03 -420.07
14 291.0 287.17 -405.47
15 291.0 433.56 -653.14
16 291.0 350.39 -569.52
17 291.0 297.04 -729.88
18 291.0 518.80 -479.94
19 291.0 960.28 -455.92
20 291.0 710.28 -371.43
21 291.0 289.64 -702.26
22 291.0 292.45 -714.81
23 291.0 303.84 -752.22
24 291.0 552.77 -483.37
25 291.0 610.39 -670.08
26 291.0 346.31 -902.37
27 291.0 345.81 -542.06
28 291.0 349.36 -554.59
29 291.0 353.57 -568.99
30 291.0 408.62 -380.04
31 291.0 422.72 -797.48
32 291.0 427.17 -812.47
33 291.0 871.55 -597.25
34 291.0 969.54 -431.38
35 291.0 835.44 -496.56
6 292.0 454.34 -946.38
7 292.0 437.53 -951.38
8 292.0 295.75 -402.87
9 292.0 523.90 -404.63
10 292.0 521.36 -387.45
11 292.0 520.12 -364.75
12 292.0 346.62 -556.65
13 292.0 228.33 -423.32
14 292.0 277.91 -408.28
15 292.0 425.92 -655.46
16 292.0 352.98 -577.89
17 292.0 295.15 -723.67
18 292.0 511.23 -482.17
19 292.0 965.42 -461.14
20 292.0 718.50 -373.38
21 292.0 292.60 -699.30
22 292.0 291.31 -711.04
23 292.0 302.06 -746.37
24 292.0 552.70 -483.15
25 292.0 608.62 -664.13
26 292.0 348.23 -908.65
27 292.0 344.17 -536.50
28 292.0 348.27 -550.76
29 292.0 351.75 -563.05
30 292.0 416.57 -374.97
31 292.0 420.70 -790.69
32 292.0 425.27 -806.06
33 292.0 869.69 -591.56
34 292.0 973.79 -434.41
35 292.0 837.63 -503.70
6 293.0 462.20 -943.36
7 293.0 445.60 -948.98
8 293.0 286.24 -405.76
9 293.0 526.14 -411.40
10 293.0 521.80 -395.37
11 293.0 520.49 -371.46
12 293.0 348.65 -563.84
13 293.0 217.45 -426.63
14 293.0 268.12 -411.25
15 293.0 418.07 -657.83
16 293.0 355.65 -586.53
17 293.0 293.82 -719.28
18 293.0 504.16 -484.10
19 293.0 970.50 -466.25
20 293.0 727.04 -375.43
21 293.0 297.37 -697.70
22 293.0 289.91 -706.44
23 293.0 300.29 -740.55
24 293.0 552.67 -483.07
25 293.0 606.85 -658.14
26 293.0 350.22 -915.15
27 293.0 342.37 -530.40
28 293.0 346.81 -545.60
29 293.0 350.65 -559.15
30 293.0 426.20 -371.58
31 293.0 418.66 -783.82
32 293.0 423.24 -799.22
33 293.0 867.77 -585.08
34 293.0 976.86 -435.04
35 293.0 839.71 -510.50
6 294.0 464.81 -936.67
7 294.0 453.43 -946.65
8 294.0 277.30 -408.47
9 294.0 528.59 -418.54
10 294.0 523.34 -402.93
11 294.0 520.89 -378.77
12 294.0 350.94 -571.31
13 294.0 209.71 -427.40
14 294.0 258.16 -414.27
15 294.0 410.26 -660.19
16 294.0 358.06 -594.35
17 294.0 292.36 -714.49
18 294.0 496.92 -485.98
19 294.0 975.91 -471.53
20 294.0 735.31 -377.41
21 294.0 303.78 -695.76
22 294.0 289.95 -701.33
23 294.0 298.34 -734.14
24 294.0 552.65 -483.01
25 294.0 605.02 -652.14
26 294.0 352.12 -921.35
27 294.0 340.24 -523.41
28 294.0 345.05 -539.47
29 294.0 349.09 -553.66
30 294.0 435.03 -368.57
31 294.0 416.47 -776.42
32 294.0 421.18 -792.28
33 294.0 865.93 -578.89
34 294.0 977.47 -429.18
35 294.0 841.84 -517.23
6 295.0 462.91 -929.20
7 295.0 458.00 -945.29
8 295.0 267.72 -411.37
9 295.0 531.05 -425.74
10 295.0 525.60 -409.80
11 295.0 521.31 -386.60
12 295.0 353.37 -579.18
13 295.0 202.78 -422.26
14 295.0 248.97 -417.06
15 295.0 402.74 -662.47
16 295.0 360.45 -602.28
17 295.0 290.99 -710.01
18 295.0 488.84 -488.62
19 295.0 981.27 -476.77
20 295.0 743.19 -380.84
21 295.0 309.34 -694.07
22 295.0 293.91 -698.75
23 295.0 296.40 -727.76
24 295.0 552.65 -483.01
25 295.0 602.90 -645.31
26 295.0 354.26 -928.34
27 295.0 338.25 -516.98
28 295.0 343.17 -533.10
29 295.0 347.39 -547.64
30 295.0 444.08 -365.90
31 295.0 414.58 -770.06
32 295.0 418.91 -784.64
33 295.0 864.09 -572.70
34 295.0 972.47 -425.62
35 295.0 842.11 -524.59
6 296.0 460.30 -921.01
7 296.0 463.90 -941.50
8 296.0 257.96 -414.33
9 296.0 530.42 -432.90
10 296.0 528.11 -417.15
11 296.0 521.75 -394.57
12 296.0 355.56 -586.22
13 296.0 199.25 -414.44
14 296.0 238.87 -420.12
15 296.0 394.29 -665.03
16 296.0 362.97 -610.75
17 296.0 289.38 -704.73
18 296.0 480.74 -491.27
19 296.0 986.77 -482.14
20 296.0 750.98 -382.54
21 296.0 315.26 -692.27
22 296.0 299.85 -696.95
23 296.0 294.58 -721.80
24 296.0 552.65 -483.01
25 296.0 601.08 -639.42
26 296.0 356.13 -934.45
27 296.0 336.44 -511.11
28 296.0 341.27 -526.75
29 296.0 346.11 -543.11
30 296.0 453.50 -363.11
31 296.0 412.37 -762.63
32 296.0 417.03 -778.31
33 296.0 862.26 -566.53
34 296.0 965.32 -422.03
35 296.0 840.89 -530.19
6 297.0 457.87 -913.34
7 297.0 464.32 -933.69
8 297.0 247.72 -417.44
9 297.0 532.37 -440.47
10 297.0 530.30 -423.54
11 297.0 523.11 -402.24
12 297.0 357.79 -593.47
13 297.0 196.25 -407.18
14 297.0 229.70 -422.90
15 297.0 387.93 -667.10
16 297.0 365.34 -618.74
17 297.0 287.32 -698.00
18 297.0 472.58 -493.74
19 297.0 993.33 -487.18
20 297.0 758.97 -384.28
21 297.0 321.66 -690.33
22 297.0 306.51 -694.92
23 297.0 292.71 -715.66
24 297.0 552.65 -483.01
25 297.0 599.22 -633.45
26 297.0 358.08 -940.81
27 297.0 334.58 -505.11
28 297.0 339.36 -520.54
29 297.0 344.14 -536.40
30 297.0 463.09 -360.28
31 297.0 410.36 -755.85
32 297.0 414.77 -770.69
33 297.0 860.39 -560.24
34 297.0 955.80 -421.71
35 297.0 842.81 -535.34
6 298.0 455.70 -906.06
7 298.0 461.66 -925.28
8 298.0 238.64 -420.19
9 298.0 534.42 -447.13
10 298.0 530.82 -430.75
11 298.0 525.62 -409.85
12 298.0 359.93 -600.55
13 298.0 193.11 -399.35
14 298.0 219.68 -425.94
15 298.0 382.84 -672.00
16 298.0 367.88 -627.30
17 298.0 285.45 -691.92
18 298.0 465.41 -495.91
19 298.0 997.94 -493.70
20 298.0 767.63 -386.17
21 298.0 327.18 -688.66
22 298.0 313.01 -692.95
23 298.0 290.64 -708.86
24 298.0 552.65 -483.01
25 298.0 597.19 -626.89
26 298.0 360.04 -947.21
27 298.0 332.41 -498.07
28 298.0 337.38 -514.15
29 298.0 342.18 -529.77
30 298.0 472.12 -357.61
31 298.0 408.19 -748.54
32 298.0 412.98 -764.67
33 298.0 858.68 -554.49
34 298.0 952.30 -421.96
35 298.0 848.03 -537.02
6 299.0 453.49 -898.57
7 299.0 459.10 -917.24
8 299.0 228.74 -423.19
9 299.0 536.46 -453.78
10 299.0 531.50 -437.62
11 299.0 528.16 -417.31
12 299.0 361.99 -607.44
13 299.0 190.95 -393.95
14 299.0 212.67 -427.54
15 299.0 383.85 -680.12
16 299.0 370.18 -635.03
17 299.0 283.43 -685.40
18 299.0 458.00 -498.15
19 299.0 1004.00 -498.13
20 299.0 776.24 -388.05
21 299.0 332.80 -686.95
22 299.0 319.16 -691.09
23 299.0 289.45 -704.07
24 299.0 552.65 -483.01
25 299.0 595.21 -620.52
26 299.0 362.01 -953.65
27 299.0 330.28 -491.17
28 299.0 335.21 -507.13
29 299.0 340.06 -522.81
30 299.0 481.79 -354.75
31 299.0 406.25 -742.19
32 299.0 410.81 -757.38
33 299.0 856.99 -548.77
34 299.0 942.62 -416.63
35 299.0 853.16 -534.55
6 300.0 451.30 -891.29
7 300.0 456.47 -908.65
8 300.0 220.72 -425.63
9 300.0 538.36 -459.82
10 300.0 533.58 -444.41
11 300.0 530.56 -424.31
12 300.0 364.12 -614.62
13 300.0 189.22 -390.75
14 300.0 204.59 -425.05
15 300.0 386.40 -688.41
16 300.0 372.58 -643.11
17 300.0 281.31 -678.49
18 300.0 450.72 -500.36
19 300.0 1009.85 -502.55
20 300.0 785.04 -389.96
21 300.0 339.14 -685.03
22 300.0 324.72 -689.40
23 300.0 291.47 -699.82
24 300.0 552.65 -483.01
25 300.0 593.09 -613.69
26 300.0 363.95 -959.99
27 300.0 328.13 -484.11
28 300.0 333.05 -500.16
29 300.0 338.00 -516.16
30 300.0 490.57 -352.16
31 300.0 403.99 -734.81
32 300.0 408.76 -750.46
33 300.0 855.21 -542.49
34 300.0 931.56 -412.15
35 300.0 856.13 -529.33
6 301.0 449.05 -883.91
7 301.0 454.15 -900.82
8 301.0 213.25 -427.44
9 301.0 539.08 -462.13
10 301.0 535.76 -451.48
11 301.0 530.48 -431.79
12 301.0 366.38 -622.22
13 301.0 186.62 -390.89
14 301.0 200.95 -418.25
15 301.0 388.75 -696.06
16 301.0 375.03 -651.36
17 301.0 279.36 -672.11
18 301.0 443.05 -502.68
19 301.0 1013.06 -511.50
20 301.0 793.57 -391.86
21 301.0 344.56 -683.37
22 301.0 330.88 -687.53
23 301.0 296.02 -698.11
24 301.0 552.65 -483.01
25 301.0 591.03 -607.07
26 301.0 366.51 -966.79
27 301.0 326.22 -477.76
28 301.0 331.06 -493.71
29 301.0 335.96 -509.57
30 301.0 500.15 -349.34
31 301.0 401.88 -727.96
32 301.0 406.52 -743.08
33 301.0 853.81 -536.51
34 301.0 920.24 -407.86
35 301.0 861.30 -527.37
6 302.0 446.54 -875.67
7 302.0 451.83 -893.00
8 302.0 205.79 -425.86
9 302.0 539.28 -462.76
10 302.0 536.78 -454.79
11 302.0 531.89 -438.91
12 302.0 368.70 -630.05
13 302.0 187.61 -394.43
14 302.0 196.86 -408.72
15 302.0 391.22 -704.12
16 302.0 377.27 -658.93
17 302.0 277.30 -665.65
18 302.0 435.15 -505.06
19 302.0 1016.23 -522.93
20 302.0 801.92 -393.77
21 302.0 350.55 -681.54
22 302.0 335.68 -686.07
23 302.0 302.17 -696.24
24 302.0 552.65 -483.01
25 302.0 589.15 -601.00
26 302.0 372.63 -970.13
27 302.0 324.15 -471.03
28 302.0 328.81 -486.37
29 302.0 333.67 -502.17
30 302.0 509.72 -346.98
31 302.0 399.74 -720.99
32 302.0 404.41 -736.20
33 302.0 853.95 -530.84
34 302.0 909.14 -404.58
35 302.0 868.58 -525.13
6 303.0 444.25 -868.11
7 303.0 449.36 -884.94
8 303.0 201.01 -418.38
9 303.0 539.43 -463.27
10 303.0 536.94 -455.30
11 303.0 533.70 -444.79
12 303.0 370.97 -637.71
13 303.0 189.91 -399.97
14 303.0 193.90 -401.33
15 303.0 393.63 -711.98
16 303.0 378.24 -662.19
17 303.0 275.44 -659.65
18 303.0 427.98 -507.22
19 303.0 1021.11 -534.98
20 303.0 810.23 -395.67
21 303.0 355.95 -679.89
22 303.0 341.84 -684.21
23 303.0 308.95 -694.18
24 303.0 552.65 -483.01
25 303.0 586.97 -594.04
26 303.0 379.06 -968.73
27 303.0 322.28 -464.96
28 303.0 326.65 -479.18
29 303.0 331.46 -495.01
30 303.0 519.69 -344.84
31 303.0 397.76 -714.52
32 303.0 402.38 -729.59
33 303.0 852.80 -525.51
34 303.0 897.34 -401.70
35 303.0 874.76 -523.23
6 304.0 441.86 -860.34
7 304.0 446.93 -876.94
8 304.0 197.80 -410.97
9 304.0 539.44 -463.30
10 304.0 537.09 -455.77
11 304.0 534.67 -447.94
12 304.0 373.21 -645.23
13 304.0 193.03 -407.75
14 304.0 191.19 -394.56
15 304.0 396.20 -720.36
16 304.0 378.35 -662.56
17 304.0 273.47 -653.29
18 304.0 419.89 -509.65
19 304.0 1023.70 -548.29
20 304.0 818.26 -397.48
21 304.0 362.25 -677.97
22 304.0 346.86 -682.67
23 304.0 315.34 -692.25
24 304.0 552.65 -483.01
25 304.0 584.95 -587.57
26 304.0 386.36 -966.56
27 304.0 320.26 -458.39
28 304.0 324.76 -473.01
29 304.0 329.38 -488.26
30 304.0 525.92 -343.50
31 304.0 395.50 -707.16
32 304.0 400.40 -723.14
33 304.0 848.64 -523.34
34 304.0 885.87 -398.76
35 304.0 881.66 -521.10
6 305.0 439.39 -852.36
7 305.0 444.65 -869.45
8 305.0 194.75 -403.45
9 305.0 539.45 -463.31
10 305.0 537.20 -456.13
11 305.0 534.87 -448.59
12 305.0 375.35 -652.44
13 305.0 196.04 -415.07
14 305.0 189.42 -391.00
15 305.0 398.66 -728.38
16 305.0 378.41 -662.76
17 305.0 271.56 -647.13
18 305.0 412.50 -511.86
19 305.0 1027.60 -561.20
20 305.0 827.15 -399.31
21 305.0 367.90 -676.24
22 305.0 353.40 -680.67
23 305.0 321.27 -690.45
24 305.0 552.65 -483.01
25 305.0 583.09 -581.61
26 305.0 392.80 -964.65
27 305.0 318.16 -451.51
28 305.0 322.67 -466.22
29 305.0 327.46 -481.86
30 305.0 528.09 -341.16
31 305.0 393.24 -699.82
32 305.0 398.20 -715.96
33 305.0 845.86 -519.19
34 305.0 874.51 -396.06
35 305.0 887.62 -519.26
6 306.0 436.82 -844.03
7 306.0 442.25 -861.60
8 306.0 192.97 -399.00
9 306.0 539.45 -463.31
10 306.0 537.21 -456.15
11 306.0 534.97 -448.92
12 306.0 376.25 -655.47
13 306.0 198.18 -419.89
14 306.0 187.06 -390.26
15 306.0 401.18 -736.58
16 306.0 378.41 -662.77
17 306.0 269.42 -640.25
18 306.0 405.49 -513.96
19 306.0 1031.48 -573.95
20 306.0 834.54 -402.16
21 306.0 374.02 -674.37
22 306.0 358.71 -679.05
23 306.0 327.65 -688.51
24 306.0 552.65 -483.01
25 306.0 581.10 -575.26
26 306.0 399.22 -962.75
27 306.0 316.19 -445.07
28 306.0 320.53 -459.25
29 306.0 325.41 -475.15
30 306.0 528.98 -337.07
31 306.0 391.06 -692.70
32 306.0 395.94 -708.61
33 306.0 844.02 -513.56
34 306.0 862.81 -393.38
35 306.0 894.88 -517.04
6 307.0 434.51 -836.57
7 307.0 439.78 -853.60
8 307.0 191.51 -395.36
9 307.0 539.45 -463.31
10 307.0 537.21 -456.15
11 307.0 534.98 -448.95
12 307.0 376.27 -655.56
13 307.0 200.83 -426.77
14 307.0 186.70 -392.73
15 307.0 403.59 -744.43
16 307.0 378.41 -662.78
17 307.0 267.34 -633.48
18 307.0 398.29 -516.12
19 307.0 1035.20 -586.02
20 307.0 842.97 -404.12
21 307.0 378.34 -673.50
22 307.0 365.47 -676.98
23 307.0 334.22 -686.52
24 307.0 552.65 -483.01
25 307.0 579.07 -568.75
26 307.0 406.34 -960.63
27 307.0 314.25 -438.75
28 307.0 318.73 -453.37
29 307.0 323.24 -468.08
30 307.0 526.30 -335.56
31 307.0 389.14 -686.44
32 307.0 393.64 -701.10
33 307.0 842.13 -507.44
34 307.0 851.32 -390.74
35 307.0 901.75 -514.96
6 308.0 432.20 -829.08
7 308.0 437.33 -845.68
8 308.0 190.95 -393.96
9 308.0 539.45 -463.31
10 308.0 537.21 -456.15
11 308.0 534.99 -448.98
12 308.0 376.28 -655.58
13 308.0 203.55 -434.12
14 308.0 188.81 -397.23
15 308.0 405.90 -752.07
16 308.0 378.42 -662.78
17 308.0 265.42 -627.22
18 308.0 390.81 -518.37
19 308.0 1039.06 -598.56
20 308.0 851.41 -405.90
21 308.0 382.07 -675.63
22 308.0 369.83 -675.65
23 308.0 341.06 -684.44
24 308.0 552.65 -483.01
25 308.0 576.93 -561.92
26 308.0 412.64 -958.76
27 308.0 312.15 -431.88
28 308.0 316.74 -446.87
29 308.0 321.50 -462.42
30 308.0 520.13 -337.98
31 308.0 387.32 -680.53
32 308.0 391.86 -695.30
33 308.0 840.04 -500.65
34 308.0 838.95 -387.90
35 308.0 909.09 -512.75
6 309.0 433.65 -822.89
7 309.0 434.73 -837.26
8 309.0 189.22 -390.75
9 309.0 539.45 -463.31
10 309.0 537.21 -456.15
11 309.0 534.99 -448.98
12 309.0 376.28 -655.58
13 309.0 205.69 -438.11
14 309.0 191.30 -403.44
15 309.0 408.28 -760.07
16 309.0 378.42 -662.78
17 309.0 263.49 -620.90
18 309.0 382.86 -520.75
19 309.0 1042.95 -611.20
20 309.0 859.20 -407.74
21 309.0 383.99 -680.55
22 309.0 374.11 -674.34
23 309.0 347.98 -682.33
24 309.0 552.65 -483.01
25 309.0 574.96 -555.62
26 309.0 418.94 -956.89
27 309.0 310.55 -426.83
28 309.0 314.53 -439.67
29 309.0 319.60 -456.20
30 309.0 511.71 -341.21
31 309.0 386.52 -677.91
32 309.0 390.05 -689.40
33 309.0 838.11 -494.34
34 309.0 826.95 -385.14
35 309.0 916.44 -510.55
6 310.0 439.10 -820.88
7 310.0 432.87 -831.27
8 310.0 186.97 -390.38
9 310.0 539.45 -463.31
10 310.0 537.21 -456.15
11 310.0 534.99 -448.98
12 310.0 376.28 -655.59
13 310.0 211.68 -437.76
14 310.0 194.13 -410.48
15 310.0 410.78 -768.50
16 310.0 378.42 -662.78
17 310.0 261.57 -614.60
18 310.0 375.12 -523.11
19 310.0 1046.29 -622.06
20 310.0 868.01 -409.82
21 310.0 385.92 -686.84
22 310.0 378.68 -673.58
23 310.0 354.85 -680.23
24 310.0 552.65 -483.01
25 310.0 572.86 -548.90
26 310.0 425.36 -954.99
27 310.0 309.10 -421.02
28 310.0 312.96 -434.53
29 310.0 317.29 -448.66
30 310.0 502.95 -343.74
31 310.0 386.48 -677.77
32 310.0 388.94 -685.79
33 310.0 836.16 -487.99
34 310.0 815.46 -382.51
35 310.0 923.77 -508.36
6 311.0 446.67 -818.60
7 311.0 431.84 -825.95
8 311.0 184.38 -395.17
9 311.0 539.45 -463.31
10 311.0 537.21 -456.15
11 311.0 534.99 -448.98
12 311.0 376.28 -655.59
13 311.0 219.12 -435.54
14 311.0 197.11 -417.51
15 311.0 413.28 -776.90
16 311.0 378.42 -662.78
17 311.0 259.67 -608.33
18 311.0 367.92 -525.32
19 311.0 1048.62 -629.67
20 311.0 876.28 -411.73
21 311.0 387.58 -692.25
22 311.0 382.99 -677.48
23 311.0 360.78 -678.42
24 311.0 552.65 -483.01
25 311.0 570.95 -542.79
26 311.0 432.62 -952.83
27 311.0 310.56 -415.57
28 311.0 311.19 -428.83
29 311.0 315.63 -443.23
30 311.0 493.59 -346.63
31 311.0 386.45 -677.69
32 311.0 388.72 -685.09
33 311.0 834.32 -482.00
34 311.0 803.60 -379.81
35 311.0 930.62 -506.31
6 312.0 454.43 -816.27
7 312.0 436.10 -821.79
8 312.0 186.67 -400.48
9 312.0 539.45 -463.31
10 312.0 537.21 -456.15
11 312.0 534.99 -448.98
12 312.0 376.28 -655.59
13 312.0 227.89 -435.83
14 312.0 198.63 -420.97
15 312.0 415.67 -784.97
16 312.0 378.42 -662.78
17 312.0 257.76 -602.05
18 312.0 360.02 -527.83
19 312.0 1047.67 -635.13
20 312.0 884.55 -413.65
21 312.0 389.39 -698.18
22 312.0 384.85 -683.37
23 312.0 367.58 -676.34
24 312.0 552.65 -483.01
25 312.0 568.95 -536.39
26 312.0 439.21 -950.88
27 312.0 315.63 -413.55
28 312.0 309.90 -424.73
29 312.0 313.69 -436.91
30 312.0 483.60 -346.37
31 312.0 386.45 -677.69
32 312.0 388.66 -684.88
33 312.0 832.30 -475.40
34 312.0 791.98 -377.24
35 312.0 938.03 -504.09
6 313.0 462.14 -813.95
7 313.0 444.26 -819.33
8 313.0 189.68 -408.00
9 313.0 539.45 -463.31
10 313.0 537.21 -456.15
11 313.0 534.99 -448.98
12 313.0 376.28 -655.59
13 313.0 238.60 -435.60
14 313.0 200.50 -425.89
15 313.0 418.10 -793.16
16 313.0 378.42 -662.78
17 313.0 255.69 -595.24
18 313.0 353.46 -529.94
19 313.0 1043.00 -637.28
20 313.0 892.95 -415.59
21 313.0 391.25 -704.22
22 313.0 386.92 -690.12
23 313.0 373.33 -674.58
24 313.0 552.65 -483.01
25 313.0 566.81 -529.54
26 313.0 446.32 -948.76
27 313.0 322.65 -411.51
28 313.0 309.15 -418.88
29 313.0 312.53 -433.10
30 313.0 473.92 -349.37
31 313.0 386.45 -677.69
32 313.0 388.65 -684.86
33 313.0 829.57 -469.20
34 313.0 779.78 -374.56
35 313.0 945.01 -502.01
6 314.0 470.38 -811.44
7 314.0 452.43 -816.87
8 314.0 192.48 -414.83
9 314.0 539.45 -463.31
10 314.0 537.21 -456.15
11 314.0 534.99 -448.98
12 314.0 376.28 -655.59
13 314.0 250.20 -435.57
14 314.0 202.99 -432.62
15 314.0 420.56 -801.42
16 314.0 378.42 -662.78
17 314.0 253.84 -589.16
18 314.0 349.25 -531.25
19 314.0 1035.73 -639.48
20 314.0 901.86 -417.65
21 314.0 393.03 -710.03
22 314.0 388.68 -695.86
23 314.0 378.79 -673.61
24 314.0 552.65 -483.01
25 314.0 564.78 -522.70
26 314.0 452.74 -946.85
27 314.0 332.01 -408.79
28 314.0 312.53 -414.48
29 314.0 310.55 -426.83
30 314.0 464.76 -352.20
31 314.0 386.45 -677.68
32 314.0 388.65 -684.86
33 314.0 827.24 -463.35
34 314.0 767.56 -373.47
35 314.0 951.29 -501.22
6 315.0 478.27 -809.05
7 315.0 461.00 -814.29
8 315.0 195.17 -420.97
9 315.0 539.45 -463.31
10 315.0 537.21 -456.15
11 315.0 534.99 -448.98
12 315.0 376.28 -655.59
13 315.0 260.92 -432.45
14 315.0 204.46 -436.58
15 315.0 423.01 -809.67
16 315.0 378.42 -662.78
17 315.0 251.83 -582.55
18 315.0 344.02 -534.19
19 315.0 1029.01 -641.51
20 315.0 910.33 -419.71
21 315.0 394.82 -715.86
22 315.0 390.37 -701.36
23 315.0 382.77 -677.06
24 315.0 552.65 -483.01
25 315.0 562.90 -516.32
26 315.0 459.07 -944.98
27 315.0 341.42 -406.06
28 315.0 319.08 -412.55
29 315.0 309.15 -421.26
30 315.0 455.71 -355.00
31 315.0 386.45 -677.68
32 315.0 388.65 -684.86
33 315.0 828.16 -456.69
34 315.0 755.83 -370.79
35 315.0 956.21 -504.95
6 316.0 485.94 -806.74
7 316.0 468.99 -811.86
8 316.0 198.15 -428.75
9 316.0 539.45 -463.31
10 316.0 537.21 -456.15
11 316.0 534.99 -448.98
12 316.0 376.28 -655.59
13 316.0 271.51 -429.40
14 316.0 209.10 -438.34
15 316.0 424.92 -816.31
16 316.0 378.42 -662.78
17 316.0 249.76 -575.74
18 316.0 342.47 -541.60
19 316.0 1021.97 -643.63
20 316.0 918.10 -422.26
21 316.0 396.60 -721.66
22 316.0 392.34 -707.76
23 316.0 384.58 -682.48
24 316.0 552.65 -483.01
25 316.0 561.07 -510.15
26 316.0 465.70 -943.01
27 316.0 350.16 -403.52
28 316.0 327.99 -409.96
29 316.0 310.87 -415.39
30 316.0 446.22 -357.85
31 316.0 386.45 -677.68
32 316.0 388.65 -684.86
33 316.0 829.52 -450.76
34 316.0 743.61 -368.01
35 316.0 959.11 -511.28
6 317.0 493.70 -804.40
7 317.0 477.01 -809.43
8 317.0 201.31 -437.28
9 317.0 539.45 -463.31
10 317.0 537.21 -456.15
11 317.0 534.99 -448.98
12 317.0 376.28 -655.59
13 317.0 282.22 -426.32
14 317.0 216.40 -436.42
15 317.0 422.63 -822.24
16 317.0 378.42 -662.78
17 317.0 248.33 -571.02
18 317.0 344.52 -549.26
19 317.0 1014.10 -646.01
20 317.0 921.29 -423.33
21 317.0 398.55 -728.02
22 317.0 394.08 -713.44
23 317.0 386.63 -689.16
24 317.0 552.65 -483.01
25 317.0 559.24 -503.97
26 317.0 472.87 -940.87
27 317.0 359.30 -400.86
28 317.0 337.77 -407.12
29 317.0 316.89 -413.18
30 317.0 437.23 -360.51
31 317.0 386.45 -677.68
32 317.0 388.65 -684.86
33 317.0 831.06 -443.97
34 317.0 731.18 -365.15
35 317.0 961.38 -518.36
6 318.0 501.77 -801.96
7 318.0 485.53 -806.86
8 318.0 204.36 -444.82
9 318.0 539.45 -463.31
10 318.0 537.21 -456.15
11 318.0 534.99 -448.98
12 318.0 376.28 -655.59
13 318.0 292.22 -423.44
14 318.0 224.49 -437.05
15 318.0 416.95 -824.19
16 318.0 378.42 -662.78
17 318.0 248.38 -565.63
18 318.0 346.78 -557.22
19 318.0 1006.78 -648.22
20 318.0 920.02 -422.83
21 318.0 400.38 -733.99
22 318.0 395.92 -719.46
23 318.0 388.48 -695.19
24 318.0 552.65 -483.01
25 318.0 557.18 -497.02
26 318.0 479.24 -938.90
27 318.0 367.86 -398.38
28 318.0 347.01 -404.43
29 318.0 324.46 -410.99
30 318.0 427.62 -363.36
31 318.0 386.45 -677.68
32 318.0 388.65 -684.86
33 318.0 832.33 -438.25
34 318.0 719.21 -362.37
35 318.0 963.50 -525.77
6 319.0 509.33 -799.68
7 319.0 493.26 -804.53
8 319.0 209.17 -453.17
9 319.0 539.45 -463.31
10 319.0 537.21 -456.15
11 319.0 534.99 -448.98
12 319.0 376.28 -655.59
13 319.0 298.49 -421.70
14 319.0 234.57 -436.84
15 319.0 408.96 -826.58
16 319.0 378.42 -662.78
17 319.0 253.05 -562.91
18 319.0 348.97 -564.95
19 319.0 1002.55 -649.51
20 319.0 919.60 -422.66
21 319.0 402.35 -740.41
22 319.0 397.69 -725.22
23 319.0 390.36 -701.31
24 319.0 552.65 -483.01
25 319.0 555.98 -492.97
26 319.0 486.09 -936.77
27 319.0 376.97 -395.73
28 319.0 356.70 -401.62
29 319.0 333.54 -408.35
30 319.0 418.20 -366.15
31 319.0 386.45 -677.68
32 319.0 388.65 -684.86
33 319.0 833.72 -431.99
34 319.0 707.07 -359.57
35 319.0 965.38 -532.35
6 320.0 517.41 -797.24
7 320.0 500.45 -802.36
8 320.0 212.47 -461.52
9 320.0 539.45 -463.31
10 320.0 537.21 -456.15
11 320.0 534.99 -448.98
12 320.0 376.28 -655.59
13 320.0 304.76 -422.20
14 320.0 245.94 -436.80
15 320.0 400.43 -829.15
16 320.0 378.42 -662.78
17 320.0 258.96 -561.17
18 320.0 351.45 -572.96
19 320.0 996.48 -651.47
20 320.0 919.41 -422.59
21 320.0 404.36 -746.93
22 320.0 399.62 -731.49
23 320.0 392.33 -707.74
24 320.0 552.65 -483.01
25 320.0 555.29 -490.86
26 320.0 492.89 -934.66
27 320.0 386.64 -394.27
28 320.0 366.05 -398.90
29 320.0 343.62 -405.42
30 320.0 408.63 -368.98
31 320.0 386.45 -677.68
32 320.0 388.65 -684.86
33 320.0 835.02 -426.14
34 320.0 695.19 -356.84
35 320.0 967.48 -539.63
6 321.0 525.36 -794.84
7 321.0 507.94 -800.10
8 321.0 215.29 -471.83
9 321.0 539.45 -463.31
10 321.0 537.21 -456.15
11 321.0 534.99 -448.98
12 321.0 376.28 -655.59
13 321.0 307.34 -427.28
14 321.0 255.71 -433.96
15 321.0 393.01 -831.38
16 321.0 378.42 -662.78
17 321.0 265.88 -559.14
18 321.0 353.90 -580.89
19 321.0 989.09 -653.13
20 321.0 919.38 -422.57
21 321.0 406.01 -752.42
22 321.0 401.73 -738.37
23 321.0 394.35 -714.33
24 321.0 552.65 -483.01
25 321.0 555.00 -489.96
26 321.0 499.70 -932.55
27 321.0 395.85 -391.73
28 321.0 374.86 -396.35
29 321.0 352.63 -402.80
30 321.0 399.78 -371.60
31 321.0 386.45 -677.68
32 321.0 388.65 -684.86
33 321.0 836.33 -420.21
34 321.0 682.67 -353.97
35 321.0 969.44 -546.35
6 322.0 533.01 -792.53
7 322.0 515.44 -797.83
8 322.0 218.21 -482.06
9 322.0 539.45 -463.31
10 322.0 537.21 -456.15
11 322.0 534.99 -448.98
12 322.0 376.28 -655.59
13 322.0 309.79 -435.09
14 322.0 265.57 -431.11
15 322.0 385.15 -833.73
16 322.0 378.42 -662.78
17 322.0 272.53 -557.18
18 322.0 356.07 -587.87
19 322.0 982.56 -655.51
20 322.0 919.37 -422.57
21 322.0 407.77 -758.34
22 322.0 403.56 -744.33
23 322.0 396.40 -721.01
24 322.0 552.65 -483.01
25 322.0 554.98 -489.90
26 322.0 506.08 -930.57
27 322.0 404.72 -389.00
28 322.0 384.07 -394.17
29 322.0 362.63 -399.90
30 322.0 390.61 -375.97
31 322.0 386.45 -677.68
32 322.0 388.65 -684.86
33 322.0 837.70 -414.33
34 322.0 670.92 -351.27
35 322.0 971.35 -552.92
6 323.0 541.08 -790.09
7 323.0 523.65 -795.36
8 323.0 220.79 -490.96
9 323.0 539.45 -463.31
10 323.0 537.21 -456.15
11 323.0 534.99 -448.98
12 323.0 376.28 -655.59
13 323.0 312.25 -443.14
14 323.0 275.11 -428.37
15 323.0 377.42 -836.04
16 323.0 378.42 -662.78
17 323.0 279.30 -555.18
18 323.0 358.31 -595.20
19 323.0 974.89 -658.01
20 323.0 919.36 -422.57
21 323.0 409.38 -763.77
22 323.0 405.42 -750.45
23 323.0 398.36 -727.41
24 323.0 552.65 -483.01
25 323.0 554.97 -489.87
26 323.0 513.32 -928.35
27 323.0 413.78 -388.79
28 323.0 393.25 -392.53
29 323.0 371.78 -397.24
30 323.0 381.18 -378.77
31 323.0 386.45 -677.68
32 323.0 388.65 -684.86
33 323.0 842.25 -409.11
34 323.0 659.59 -348.67
35 323.0 973.16 -559.15
6 324.0 548.44 -787.92
7 324.0 531.41 -793.01
8 324.0 222.89 -498.05
9 324.0 539.45 -463.31
10 324.0 537.21 -456.15
11 324.0 534.99 -448.98
12 324.0 376.28 -655.59
13 324.0 314.60 -450.80
14 324.0 284.27 -425.73
15 324.0 369.27 -838.48
16 324.0 378.42 -662.78
17 324.0 285.32 -553.41
18 324.0 360.63 -602.88
19 324.0 967.25 -660.17
20 324.0 919.36 -422.57
21 324.0 411.34 -770.37
22 324.0 407.09 -756.05
23 324.0 400.15 -733.23
24 324.0 552.65 -483.01
25 324.0 554.97 -489.87
26 324.0 519.54 -926.45
27 324.0 422.55 -386.43
28 324.0 402.94 -389.55
29 324.0 381.90 -394.40
30 324.0 371.24 -381.71
31 324.0 386.45 -677.68
32 324.0 388.65 -684.86
33 324.0 848.71 -401.99
34 324.0 648.13 -346.03
35 324.0 975.17 -566.05
6 325.0 555.78 -785.78
7 325.0 539.20 -790.66
8 325.0 224.99 -505.08
9 325.0 539.45 -463.31
10 325.0 537.21 -456.15
11 325.0 534.99 -448.98
12 325.0 376.28 -655.59
13 325.0 316.79 -457.97
14 325.0 290.91 -423.82
15 325.0 360.71 -841.05
16 325.0 378.42 -662.78
17 325.0 291.21 -551.67
18 325.0 362.84 -610.31
19 325.0 960.50 -662.04
20 325.0 919.36 -422.57
21 325.0 413.20 -776.64
22 325.0 408.76 -761.68
23 325.0 402.22 -739.99
24 325.0 552.65 -483.01
25 325.0 554.97 -489.86
26 325.0 526.67 -924.28
27 325.0 431.31 -383.35
28 325.0 412.18 -388.32
29 325.0 392.17 -392.86
30 325.0 361.54 -384.58
31 325.0 386.45 -677.68
32 325.0 388.65 -684.86
33 325.0 858.20 -400.93
34 325.0 636.51 -343.41
35 325.0 977.16 -572.90
6 326.0 563.69 -783.47
7 326.0 547.34 -788.25
8 326.0 227.19 -512.36
9 326.0 539.45 -463.31
10 326.0 537.21 -456.15
11 326.0 534.99 -448.98
12 326.0 376.28 -655.59
13 326.0 319.00 -465.19
14 326.0 294.26 -422.87
15 326.0 353.00 -843.36
16 326.0 378.42 -662.78
17 326.0 297.74 -549.75
18 326.0 365.10 -617.93
19 326.0 952.80 -664.09
20 326.0 919.36 -422.57
21 326.0 414.81 -782.08
22 326.0 410.65 -768.05
23 326.0 404.15 -746.24
24 326.0 552.65 -483.01
25 326.0 554.97 -489.86
26 326.0 533.24 -922.28
27 326.0 440.02 -380.45
28 326.0 422.06 -386.60
29 326.0 401.95 -389.85
30 326.0 351.68 -387.49
31 326.0 386.45 -677.68
32 326.0 388.65 -684.86
33 326.0 867.07 -399.73
34 326.0 624.36 -340.68
35 326.0 978.99 -579.19
6 327.0 571.75 -781.11
7 327.0 554.75 -786.08
8 327.0 229.35 -519.47
9 327.0 539.45 -463.31
10 327.0 537.21 -456.15
11 327.0 534.99 -448.98
12 327.0 376.28 -655.59
13 327.0 321.48 -473.25
14 327.0 294.42 -422.82
15 327.0 344.66 -845.86
16 327.0 378.42 -662.78
17 327.0 303.62 -548.02
18 327.0 367.42 -625.73
19 327.0 945.61 -664.47
20 327.0 919.36 -422.57
21 327.0 416.60 -788.11
22 327.0 412.34 -773.74
23 327.0 406.17 -752.95
24 327.0 552.65 -483.01
25 327.0 554.97 -489.86
26 327.0 540.25 -920.17
27 327.0 448.28 -378.01
28 327.0 430.54 -383.62
29 327.0 411.91 -388.23
30 327.0 342.18 -390.31
31 327.0 386.45 -677.68
32 327.0 388.65 -684.86
33 327.0 875.57 -401.71
34 327.0 612.84 -338.10
35 327.0 980.96 -585.98
6 328.0 579.20 -778.91
7 328.0 562.52 -783.81
8 328.0 231.79 -527.50
9 328.0 539.45 -463.31
10 328.0 537.21 -456.15
11 328.0 534.99 -448.98
12 328.0 376.28 -655.59
13 328.0 323.69 -480.45
14 328.0 294.44 -422.82
15 328.0 340.10 -847.23
16 328.0 378.42 -662.78
17 328.0 309.91 -546.13
18 328.0 369.57 -632.97
19 328.0 938.56 -661.71
20 328.0 919.36 -422.57
21 328.0 418.44 -794.30
22 328.0 414.02 -779.41
23 328.0 407.99 -759.08
24 328.0 552.65 -483.01
25 328.0 554.97 -489.86
26 328.0 547.13 -918.13
27 328.0 456.91 -375.46
28 328.0 438.63 -380.86
29 328.0 420.45 -387.17
30 328.0 332.24 -393.25
31 328.0 386.45 -677.68
32 328.0 388.65 -684.86
33 328.0 884.07 -403.68
34 328.0 600.96 -335.44
35 328.0 982.96 -592.86
6 329.0 586.72 -776.64
7 329.0 570.52 -781.47
8 329.0 233.96 -534.66
9 329.0 539.45 -463.31
10 329.0 537.21 -456.15
11 329.0 534.99 -448.98
12 329.0 376.28 -655.59
13 329.0 326.12 -488.51
14 329.0 294.45 -422.81
15 329.0 334.09 -847.26
16 329.0 378.42 -662.78
17 329.0 315.89 -544.34
18 329.0 371.65 -640.00
19 329.0 932.47 -657.07
20 329.0 919.36 -422.57
21 329.0 420.31 -800.59
22 329.0 415.86 -785.61
23 329.0 409.69 -764.82
24 329.0 552.65 -483.01
25 329.0 554.97 -489.86
26 329.0 554.34 -915.96
27 329.0 465.85 -372.81
28 329.0 447.92 -378.11
29 329.0 429.06 -384.14
30 329.0 322.19 -395.25
31 329.0 386.45 -677.68
32 329.0 388.65 -684.86
33 329.0 892.87 -405.71
34 329.0 589.29 -332.82
35 329.0 984.84 -599.32
6 330.0 594.02 -774.41
7 330.0 578.75 -779.05
8 330.0 236.40 -542.72
9 330.0 539.94 -464.78
10 330.0 537.21 -456.15
11 330.0 534.99 -448.98
12 330.0 376.28 -655.59
13 330.0 328.61 -496.62
14 330.0 296.08 -422.35
15 330.0 331.26 -842.27
16 330.0 379.35 -665.15
17 330.0 322.91 -542.33
18 330.0 373.46 -646.08
19 330.0 927.09 -652.09
20 330.0 919.36 -422.57
21 330.0 422.09 -806.60
22 330.0 417.79 -792.09
23 330.0 411.48 -770.85
24 330.0 552.13 -481.74
25 330.0 554.97 -489.86
26 330.0 561.24 -913.83
27 330.0 474.06 -370.39
28 330.0 456.83 -375.48
29 330.0 438.20 -380.98
30 330.0 312.63 -397.52
31 330.0 385.97 -676.16
32 330.0 388.65 -684.86
33 330.0 901.61 -407.73
34 330.0 577.05 -330.08
35 330.0 986.75 -605.90
6 331.0 601.47 -772.06
7 331.0 585.47 -777.01
8 331.0 238.57 -549.87
9 331.0 541.08 -467.67
10 331.0 537.44 -456.90
11 331.0 534.99 -448.98
12 331.0 376.65 -656.83
13 331.0 331.05 -504.52
14 331.0 299.17 -421.52
15 331.0 328.89 -834.49
16 331.0 380.49 -667.46
17 331.0 329.57 -540.36
18 331.0 373.98 -647.84
19 331.0 921.30 -646.72
20 331.0 919.36 -422.57
21 331.0 423.97 -812.94
22 331.0 419.49 -797.84
23 331.0 413.28 -776.91
24 331.0 550.41 -478.55
25 331.0 554.65 -488.89
26 331.0 568.51 -911.58
27 331.0 482.44 -367.91
28 331.0 464.65 -373.17
29 331.0 447.34 -378.28
30 331.0 303.27 -400.48
31 331.0 384.80 -672.44
32 331.0 388.22 -683.44
33 331.0 910.31 -409.75
34 331.0 565.29 -327.93
35 331.0 988.80 -612.86
6 332.0 608.87 -769.78
7 332.0 593.17 -774.68
8 332.0 240.96 -557.75
9 332.0 543.13 -472.24
10 332.0 538.13 -459.09
11 332.0 535.11 -449.38
12 332.0 377.50 -659.70
13 332.0 333.46 -512.30
14 332.0 304.36 -421.82
15 332.0 326.50 -826.92
16 332.0 380.49 -667.46
17 332.0 334.81 -538.77
18 332.0 374.33 -649.01
19 332.0 915.61 -641.45
20 332.0 919.36 -422.57
21 332.0 425.52 -817.37
22 332.0 421.47 -804.50
23 332.0 415.26 -783.58
24 332.0 549.09 -476.89
25 332.0 553.71 -486.05
26 332.0 574.71 -909.68
27 332.0 491.61 -365.20
28 332.0 472.93 -370.72
29 332.0 455.84 -375.77
30 332.0 294.37 -403.29
31 332.0 383.00 -666.72
32 332.0 387.14 -679.91
33 332.0 919.20 -412.50
34 332.0 554.82 -331.65
35 332.0 990.82 -619.54
6 333.0 616.52 -767.48
7 333.0 600.33 -772.43
8 333.0 243.11 -564.82
9 333.0 546.49 -477.94
10 333.0 539.41 -463.19
11 333.0 535.75 -451.47
12 333.0 377.71 -660.39
13 333.0 335.74 -519.68
14 333.0 307.33 -427.25
15 333.0 324.16 -819.51
16 333.0 380.49 -667.46
17 333.0 340.03 -538.66
18 333.0 375.29 -652.26
19 333.0 910.16 -636.40
20 333.0 919.36 -422.57
21 333.0 428.99 -821.69
22 333.0 422.81 -809.01
23 333.0 416.96 -789.31
24 333.0 548.91 -476.76
25 333.0 552.88 -483.69
26 333.0 581.62 -907.56
27 333.0 500.18 -362.67
28 333.0 482.64 -367.85
29 333.0 464.07 -373.34
30 333.0 285.64 -405.94
31 333.0 380.97 -660.12
32 333.0 385.60 -674.99
33 333.0 924.32 -414.24
34 333.0 543.99 -333.72
35 333.0 993.93 -625.68
6 334.0 624.25 -765.15
7 334.0 607.72 -770.13
8 334.0 245.43 -572.48
9 334.0 549.86 -484.72
10 334.0 541.50 -468.74
11 334.0 537.05 -455.65
12 334.0 377.74 -660.49
13 334.0 337.63 -525.81
14 334.0 309.45 -433.99
15 334.0 321.76 -811.25
16 334.0 380.49 -667.46
17 334.0 342.65 -542.63
18 334.0 375.53 -653.06
19 334.0 904.56 -631.20
20 334.0 919.36 -422.57
21 334.0 434.66 -822.04
22 334.0 424.43 -814.46
23 334.0 418.82 -795.57
24 334.0 548.84 -476.71
25 334.0 552.71 -483.20
26 334.0 588.86 -905.34
27 334.0 508.49 -360.42
28 334.0 491.68 -365.18
29 334.0 473.07 -370.68
30 334.0 276.85 -408.60
31 334.0 378.75 -652.66
32 334.0 383.51 -668.36
33 334.0 923.45 -413.87
34 334.0 531.80 -337.20
35 334.0 997.09 -632.57
6 335.0 627.68 -764.12
7 335.0 615.93 -767.66
8 335.0 247.72 -580.02
9 335.0 552.27 -491.90
10 335.0 545.26 -475.99
11 335.0 538.58 -460.52
12 335.0 377.74 -660.51
13 335.0 339.65 -532.50
14 335.0 311.82 -441.74
15 335.0 319.20 -802.65
16 335.0 380.49 -667.46
17 335.0 344.52 -549.25
18 335.0 375.60 -653.30
19 335.0 898.91 -625.97
20 335.0 919.36 -422.57
21 335.0 440.92 -820.34
22 335.0 426.16 -818.75
23 335.0 420.81 -802.28
24 335.0 548.79 -476.67
25 335.0 552.68 -483.11
26 335.0 595.18 -903.41
27 335.0 512.76 -359.55
28 335.0 499.71 -362.81
29 335.0 482.87 -367.79
30 335.0 267.62 -411.40
31 335.0 376.71 -645.80
32 335.0 381.17 -660.82
33 335.0 922.77 -413.60
34 335.0 523.85 -339.59
35 335.0 998.98 -639.62
6 336.0 632.82 -762.09
7 336.0 619.83 -766.48
8 336.0 250.17 -588.10
9 336.0 553.86 -497.07
10 336.0 548.98 -482.49
11 336.0 540.66 -466.60
12 336.0 377.74 -660.51
13 336.0 341.75 -539.60
14 336.0 313.98 -448.79
15 336.0 316.93 -795.21
16 336.0 382.08 -668.92
17 336.0 346.31 -555.56
18 336.0 375.60 -653.31
19 336.0 893.89 -621.23
20 336.0 919.36 -422.57
21 336.0 447.48 -818.36
22 336.0 431.62 -822.34
23 336.0 422.71 -808.68
24 336.0 548.78 -476.66
25 336.0 552.64 -482.99
26 336.0 601.89 -901.35
27 336.0 516.55 -361.66
28 336.0 504.41 -361.45
29 336.0 490.99 -365.39
30 336.0 258.66 -414.12
31 336.0 374.49 -638.33
32 336.0 379.28 -654.43
33 336.0 922.75 -413.59
34 336.0 520.46 -341.27
35 336.0 998.54 -646.44
6 337.0 635.66 -755.64
7 337.0 624.96 -764.94
8 337.0 252.44 -595.56
9 337.0 555.98 -504.24
10 337.0 551.33 -489.02
11 337.0 543.71 -473.27
12 337.0 378.39 -662.71
13 337.0 343.69 -546.32
14 337.0 316.35 -456.52
15 337.0 314.52 -787.31
16 337.0 385.42 -670.21
17 337.0 348.21 -562.27
18 337.0 375.61 -653.32
19 337.0 888.91 -616.15
20 337.0 919.36 -422.57
21 337.0 452.87 -816.74
22 337.0 438.74 -820.99
23 337.0 424.57 -814.96
24 337.0 548.78 -476.66
25 337.0 552.63 -482.97
26 337.0 608.20 -899.42
27 337.0 520.14 -365.07
28 337.0 509.22 -360.23
29 337.0 495.53 -364.05
30 337.0 249.45 -416.91
31 337.0 372.58 -631.89
32 337.0 377.04 -646.89
33 337.0 922.75 -413.59
34 337.0 517.11 -341.06
35 337.0 995.36 -651.87
6 338.0 633.66 -747.46
7 338.0 631.38 -762.73
8 338.0 254.68 -602.92
9 338.0 558.12 -511.45
10 338.0 553.31 -495.20
11 338.0 547.79 -480.09
12 338.0 379.25 -665.47
13 338.0 345.66 -553.25
14 338.0 318.37 -463.15
15 338.0 312.12 -779.49
16 338.0 391.19 -669.31
17 338.0 350.00 -568.26
18 338.0 376.09 -654.94
19 338.0 884.04 -611.20
20 338.0 919.36 -422.57
21 338.0 459.17 -814.84
22 338.0 444.56 -819.24
23 338.0 426.03 -818.47
24 338.0 548.78 -476.66
25 338.0 552.63 -482.96
26 338.0 614.85 -897.38
27 338.0 520.50 -371.74
28 338.0 513.95 -359.52
29 338.0 500.74 -362.51
30 338.0 239.84 -419.83
31 338.0 370.47 -624.79
32 338.0 374.97 -639.92
33 338.0 922.74 -413.59
34 338.0 517.11 -341.06
35 338.0 988.41 -653.40
6 339.0 631.42 -740.08
7 339.0 635.71 -755.96
8 339.0 256.89 -610.21
9 339.0 560.19 -518.47
10 339.0 555.44 -502.39
11 339.0 550.82 -487.45
12 339.0 380.59 -669.72
13 339.0 347.31 -559.11
14 339.0 320.63 -470.48
15 339.0 309.57 -771.07
16 339.0 399.19 -666.88
17 339.0 352.02 -574.80
18 339.0 376.89 -657.63
19 339.0 878.72 -605.79
20 339.0 919.36 -422.57
21 339.0 465.22 -813.01
22 339.0 451.25 -817.22
23 339.0 430.54 -822.07
24 339.0 548.78 -476.66
25 339.0 552.63 -482.96
26 339.0 621.26 -895.41
27 339.0 520.85 -378.08
28 339.0 516.73 -363.01
29 339.0 505.40 -361.20
30 339.0 230.08 -422.79
31 339.0 368.57 -618.39
32 339.0 372.91 -632.99
33 339.0 922.74 -413.59
34 339.0 517.11 -341.06
35 339.0 982.33 -655.59
6 340.0 629.21 -732.80
7 340.0 634.03 -748.68
8 340.0 259.18 -617.75
9 340.0 562.30 -525.60
10 340.0 557.61 -509.73
11 340.0 552.97 -494.06
12 340.0 382.32 -675.22
13 340.0 349.46 -566.51
14 340.0 323.01 -478.19
15 340.0 307.31 -763.60
16 340.0 407.27 -664.44
17 340.0 353.99 -581.18
18 340.0 377.97 -661.28
19 340.0 873.72 -600.68
20 340.0 919.36 -422.57
21 340.0 470.92 -811.27
22 340.0 457.03 -815.49
23 340.0 437.10 -821.49
24 340.0 547.53 -475.72
25 340.0 552.63 -482.96
26 340.0 627.89 -893.37
27 340.0 521.23 -385.10
28 340.0 520.19 -366.03
29 340.0 510.53 -359.90
30 340.0 221.10 -425.51
31 340.0 366.38 -610.99
32 340.0 371.03 -626.65
33 340.0 922.74 -413.59
34 340.0 517.11 -341.06
35 340.0 975.31 -657.87
6 341.0 626.92 -725.25
7 341.0 631.90 -741.66
8 341.0 261.43 -625.14
9 341.0 564.46 -532.75
10 341.0 559.65 -516.62
11 341.0 555.19 -501.56
12 341.0 384.69 -682.86
13 341.0 351.51 -573.15
14 341.0 325.15 -485.29
15 341.0 305.04 -756.15
16 341.0 415.31 -662.00
17 341.0 355.83 -587.11
18 341.0 378.76 -667.36
19 341.0 870.51 -594.33
20 341.0 919.36 -422.57
21 341.0 477.43 -809.31
22 341.0 462.99 -813.69
23 341.0 443.18 -819.65
24 341.0 544.51 -474.39
25 341.0 552.03 -481.53
26 341.0 634.36 -891.37
27 341.0 521.58 -391.54
28 341.0 520.56 -372.71
29 341.0 515.27 -359.86
30 341.0 214.92 -427.17
31 341.0 364.25 -603.86
32 341.0 368.78 -619.09
33 341.0 922.74 -413.59
34 341.0 517.11 -341.06
35 341.0 968.86 -659.72
6 342.0 624.40 -716.88
7 342.0 629.44 -733.57
8 342.0 263.67 -632.45
9 342.0 566.49 -539.27
10 342.0 561.96 -524.42
11 342.0 557.35 -508.85
12 342.0 387.05 -690.52
13 342.0 353.43 -579.35
14 342.0 327.29 -492.34
15 342.0 302.73 -748.56
16 342.0 423.37 -659.56
17 342.0 357.85 -593.67
18 342.0 374.42 -670.90
19 342.0 868.49 -587.50
20 342.0 919.36 -422.57
21 342.0 482.94 -807.64
22 342.0 468.81 -811.91
23 342.0 450.10 -817.57
24 342.0 539.11 -474.22
25 342.0 550.72 -479.12
26 342.0 641.07 -889.30
27 342.0 522.09 -398.55
28 342.0 520.97 -380.37
29 342.0 519.98 -363.28
30 342.0 207.30 -426.89
31 342.0 362.35 -597.48
32 342.0 366.80 -612.41
33 342.0 922.74 -413.59
34 342.0 516.90 -343.12
35 342.0 962.36 -661.53
6 343.0 622.14 -709.39
7 343.0 627.10 -725.87
8 343.0 265.94 -639.83
9 343.0 568.75 -546.48
10 343.0 563.94 -531.09
11 343.0 559.59 -516.44
12 343.0 389.47 -698.41
13 343.0 355.32 -585.46
14 343.0 329.50 -499.51
15 343.0 300.11 -739.97
16 343.0 431.51 -657.10
17 343.0 359.89 -600.41
18 343.0 367.19 -673.11
19 343.0 866.31 -580.19
20 343.0 919.36 -422.57
21 343.0 489.36 -805.70
22 343.0 474.22 -810.27
23 343.0 455.90 -815.83
24 343.0 534.49 -475.15
25 343.0 547.80 -475.92
26 343.0 647.17 -887.41
27 343.0 524.07 -405.16
28 343.0 521.39 -387.97
29 343.0 520.30 -368.00
30 343.0 201.99 -420.75
31 343.0 360.13 -590.16
32 343.0 364.80 -605.69
33 343.0 922.74 -413.59
34 343.0 516.51 -347.11
35 343.0 955.99 -663.29
6 344.0 619.66 -701.13
7 344.0 624.77 -718.12
8 344.0 268.20 -647.12
9 344.0 571.04 -553.83
10 344.0 566.26 -538.51
11 344.0 561.49 -522.86
12 344.0 391.78 -705.96
13 344.0 357.29 -591.84
14 344.0 331.59 -506.28
15 344.0 297.69 -732.00
16 344.0 439.58 -654.66
17 344.0 361.91 -607.19
18 344.0 359.51 -675.46
19 344.0 864.01 -572.43
20 344.0 919.36 -422.57
21 344.0 495.15 -803.96
22 344.0 481.05 -808.21
23 344.0 461.90 -814.02
24 344.0 527.28 -477.35
25 344.0 541.62 -473.88
26 344.0 654.07 -885.28
27 344.0 526.06 -411.16
28 344.0 521.77 -394.99
29 344.0 520.68 -374.93
30 344.0 197.93 -411.27
31 344.0 357.94 -583.10
32 344.0 362.75 -598.82
33 344.0 922.74 -413.59
34 344.0 516.50 -352.45
35 344.0 949.36 -664.50
6 345.0 617.20 -692.96
7 345.0 622.21 -709.60
8 345.0 270.56 -654.72
9 345.0 573.36 -561.25
10 345.0 568.62 -546.06
11 345.0 563.50 -529.65
12 345.0 393.97 -713.10
13 345.0 359.56 -599.30
14 345.0 333.81 -513.44
15 345.0 295.11 -723.53
16 345.0 447.51 -652.26
17 345.0 363.67 -613.11
18 345.0 352.11 -677.72
19 345.0 861.92 -565.38
20 345.0 919.36 -422.57
21 345.0 500.79 -802.25
22 345.0 487.39 -806.30
23 345.0 467.95 -812.18
24 345.0 519.48 -479.74
25 345.0 535.52 -474.84
26 345.0 660.83 -883.20
27 345.0 528.07 -417.04
28 345.0 523.17 -402.40
29 345.0 521.06 -381.93
30 345.0 195.44 -405.18
31 345.0 355.99 -576.81
32 345.0 360.75 -592.22
33 345.0 922.74 -413.59
34 345.0 516.78 -360.18
35 345.0 942.17 -663.58
6 346.0 614.68 -684.54
7 346.0 619.60 -700.94
8 346.0 272.80 -661.93
9 346.0 575.39 -567.72
10 346.0 570.68 -552.68
11 346.0 565.64 -536.52
12 346.0 396.07 -719.94
13 346.0 361.25 -604.97
14 346.0 336.06 -520.72
15 346.0 292.70 -715.60
16 346.0 455.85 -649.75
17 346.0 365.49 -619.24
18 346.0 344.53 -678.37
19 346.0 859.75 -558.09
20 346.0 919.36 -422.57
21 346.0 507.33 -800.28
22 346.0 493.02 -804.60
23 346.0 474.13 -810.30
24 346.0 511.93 -481.98
25 346.0 530.22 -476.46
26 346.0 667.11 -879.67
27 346.0 530.18 -423.21
28 346.0 525.07 -408.19
29 346.0 521.42 -388.59
30 346.0 192.83 -398.66
31 346.0 353.92 -570.12
32 346.0 358.77 -585.77
33 346.0 922.74 -413.59
34 346.0 517.06 -367.39
35 346.0 935.82 -659.86
6 347.0 612.26 -676.36
7 347.0 617.29 -693.29
8 347.0 275.00 -669.03
9 347.0 577.61 -574.82
10 347.0 572.82 -559.51
11 347.0 568.04 -544.22
12 347.0 398.40 -727.53
13 347.0 362.86 -610.37
14 347.0 337.78 -526.29
15 347.0 290.31 -707.78
16 347.0 463.89 -647.32
17 347.0 367.31 -625.36
18 347.0 336.28 -679.21
19 347.0 857.77 -551.41
20 347.0 919.36 -422.57
21 347.0 513.30 -798.48
22 347.0 498.91 -802.82
23 347.0 480.03 -808.52
24 347.0 503.66 -484.23
25 347.0 523.32 -478.56
26 347.0 670.18 -873.87
27 347.0 531.28 -429.36
28 347.0 527.10 -414.21
29 347.0 521.79 -395.31
30 347.0 190.62 -393.27
31 347.0 351.89 -563.55
32 347.0 356.67 -579.01
33 347.0 922.74 -413.59
34 347.0 517.55 -376.39
35 347.0 930.42 -655.18
6 348.0 610.05 -668.92
7 348.0 614.92 -685.34
8 348.0 277.39 -676.60
9 348.0 579.62 -581.26
10 348.0 575.19 -567.08
11 348.0 570.02 -550.55
12 348.0 400.76 -735.21
13 348.0 364.65 -616.39
14 348.0 339.79 -532.97
15 348.0 288.02 -700.28
16 348.0 472.09 -644.84
17 348.0 369.10 -631.38
18 348.0 328.58 -681.55
19 348.0 855.97 -545.48
20 348.0 919.36 -422.57
21 348.0 518.86 -796.80
22 348.0 505.06 -800.96
23 348.0 485.90 -806.75
24 348.0 495.28 -486.46
25 348.0 517.45 -480.35
26 348.0 669.25 -866.49
27 348.0 531.20 -436.66
28 348.0 529.45 -421.07
29 348.0 523.19 -402.46
30 348.0 189.22 -390.75
31 348.0 349.79 -556.12
32 348.0 354.58 -572.25
33 348.0 922.74 -413.59
34 348.0 518.08 -385.95
35 348.0 925.38 -650.50
6 349.0 607.84 -661.48
7 349.0 612.74 -678.01
8 349.0 279.59 -683.80
9 349.0 581.68 -587.86
10 349.0 576.94 -572.69
11 349.0 572.14 -557.34
12 349.0 403.04 -742.63
13 349.0 366.62 -623.04
14 349.0 342.08 -540.72
15 349.0 285.59 -692.39
16 349.0 480.96 -642.16
17 349.0 371.07 -638.03
18 349.0 320.56 -683.98
19 349.0 854.08 -537.88
20 349.0 919.36 -422.57
21 349.0 524.42 -795.12
22 349.0 510.12 -799.44
23 349.0 492.35 -804.80
24 349.0 487.21 -489.16
25 349.0 510.54 -482.37
26 349.0 667.34 -859.96
27 349.0 533.32 -443.54
28 349.0 531.45 -428.18
29 349.0 525.27 -408.80
30 349.0 186.60 -391.08
31 349.0 347.83 -549.20
32 349.0 352.32 -564.96
33 349.0 922.74 -413.59
34 349.0 518.53 -394.28
35 349.0 920.71 -646.18
6 350.0 605.44 -653.51
7 350.0 610.34 -669.91
8 350.0 281.90 -691.28
9 350.0 584.01 -595.31
10 350.0 578.99 -579.26
11 350.0 573.98 -563.22
12 350.0 405.23 -749.80
13 350.0 368.40 -629.03
14 350.0 344.16 -547.97
15 350.0 282.96 -683.89
16 350.0 488.85 -639.77
17 350.0 372.94 -644.32
18 350.0 312.65 -686.38
19 350.0 853.88 -532.10
20 350.0 919.36 -422.57
21 350.0 529.91 -793.46
22 350.0 516.22 -797.60
23 350.0 498.62 -802.91
24 350.0 480.04 -491.48
25 350.0 504.59 -483.99
26 350.0 665.30 -852.99
27 350.0 535.47 -450.56
28 350.0 530.85 -435.50
29 350.0 527.68 -415.90
30 350.0 184.33 -395.08
31 350.0 346.26 -543.66
32 350.0 350.13 -557.34
33 350.0 922.74 -413.59
34 350.0 520.14 -403.45
35 350.0 915.64 -641.48
6 351.0 603.18 -646.22
7 351.0 607.90 -661.68
8 351.0 284.12 -698.50
9 351.0 585.70 -600.72
10 351.0 581.47 -587.18
11 351.0 576.05 -569.84
12 351.0 407.50 -757.46
13 351.0 370.43 -635.89
14 351.0 346.25 -555.36
15 351.0 280.34 -675.33
16 351.0 497.76 -637.08
17 351.0 374.74 -650.39
18 351.0 305.46 -688.56
19 351.0 853.44 -526.39
20 351.0 919.36 -422.57
21 351.0 535.91 -791.65
22 351.0 521.92 -795.88
23 351.0 504.57 -801.11
24 351.0 471.92 -493.94
25 351.0 498.61 -485.54
26 351.0 663.47 -846.73
27 351.0 537.32 -456.50
28 351.0 533.13 -442.94
29 351.0 530.11 -423.01
30 351.0 186.08 -399.01
31 351.0 344.25 -536.77
32 351.0 348.63 -552.01
33 351.0 922.74 -413.59
34 351.0 522.81 -411.53
35 351.0 910.53 -636.74
6 352.0 600.63 -637.98
7 352.0 605.63 -654.14
8 352.0 286.59 -706.52
9 352.0 585.11 -606.37
10 352.0 583.30 -593.02
11 352.0 578.44 -577.48
12 352.0 409.63 -764.61
13 352.0 372.10 -641.51
14 352.0 348.31 -562.62
15 352.0 277.99 -667.88
16 352.0 506.47 -634.45
17 352.0 376.85 -657.49
18 352.0 297.59 -690.95
19 352.0 848.92 -523.55
20 352.0 919.36 -422.57
21 352.0 541.38 -790.00
22 352.0 527.28 -794.26
23 352.0 510.64 -799.28
24 352.0 464.00 -496.34
25 352.0 491.94 -487.58
26 352.0 661.35 -839.60
27 352.0 539.49 -463.45
28 352.0 534.65 -447.86
29 352.0 531.16 -429.71
30 352.0 188.63 -405.37
31 352.0 342.12 -529.57
32 352.0 346.76 -545.40
33 352.0 922.74 -413.59
34 352.0 525.56 -419.58
35 352.0 905.82 -632.38
6 353.0 598.30 -630.48
7 353.0 603.09 -645.93
8 353.0 288.86 -713.98
9 353.0 580.49 -608.72
10 353.0 585.01 -598.51
11 353.0 580.40 -583.77
12 353.0 411.72 -771.65
13 353.0 374.14 -648.38
14 353.0 350.62 -570.27
15 353.0 275.60 -660.18
16 353.0 514.66 -631.97
17 353.0 378.64 -663.54
18 353.0 293.01 -692.34
19 353.0 845.38 -517.80
20 353.0 919.36 -422.57
21 353.0 547.61 -788.17
22 353.0 533.03 -792.52
23 353.0 517.12 -797.32
24 353.0 456.11 -498.73
25 353.0 486.17 -489.51
26 353.0 659.30 -832.80
27 353.0 541.67 -469.16
28 353.0 536.88 -455.11
29 353.0 531.21 -436.70
30 353.0 191.14 -411.62
31 353.0 340.02 -522.70
32 353.0 344.71 -538.32
33 353.0 922.74 -413.59
34 353.0 528.29 -428.18
35 353.0 900.69 -627.62
6 354.0 595.70 -622.10
7 354.0 600.81 -638.56
8 354.0 291.20 -721.69
9 354.0 573.13 -610.94
10 354.0 586.16 -603.06
11 354.0 582.36 -590.03
12 354.0 413.93 -779.09
13 354.0 376.06 -654.84
14 354.0 352.67 -576.91
15 354.0 273.12 -652.18
16 354.0 523.37 -629.33
17 354.0 382.15 -668.99
18 354.0 287.01 -692.43
19 354.0 843.10 -510.62
20 354.0 919.36 -422.57
21 354.0 553.20 -786.53
22 354.0 539.47 -790.58
23 354.0 522.89 -795.58
24 354.0 447.83 -501.23
25 354.0 480.33 -491.40
26 354.0 657.47 -826.70
27 354.0 544.72 -475.09
28 354.0 538.87 -461.43
29 354.0 533.19 -443.12
30 354.0 194.57 -419.67
31 354.0 338.03 -516.25
32 354.0 342.72 -531.60
33 354.0 922.74 -413.59
34 354.0 527.98 -437.07
35 354.0 895.78 -623.07
6 355.0 593.23 -614.15
7 355.0 598.36 -630.67
8 355.0 293.35 -728.75
9 355.0 565.66 -613.20
10 355.0 583.15 -607.75
11 355.0 583.87 -594.86
12 355.0 416.13 -786.52
13 355.0 378.09 -661.69
14 355.0 355.07 -584.65
15 355.0 270.49 -643.69
16 355.0 531.72 -626.80
17 355.0 387.75 -670.05
18 355.0 284.11 -687.58
19 355.0 840.69 -502.76
20 355.0 919.36 -422.57
21 355.0 559.06 -784.82
22 355.0 545.30 -788.84
23 355.0 529.54 -793.58
24 355.0 439.85 -503.65
25 355.0 474.48 -493.17
26 355.0 655.41 -819.89
27 355.0 548.26 -481.04
28 355.0 541.10 -467.71
29 355.0 535.21 -449.69
30 355.0 197.69 -427.50
31 355.0 335.73 -508.83
32 355.0 340.63 -524.68
33 355.0 922.74 -413.59
34 355.0 530.69 -445.88
35 355.0 891.17 -618.45
6 356.0 590.72 -606.07
7 356.0 595.72 -622.14
8 356.0 295.71 -736.51
9 356.0 558.72 -615.30
10 356.0 576.97 -609.78
11 356.0 585.66 -600.57
12 356.0 418.32 -793.88
13 356.0 379.82 -667.28
14 356.0 357.15 -591.38
15 356.0 268.03 -635.76
16 356.0 540.37 -624.18
17 356.0 394.25 -668.38
18 356.0 281.84 -680.22
19 356.0 838.60 -495.93
20 356.0 919.36 -422.57
21 356.0 565.12 -783.04
22 356.0 551.20 -787.12
23 356.0 535.32 -791.83
24 356.0 431.72 -506.09
25 356.0 468.30 -495.03
26 356.0 653.32 -812.94
27 356.0 550.75 -487.27
28 356.0 544.09 -473.96
29 356.0 537.37 -456.66
30 356.0 200.83 -435.99
31 356.0 333.61 -501.94
32 356.0 338.49 -517.74
33 356.0 922.74 -413.59
34 356.0 533.30 -454.38
35 356.0 886.70 -613.90
6 357.0 588.27 -598.18
7 357.0 593.31 -614.40
8 357.0 297.92 -743.75
9 357.0 552.32 -617.23
10 357.0 569.57 -612.02
11 357.0 585.11 -606.38
12 357.0 420.54 -801.38
13 357.0 382.19 -674.81
14 357.0 359.32 -598.50
15 357.0 265.67 -628.06
16 357.0 549.00 -621.57
17 357.0 401.26 -666.26
18 357.0 279.38 -672.19
19 357.0 836.29 -488.40
20 357.0 919.36 -422.57
21 357.0 571.38 -781.22
22 357.0 557.11 -785.39
23 357.0 541.67 -789.91
24 357.0 424.14 -508.37
25 357.0 462.43 -496.81
26 357.0 651.47 -806.84
27 357.0 552.93 -493.94
28 357.0 547.17 -479.01
29 357.0 539.52 -463.55
30 357.0 203.65 -443.10
31 357.0 331.50 -495.13
32 357.0 336.37 -510.89
33 357.0 922.74 -413.59
34 357.0 535.90 -462.67
35 357.0 882.10 -609.22
6 358.0 585.95 -590.78
7 358.0 590.86 -606.51
8 358.0 300.36 -751.77
9 358.0 546.03 -619.14
10 358.0 562.42 -614.18
11 358.0 580.05 -608.85
12 358.0 422.57 -808.21
13 358.0 384.77 -683.12
14 358.0 361.61 -606.19
15 358.0 263.25 -620.11
16 358.0 557.11 -619.12
17 358.0 407.24 -664.44
18 358.0 277.08 -664.92
19 358.0 834.23 -481.67
20 358.0 919.36 -422.57
21 358.0 577.01 -779.56
22 358.0 563.21 -783.60
23 358.0 548.60 -787.88
24 358.0 416.13 -510.78
25 358.0 456.02 -498.75
26 358.0 649.31 -799.69
27 358.0 554.65 -499.73
28 358.0 550.03 -485.21
29 358.0 542.09 -470.22
30 358.0 207.92 -451.11
31 358.0 329.22 -487.71
32 358.0 334.25 -504.04
33 358.0 922.74 -413.59
34 358.0 537.61 -469.99
35 358.0 877.06 -604.10
6 359.0 583.47 -582.84
7 359.0 588.43 -598.70
8 359.0 302.46 -758.66
9 359.0 538.65 -621.36
10 359.0 555.44 -616.29
11 359.0 572.17 -611.23
12 359.0 424.90 -816.05
13 359.0 387.28 -691.28
14 359.0 363.89 -613.84
15 359.0 260.71 -611.76
16 359.0 565.75 -616.51
17 359.0 413.99 -662.40
18 359.0 274.71 -657.29
19 359.0 832.12 -474.81
20 359.0 919.36 -422.57
21 359.0 582.55 -777.90
22 359.0 568.09 -782.18
23 359.0 554.91 -786.03
24 359.0 408.06 -513.19
25 359.0 450.03 -500.57
26 359.0 647.15 -792.57
27 359.0 556.51 -506.01
28 359.0 552.33 -492.08
29 359.0 545.44 -476.29
30 359.0 211.57 -458.56
31 359.0 327.31 -481.36
32 359.0 331.99 -496.72
33 359.0 922.74 -413.59
34 359.0 535.71 -474.78
35 359.0 872.59 -599.29
6 360.0 581.14 -575.39
7 360.0 585.86 -590.48
8 360.0 304.91 -766.72
9 360.0 532.19 -623.32
10 360.0 547.60 -618.66
11 360.0 565.12 -613.36
12 360.0 427.16 -823.52
13 360.0 389.62 -698.92
14 360.0 365.87 -620.51
15 360.0 258.28 -603.75
16 360.0 573.50 -614.17
17 360.0 420.15 -660.54
18 360.0 272.22 -649.27
19 360.0 830.70 -471.04
20 360.0 919.36 -422.57
21 360.0 589.02 -775.94
22 360.0 573.50 -780.59
23 360.0 560.12 -784.51
24 360.0 399.97 -515.62
25 360.0 444.03 -502.38
26 360.0 645.04 -785.59
27 360.0 558.30 -512.08
28 360.0 553.80 -496.87
29 360.0 548.87 -482.26
30 360.0 214.16 -467.73
31 360.0 325.07 -474.04
32 360.0 329.98 -490.23
33 360.0 922.74 -413.59
34 360.0 527.48 -477.29
35 360.0 870.19 -593.25
6 361.0 578.61 -567.30
7 361.0 583.68 -583.49
8 361.0 307.27 -774.52
9 361.0 524.72 -625.59
10 361.0 540.63 -620.77
11 361.0 557.33 -615.72
12 361.0 429.45 -831.03
13 361.0 392.03 -706.76
14 361.0 368.16 -628.23
15 361.0 255.71 -595.32
16 361.0 579.94 -612.22
17 361.0 427.00 -658.47
18 361.0 269.73 -641.25
19 361.0 826.58 -466.74
20 361.0 919.36 -422.57
21 361.0 594.47 -774.27
22 361.0 580.82 -778.42
23 361.0 564.94 -783.10
24 361.0 392.03 -518.00
25 361.0 437.81 -504.26
26 361.0 643.08 -779.11
27 361.0 560.18 -518.43
28 361.0 555.79 -503.59
29 361.0 551.49 -489.50
30 361.0 216.75 -477.02
31 361.0 322.80 -466.66
32 361.0 327.79 -482.98
33 361.0 922.74 -413.59
34 361.0 518.78 -479.95
35 361.0 868.04 -585.99
6 362.0 576.05 -559.10
7 362.0 581.15 -575.42
8 362.0 309.46 -781.73
9 362.0 518.36 -627.51
10 362.0 532.93 -623.10
11 362.0 549.96 -617.95
12 362.0 431.82 -838.70
13 362.0 394.56 -715.00
14 362.0 370.41 -635.82
15 362.0 253.45 -587.89
16 362.0 583.26 -611.05
17 362.0 433.45 -656.52
18 362.0 267.49 -633.98
19 362.0 818.87 -464.62
20 362.0 919.36 -422.57
21 362.0 600.29 -772.44
22 362.0 585.55 -776.99
23 362.0 571.48 -781.19
24 362.0 384.07 -520.39
25 362.0 431.42 -506.18
26 362.0 641.16 -772.60
27 362.0 562.16 -525.11
28 362.0 557.63 -509.82
29 362.0 553.36 -495.36
30 362.0 219.40 -486.21
31 362.0 320.59 -459.45
32 362.0 325.43 -475.20
33 362.0 922.74 -413.59
34 362.0 510.25 -482.45
35 362.0 866.17 -579.71
6 363.0 573.53 -551.04
7 363.0 578.62 -567.33
8 363.0 311.72 -789.09
9 363.0 512.08 -629.41
10 363.0 526.66 -625.00
11 363.0 542.35 -620.25
12 363.0 434.29 -846.69
13 363.0 397.04 -723.07
14 363.0 372.48 -642.79
15 363.0 251.08 -580.06
16 363.0 582.97 -608.46
17 363.0 439.48 -654.69
18 363.0 265.33 -626.94
19 363.0 811.75 -465.30
20 363.0 919.36 -422.57
21 363.0 606.15 -770.60
22 363.0 592.08 -775.01
23 363.0 576.54 -779.70
24 363.0 376.40 -522.72
25 363.0 425.41 -507.99
26 363.0 639.05 -765.54
27 363.0 564.04 -531.41
28 363.0 559.56 -516.34
29 363.0 555.16 -501.47
30 363.0 221.69 -494.02
31 363.0 318.42 -452.37
32 363.0 323.21 -467.99
33 363.0 922.74 -413.59
34 363.0 502.08 -484.64
35 363.0 864.01 -572.42
6 364.0 571.24 -543.71
7 364.0 576.17 -559.49
8 364.0 314.00 -796.56
9 364.0 505.46 -631.41
10 364.0 520.09 -626.99
11 364.0 535.83 -622.22
12 364.0 436.70 -854.48
13 364.0 399.53 -731.20
14 364.0 374.65 -650.08
15 364.0 248.48 -571.52
16 364.0 579.58 -608.99
17 364.0 446.14 -652.68
18 364.0 262.85 -618.79
19 364.0 804.61 -467.43
20 364.0 919.36 -422.57
21 364.0 611.54 -768.98
22 364.0 597.73 -773.24
23 364.0 583.34 -777.66
24 364.0 368.32 -525.20
25 364.0 419.53 -509.76
26 364.0 637.14 -759.10
27 364.0 566.07 -537.91
28 364.0 561.33 -522.30
29 364.0 556.92 -507.41
30 364.0 223.63 -500.54
31 364.0 316.50 -446.08
32 364.0 320.98 -460.73
33 364.0 922.74 -413.59
34 364.0 493.44 -487.08
35 364.0 861.98 -565.60
6 365.0 568.66 -535.44
7 365.0 573.69 -551.54
8 365.0 316.42 -804.51
9 365.0 498.85 -633.41
10 365.0 514.07 -628.81
11 365.0 529.32 -624.19
12 365.0 438.85 -861.45
13 365.0 401.97 -739.17
14 365.0 376.95 -657.83
15 365.0 248.65 -565.33
16 365.0 574.88 -610.41
17 365.0 452.37 -650.80
18 365.0 260.70 -611.73
19 365.0 797.00 -469.78
20 365.0 919.36 -422.57
21 365.0 616.96 -767.35
22 365.0 603.05 -771.57
23 365.0 589.26 -775.87
24 365.0 360.63 -527.64
25 365.0 413.61 -511.53
26 365.0 635.00 -751.90
27 365.0 568.22 -544.80
28 365.0 563.34 -529.10
29 365.0 558.72 -513.50
30 365.0 225.76 -507.62
31 365.0 314.38 -439.17
32 365.0 318.97 -454.17
33 365.0 922.74 -413.59
34 365.0 485.40 -489.77
35 365.0 859.97 -558.83
6 366.0 566.39 -528.12
7 366.0 571.25 -543.74
8 366.0 318.53 -811.63
9 366.0 491.90 -635.51
10 366.0 507.50 -630.80
11 366.0 522.94 -626.12
12 366.0 440.98 -868.39
13 366.0 404.30 -746.71
14 366.0 379.23 -665.42
15 366.0 253.77 -562.70
16 366.0 567.99 -612.50
17 366.0 458.97 -648.81
18 366.0 258.32 -603.91
19 366.0 790.13 -471.91
20 366.0 919.36 -422.57
21 366.0 623.02 -765.52
22 366.0 608.84 -769.79
23 366.0 595.18 -774.05
24 366.0 352.60 -530.21
25 366.0 407.66 -513.31
26 366.0 633.13 -745.70
27 366.0 570.21 -551.17
28 366.0 565.51 -536.12
29 366.0 560.65 -520.00
30 366.0 227.95 -514.86
31 366.0 312.18 -431.97
32 366.0 317.01 -447.77
33 366.0 922.74 -413.59
34 366.0 476.25 -492.63
35 366.0 857.87 -551.76
6 367.0 564.23 -520.83
7 367.0 569.16 -537.07
8 367.0 320.56 -818.71
9 367.0 484.94 -637.61
10 367.0 499.85 -633.11
11 367.0 516.40 -628.10
12 367.0 443.10 -875.35
13 367.0 406.66 -754.63
14 367.0 381.65 -673.09
15 367.0 260.72 -560.66
16 367.0 559.68 -615.01
17 367.0 465.05 -646.97
18 367.0 255.96 -596.13
19 367.0 782.57 -474.25
20 367.0 919.36 -422.57
21 367.0 627.54 -764.16
22 367.0 614.18 -768.18
23 367.0 600.34 -772.42
24 367.0 345.43 -532.89
25 367.0 401.63 -515.12
26 367.0 630.94 -738.50
27 367.0 572.24 -557.66
28 367.0 567.62 -542.89
29 367.0 562.54 -526.39
30 367.0 229.98 -521.53
31 367.0 310.43 -426.43
32 367.0 314.85 -440.69
33 367.0 922.74 -413.59
34 367.0 467.91 -495.15
35 367.0 855.92 -545.35
6 368.0 561.86 -512.81
7 368.0 566.71 -529.21
8 368.0 323.07 -826.66
9 368.0 477.66 -639.81
10 368.0 493.13 -635.14
11 368.0 509.38 -630.23
12 368.0 445.30 -882.59
13 368.0 409.11 -762.86
14 368.0 384.05 -680.77
15 368.0 269.14 -558.18
16 368.0 551.83 -617.38
17 368.0 471.35 -645.06
18 368.0 253.77 -588.93
19 368.0 775.11 -476.57
20 368.0 919.36 -422.57
21 368.0 631.78 -763.37
22 368.0 618.50 -766.88
23 368.0 606.20 -770.58
24 368.0 342.25 -539.92
25 368.0 395.19 -517.05
26 368.0 629.00 -732.11
27 368.0 574.26 -564.13
28 368.0 569.74 -549.66
29 368.0 564.62 -533.27
30 368.0 231.87 -527.76
31 368.0 309.07 -419.99
32 368.0 313.02 -434.73
33 368.0 922.74 -413.59
34 368.0 459.77 -497.62
35 368.0 854.38 -538.92
6 369.0 559.67 -505.42
7 369.0 564.37 -521.29
8 369.0 325.62 -834.74
9 369.0 470.97 -641.84
10 369.0 486.57 -637.12
11 369.0 502.07 -632.44
12 369.0 447.63 -890.21
13 369.0 411.38 -770.50
14 369.0 386.11 -687.48
15 369.0 277.75 -555.64
16 369.0 543.48 -619.90
17 369.0 478.34 -642.95
18 369.0 251.54 -581.57
19 369.0 767.77 -478.87
20 369.0 919.36 -422.57
21 369.0 635.36 -765.51
22 369.0 622.70 -765.62
23 369.0 610.50 -769.29
24 369.0 343.84 -546.85
25 369.0 388.30 -519.12
26 369.0 626.98 -725.45
27 369.0 576.11 -570.02
28 369.0 571.78 -556.18
29 369.0 566.84 -540.36
30 369.0 234.13 -535.24
31 369.0 311.49 -415.05
32 369.0 311.13 -428.65
33 369.0 922.74 -413.59
34 369.0 450.57 -500.40
35 369.0 853.78 -533.26
6 370.0 557.25 -497.23
7 370.0 562.03 -513.40
8 370.0 327.86 -842.10
9 370.0 464.57 -643.77
10 370.0 479.83 -639.16
11 370.0 495.42 -634.45
12 370.0 449.71 -897.06
13 370.0 413.85 -778.82
14 370.0 388.31 -694.63
15 370.0 285.91 -553.24
16 370.0 535.14 -622.43
17 370.0 484.87 -640.97
18 370.0 249.24 -574.01
19 370.0 760.36 -481.19
20 370.0 919.36 -422.57
21 370.0 637.25 -770.61
22 370.0 627.23 -764.25
23 370.0 614.56 -768.07
24 370.0 346.21 -555.20
25 370.0 382.38 -520.90
26 370.0 624.89 -718.52
27 370.0 578.21 -576.75
28 370.0 573.69 -562.29
29 370.0 568.84 -546.78
30 370.0 236.19 -542.01
31 370.0 316.03 -410.09
32 370.0 309.49 -422.88
33 370.0 922.74 -413.59
34 370.0 441.82 -503.05
35 370.0 853.66 -527.04
6 371.0 556.07 -490.17
7 371.0 559.70 -505.50
8 371.0 330.34 -850.21
9 371.0 457.76 -645.83
10 371.0 473.09 -641.20
11 371.0 488.62 -636.50
12 371.0 451.75 -903.94
13 371.0 416.23 -786.84
14 371.0 390.59 -702.08
15 371.0 294.51 -550.70
16 371.0 527.26 -624.81
17 371.0 491.87 -638.86
18 371.0 247.05 -566.82
19 371.0 752.92 -482.70
20 371.0 919.36 -422.57
21 371.0 638.91 -776.34
22 371.0 632.24 -763.49
23 371.0 619.56 -766.56
24 371.0 348.33 -562.71
25 371.0 375.79 -522.91
26 371.0 622.85 -711.74
27 371.0 580.16 -582.98
28 371.0 575.78 -568.99
29 371.0 571.02 -553.76
30 371.0 238.40 -549.29
31 371.0 323.25 -408.00
32 371.0 309.57 -417.13
33 371.0 922.74 -413.59
34 371.0 433.07 -505.68
35 371.0 849.40 -523.74
6 372.0 556.49 -484.30
7 372.0 557.27 -497.30
8 372.0 332.73 -858.03
9 372.0 450.36 -648.06
10 372.0 466.70 -643.13
11 372.0 481.96 -638.52
12 372.0 454.10 -911.89
13 372.0 418.43 -794.27
14 372.0 392.67 -708.85
15 372.0 303.03 -548.19
16 372.0 518.81 -627.37
17 372.0 497.83 -637.06
18 372.0 244.87 -559.62
19 372.0 744.81 -481.57
20 372.0 919.36 -422.57
21 372.0 640.78 -782.53
22 372.0 636.02 -766.90
23 372.0 623.96 -765.24
24 372.0 350.52 -569.96
25 372.0 369.27 -524.91
26 372.0 620.88 -705.20
27 372.0 582.01 -588.91
28 372.0 577.72 -575.19
29 372.0 573.01 -560.13
30 372.0 240.54 -556.37
31 372.0 331.26 -402.34
32 372.0 314.37 -410.58
33 372.0 922.74 -413.59
34 372.0 425.06 -508.10
35 372.0 845.94 -519.39
6 373.0 555.79 -482.29
7 373.0 555.90 -492.68
8 373.0 335.12 -865.85
9 373.0 444.12 -649.95
10 373.0 458.75 -645.53
11 373.0 474.98 -640.62
12 373.0 456.44 -919.42
13 373.0 420.69 -801.87
14 373.0 394.86 -716.00
15 373.0 310.90 -545.83
16 373.0 510.76 -629.81
17 373.0 504.46 -635.05
18 373.0 242.75 -552.63
19 373.0 738.63 -477.75
20 373.0 919.36 -422.57
21 373.0 642.54 -788.34
22 373.0 637.80 -772.48
23 373.0 628.41 -763.90
24 373.0 352.94 -577.77
25 373.0 362.71 -526.97
26 373.0 619.04 -699.08
27 373.0 584.05 -595.43
28 373.0 579.31 -580.28
29 373.0 575.03 -566.57
30 373.0 242.56 -563.03
31 373.0 341.12 -399.48
32 373.0 321.45 -405.19
33 373.0 922.74 -413.59
34 373.0 416.51 -510.66
35 373.0 843.92 -513.24
6 374.0 555.68 -481.97
7 374.0 556.07 -490.18
8 374.0 337.50 -873.62
9 374.0 437.30 -652.01
10 374.0 452.20 -647.51
11 374.0 468.15 -642.69
12 374.0 458.61 -926.26
13 374.0 422.80 -808.99
14 374.0 397.19 -723.58
15 374.0 318.62 -543.56
16 374.0 502.33 -632.36
17 374.0 511.47 -632.93
18 374.0 240.54 -545.35
19 374.0 734.64 -471.11
20 374.0 919.96 -422.82
21 374.0 644.47 -794.74
22 374.0 639.90 -779.63
23 374.0 632.87 -763.65
24 374.0 355.42 -585.77
25 374.0 356.86 -528.85
26 374.0 616.90 -691.98
27 374.0 586.19 -602.27
28 374.0 581.50 -587.27
29 374.0 576.65 -571.76
30 374.0 244.71 -570.11
31 374.0 350.49 -396.76
32 374.0 331.54 -402.26
33 374.0 923.31 -413.94
34 374.0 407.88 -513.25
35 374.0 841.73 -506.15
6 375.0 555.67 -481.95
7 375.0 556.32 -489.57
8 375.0 339.78 -881.06
9 375.0 430.48 -654.08
10 375.0 444.99 -649.69
11 375.0 460.76 -644.92
12 375.0 460.59 -932.47
13 375.0 425.06 -816.60
14 375.0 399.53 -731.20
15 375.0 326.28 -541.33
16 375.0 494.05 -634.86
17 375.0 517.83 -631.01
18 375.0 238.32 -538.04
19 375.0 732.36 -464.01
20 375.0 923.78 -424.38
21 375.0 646.36 -800.97
22 375.0 641.77 -785.80
23 375.0 636.12 -767.11
24 375.0 357.67 -593.08
25 375.0 351.84 -530.46
26 375.0 615.01 -685.66
27 375.0 588.03 -608.20
28 375.0 583.71 -594.36
29 375.0 578.75 -578.48
30 375.0 246.62 -576.39
31 375.0 360.11 -393.96
32 375.0 340.96 -399.53
33 375.0 927.20 -415.94
34 375.0 398.66 -516.01
35 375.0 839.71 -499.55
6 376.0 555.67 -481.95
7 376.0 556.39 -489.39
8 376.0 342.05 -888.46
9 376.0 423.43 -656.21
10 376.0 438.14 -651.76
11 376.0 453.31 -647.17
12 376.0 463.65 -939.27
13 376.0 427.47 -824.53
14 376.0 401.77 -738.51
15 376.0 334.55 -538.85
16 376.0 485.65 -637.40
17 376.0 523.89 -629.18
18 376.0 236.07 -530.61
19 376.0 730.04 -456.80
20 376.0 929.42 -427.04
21 376.0 648.26 -807.24
22 376.0 643.83 -792.62
23 376.0 637.69 -772.12
24 376.0 360.15 -601.29
25 376.0 349.53 -531.16
26 376.0 613.13 -679.31
27 376.0 590.01 -614.54
28 376.0 585.55 -600.24
29 376.0 580.87 -585.26
30 376.0 248.82 -583.66
31 376.0 370.05 -391.08
32 376.0 350.52 -396.75
33 376.0 932.84 -419.44
34 376.0 389.97 -518.62
35 376.0 837.52 -492.41
6 377.0 555.67 -481.95
7 377.0 556.40 -489.37
8 377.0 344.30 -895.82
9 377.0 416.68 -658.25
10 377.0 431.60 -653.74
11 377.0 446.83 -649.13
12 377.0 470.36 -941.34
13 377.0 429.68 -831.79
14 377.0 403.80 -745.11
15 377.0 340.49 -539.07
16 377.0 477.55 -639.85
17 377.0 529.86 -627.37
18 377.0 233.61 -522.49
19 377.0 727.62 -449.59
20 377.0 936.05 -431.69
21 377.0 650.04 -813.14
22 377.0 645.74 -798.92
23 377.0 639.43 -778.06
24 377.0 362.41 -608.86
25 377.0 348.86 -531.36
26 377.0 611.01 -672.16
27 377.0 592.01 -621.01
28 377.0 587.54 -606.63
29 377.0 582.69 -591.10
30 377.0 250.74 -589.95
31 377.0 379.77 -388.32
32 377.0 361.13 -393.66
33 377.0 939.66 -423.66
34 377.0 381.06 -521.29
35 377.0 835.42 -485.59
6 378.0 555.67 -481.95
7 378.0 556.40 -489.36
8 378.0 346.69 -903.61
9 378.0 410.20 -660.21
10 378.0 425.27 -655.65
11 378.0 440.22 -651.13
12 378.0 477.74 -939.36
13 378.0 432.09 -839.58
14 378.0 406.12 -752.78
15 378.0 343.10 -544.25
16 378.0 469.72 -642.22
17 378.0 536.47 -625.36
18 378.0 231.17 -514.46
19 378.0 724.12 -442.24
20 378.0 942.29 -437.63
21 378.0 651.85 -819.14
22 378.0 647.54 -804.87
23 378.0 641.23 -784.03
24 378.0 364.65 -616.42
25 378.0 346.21 -532.53
26 378.0 609.08 -665.66
27 378.0 593.94 -627.22
28 378.0 589.46 -612.77
29 378.0 584.77 -597.73
30 378.0 252.75 -596.57
31 378.0 389.66 -386.95
32 378.0 370.59 -390.92
33 378.0 945.22 -424.82
34 378.0 372.22 -524.00
35 378.0 833.28 -478.59
6 379.0 555.67 -481.95
7 379.0 556.40 -489.36
8 379.0 349.02 -911.24
9 379.0 403.15 -662.35
10 379.0 418.90 -657.58
11 379.0 433.83 -653.06
12 379.0 485.31 -937.01
13 379.0 434.34 -846.86
14 379.0 408.27 -760.02
15 379.0 345.13 -551.41
16 379.0 460.87 -644.89
17 379.0 542.59 -623.51
18 379.0 228.99 -507.25
19 379.0 719.24 -437.09
20 379.0 947.96 -443.43
21 379.0 653.76 -825.47
22 379.0 649.43 -811.13
23 379.0 643.30 -790.88
24 379.0 366.81 -623.69
25 379.0 342.63 -536.41
26 379.0 607.19 -659.31
27 379.0 595.85 -633.39
28 379.0 591.42 -619.10
29 379.0 586.69 -603.90
30 379.0 254.79 -603.29
31 379.0 398.55 -384.21
32 379.0 379.96 -388.28
33 379.0 952.74 -425.26
34 379.0 363.39 -526.75
35 379.0 830.85 -471.38
6 380.0 555.67 -481.95
7 380.0 556.40 -489.36
8 380.0 351.45 -919.16
9 380.0 395.97 -664.52
10 380.0 411.98 -659.67
11 380.0 427.16 -655.08
12 380.0 493.19 -934.57
13 380.0 436.60 -854.16
14 380.0 410.34 -767.02
15 380.0 347.42 -559.50
16 380.0 452.36 -647.46
17 380.0 549.39 -621.46
18 380.0 226.84 -500.11
19 380.0 712.55 -433.98
20 380.0 954.29 -449.83
21 380.0 655.47 -831.17
22 380.0 651.31 -817.35
23 380.0 645.16 -797.02
24 380.0 369.26 -631.92
25 380.0 342.57 -542.36
26 380.0 605.05 -652.26
27 380.0 597.74 -639.47
28 380.0 593.42 -625.55
29 380.0 588.85 -610.83
30 380.0 257.04 -610.70
31 380.0 407.39 -381.15
32 380.0 389.44 -387.01
33 380.0 952.35 -425.01
34 380.0 354.69 -529.54
35 380.0 827.53 -464.96
6 381.0 555.67 -481.95
7 381.0 556.40 -489.36
8 381.0 353.65 -926.35
9 381.0 389.13 -666.59
10 381.0 404.98 -661.79
11 381.0 419.75 -657.32
12 381.0 501.19 -932.09
13 381.0 439.17 -862.48
14 381.0 412.63 -774.71
15 381.0 349.59 -566.93
16 381.0 443.95 -650.00
17 381.0 555.26 -619.68
18 381.0 224.89 -492.04
19 381.0 705.13 -432.10
20 381.0 958.44 -454.05
21 381.0 657.19 -836.87
22 381.0 652.87 -822.52
23 381.0 647.05 -803.24
24 381.0 371.52 -639.54
25 381.0 344.30 -548.47
26 381.0 602.99 -645.61
27 381.0 599.76 -646.00
28 381.0 595.30 -631.60
29 381.0 590.81 -617.13
30 381.0 259.20 -617.82
31 381.0 414.79 -375.59
32 381.0 398.22 -384.31
33 381.0 960.85 -426.40
34 381.0 350.27 -530.94
35 381.0 827.30 -460.51
6 382.0 555.67 -481.95
7 382.0 556.40 -489.36
8 382.0 356.04 -934.15
9 382.0 383.59 -665.83
10 382.0 398.27 -663.82
11 382.0 412.69 -659.46
12 382.0 508.83 -929.72
13 382.0 441.53 -870.20
14 382.0 414.63 -781.46
15 382.0 351.91 -574.45
16 382.0 435.55 -652.54
17 382.0 561.43 -617.82
18 382.0 225.24 -483.36
19 382.0 697.18 -430.47
20 382.0 962.83 -458.51
21 382.0 658.84 -842.35
22 382.0 654.63 -828.37
23 382.0 648.86 -809.22
24 382.0 373.95 -647.74
25 382.0 346.15 -555.01
26 382.0 600.82 -638.60
27 382.0 601.65 -652.08
28 382.0 597.38 -638.33
29 382.0 592.77 -623.46
30 382.0 261.23 -624.48
31 382.0 424.34 -372.23
32 382.0 406.78 -381.48
33 382.0 968.57 -430.69
34 382.0 344.01 -532.77
35 382.0 828.67 -454.45
6 383.0 555.67 -481.95
7 383.0 556.40 -489.36
8 383.0 358.52 -942.24
9 383.0 381.41 -661.60
10 383.0 392.61 -665.54
11 383.0 406.00 -661.48
12 383.0 516.30 -927.44
13 383.0 443.93 -878.07
14 383.0 416.80 -788.78
15 383.0 354.55 -582.96
16 383.0 426.77 -655.20
17 383.0 567.90 -615.86
18 383.0 222.25 -473.00
19 383.0 689.20 -428.83
20 383.0 967.27 -463.02
21 383.0 660.78 -848.92
22 383.0 656.47 -834.48
23 383.0 650.62 -815.08
24 383.0 376.24 -655.46
25 383.0 347.99 -561.48
26 383.0 598.66 -631.62
27 383.0 603.46 -657.96
28 383.0 599.34 -644.62
29 383.0 594.86 -630.20
30 383.0 263.18 -630.84
31 383.0 434.07 -368.86
32 383.0 414.60 -375.66
33 383.0 973.13 -433.94
34 383.0 336.26 -535.02
35 383.0 830.35 -447.16
6 384.0 555.67 -481.95
7 384.0 556.40 -489.36
8 384.0 360.87 -949.92
9 384.0 379.37 -654.74
10 384.0 387.60 -666.86
11 384.0 401.04 -662.99
12 384.0 523.83 -925.15
13 384.0 446.16 -885.44
14 384.0 418.95 -796.01
15 384.0 356.94 -590.68
16 384.0 418.94 -657.57
17 384.0 574.00 -614.02
18 384.0 219.27 -462.13
19 384.0 681.31 -427.21
20 384.0 971.98 -467.70
21 384.0 662.44 -854.60
22 384.0 658.39 -840.85
23 384.0 652.55 -821.47
24 384.0 377.93 -661.16
25 384.0 350.06 -568.47
26 384.0 596.47 -624.59
27 384.0 605.55 -665.00
28 384.0 600.83 -649.45
29 384.0 596.76 -636.31
30 384.0 265.47 -638.29
31 384.0 443.28 -366.13
32 384.0 424.68 -372.11
33 384.0 975.06 -435.24
34 384.0 327.83 -537.55
35 384.0 831.88 -440.28
6 385.0 555.67 -481.95
7 385.0 556.40 -489.36
8 385.0 363.30 -957.87
9 385.0 377.31 -647.82
10 385.0 382.58 -664.60
11 385.0 396.58 -664.34
12 385.0 530.91 -922.99
13 385.0 448.51 -893.08
14 385.0 421.25 -803.76
15 385.0 359.36 -598.65
16 385.0 411.74 -659.75
17 385.0 579.76 -612.27
18 385.0 217.23 -454.95
19 385.0 673.24 -425.99
20 385.0 976.81 -472.41
21 385.0 664.33 -861.08
22 385.0 659.93 -846.01
23 385.0 654.50 -827.93
24 385.0 378.34 -662.54
25 385.0 352.03 -574.85
26 385.0 594.31 -617.63
27 385.0 607.59 -671.89
28 385.0 603.05 -656.61
29 385.0 598.13 -640.73
30 385.0 267.40 -644.51
31 385.0 452.46 -363.42
32 385.0 433.77 -368.94
33 385.0 977.26 -434.46
34 385.0 319.19 -540.06
35 385.0 833.51 -432.94
6 386.0 555.67 -481.95
7 386.0 556.40 -489.36
8 386.0 365.62 -964.85
9 386.0 375.15 -640.53
10 386.0 380.74 -659.35
11 386.0 390.54 -666.17
12 386.0 538.85 -920.58
13 386.0 450.79 -900.70
14 386.0 423.33 -810.77
15 386.0 361.78 -606.76
16 386.0 406.36 -661.37
17 386.0 582.57 -611.42
18 386.0 217.12 -446.02
19 386.0 665.50 -426.46
20 386.0 980.85 -476.36
21 386.0 666.28 -867.71
22 386.0 661.87 -852.66
23 386.0 656.36 -834.12
24 386.0 378.40 -662.74
25 386.0 353.96 -581.05
26 386.0 592.41 -611.50
27 386.0 609.40 -677.97
28 386.0 605.14 -663.63
29 386.0 599.94 -646.58
30 386.0 269.49 -651.26
31 386.0 462.19 -360.55
32 386.0 443.56 -366.05
33 386.0 977.84 -429.44
34 386.0 310.19 -542.71
35 386.0 835.10 -425.78
6 387.0 555.67 -481.95
7 387.0 556.40 -489.36
8 387.0 371.32 -969.96
9 387.0 373.18 -633.89
10 387.0 378.71 -652.54
11 387.0 385.04 -666.71
12 387.0 546.46 -918.33
13 387.0 452.99 -908.14
14 387.0 425.50 -818.04
15 387.0 364.16 -614.75
16 387.0 399.13 -663.56
17 387.0 584.07 -609.75
18 387.0 223.20 -440.91
19 387.0 657.63 -428.68
20 387.0 984.92 -480.33
21 387.0 666.97 -873.87
22 387.0 663.87 -859.49
23 387.0 658.25 -840.37
24 387.0 378.41 -662.77
25 387.0 355.92 -587.40
26 387.0 590.26 -604.59
27 387.0 611.42 -684.77
28 387.0 607.04 -670.03
29 387.0 602.19 -653.82
30 387.0 271.44 -657.56
31 387.0 471.82 -357.70
32 387.0 453.21 -363.20
33 387.0 973.91 -426.64
34 387.0 302.11 -545.13
35 387.0 836.53 -419.35
6 388.0 555.67 -481.95
7 388.0 556.40 -489.36
8 388.0 378.69 -968.84
9 388.0 371.08 -626.83
10 388.0 376.51 -645.12
11 388.0 381.55 -662.09
12 388.0 553.38 -916.26
13 388.0 455.40 -916.15
14 388.0 427.73 -825.39
15 388.0 366.60 -622.97
16 388.0 393.27 -665.34
17 388.0 582.01 -608.26
18 388.0 232.45 -437.60
19 388.0 650.73 -432.06
20 388.0 989.16 -484.41
21 388.0 663.27 -878.52
22 388.0 665.72 -865.80
23 388.0 660.05 -846.42
24 388.0 378.41 -662.78
25 388.0 357.98 -594.09
26 388.0 588.35 -598.45
27 388.0 613.44 -691.58
28 388.0 609.10 -676.95
29 388.0 604.11 -660.17
30 388.0 273.65 -664.70
31 388.0 481.64 -354.80
32 388.0 463.25 -360.23
33 388.0 968.35 -423.06
34 388.0 293.77 -547.58
35 388.0 838.38 -413.18
6 389.0 555.67 -481.95
7 389.0 556.40 -489.36
8 389.0 386.75 -966.45
9 389.0 369.16 -620.37
10 389.0 374.19 -637.31
11 389.0 379.48 -655.13
12 389.0 560.22 -914.14
13 389.0 458.00 -924.35
14 389.0 429.87 -832.38
15 389.0 369.14 -631.54
16 389.0 388.16 -666.99
17 389.0 576.72 -609.86
18 389.0 242.44 -434.49
19 389.0 644.89 -435.91
20 389.0 994.73 -487.62
21 389.0 656.88 -881.06
22 389.0 667.10 -871.94
23 389.0 661.99 -853.06
24 389.0 378.42 -662.78
25 389.0 359.86 -600.33
26 389.0 586.14 -591.37
27 389.0 615.35 -697.91
28 389.0 611.13 -683.80
29 389.0 606.26 -667.39
30 389.0 275.65 -670.92
31 389.0 490.97 -352.04
32 389.0 472.39 -357.53
33 389.0 959.92 -421.45
34 389.0 284.79 -549.78
35 389.0 843.16 -408.24
6 390.0 555.67 -481.95
7 390.0 556.40 -489.36
8 390.0 394.29 -964.21
9 390.0 367.15 -613.58
10 390.0 372.06 -630.14
11 390.0 377.33 -647.87
12 390.0 567.96 -911.75
13 390.0 460.32 -931.65
14 390.0 432.04 -839.42
15 390.0 371.38 -639.07
16 390.0 383.06 -671.07
17 390.0 570.38 -611.77
18 390.0 252.57 -431.55
19 390.0 638.05 -440.37
20 390.0 998.01 -493.75
21 390.0 650.67 -882.98
22 390.0 664.48 -877.72
23 390.0 663.87 -859.49
24 390.0 378.42 -662.78
25 390.0 361.84 -606.94
26 390.0 584.22 -585.24
27 390.0 617.29 -704.36
28 390.0 612.86 -689.63
29 390.0 608.37 -674.50
30 390.0 277.70 -677.64
31 390.0 499.73 -349.46
32 390.0 482.21 -354.63
33 390.0 950.68 -420.30
34 390.0 276.42 -549.36
35 390.0 850.27 -402.35
6 391.0 555.67 -481.95
7 391.0 556.40 -489.36
8 391.0 401.94 -961.94
9 391.0 364.98 -606.29
10 391.0 369.84 -622.66
11 391.0 374.96 -639.88
12 391.0 575.03 -909.58
13 391.0 463.45 -939.08
14 391.0 434.44 -847.17
15 391.0 373.92 -647.62
16 391.0 383.47 -678.88
17 391.0 563.76 -613.77
18 391.0 261.59 -425.59
19 391.0 630.96 -443.58
20 391.0 1003.02 -497.41
21 391.0 644.50 -884.88
22 391.0 658.53 -880.55
23 391.0 665.73 -865.86
24 391.0 378.42 -662.78
25 391.0 363.68 -613.14
26 391.0 582.24 -578.89
27 391.0 619.11 -710.40
28 391.0 614.84 -696.23
29 391.0 610.18 -680.61
30 391.0 279.62 -683.92
31 391.0 509.93 -346.93
32 391.0 490.99 -352.03
33 391.0 950.77 -420.86
34 391.0 267.54 -551.98
35 391.0 860.07 -401.37
6 392.0 555.67 -481.95
7 392.0 556.40 -489.36
8 392.0 409.55 -959.68
9 392.0 363.10 -600.01
10 392.0 367.42 -614.52
11 392.0 372.74 -632.43
12 392.0 582.25 -907.37
13 392.0 469.84 -941.43
14 392.0 436.67 -854.39
15 392.0 375.42 -652.67
16 392.0 386.13 -687.53
17 392.0 557.67 -615.61
18 392.0 272.59 -422.43
19 392.0 623.58 -446.27
20 392.0 1008.07 -501.10
21 392.0 638.88 -886.62
22 392.0 652.29 -882.48
23 392.0 667.08 -872.85
24 392.0 378.42 -662.78
25 392.0 365.48 -619.19
26 392.0 580.34 -572.83
27 392.0 620.93 -716.46
28 392.0 616.57 -701.98
29 392.0 612.40 -688.09
30 392.0 281.75 -690.80
31 392.0 519.13 -344.96
32 392.0 501.57 -348.96
33 392.0 942.84 -416.74
34 392.0 259.20 -554.44
35 392.0 870.69 -400.58
6 393.0 555.67 -481.95
7 393.0 556.40 -489.36
8 393.0 416.93 -957.49
9 393.0 361.09 -593.32
10 393.0 365.59 -608.33
11 393.0 370.69 -625.51
12 393.0 590.18 -904.94
13 393.0 476.75 -939.67
14 393.0 438.83 -861.37
15 393.0 375.94 -654.45
16 393.0 388.73 -696.01
17 393.0 550.87 -617.67
18 393.0 283.30 -419.35
19 393.0 616.19 -448.81
20 393.0 1011.58 -506.04
21 393.0 632.68 -888.53
22 393.0 646.42 -884.29
23 393.0 663.54 -878.36
24 393.0 378.42 -662.78
25 393.0 367.53 -626.11
26 393.0 578.08 -565.58
27 393.0 623.03 -723.44
28 393.0 618.27 -707.61
29 393.0 614.27 -694.32
30 393.0 283.79 -697.43
31 393.0 525.42 -343.61
32 393.0 511.13 -346.67
33 393.0 936.23 -410.52
34 393.0 253.07 -556.25
35 393.0 880.74 -402.91
6 394.0 555.67 -481.95
7 394.0 556.40 -489.36
8 394.0 424.64 -955.20
9 394.0 358.86 -586.07
10 394.0 363.47 -601.24
11 394.0 368.33 -617.58
12 394.0 597.82 -902.60
13 394.0 484.50 -937.26
14 394.0 441.05 -868.60
15 394.0 376.17 -655.22
16 394.0 391.40 -704.73
17 394.0 544.52 -619.59
18 394.0 294.10 -416.26
19 394.0 609.23 -451.20
20 394.0 1013.46 -512.88
21 394.0 626.24 -890.52
22 394.0 640.80 -886.03
23 394.0 657.57 -880.84
24 394.0 378.42 -662.78
25 394.0 369.44 -632.55
26 394.0 575.86 -558.50
27 394.0 625.11 -730.31
28 394.0 620.36 -714.55
29 394.0 615.82 -699.49
30 394.0 285.87 -704.17
31 394.0 527.98 -341.55
32 394.0 517.11 -345.39
33 394.0 927.95 -407.33
34 394.0 246.12 -557.14
35 394.0 890.51 -405.17
6 395.0 555.67 -481.95
7 395.0 556.40 -489.36
8 395.0 431.64 -953.13
9 395.0 356.73 -579.18
10 395.0 361.49 -594.66
11 395.0 366.14 -610.21
12 395.0 605.19 -900.34
13 395.0 492.21 -934.87
14 395.0 443.28 -875.96
15 395.0 376.24 -655.46
16 395.0 394.02 -713.24
17 395.0 537.50 -621.71
18 395.0 304.31 -413.44
19 395.0 602.03 -453.54
20 395.0 1016.03 -522.22
21 395.0 620.85 -892.19
22 395.0 634.77 -887.89
23 395.0 650.69 -882.97
24 395.0 378.42 -662.78
25 395.0 371.23 -638.56
26 395.0 573.72 -551.64
27 395.0 627.20 -737.19
28 395.0 622.33 -721.09
29 395.0 617.83 -706.15
30 395.0 288.00 -711.17
31 395.0 528.72 -338.80
32 395.0 520.96 -344.56
33 395.0 919.94 -404.39
34 395.0 242.40 -551.49
35 395.0 899.90 -407.34
6 396.0 555.67 -481.95
7 396.0 556.40 -489.36
8 396.0 438.77 -951.01
9 396.0 354.67 -572.53
10 396.0 359.49 -588.09
11 396.0 364.19 -603.66
12 396.0 613.24 -897.87
13 396.0 499.51 -932.61
14 396.0 445.35 -882.77
15 396.0 376.27 -655.54
16 396.0 396.69 -721.95
17 396.0 531.24 -623.61
18 396.0 314.65 -410.50
19 396.0 595.40 -455.69
20 396.0 1020.25 -531.99
21 396.0 614.42 -894.16
22 396.0 629.55 -889.50
23 396.0 644.51 -884.88
24 396.0 378.42 -662.78
25 396.0 373.07 -644.76
26 396.0 571.53 -544.64
27 396.0 629.15 -743.59
28 396.0 624.32 -727.70
29 396.0 619.70 -712.36
30 396.0 290.13 -718.17
31 396.0 528.57 -335.17
32 396.0 524.74 -343.75
33 396.0 911.16 -401.81
34 396.0 239.77 -542.81
35 396.0 909.59 -409.58
6 397.0 555.67 -481.95
7 397.0 556.40 -489.36
8 397.0 446.83 -948.61
9 397.0 352.36 -565.08
10 397.0 357.44 -581.50
11 397.0 362.23 -597.09
12 397.0 620.24 -895.72
13 397.0 507.13 -930.25
14 397.0 447.59 -890.10
15 397.0 376.28 -655.57
16 397.0 399.19 -730.11
17 397.0 524.79 -625.56
18 397.0 324.51 -407.63
19 397.0 588.53 -457.92
20 397.0 1022.72 -542.50
21 397.0 608.96 -895.84
22 397.0 622.63 -891.64
23 397.0 638.05 -886.88
24 397.0 378.42 -662.78
25 397.0 373.86 -647.43
26 397.0 569.42 -537.89
27 397.0 631.06 -749.89
28 397.0 626.38 -734.49
29 397.0 621.65 -718.83
30 397.0 292.30 -725.30
31 397.0 525.08 -336.03
32 397.0 527.81 -342.64
33 397.0 902.80 -399.69
34 397.0 237.15 -534.18
35 397.0 920.02 -412.78
6 398.0 555.67 -481.95
7 398.0 556.40 -489.36
8 398.0 454.28 -946.39
9 398.0 350.55 -558.81
10 398.0 355.15 -574.09
11 398.0 360.01 -589.77
12 398.0 628.15 -893.29
13 398.0 514.28 -928.06
14 398.0 449.74 -897.16
15 398.0 376.28 -655.59
16 398.0 401.60 -737.96
17 398.0 518.40 -627.50
18 398.0 334.70 -404.67
19 398.0 582.15 -460.02
20 398.0 1025.29 -553.55
21 398.0 602.57 -897.79
22 398.0 616.70 -893.46
23 398.0 631.69 -888.84
24 398.0 378.42 -662.78
25 398.0 374.06 -648.12
26 398.0 567.20 -530.78
27 398.0 632.37 -755.00
28 398.0 628.52 -741.52
29 398.0 623.84 -726.13
30 398.0 294.22 -731.59
31 398.0 519.73 -338.13
32 398.0 528.48 -339.71
33 398.0 894.32 -397.65
34 398.0 234.73 -526.17
35 398.0 924.15 -414.15
6 399.0 555.67 -481.95
7 399.0 556.40 -489.36
8 399.0 461.18 -943.92
9 399.0 348.70 -552.28
10 399.0 353.24 -567.94
11 399.0 357.72 -582.37
12 399.0 635.97 -890.87
13 399.0 522.40 -925.58
14 399.0 451.98 -904.74
15 399.0 376.28 -655.59
16 399.0 404.24 -746.52
17 399.0 512.12 -629.40
18 399.0 345.18 -401.63
19 399.0 574.87 -462.34
20 399.0 1028.58 -564.47
21 399.0 597.11 -899.47
22 399.0 610.24 -895.44
23 399.0 625.89 -890.63
24 399.0 378.42 -662.78
25 399.0 374.14 -648.37
26 399.0 565.34 -524.59
27 399.0 630.84 -759.36
28 399.0 630.07 -746.63
29 399.0 626.04 -733.37
30 399.0 296.48 -739.01
31 399.0 511.98 -341.14
32 399.0 528.15 -335.14
33 399.0 885.30 -395.30
34 399.0 232.08 -517.45
35 399.0 923.04 -413.71
6 400.0 555.67 -481.95
7 400.0 556.40 -489.36
8 400.0 464.99 -937.86
9 400.0 346.70 -545.21
10 400.0 351.32 -561.53
11 400.0 355.66 -575.75
12 400.0 643.91 -888.42
13 400.0 529.72 -923.35
14 400.0 454.04 -911.67
15 400.0 376.28 -655.59
16 400.0 406.86 -755.30
17 400.0 505.93 -631.27
18 400.0 355.00 -398.78
19 400.0 567.61 -464.60
20 400.0 1031.60 -574.33
21 400.0 590.83 -901.39
22 400.0 605.73 -896.82
23 400.0 620.06 -892.43
24 400.0 378.42 -662.78
25 400.0 374.14 -648.39
26 400.0 563.31 -517.71
27 400.0 625.84 -761.33
28 400.0 631.31 -750.72
29 400.0 627.70 -738.83
30 400.0 298.72 -746.39
31 400.0 503.11 -343.69
32 400.0 522.96 -336.87
33 400.0 876.11 -393.15
34 400.0 229.59 -509.24
35 400.0 922.84 -413.63
6 401.0 555.67 -481.95
7 401.0 556.40 -489.36
8 401.0 463.28 -930.38
9 401.0 344.21 -538.24
10 401.0 349.07 -553.58
11 401.0 353.84 -569.88
12 401.0 651.86 -885.96
13 401.0 536.97 -921.14
14 401.0 456.22 -918.74
15 401.0 376.28 -655.59
16 401.0 409.32 -763.59
17 401.0 499.97 -633.07
18 401.0 365.30 -395.79
19 401.0 560.57 -466.93
20 401.0 1034.80 -584.72
21 401.0 584.31 -903.39
22 401.0 599.91 -898.61
23 401.0 614.33 -894.19
24 401.0 378.42 -662.78
25 401.0 374.15 -648.40
26 401.0 561.38 -511.20
27 401.0 619.17 -763.34
28 401.0 632.45 -755.58
29 401.0 628.90 -742.77
30 401.0 300.87 -753.45
31 401.0 493.30 -346.72
32 401.0 515.72 -339.70
33 401.0 866.94 -391.04
34 401.0 227.16 -501.18
35 401.0 922.77 -413.60
6 402.0 555.67 -481.95
7 402.0 556.40 -489.36
8 402.0 461.07 -923.42
9 402.0 338.95 -534.97
10 402.0 347.14 -546.77
11 402.0 351.45 -562.01
12 402.0 659.87 -883.49
13 402.0 544.95 -918.78
14 402.0 458.42 -925.66
15 402.0 376.28 -655.59
16 402.0 411.93 -772.35
17 402.0 493.99 -634.88
18 402.0 376.06 -392.67
19 402.0 553.72 -469.13
20 402.0 1038.09 -595.42
21 402.0 578.68 -905.12
22 402.0 592.85 -900.77
23 402.0 608.93 -895.84
24 402.0 378.42 -662.78
25 402.0 374.15 -648.40
26 402.0 559.32 -504.25
27 402.0 612.46 -765.36
28 402.0 629.97 -759.89
29 402.0 630.46 -747.92
30 402.0 302.96 -760.30
31 402.0 482.55 -346.70
32 402.0 506.00 -342.79
33 402.0 858.31 -389.06
34 402.0 224.90 -492.15
35 402.0 922.75 -413.59
6 403.0 555.67 -481.95
7 403.0 556.40 -489.36
8 403.0 458.55 -915.51
9 403.0 332.61 -536.10
10 403.0 346.13 -543.18
11 403.0 349.60 -555.46
12 403.0 666.47 -880.22
13 403.0 553.25 -916.30
14 403.0 460.39 -931.87
15 403.0 376.28 -655.59
16 403.0 414.31 -780.40
17 403.0 488.02 -636.68
18 403.0 387.07 -390.97
19 403.0 546.04 -471.54
20 403.0 1041.35 -606.03
21 403.0 572.12 -907.13
22 403.0 587.73 -902.34
23 403.0 602.19 -897.91
24 403.0 378.42 -662.78
25 403.0 374.15 -648.40
26 403.0 557.40 -497.73
27 403.0 605.50 -767.45
28 403.0 625.05 -761.57
29 403.0 631.74 -752.17
30 403.0 305.15 -767.51
31 403.0 472.80 -349.71
32 403.0 494.47 -346.36
33 403.0 849.64 -387.07
34 403.0 224.74 -481.61
35 403.0 922.74 -413.59
6 404.0 555.67 -481.95
7 404.0 556.40 -489.36
8 404.0 456.30 -908.06
9 404.0 325.47 -538.23
10 404.0 344.11 -538.01
11 404.0 348.46 -551.44
12 404.0 670.20 -873.66
13 404.0 560.77 -913.97
14 404.0 463.04 -938.70
15 404.0 376.28 -655.59
16 404.0 416.88 -789.04
17 404.0 480.99 -638.81
18 404.0 397.96 -387.74
19 404.0 539.31 -473.65
20 404.0 1044.43 -616.02
21 404.0 565.78 -909.07
22 404.0 581.24 -904.33
23 404.0 596.65 -899.61
24 404.0 378.42 -662.78
25 404.0 374.15 -648.40
26 404.0 556.75 -495.54
27 404.0 599.14 -769.44
28 404.0 618.36 -763.58
29 404.0 632.20 -757.42
30 404.0 307.20 -774.31
31 404.0 463.77 -352.51
32 404.0 483.03 -349.90
33 404.0 840.40 -384.95
34 404.0 221.21 -469.25
35 404.0 922.74 -413.59
6 405.0 555.67 -481.95
7 405.0 556.40 -489.36
8 405.0 454.16 -900.85
9 405.0 318.89 -540.15
10 405.0 337.03 -535.11
11 405.0 346.95 -546.06
12 405.0 669.02 -865.71
13 405.0 569.07 -911.41
14 405.0 469.32 -941.51
15 405.0 376.28 -655.59
16 405.0 419.28 -797.12
17 405.0 474.61 -640.74
18 405.0 408.98 -384.77
19 405.0 534.27 -475.22
20 405.0 1047.06 -624.56
21 405.0 559.68 -910.96
22 405.0 575.15 -906.20
23 405.0 590.17 -901.59
24 405.0 378.42 -662.78
25 405.0 374.15 -648.40
26 405.0 556.74 -495.53
27 405.0 592.78 -771.45
28 405.0 611.56 -765.63
29 405.0 627.62 -760.80
30 405.0 309.39 -781.50
31 405.0 454.95 -355.24
32 405.0 471.69 -353.40
33 405.0 831.26 -382.85
34 405.0 217.82 -457.12
35 405.0 922.74 -413.59
6 406.0 555.67 -481.95
7 406.0 556.40 -489.36
8 406.0 452.06 -893.75
9 406.0 312.49 -542.01
10 406.0 329.69 -536.99
11 406.0 345.78 -541.95
12 406.0 666.86 -858.33
13 406.0 577.01 -908.97
14 406.0 475.85 -939.94
15 406.0 376.28 -655.59
16 406.0 421.65 -805.09
17 406.0 468.12 -642.70
18 406.0 419.86 -383.98
19 406.0 526.47 -477.60
20 406.0 1048.46 -629.13
21 406.0 553.30 -912.94
22 406.0 568.37 -908.27
23 406.0 583.34 -903.69
24 406.0 378.42 -662.78
25 406.0 374.15 -648.40
26 406.0 556.74 -495.53
27 406.0 586.92 -773.24
28 406.0 605.16 -767.55
29 406.0 620.84 -762.84
30 406.0 311.35 -787.89
31 406.0 445.79 -357.98
32 406.0 460.37 -356.91
33 406.0 822.63 -380.87
34 406.0 216.67 -448.19
35 406.0 922.74 -413.59
6 407.0 555.67 -481.95
7 407.0 556.40 -489.36
8 407.0 449.65 -885.91
9 407.0 305.21 -544.21
10 407.0 322.16 -539.20
11 407.0 342.30 -536.25
12 407.0 664.65 -850.77
13 407.0 584.60 -906.65
14 407.0 483.47 -937.58
15 407.0 376.28 -655.59
16 407.0 424.14 -813.49
17 407.0 462.26 -644.47
18 407.0 430.16 -380.36
19 407.0 519.23 -479.81
20 407.0 1048.72 -633.44
21 407.0 546.91 -914.87
22 407.0 561.39 -910.43
23 407.0 577.58 -905.45
24 407.0 378.42 -662.78
25 407.0 374.15 -648.40
26 407.0 556.74 -495.53
27 407.0 580.41 -775.21
28 407.0 598.27 -769.72
29 407.0 614.36 -764.79
30 407.0 313.50 -794.91
31 407.0 435.86 -360.92
32 407.0 448.72 -360.45
33 407.0 814.32 -378.96
34 407.0 222.66 -441.14
35 407.0 922.74 -413.59
6 408.0 555.67 -481.95
7 408.0 556.40 -489.36
8 408.0 447.19 -877.81
9 408.0 298.87 -546.08
10 408.0 315.12 -541.24
11 408.0 335.43 -535.35
12 408.0 662.59 -843.72
13 408.0 592.83 -904.13
14 408.0 490.23 -935.49
15 408.0 376.28 -655.59
16 408.0 424.86 -819.92
17 408.0 456.15 -646.31
18 408.0 440.20 -377.06
19 408.0 512.12 -481.92
20 408.0 1045.28 -636.55
21 408.0 541.16 -916.57
22 408.0 555.67 -912.20
23 408.0 571.69 -907.26
24 408.0 378.42 -662.78
25 408.0 374.15 -648.40
26 408.0 556.74 -495.53
27 408.0 574.24 -777.03
28 408.0 592.00 -771.70
29 408.0 607.92 -766.73
30 408.0 315.62 -801.90
31 408.0 427.10 -363.51
32 408.0 437.89 -363.65
33 408.0 805.47 -376.94
34 408.0 230.24 -434.99
35 408.0 922.74 -413.59
6 409.0 555.67 -481.95
7 409.0 556.40 -489.36
8 409.0 445.08 -870.86
9 409.0 292.07 -548.09
10 409.0 308.38 -543.25
11 409.0 327.95 -537.51
12 409.0 660.32 -836.18
13 409.0 600.71 -901.71
14 409.0 497.46 -933.25
15 409.0 376.28 -655.59
16 409.0 419.98 -823.29
17 409.0 449.52 -648.32
18 409.0 450.37 -374.05
19 409.0 504.88 -483.91
20 409.0 1041.21 -637.83
21 409.0 535.08 -918.38
22 409.0 549.68 -914.05
23 409.0 565.95 -909.02
24 409.0 378.42 -662.78
25 409.0 374.15 -648.40
26 409.0 556.74 -495.53
27 409.0 567.41 -779.04
28 409.0 585.03 -773.81
29 409.0 601.12 -768.82
30 409.0 317.64 -808.54
31 409.0 417.97 -366.21
32 409.0 426.30 -367.08
33 409.0 796.97 -375.07
34 409.0 240.62 -431.69
35 409.0 922.74 -413.59
6 410.0 555.67 -481.95
7 410.0 556.40 -489.36
8 410.0 442.68 -863.00
9 410.0 284.50 -549.80
10 410.0 300.69 -545.55
11 410.0 320.43 -539.70
12 410.0 658.00 -828.47
13 410.0 607.96 -899.49
14 410.0 504.58 -931.04
15 410.0 376.28 -655.59
16 410.0 412.61 -825.49
17 410.0 443.24 -650.22
18 410.0 460.34 -371.11
19 410.0 496.92 -485.98
20 410.0 1035.69 -639.49
21 410.0 528.50 -920.38
22 410.0 543.60 -915.85
23 410.0 560.12 -910.83
24 410.0 378.42 -662.78
25 410.0 374.15 -648.40
26 410.0 556.74 -495.53
27 410.0 561.12 -780.88
28 410.0 577.64 -776.03
29 410.0 593.86 -771.11
30 410.0 319.63 -815.50
31 410.0 408.14 -369.12
32 410.0 414.77 -370.49
33 410.0 787.71 -373.02
34 410.0 252.60 -428.20
35 410.0 922.74 -413.59
6 411.0 555.67 -481.95
7 411.0 556.40 -489.36
8 411.0 440.29 -855.25
9 411.0 277.39 -549.07
10 411.0 293.39 -547.70
11 411.0 313.02 -541.85
12 411.0 655.71 -820.89
13 411.0 615.73 -897.11
14 411.0 512.30 -928.66
15 411.0 376.28 -655.59
16 411.0 404.29 -827.99
17 411.0 437.12 -652.07
18 411.0 470.10 -368.22
19 411.0 489.56 -488.38
20 411.0 1029.74 -641.29
21 411.0 522.52 -922.20
22 411.0 536.50 -917.95
23 411.0 553.80 -912.78
24 411.0 378.42 -662.78
25 411.0 374.15 -648.40
26 411.0 556.74 -495.53
27 411.0 554.81 -782.72
28 411.0 570.90 -778.01
29 411.0 586.37 -773.40
30 411.0 321.69 -822.31
31 411.0 398.56 -372.10
32 411.0 403.54 -373.81
33 411.0 779.51 -371.22
34 411.0 264.96 -424.63
35 411.0 922.74 -413.59
6 412.0 555.67 -481.95
7 412.0 556.40 -489.36
8 412.0 437.84 -847.31
9 412.0 270.10 -551.22
10 412.0 286.03 -549.67
11 412.0 305.12 -544.24
12 412.0 653.41 -813.24
13 412.0 623.72 -894.65
14 412.0 519.24 -926.55
15 412.0 376.28 -655.59
16 412.0 395.43 -830.65
17 412.0 430.03 -654.21
18 412.0 481.00 -365.00
19 412.0 482.61 -490.70
20 412.0 1024.16 -642.97
21 412.0 517.09 -923.85
22 412.0 530.52 -919.77
23 412.0 546.85 -914.88
24 412.0 378.42 -662.78
25 412.0 374.15 -648.40
26 412.0 556.74 -495.53
27 412.0 548.05 -784.70
28 412.0 563.96 -780.05
29 412.0 579.91 -775.36
30 412.0 323.92 -829.37
31 412.0 389.20 -376.39
32 412.0 393.25 -378.53
33 412.0 770.53 -371.05
34 412.0 277.23 -421.10
35 412.0 922.74 -413.59
6 413.0 555.67 -481.95
7 413.0 556.40 -489.36
8 413.0 435.33 -839.23
9 413.0 263.59 -553.15
10 413.0 278.06 -548.87
11 413.0 297.70 -546.43
12 413.0 651.20 -805.92
13 413.0 631.60 -892.22
14 413.0 526.02 -924.48
15 413.0 376.28 -655.59
16 413.0 387.27 -833.09
17 413.0 423.77 -656.10
18 413.0 491.89 -361.78
19 413.0 475.82 -492.76
20 413.0 1017.72 -644.91
21 413.0 511.37 -925.60
22 413.0 525.38 -921.33
23 413.0 540.15 -916.87
24 413.0 378.42 -662.78
25 413.0 374.15 -648.40
26 413.0 556.74 -495.53
27 413.0 541.63 -786.59
28 413.0 557.67 -781.89
29 413.0 573.15 -777.35
30 413.0 326.23 -836.75
31 413.0 379.66 -379.21
32 413.0 381.77 -381.93
33 413.0 762.41 -369.01
34 413.0 286.28 -418.49
35 413.0 922.74 -413.59
6 414.0 555.67 -481.95
7 414.0 556.40 -489.36
8 414.0 432.85 -831.17
9 414.0 256.81 -555.15
10 414.0 272.00 -550.66
11 414.0 290.01 -548.69
12 414.0 648.94 -798.45
13 414.0 639.14 -889.89
14 414.0 533.20 -922.29
15 414.0 376.28 -655.59
16 414.0 378.95 -835.58
17 414.0 417.46 -658.02
18 414.0 498.47 -359.84
19 414.0 469.04 -494.81
20 414.0 1011.91 -646.67
21 414.0 505.89 -927.28
22 414.0 519.63 -923.08
23 414.0 533.90 -918.74
24 414.0 378.42 -662.78
25 414.0 374.15 -648.40
26 414.0 556.74 -495.53
27 414.0 535.62 -788.40
28 414.0 550.40 -784.02
29 414.0 565.87 -779.49
30 414.0 328.21 -843.26
31 414.0 370.92 -381.80
32 414.0 370.83 -385.16
33 414.0 753.93 -367.08
34 414.0 291.00 -417.14
35 414.0 922.74 -413.59
6 415.0 555.67 -481.95
7 415.0 556.40 -489.36
8 415.0 432.14 -824.78
9 415.0 251.86 -556.60
10 415.0 265.53 -552.57
11 415.0 282.01 -548.98
12 415.0 646.84 -791.54
13 415.0 646.39 -887.65
14 415.0 539.96 -920.26
15 415.0 376.28 -655.59
16 415.0 370.04 -838.25
17 415.0 410.86 -660.01
18 415.0 501.11 -359.06
19 415.0 461.87 -496.98
20 415.0 1005.91 -648.49
21 415.0 499.28 -929.33
22 415.0 514.00 -924.80
23 415.0 527.74 -920.61
24 415.0 378.42 -662.78
25 415.0 374.15 -648.40
26 415.0 556.74 -495.53
27 415.0 528.95 -790.41
28 415.0 544.31 -785.80
29 415.0 558.48 -781.65
30 415.0 330.22 -849.82
31 415.0 361.01 -384.73
32 415.0 359.37 -388.56
33 415.0 745.87 -365.24
34 415.0 292.67 -416.66
35 415.0 922.74 -413.59
6 416.0 555.67 -481.95
7 416.0 556.40 -489.36
8 416.0 436.76 -821.59
9 416.0 245.97 -557.10
10 416.0 260.00 -554.21
11 416.0 274.22 -550.01
12 416.0 644.65 -784.30
13 416.0 653.67 -885.41
14 416.0 546.87 -918.21
15 416.0 376.28 -655.59
16 416.0 362.03 -840.65
17 416.0 404.82 -661.84
18 416.0 501.44 -358.96
19 416.0 455.13 -499.02
20 416.0 1002.63 -649.48
21 416.0 493.66 -931.07
22 416.0 507.52 -926.78
23 416.0 521.92 -922.38
24 416.0 378.42 -662.78
25 416.0 374.15 -648.40
26 416.0 556.74 -495.53
27 416.0 522.31 -792.41
28 416.0 537.54 -787.82
29 416.0 552.80 -783.31
30 416.0 332.15 -856.13
31 416.0 351.46 -387.56
32 416.0 347.34 -392.11
33 416.0 737.48 -363.33
34 416.0 292.69 -416.66
35 416.0 922.74 -413.59
6 417.0 555.67 -481.95
7 417.0 556.40 -489.36
8 417.0 444.21 -819.35
9 417.0 242.66 -552.33
10 417.0 254.29 -555.89
11 417.0 268.23 -551.78
12 417.0 642.46 -777.06
13 417.0 661.53 -882.94
14 417.0 554.65 -915.87
15 417.0 376.28 -655.59
16 417.0 353.56 -843.19
17 417.0 398.22 -663.84
18 417.0 501.62 -358.91
19 417.0 448.36 -501.07
20 417.0 997.46 -651.02
21 417.0 488.26 -932.75
22 417.0 502.19 -928.43
23 417.0 516.28 -924.10
24 417.0 378.42 -662.78
25 417.0 374.15 -648.40
26 417.0 556.74 -495.53
27 417.0 515.44 -794.48
28 417.0 531.43 -789.66
29 417.0 545.74 -785.38
30 417.0 334.33 -863.27
31 417.0 344.46 -389.63
32 417.0 334.39 -392.61
33 417.0 727.49 -364.29
34 417.0 292.70 -416.66
35 417.0 922.74 -413.59
6 418.0 555.67 -481.95
7 418.0 556.40 -489.36
8 418.0 451.86 -817.04
9 418.0 240.75 -546.04
10 418.0 248.38 -557.38
11 418.0 262.32 -553.52
12 418.0 640.27 -769.57
13 418.0 668.59 -878.14
14 418.0 561.26 -913.82
15 418.0 376.28 -655.59
16 418.0 345.80 -845.52
17 418.0 392.01 -665.72
18 418.0 501.65 -358.90
19 418.0 440.58 -503.43
20 418.0 991.52 -652.30
21 418.0 481.97 -934.70
22 418.0 497.05 -930.02
23 418.0 510.21 -925.95
24 418.0 378.42 -662.78
25 418.0 374.15 -648.40
26 418.0 556.74 -495.53
27 418.0 508.59 -796.55
28 418.0 524.01 -791.90
29 418.0 540.18 -787.02
30 418.0 336.28 -869.64
31 418.0 336.09 -392.11
32 418.0 322.23 -395.25
33 418.0 719.23 -362.37
34 418.0 292.70 -416.66
35 418.0 922.74 -413.59
6 419.0 555.67 -481.95
7 419.0 556.40 -489.36
8 419.0 458.78 -814.96
9 419.0 238.78 -539.54
10 419.0 243.71 -554.95
11 419.0 256.28 -555.30
12 419.0 637.87 -761.57
13 419.0 670.17 -870.22
14 419.0 568.82 -911.49
15 419.0 376.28 -655.59
16 419.0 341.31 -846.86
17 419.0 390.12 -666.29
18 419.0 501.65 -358.90
19 419.0 433.59 -505.53
20 419.0 985.79 -654.46
21 419.0 476.45 -936.41
22 419.0 490.26 -932.13
23 419.0 505.25 -927.48
24 419.0 378.42 -662.78
25 419.0 374.15 -648.40
26 419.0 556.74 -495.53
27 419.0 501.62 -798.65
28 419.0 517.58 -793.84
29 419.0 533.24 -789.12
30 419.0 338.27 -876.11
31 419.0 326.90 -394.83
32 419.0 310.80 -398.09
33 419.0 710.80 -360.43
34 419.0 292.70 -416.66
35 419.0 922.74 -413.59
6 420.0 555.00 -479.64
7 420.0 556.40 -489.36
8 420.0 466.69 -812.56
9 420.0 236.81 -533.04
10 420.0 241.80 -549.51
11 420.0 251.31 -556.76
12 420.0 635.80 -754.60
13 420.0 667.92 -861.93
14 420.0 576.36 -909.17
15 420.0 376.28 -655.59
16 420.0 335.31 -847.73
17 420.0 389.91 -666.36
18 420.0 503.62 -358.35
19 420.0 425.84 -507.86
20 420.0 980.12 -656.31
21 420.0 472.34 -937.68
22 420.0 484.97 -933.77
23 420.0 498.56 -929.55
24 420.0 378.81 -664.50
25 420.0 374.15 -648.40
26 420.0 556.74 -495.53
27 420.0 495.27 -800.57
28 420.0 510.61 -795.94
29 420.0 527.00 -791.00
30 420.0 340.51 -883.43
31 420.0 317.76 -395.92
32 420.0 299.55 -401.68
33 420.0 702.70 -358.57
34 420.0 294.15 -416.25
35 420.0 922.74 -413.59
6 421.0 554.54 -475.09
7 421.0 556.99 -487.83
8 421.0 474.27 -810.26
9 421.0 234.58 -525.70
10 421.0 239.73 -542.68
11 421.0 245.92 -557.09
12 421.0 633.71 -747.60
13 421.0 665.70 -854.34
14 421.0 583.41 -907.01
15 421.0 376.66 -656.87
16 421.0 331.27 -842.31
17 421.0 389.83 -666.38
18 421.0 507.41 -357.39
19 421.0 418.09 -510.19
20 421.0 973.97 -658.30
21 421.0 467.32 -937.93
22 421.0 480.10 -935.28
23 421.0 492.80 -931.34
24 421.0 378.17 -668.58
25 421.0 374.15 -648.40
26 421.0 556.74 -495.53
27 421.0 489.26 -802.39
28 421.0 504.18 -797.88
29 421.0 520.29 -793.02
30 421.0 342.55 -890.11
31 421.0 308.88 -398.68
32 421.0 287.82 -405.28
33 421.0 694.20 -356.62
34 421.0 297.72 -415.28
35 421.0 922.74 -413.59
6 422.0 559.53 -470.64
7 422.0 556.35 -483.89
8 422.0 481.69 -808.02
9 422.0 232.56 -519.02
10 422.0 237.55 -535.47
11 422.0 242.77 -552.69
12 422.0 631.38 -739.95
13 422.0 663.46 -846.71
14 422.0 590.40 -904.87
15 422.0 377.52 -659.77
16 422.0 328.57 -833.46
17 422.0 389.81 -666.38
18 422.0 513.10 -356.05
19 422.0 410.70 -512.40
20 422.0 967.64 -660.06
21 422.0 464.51 -934.28
22 422.0 475.53 -936.69
23 422.0 488.31 -932.73
24 422.0 372.52 -671.48
25 422.0 374.51 -649.61
26 422.0 556.26 -493.89
27 422.0 483.09 -804.25
28 422.0 497.61 -799.86
29 422.0 513.66 -795.02
30 422.0 344.82 -897.50
31 422.0 298.99 -401.87
32 422.0 276.71 -408.65
33 422.0 686.07 -354.75
34 422.0 302.77 -413.87
35 422.0 922.74 -413.59
6 423.0 567.49 -468.01
7 423.0 554.53 -477.75
8 423.0 488.92 -805.84
9 423.0 230.64 -512.70
10 423.0 235.24 -527.86
11 423.0 240.49 -545.18
12 423.0 629.28 -733.04
13 423.0 661.02 -838.50
14 423.0 597.46 -902.71
15 423.0 378.92 -664.22
16 423.0 325.86 -824.89
17 423.0 389.81 -666.38
18 423.0 521.24 -354.28
19 423.0 403.34 -514.61
20 423.0 962.08 -661.60
21 423.0 462.92 -929.23
22 423.0 471.18 -938.00
23 423.0 483.59 -934.19
24 423.0 365.00 -673.78
25 423.0 375.20 -651.94
26 423.0 555.90 -492.71
27 423.0 476.42 -806.27
28 423.0 491.75 -801.64
29 423.0 507.08 -797.01
30 423.0 346.86 -904.18
31 423.0 290.21 -404.55
32 423.0 265.35 -412.09
33 423.0 677.40 -352.76
34 423.0 309.23 -412.05
35 423.0 922.74 -413.59
6 424.0 575.56 -465.47
7 424.0 556.92 -471.74
8 424.0 496.48 -803.55
9 424.0 228.69 -506.29
10 424.0 233.25 -521.30
11 424.0 238.09 -537.27
12 424.0 626.85 -725.04
13 424.0 658.51 -830.16
14 424.0 604.30 -900.61
15 424.0 382.66 -669.45
16 424.0 323.19 -816.32
17 424.0 389.81 -666.39
18 424.0 531.10 -352.05
19 424.0 396.56 -516.64
20 424.0 956.19 -663.24
21 424.0 461.11 -923.56
22 424.0 466.14 -937.05
23 424.0 478.95 -935.63
24 424.0 357.78 -675.99
25 424.0 376.43 -656.09
26 424.0 554.65 -488.90
27 424.0 470.31 -808.12
28 424.0 485.56 -803.51
29 424.0 501.06 -798.82
30 424.0 348.89 -910.80
31 424.0 280.85 -407.39
32 424.0 254.42 -415.40
33 424.0 669.34 -350.91
34 424.0 317.51 -409.66
35 424.0 922.74 -413.59
6 425.0 583.33 -463.00
7 425.0 563.59 -469.30
8 425.0 503.85 -801.33
9 425.0 226.74 -499.79
10 425.0 231.13 -514.33
11 425.0 235.86 -529.91
12 425.0 624.68 -717.82
13 425.0 656.04 -821.96
14 425.0 611.75 -898.33
15 425.0 390.17 -669.62
16 425.0 320.72 -807.66
17 425.0 389.81 -666.39
18 425.0 541.15 -347.23
19 425.0 388.97 -518.92
20 425.0 950.23 -664.46
21 425.0 459.18 -917.50
22 425.0 464.07 -932.86
23 425.0 474.45 -937.03
24 425.0 349.75 -678.44
25 425.0 378.34 -662.54
26 425.0 552.77 -483.36
27 425.0 463.89 -810.07
28 425.0 478.78 -805.56
29 425.0 495.00 -800.65
30 425.0 350.83 -917.12
31 425.0 271.14 -410.34
32 425.0 243.02 -418.86
33 425.0 660.66 -348.91
34 425.0 327.06 -406.89
35 425.0 922.74 -413.59
6 426.0 590.84 -460.53
7 426.0 572.20 -466.50
8 426.0 511.87 -798.91
9 426.0 224.95 -492.69
10 426.0 229.39 -508.58
11 426.0 233.56 -522.32
12 426.0 622.32 -709.97
13 426.0 653.65 -814.06
14 426.0 618.57 -896.23
15 426.0 398.30 -667.15
16 426.0 318.30 -799.70
17 426.0 389.81 -666.39
18 426.0 551.66 -345.27
19 426.0 381.56 -521.14
20 426.0 943.96 -664.17
21 426.0 457.35 -911.60
22 426.0 462.18 -926.91
23 426.0 469.98 -938.19
24 426.0 342.21 -680.75
25 426.0 378.82 -667.11
26 426.0 550.56 -478.83
27 426.0 457.04 -812.15
28 426.0 472.19 -807.55
29 426.0 488.29 -802.68
30 426.0 353.04 -924.34
31 426.0 261.86 -413.15
32 426.0 231.61 -422.32
33 426.0 651.49 -346.81
34 426.0 338.82 -403.48
35 426.0 922.74 -413.59
6 427.0 598.94 -457.91
7 427.0 579.82 -464.15
8 427.0 518.98 -796.76
9 427.0 225.84 -485.43
10 427.0 227.35 -501.83
11 427.0 231.98 -517.13
12 427.0 620.26 -703.14
13 427.0 651.22 -805.99
14 427.0 625.24 -894.19
15 427.0 406.20 -664.76
16 427.0 315.68 -791.11
17 427.0 389.81 -666.39
18 427.0 562.82 -343.91
19 427.0 373.93 -523.48
20 427.0 938.21 -661.51
21 427.0 455.54 -905.49
22 427.0 460.09 -920.34
23 427.0 465.31 -936.06
24 427.0 335.08 -682.92
25 427.0 375.60 -670.42
26 427.0 545.02 -474.48
27 427.0 450.39 -814.15
28 427.0 465.85 -809.48
29 427.0 481.14 -804.84
30 427.0 355.07 -930.98
31 427.0 253.00 -415.84
32 427.0 219.69 -425.94
33 427.0 642.52 -344.76
34 427.0 350.65 -400.04
35 427.0 922.74 -413.59
6 428.0 606.81 -455.37
7 428.0 588.04 -461.45
8 428.0 526.88 -794.38
9 428.0 222.97 -475.49
10 428.0 225.15 -494.47
11 428.0 229.94 -510.40
12 428.0 618.10 -695.97
13 428.0 648.84 -798.14
14 428.0 632.75 -891.87
15 428.0 414.48 -662.26
16 428.0 313.03 -782.44
17 428.0 389.81 -666.39
18 428.0 573.95 -343.92
19 428.0 366.74 -525.68
20 428.0 933.27 -657.82
21 428.0 453.74 -899.44
22 428.0 458.21 -914.43
23 428.0 463.50 -931.06
24 428.0 326.75 -685.45
25 428.0 371.19 -671.88
26 428.0 537.74 -474.46
27 428.0 444.38 -815.95
28 428.0 459.43 -811.43
29 428.0 474.29 -806.91
30 428.0 357.23 -938.04
31 428.0 243.50 -418.72
32 428.0 211.55 -427.70
33 428.0 633.27 -342.68
34 428.0 362.51 -396.60
35 428.0 922.74 -413.59
6 429.0 614.01 -452.94
7 429.0 596.41 -458.73
8 429.0 534.58 -792.06
9 429.0 220.20 -465.57
10 429.0 226.04 -487.24
11 429.0 227.84 -503.44
12 429.0 615.78 -688.24
13 429.0 646.63 -790.84
14 429.0 639.34 -889.83
15 429.0 422.62 -659.79
16 429.0 310.58 -774.44
17 429.0 389.81 -666.39
18 429.0 584.28 -345.49
19 429.0 359.67 -527.95
20 429.0 928.96 -653.83
21 429.0 451.85 -893.08
22 429.0 456.38 -908.33
23 429.0 461.56 -924.96
24 429.0 318.46 -687.96
25 429.0 365.02 -673.77
26 429.0 533.55 -475.44
27 429.0 438.26 -817.80
28 429.0 453.06 -813.34
29 429.0 467.46 -808.99
30 429.0 359.20 -944.46
31 429.0 234.71 -421.38
32 429.0 203.30 -423.10
33 429.0 624.45 -340.70
34 429.0 374.21 -393.20
35 429.0 922.74 -413.59
6 430.0 621.74 -450.29
7 430.0 604.70 -456.05
8 430.0 541.50 -789.97
9 430.0 217.66 -456.61
10 430.0 223.76 -478.22
11 430.0 225.62 -496.05
12 430.0 613.45 -680.38
13 430.0 644.27 -783.06
14 430.0 646.64 -887.58
15 430.0 431.23 -657.19
16 430.0 308.18 -766.47
17 430.0 389.81 -666.39
18 430.0 595.22 -347.88
19 430.0 353.25 -530.00
20 430.0 924.65 -649.82
21 430.0 450.09 -887.32
22 430.0 454.46 -901.85
23 430.0 459.45 -918.32
24 430.0 311.30 -690.13
25 430.0 358.87 -675.65
26 430.0 527.11 -477.41
27 430.0 433.12 -819.06
28 430.0 447.15 -815.12
29 430.0 461.28 -810.87
30 430.0 361.47 -951.88
31 430.0 225.17 -424.28
32 430.0 199.26 -414.45
33 430.0 615.69 -338.74
34 430.0 386.13 -391.15
35 430.0 922.74 -413.59
6 431.0 629.41 -447.56
7 431.0 612.27 -453.54
8 431.0 548.83 -787.81
9 431.0 216.53 -449.15
10 431.0 220.80 -467.77
11 431.0 225.85 -488.96
12 431.0 611.11 -672.51
13 431.0 641.94 -775.30
14 431.0 653.64 -885.42
15 431.0 438.88 -654.87
16 431.0 305.83 -758.74
17 431.0 389.81 -666.39
18 431.0 606.01 -350.30
19 431.0 349.70 -531.11
20 431.0 919.98 -645.50
21 431.0 448.23 -881.22
22 431.0 452.84 -896.40
23 431.0 457.47 -912.01
24 431.0 304.16 -692.30
25 431.0 352.04 -677.74
26 431.0 520.58 -479.40
27 431.0 429.04 -817.35
28 431.0 441.34 -816.87
29 431.0 455.82 -812.51
30 431.0 363.44 -958.32
31 431.0 219.58 -425.98
32 431.0 195.85 -406.19
33 431.0 607.06 -336.80
34 431.0 398.01 -387.72
35 431.0 922.74 -413.59
6 432.0 637.03 -444.55
7 432.0 620.67 -450.65
8 432.0 556.37 -785.60
9 432.0 219.92 -442.70
10 432.0 218.55 -459.50
11 432.0 224.24 -479.89
12 432.0 609.03 -665.49
13 432.0 639.59 -767.34
14 432.0 660.63 -883.26
15 432.0 446.93 -652.44
16 432.0 303.25 -750.29
17 432.0 389.81 -666.39
18 432.0 616.01 -352.53
19 432.0 344.81 -533.34
20 432.0 915.76 -641.59
21 432.0 446.30 -874.87
22 432.0 450.73 -889.41
23 432.0 455.57 -905.61
24 432.0 296.78 -694.54
25 432.0 345.24 -679.82
26 432.0 514.34 -481.29
27 432.0 427.26 -812.76
28 432.0 436.61 -818.30
29 432.0 449.60 -814.38
30 432.0 364.65 -962.28
31 432.0 213.00 -427.48
32 432.0 192.43 -397.64
33 432.0 598.83 -334.96
34 432.0 409.54 -384.76
35 432.0 922.74 -413.59
6 433.0 643.70 -440.53
7 433.0 628.11 -448.03
8 433.0 564.20 -783.31
9 433.0 226.51 -439.72
10 433.0 216.56 -451.48
11 433.0 221.57 -470.56
12 433.0 607.00 -658.66
13 433.0 637.47 -760.22
14 433.0 666.76 -879.97
15 433.0 455.15 -649.96
16 433.0 300.58 -741.50
17 433.0 389.81 -666.39
18 433.0 625.96 -354.81
19 433.0 342.22 -539.73
20 433.0 910.89 -637.07
21 433.0 444.46 -868.83
22 433.0 448.66 -882.66
23 433.0 453.57 -898.84
24 433.0 289.38 -697.32
25 433.0 338.93 -681.75
26 433.0 508.07 -483.07
27 433.0 425.26 -806.04
28 433.0 432.44 -819.15
29 433.0 444.64 -815.88
30 433.0 366.21 -964.60
31 433.0 205.39 -425.59
32 433.0 190.47 -392.99
33 433.0 590.55 -333.11
34 433.0 421.09 -383.55
35 433.0 922.74 -413.59
6 434.0 650.17 -436.26
7 434.0 635.80 -445.19
8 434.0 571.48 -781.19
9 434.0 234.82 -436.75
10 434.0 218.62 -443.87
11 434.0 218.92 -460.84
12 434.0 604.71 -651.14
13 434.0 635.02 -751.97
14 434.0 670.22 -873.44
15 434.0 463.28 -647.50
16 434.0 298.22 -733.77
17 434.0 389.81 -666.39
18 434.0 637.02 -357.40
19 434.0 343.79 -546.67
20 434.0 906.61 -633.11
21 434.0 442.71 -863.07
22 434.0 446.85 -876.67
23 434.0 451.73 -892.67
24 434.0 286.20 -703.79
25 434.0 332.23 -683.78
26 434.0 500.85 -484.96
27 434.0 423.25 -799.28
28 434.0 428.27 -815.76
29 434.0 441.16 -816.93
30 434.0 368.07 -962.97
31 434.0 201.54 -419.64
32 434.0 188.51 -390.37
33 434.0 582.19 -331.24
34 434.0 432.46 -379.55
35 434.0 922.74 -413.59
6 435.0 657.08 -432.33
7 435.0 642.34 -441.43
8 435.0 579.33 -778.87
9 435.0 244.41 -433.92
10 435.0 226.51 -439.72
11 435.0 216.79 -452.70
12 435.0 602.52 -644.09
13 435.0 632.68 -744.23
14 435.0 669.29 -866.63
15 435.0 471.17 -645.12
16 435.0 295.84 -725.92
17 435.0 389.81 -666.39
18 435.0 646.85 -359.69
19 435.0 345.78 -553.68
20 435.0 902.40 -629.20
21 435.0 440.77 -856.82
22 435.0 445.03 -870.70
23 435.0 449.73 -886.15
24 435.0 287.86 -710.71
25 435.0 325.49 -685.83
26 435.0 494.25 -486.81
27 435.0 421.26 -792.56
28 435.0 426.69 -810.86
29 435.0 436.99 -818.18
30 435.0 367.43 -960.43
31 435.0 198.14 -411.77
32 435.0 183.68 -393.86
33 435.0 573.35 -329.25
34 435.0 443.58 -376.06
35 435.0 922.74 -413.59
6 436.0 665.10 -429.83
7 436.0 649.31 -436.83
8 436.0 586.70 -776.64
9 436.0 254.00 -431.13
10 436.0 236.12 -436.33
11 436.0 218.02 -444.73
12 436.0 600.36 -637.11
13 436.0 630.34 -736.52
14 436.0 667.34 -859.96
15 436.0 478.76 -642.82
16 436.0 293.48 -718.20
17 436.0 389.81 -666.39
18 436.0 657.83 -362.26
19 436.0 347.96 -561.38
20 436.0 898.16 -625.28
21 436.0 438.89 -850.71
22 436.0 443.28 -864.92
23 436.0 447.62 -879.22
24 436.0 290.10 -718.05
25 436.0 318.95 -687.81
26 436.0 487.43 -489.09
27 436.0 419.40 -786.28
28 436.0 424.79 -804.45
29 436.0 431.53 -818.92
30 436.0 366.20 -956.39
31 436.0 195.66 -405.71
32 436.0 186.28 -399.51
33 436.0 564.51 -328.19
34 436.0 455.33 -372.59
35 436.0 922.74 -413.59
6 437.0 673.24 -429.19
7 437.0 657.13 -432.31
8 437.0 593.94 -774.44
9 437.0 262.89 -428.55
10 437.0 245.94 -433.47
11 437.0 225.07 -440.24
12 437.0 598.11 -629.86
13 437.0 628.01 -728.86
14 437.0 665.35 -853.15
15 437.0 486.56 -640.46
16 437.0 291.05 -710.20
17 437.0 389.81 -666.39
18 437.0 668.94 -361.57
19 437.0 350.16 -568.78
20 437.0 894.07 -621.40
21 437.0 437.03 -844.72
22 437.0 441.30 -858.53
23 437.0 445.81 -873.27
24 437.0 292.40 -725.63
25 437.0 312.97 -689.63
26 437.0 481.21 -491.13
27 437.0 417.58 -780.15
28 437.0 422.71 -797.45
29 437.0 428.12 -815.44
30 437.0 364.41 -950.56
31 437.0 193.00 -399.08
32 437.0 189.32 -407.10
33 437.0 557.21 -331.34
34 437.0 466.93 -369.16
35 437.0 922.74 -413.59
6 438.0 681.31 -430.47
7 438.0 664.81 -429.90
8 438.0 601.46 -772.07
9 438.0 272.13 -425.90
10 438.0 254.16 -431.08
11 438.0 235.26 -436.59
12 438.0 595.88 -622.67
13 438.0 625.69 -721.19
14 438.0 663.36 -846.37
15 438.0 494.62 -638.03
16 438.0 288.43 -701.63
17 438.0 389.81 -666.39
18 438.0 679.71 -364.13
19 438.0 352.22 -575.46
20 438.0 889.51 -616.76
21 438.0 435.25 -838.94
22 438.0 439.58 -852.94
23 438.0 444.02 -867.37
24 438.0 294.81 -733.55
25 438.0 306.91 -691.46
26 438.0 475.12 -492.97
27 438.0 415.71 -773.87
28 438.0 420.70 -790.69
29 438.0 426.38 -809.80
30 438.0 362.15 -943.16
31 438.0 190.53 -393.09
32 438.0 192.72 -415.40
33 438.0 549.52 -332.35
34 438.0 478.43 -365.76
35 438.0 922.74 -413.59
6 439.0 689.08 -432.07
7 439.0 672.91 -429.17
8 439.0 609.04 -769.73
9 439.0 282.02 -423.05
10 439.0 263.65 -428.34
11 439.0 244.01 -434.03
12 439.0 593.60 -615.34
13 439.0 623.39 -713.52
14 439.0 661.42 -839.82
15 439.0 502.17 -635.74
16 439.0 286.05 -693.89
17 439.0 389.81 -666.39
18 439.0 690.83 -366.79
19 439.0 354.48 -582.73
20 439.0 885.45 -612.64
21 439.0 433.23 -832.43
22 439.0 437.74 -847.01
23 439.0 442.27 -861.64
24 439.0 297.26 -741.60
25 439.0 300.69 -693.35
26 439.0 468.61 -494.94
27 439.0 413.74 -767.25
28 439.0 418.74 -784.09
29 439.0 424.28 -802.72
30 439.0 360.23 -936.89
31 439.0 189.07 -390.67
32 439.0 195.39 -421.49
33 439.0 541.80 -334.34
34 439.0 490.08 -362.32
35 439.0 922.74 -413.59
6 440.0 697.31 -433.76
7 440.0 680.29 -430.27
8 440.0 616.88 -767.37
9 440.0 290.85 -420.52
10 440.0 273.69 -425.45
11 440.0 253.75 -431.20
12 440.0 591.44 -608.38
13 440.0 620.94 -705.39
14 440.0 659.09 -832.09
15 440.0 509.77 -633.45
16 440.0 283.41 -685.31
17 440.0 389.81 -666.39
18 440.0 700.97 -369.22
19 440.0 356.74 -590.04
20 440.0 881.28 -608.39
21 440.0 431.26 -827.04
22 440.0 435.60 -840.09
23 440.0 440.57 -856.15
24 440.0 299.45 -748.78
25 440.0 294.61 -695.19
26 440.0 462.34 -496.84
27 440.0 411.80 -760.71
28 440.0 416.67 -777.12
29 440.0 422.10 -795.38
30 440.0 358.17 -930.19
31 440.0 186.60 -391.06
32 440.0 198.63 -430.05
33 440.0 532.82 -336.91
34 440.0 501.57 -358.93
35 440.0 922.74 -413.59
6 441.0 704.98 -435.34
7 441.0 687.93 -431.83
8 441.0 623.88 -765.26
9 441.0 299.97 -417.98
10 441.0 282.73 -422.85
11 441.0 263.65 -428.34
12 441.0 589.31 -601.52
13 441.0 618.54 -697.43
14 441.0 657.00 -825.16
15 441.0 517.59 -631.08
16 441.0 280.95 -677.31
17 441.0 389.81 -666.39
18 441.0 711.33 -371.68
19 441.0 359.03 -597.55
20 441.0 876.64 -603.67
21 441.0 426.87 -822.87
22 441.0 433.84 -834.38
23 441.0 438.65 -849.94
24 441.0 301.76 -756.35
25 441.0 288.92 -697.65
26 441.0 455.80 -498.82
27 441.0 409.78 -753.91
28 441.0 414.66 -770.32
29 441.0 419.87 -787.89
30 441.0 355.90 -922.76
31 441.0 184.39 -395.18
32 441.0 201.71 -438.38
33 441.0 526.84 -338.63
34 441.0 513.15 -356.04
35 441.0 922.74 -413.59
6 442.0 713.29 -437.62
7 442.0 695.83 -433.46
8 442.0 628.08 -764.00
9 442.0 309.00 -415.44
10 442.0 291.79 -420.24
11 442.0 272.46 -425.80
12 442.0 586.80 -593.48
13 442.0 616.10 -689.32
14 442.0 654.88 -818.12
15 442.0 525.84 -628.59
16 442.0 278.31 -668.76
17 442.0 389.81 -666.39
18 442.0 721.70 -374.15
19 442.0 361.07 -604.38
20 442.0 872.43 -598.98
21 442.0 421.06 -822.96
22 442.0 432.24 -829.21
23 442.0 436.65 -843.49
24 442.0 304.01 -763.77
25 442.0 286.10 -703.10
26 442.0 449.52 -500.72
27 442.0 408.02 -747.96
28 442.0 412.63 -763.49
29 442.0 417.73 -780.68
30 442.0 353.85 -916.09
31 442.0 186.26 -399.46
32 442.0 205.27 -446.45
33 442.0 521.50 -340.50
34 442.0 525.11 -353.44
35 442.0 922.74 -413.59
6 443.0 719.89 -441.89
7 443.0 704.71 -435.28
8 443.0 633.67 -761.18
9 443.0 317.81 -412.92
10 443.0 300.71 -417.77
11 443.0 281.56 -423.19
12 443.0 584.58 -586.37
13 443.0 613.88 -681.84
14 443.0 652.70 -810.91
15 443.0 534.46 -625.97
16 443.0 275.69 -660.47
17 443.0 389.81 -666.39
18 443.0 732.39 -376.71
19 443.0 363.34 -611.98
20 443.0 870.36 -593.83
21 443.0 414.65 -824.88
22 443.0 428.82 -823.87
23 443.0 434.82 -837.57
24 443.0 306.28 -771.24
25 443.0 287.26 -708.73
26 443.0 443.27 -502.61
27 443.0 405.87 -740.97
28 443.0 410.73 -757.10
29 443.0 415.54 -773.30
30 443.0 351.70 -909.06
31 443.0 188.84 -405.92
32 443.0 210.48 -455.82
33 443.0 520.58 -341.18
34 443.0 536.64 -348.77
35 443.0 922.74 -413.59
6 444.0 724.17 -449.37
7 444.0 712.04 -437.17
8 444.0 635.44 -754.08
9 444.0 327.27 -410.17
10 444.0 308.75 -415.51
11 444.0 290.91 -420.50
12 444.0 582.32 -579.15
13 444.0 611.43 -673.58
14 444.0 650.45 -803.47
15 444.0 542.59 -623.51
16 444.0 273.16 -652.29
17 444.0 389.81 -666.39
18 444.0 742.21 -380.57
19 444.0 365.59 -619.57
20 444.0 868.66 -588.08
21 444.0 409.01 -826.57
22 444.0 423.02 -822.66
23 444.0 432.85 -831.19
24 444.0 308.55 -778.76
25 444.0 289.15 -714.94
26 444.0 436.81 -504.56
27 444.0 403.89 -734.51
28 444.0 408.64 -750.04
29 444.0 413.42 -766.15
30 444.0 349.65 -902.35
31 444.0 191.48 -412.43
32 444.0 213.39 -464.89
33 444.0 520.30 -341.39
34 444.0 548.30 -345.81
35 444.0 922.74 -413.59
6 445.0 726.62 -456.65
7 445.0 719.17 -441.13
8 445.0 633.68 -747.50
9 445.0 336.82 -407.40
10 445.0 318.75 -412.64
11 445.0 299.87 -418.00
12 445.0 579.95 -571.57
13 445.0 609.31 -666.45
14 445.0 648.16 -795.89
15 445.0 550.94 -620.99
16 445.0 270.70 -644.39
17 445.0 389.81 -666.39
18 445.0 752.95 -382.97
19 445.0 367.75 -626.84
20 445.0 866.85 -582.01
21 445.0 403.52 -828.22
22 445.0 416.85 -824.22
23 445.0 431.28 -827.09
24 445.0 310.86 -786.31
25 445.0 291.02 -721.09
26 445.0 430.13 -506.57
27 445.0 402.06 -728.54
28 445.0 406.71 -743.68
29 445.0 411.31 -759.04
30 445.0 347.52 -895.41
31 445.0 194.62 -419.77
32 445.0 216.73 -476.95
33 445.0 517.11 -341.09
34 445.0 560.28 -344.12
35 445.0 922.74 -413.59
6 446.0 729.08 -464.21
7 446.0 723.72 -448.02
8 446.0 631.27 -739.60
9 446.0 346.77 -404.51
10 446.0 327.90 -409.99
11 446.0 309.78 -415.22
12 446.0 577.73 -564.48
13 446.0 607.10 -658.99
14 446.0 645.95 -788.59
15 446.0 558.33 -618.75
16 446.0 267.95 -635.47
17 446.0 389.81 -666.39
18 446.0 763.92 -385.36
19 446.0 369.78 -633.68
20 446.0 865.29 -576.73
21 446.0 396.91 -830.20
22 446.0 411.68 -825.76
23 446.0 426.44 -822.76
24 446.0 313.15 -793.77
25 446.0 293.03 -727.70
26 446.0 422.82 -508.77
27 446.0 400.04 -721.95
28 446.0 404.69 -737.11
29 446.0 409.44 -752.77
30 446.0 345.23 -887.96
31 446.0 197.76 -427.70
32 446.0 219.59 -486.86
33 446.0 516.90 -343.11
34 446.0 572.84 -343.81
35 446.0 922.74 -413.59
6 447.0 731.59 -472.14
7 447.0 726.39 -455.96
8 447.0 629.15 -732.62
9 447.0 356.57 -401.66
10 447.0 338.15 -407.01
11 447.0 319.31 -412.48
12 447.0 575.53 -557.43
13 447.0 604.79 -651.39
14 447.0 643.84 -781.61
15 447.0 566.57 -616.26
16 447.0 265.35 -627.01
17 447.0 389.81 -666.39
18 447.0 774.83 -387.74
19 447.0 372.12 -641.56
20 447.0 863.45 -570.55
21 447.0 390.69 -832.07
22 447.0 404.68 -827.87
23 447.0 420.04 -823.27
24 447.0 315.44 -801.31
25 447.0 294.79 -733.49
26 447.0 416.00 -510.81
27 447.0 397.90 -714.98
28 447.0 402.72 -730.71
29 447.0 407.28 -745.53
30 447.0 343.17 -881.20
31 447.0 200.90 -436.18
32 447.0 221.93 -494.85
33 447.0 516.49 -347.27
34 447.0 585.23 -345.67
35 447.0 922.74 -413.59
6 448.0 735.66 -479.27
7 448.0 728.94 -463.76
8 448.0 626.96 -725.39
9 448.0 365.80 -398.98
10 448.0 347.84 -404.19
11 448.0 329.12 -409.63
12 448.0 573.03 -549.43
13 448.0 602.43 -643.79
14 448.0 641.63 -774.23
15 448.0 573.98 -614.02
16 448.0 262.87 -618.87
17 448.0 389.81 -666.39
18 448.0 785.54 -390.07
19 448.0 374.26 -648.77
20 448.0 861.78 -564.93
21 448.0 384.73 -833.85
22 448.0 398.93 -829.60
23 448.0 413.21 -825.31
24 448.0 317.84 -809.22
25 448.0 296.61 -739.45
26 448.0 408.73 -512.99
27 448.0 395.96 -708.65
28 448.0 400.59 -723.77
29 448.0 405.41 -739.44
30 448.0 341.20 -874.80
31 448.0 203.66 -443.14
32 448.0 224.43 -503.20
33 448.0 516.53 -353.10
34 448.0 597.29 -348.35
35 448.0 922.74 -413.59
6 449.0 742.71 -484.24
7 449.0 731.35 -471.57
8 449.0 624.71 -717.93
9 449.0 375.32 -396.21
10 449.0 356.52 -401.67
11 449.0 338.84 -406.81
12 449.0 570.69 -541.96
13 449.0 599.99 -635.93
14 449.0 639.53 -767.14
15 449.0 579.47 -612.36
16 449.0 260.27 -610.31
17 449.0 389.81 -666.39
18 449.0 796.47 -392.52
19 449.0 376.48 -656.26
20 449.0 859.88 -558.51
21 449.0 379.13 -835.53
22 449.0 393.34 -831.27
23 449.0 407.06 -827.16
24 449.0 319.97 -816.68
25 449.0 298.61 -746.01
26 449.0 401.54 -515.15
27 449.0 394.11 -702.65
28 449.0 398.46 -716.80
29 449.0 403.37 -732.81
30 449.0 338.93 -867.37
31 449.0 207.86 -451.00
32 449.0 227.02 -511.77
33 449.0 516.78 -359.08
34 449.0 609.13 -351.00
35 449.0 922.74 -413.59
6 450.0 751.17 -485.81
7 450.0 735.37 -478.97
8 450.0 622.42 -710.33
9 450.0 385.37 -394.22
10 450.0 366.32 -398.83
11 450.0 347.98 -404.15
12 450.0 568.35 -534.47
13 450.0 597.68 -628.48
14 450.0 637.36 -759.85
15 450.0 583.14 -611.19
16 450.0 257.79 -602.16
17 450.0 389.81 -666.39
18 450.0 807.41 -395.02
19 450.0 378.44 -662.86
20 450.0 857.97 -552.07
21 450.0 373.65 -837.17
22 450.0 387.21 -833.11
23 450.0 401.14 -828.94
24 450.0 322.27 -824.14
25 450.0 300.38 -751.83
26 450.0 394.70 -517.20
27 450.0 392.05 -695.92
28 450.0 396.83 -711.51
29 450.0 401.13 -725.51
30 450.0 336.80 -860.41
31 450.0 211.22 -457.44
32 450.0 229.42 -519.71
33 450.0 516.91 -364.67
34 450.0 621.59 -353.79
35 450.0 922.74 -413.59
6 451.0 758.90 -484.99
7 451.0 742.34 -484.06
8 451.0 620.28 -703.21
9 451.0 394.85 -392.04
10 451.0 376.28 -395.93
11 451.0 357.22 -401.47
12 451.0 565.93 -526.58
13 451.0 595.32 -620.86
14 451.0 635.19 -752.55
15 451.0 583.41 -608.59
16 451.0 255.42 -594.35
17 451.0 389.81 -666.39
18 451.0 818.28 -397.48
19 451.0 378.13 -668.63
20 451.0 856.30 -546.47
21 451.0 367.79 -838.92
22 451.0 382.37 -834.56
23 451.0 395.39 -830.66
24 451.0 324.78 -832.08
25 451.0 302.16 -757.69
26 451.0 387.59 -519.33
27 451.0 390.04 -689.38
28 451.0 394.84 -705.02
29 451.0 399.51 -720.24
30 451.0 335.67 -854.81
31 451.0 214.04 -467.29
32 451.0 231.89 -527.84
33 451.0 517.26 -371.07
34 451.0 633.74 -356.63
35 451.0 922.74 -413.59
6 452.0 766.42 -482.66
7 452.0 749.67 -485.71
8 452.0 618.00 -695.63
9 452.0 403.60 -389.34
10 452.0 386.32 -394.25
11 452.0 366.88 -398.66
12 452.0 563.74 -519.18
13 452.0 592.75 -612.61
14 452.0 633.21 -745.97
15 452.0 580.28 -608.78
16 452.0 252.73 -585.52
17 452.0 389.81 -666.39
18 452.0 828.60 -399.62
19 452.0 372.56 -671.47
20 452.0 854.76 -540.47
21 452.0 362.37 -840.55
22 452.0 376.09 -836.44
23 452.0 390.62 -832.09
24 452.0 327.27 -840.15
25 452.0 304.08 -764.00
26 452.0 380.40 -521.49
27 452.0 388.12 -683.13
28 452.0 392.90 -698.69
29 452.0 397.31 -713.06
30 452.0 338.48 -851.24
31 452.0 216.63 -476.60
32 452.0 234.46 -536.33
33 452.0 517.62 -377.69
34 452.0 645.10 -359.28
35 452.0 922.74 -413.59
6 453.0 774.78 -480.03
7 453.0 757.69 -485.27
8 453.0 615.85 -688.46
9 453.0 413.40 -388.68
10 453.0 394.56 -392.13
11 453.0 376.41 -395.89
12 453.0 561.50 -511.62
13 453.0 590.29 -604.67
14 453.0 630.87 -738.27
15 453.0 575.40 -610.25
16 453.0 250.29 -577.48
17 453.0 389.81 -666.39
18 453.0 838.85 -403.33
19 453.0 364.98 -673.78
20 453.0 853.73 -534.11
21 453.0 356.53 -842.30
22 453.0 370.16 -838.21
23 453.0 384.10 -834.04
24 453.0 329.68 -848.04
25 453.0 305.95 -770.15
26 453.0 373.46 -523.62
27 453.0 386.09 -676.53
28 453.0 390.88 -692.11
29 453.0 395.43 -706.95
30 453.0 343.76 -849.47
31 453.0 219.33 -485.97
32 453.0 236.85 -544.20
33 453.0 518.01 -384.79
34 453.0 656.60 -361.97
35 453.0 922.74 -413.59
6 454.0 782.43 -477.64
7 454.0 765.19 -483.04
8 454.0 613.70 -681.23
9 454.0 422.29 -386.52
10 454.0 403.48 -389.38
11 454.0 384.46 -394.19
12 454.0 559.24 -503.98
13 454.0 587.71 -596.40
14 454.0 628.78 -731.40
15 454.0 568.92 -612.21
16 454.0 248.21 -570.64
17 454.0 389.81 -666.39
18 454.0 848.99 -405.34
19 454.0 357.72 -676.00
20 454.0 853.99 -528.68
21 454.0 350.48 -844.11
22 454.0 364.60 -839.88
23 454.0 377.84 -835.92
24 454.0 331.88 -855.27
25 454.0 307.76 -776.15
26 454.0 367.06 -525.59
27 454.0 383.88 -669.54
28 454.0 388.59 -684.64
29 454.0 393.29 -699.96
30 454.0 350.78 -847.36
31 454.0 221.61 -493.74
32 454.0 239.37 -552.52
33 454.0 518.38 -391.52
34 454.0 668.32 -364.71
35 454.0 922.74 -413.59
6 455.0 790.53 -475.14
7 455.0 773.01 -480.59
8 455.0 611.29 -673.12
9 455.0 431.06 -383.43
10 455.0 413.37 -388.67
11 455.0 393.98 -392.30
12 455.0 556.86 -495.92
13 455.0 585.34 -588.81
14 455.0 626.80 -724.86
15 455.0 560.95 -614.62
16 455.0 249.78 -564.22
17 455.0 389.81 -666.39
18 455.0 859.31 -407.77
19 455.0 350.57 -678.19
20 455.0 851.55 -524.57
21 455.0 344.51 -845.91
22 455.0 358.66 -841.66
23 455.0 372.56 -837.50
24 455.0 334.21 -862.86
25 455.0 309.60 -782.19
26 455.0 361.00 -527.52
27 455.0 381.87 -663.14
28 455.0 386.47 -677.76
29 455.0 391.34 -693.61
30 455.0 357.76 -845.27
31 455.0 223.70 -500.77
32 455.0 241.74 -560.31
33 455.0 518.80 -398.26
34 455.0 680.38 -367.58
35 455.0 922.74 -413.59
6 456.0 798.13 -472.78
7 456.0 781.16 -478.04
8 456.0 609.05 -665.56
9 456.0 440.46 -380.32
10 456.0 421.99 -386.63
11 456.0 404.29 -389.13
12 456.0 555.19 -490.53
13 456.0 582.89 -580.96
14 456.0 624.67 -717.78
15 456.0 552.76 -617.10
16 456.0 256.11 -562.02
17 456.0 389.81 -666.39
18 456.0 869.86 -410.25
19 456.0 342.67 -677.77
20 456.0 847.38 -522.13
21 456.0 340.07 -847.24
22 456.0 353.34 -843.26
23 456.0 367.23 -839.09
24 456.0 336.75 -871.17
25 456.0 311.64 -788.84
26 456.0 354.70 -529.54
27 456.0 380.09 -657.17
28 456.0 384.31 -670.88
29 456.0 389.07 -686.22
30 456.0 364.11 -843.36
31 456.0 225.81 -507.79
32 456.0 244.18 -568.38
33 456.0 520.37 -404.15
34 456.0 691.58 -370.26
35 456.0 922.74 -413.59
6 457.0 805.83 -470.40
7 457.0 788.66 -475.72
8 457.0 606.83 -658.10
9 457.0 449.47 -377.66
10 457.0 431.10 -383.42
11 457.0 412.54 -388.43
12 457.0 553.64 -485.85
13 457.0 580.55 -573.49
14 457.0 622.38 -710.17
15 457.0 544.30 -619.66
16 457.0 264.03 -559.68
17 457.0 389.81 -666.39
18 457.0 880.30 -412.67
19 457.0 335.42 -679.47
20 457.0 845.35 -517.70
21 457.0 334.98 -847.65
22 457.0 349.04 -844.55
23 457.0 361.58 -840.79
24 457.0 339.27 -879.40
25 457.0 313.40 -794.60
26 457.0 350.73 -530.80
27 457.0 378.17 -650.71
28 457.0 382.71 -665.82
29 457.0 387.00 -679.48
30 457.0 370.44 -841.47
31 457.0 227.81 -514.39
32 457.0 246.84 -577.13
33 457.0 522.53 -410.68
34 457.0 702.97 -372.98
35 457.0 922.74 -413.59
6 458.0 812.40 -468.43
7 458.0 797.08 -473.11
8 458.0 604.68 -651.05
9 458.0 459.06 -374.82
10 458.0 440.21 -380.39
11 458.0 422.56 -386.42
12 458.0 552.92 -483.80
13 458.0 578.04 -565.44
14 458.0 620.37 -703.50
15 458.0 536.47 -622.03
16 458.0 272.68 -557.13
17 458.0 389.81 -666.39
18 458.0 890.48 -415.02
19 458.0 327.87 -681.76
20 458.0 843.56 -512.12
21 458.0 332.18 -844.79
22 458.0 344.24 -845.99
23 458.0 357.13 -842.12
24 458.0 341.77 -887.56
25 458.0 315.51 -801.54
26 458.0 344.79 -533.36
27 458.0 376.30 -644.40
28 458.0 380.82 -659.65
29 458.0 385.58 -674.93
30 458.0 377.27 -839.42
31 458.0 229.84 -521.07
32 458.0 249.44 -585.68
33 458.0 524.72 -417.12
34 458.0 714.21 -375.66
35 458.0 922.74 -413.59
6 459.0 820.29 -466.63
7 459.0 804.09 -470.94
8 459.0 602.24 -643.17
9 459.0 468.44 -372.05
10 459.0 449.57 -377.63
11 459.0 431.56 -383.26
12 459.0 552.75 -483.31
13 459.0 575.60 -557.66
14 459.0 618.23 -696.39
15 459.0 528.43 -624.46
16 459.0 280.76 -554.75
17 459.0 389.81 -666.39
18 459.0 901.55 -417.58
19 459.0 320.63 -683.96
20 459.0 841.81 -506.41
21 459.0 330.63 -840.20
22 459.0 339.54 -847.40
23 459.0 352.28 -843.58
24 459.0 344.22 -895.56
25 459.0 317.61 -808.46
26 459.0 342.19 -539.48
27 459.0 374.24 -637.48
28 459.0 378.83 -652.94
29 459.0 383.70 -668.94
30 459.0 384.34 -837.31
31 459.0 231.86 -527.73
32 459.0 251.94 -593.92
33 459.0 526.80 -423.21
34 459.0 726.26 -378.53
35 459.0 922.74 -413.59
6 460.0 826.88 -461.31
7 460.0 811.15 -468.70
8 460.0 599.75 -635.14
9 460.0 477.60 -369.34
10 460.0 459.31 -374.75
11 460.0 440.53 -380.29
12 460.0 552.65 -483.03
13 460.0 573.01 -549.37
14 460.0 615.97 -688.89
15 460.0 520.36 -626.91
16 460.0 288.71 -552.41
17 460.0 389.81 -666.39
18 460.0 911.50 -420.05
19 460.0 313.62 -686.09
20 460.0 839.95 -500.35
21 460.0 328.63 -833.66
22 460.0 334.22 -847.38
23 460.0 348.31 -844.77
24 460.0 346.42 -902.73
25 460.0 319.40 -814.68
26 460.0 343.58 -545.93
27 460.0 372.20 -630.59
28 460.0 376.61 -645.47
29 460.0 381.63 -662.34
30 460.0 390.71 -835.40
31 460.0 233.79 -534.12
32 460.0 254.64 -602.80
33 460.0 528.43 -429.33
34 460.0 737.91 -381.98
35 460.0 922.74 -413.59
6 461.0 830.27 -456.31
7 461.0 815.36 -467.87
8 461.0 597.36 -627.43
9 461.0 486.99 -366.57
10 461.0 468.89 -371.92
11 461.0 449.65 -377.60
12 461.0 552.65 -483.01
13 461.0 570.75 -542.15
14 461.0 613.94 -682.03
15 461.0 512.88 -629.17
16 461.0 296.49 -550.12
17 461.0 389.81 -666.39
18 461.0 918.85 -422.52
19 461.0 306.26 -688.32
20 461.0 837.98 -493.91
21 461.0 326.75 -827.70
22 461.0 331.28 -842.35
23 461.0 342.50 -846.51
24 461.0 348.83 -910.62
25 461.0 321.18 -820.67
26 461.0 345.57 -552.96
27 461.0 370.23 -623.97
28 461.0 374.50 -638.36
29 461.0 379.69 -655.82
30 461.0 397.52 -833.36
31 461.0 235.83 -540.82
32 461.0 257.13 -610.98
33 461.0 527.62 -435.92
34 461.0 749.55 -385.50
35 461.0 922.74 -413.59
6 462.0 836.53 -456.70
7 462.0 821.53 -466.09
8 462.0 595.06 -620.02
9 462.0 496.69 -363.70
10 462.0 477.74 -369.30
11 462.0 459.35 -374.74
12 462.0 552.65 -483.01
13 462.0 568.38 -534.57
14 462.0 611.67 -674.38
15 462.0 505.12 -631.51
16 462.0 304.39 -547.79
17 462.0 389.81 -666.39
18 462.0 920.87 -423.16
19 462.0 298.86 -690.56
20 462.0 836.26 -488.32
21 462.0 325.02 -822.23
22 462.0 329.61 -836.84
23 462.0 337.50 -847.81
24 462.0 351.35 -918.83
25 462.0 323.08 -826.69
26 462.0 347.61 -560.14
27 462.0 368.37 -617.72
28 462.0 372.50 -631.62
29 462.0 377.47 -648.35
30 462.0 404.51 -831.26
31 462.0 238.03 -548.10
32 462.0 259.69 -619.44
33 462.0 529.63 -442.44
34 462.0 761.67 -388.14
35 462.0 922.74 -413.59
6 463.0 844.07 -458.36
7 463.0 827.23 -460.57
8 463.0 592.69 -612.41
9 463.0 505.88 -361.08
10 463.0 487.72 -366.35
11 463.0 468.29 -372.10
12 463.0 552.65 -483.01
13 463.0 566.15 -527.31
14 463.0 609.50 -667.07
15 463.0 497.34 -633.87
16 463.0 312.71 -545.28
17 463.0 389.81 -666.39
18 463.0 919.97 -422.81
19 463.0 294.16 -691.99
20 463.0 834.62 -482.95
21 463.0 323.19 -816.33
22 463.0 327.90 -831.34
23 463.0 332.69 -845.86
24 463.0 353.59 -926.17
25 463.0 325.20 -833.42
26 463.0 349.57 -566.87
27 463.0 366.30 -610.74
28 463.0 370.77 -625.80
29 463.0 375.48 -641.65
30 463.0 410.99 -829.31
31 463.0 240.01 -554.63
32 463.0 262.32 -628.05
33 463.0 531.65 -449.02
34 463.0 773.25 -390.67
35 463.0 922.74 -413.59
6 464.0 854.07 -460.56
7 464.0 831.69 -455.90
8 464.0 590.43 -605.15
9 464.0 511.04 -359.78
10 464.0 496.82 -363.67
11 464.0 478.17 -369.18
12 464.0 552.65 -483.01
13 464.0 563.75 -519.20
14 464.0 607.41 -660.03
15 464.0 488.87 -636.43
16 464.0 321.15 -542.83
17 464.0 389.81 -666.39
18 464.0 920.03 -422.85
19 464.0 287.89 -692.77
20 464.0 832.94 -477.48
21 464.0 321.57 -810.59
22 464.0 325.85 -824.86
23 464.0 330.75 -840.59
24 464.0 355.85 -933.54
25 464.0 327.28 -840.18
26 464.0 351.73 -573.86
27 464.0 364.45 -604.52
28 464.0 368.93 -619.59
29 464.0 373.51 -635.01
30 464.0 417.33 -827.41
31 464.0 242.03 -561.27
32 464.0 264.93 -636.55
33 464.0 533.74 -455.82
34 464.0 785.75 -393.39
35 464.0 922.91 -413.73
6 465.0 865.84 -463.15
7 465.0 837.70 -456.96
8 465.0 588.20 -597.96
9 465.0 515.90 -360.47
10 465.0 502.10 -362.11
11 465.0 487.64 -366.38
12 465.0 552.65 -483.01
13 465.0 561.52 -511.68
14 465.0 605.29 -653.01
15 465.0 481.09 -638.78
16 465.0 328.89 -540.56
17 465.0 387.66 -667.22
18 465.0 924.88 -424.83
19 465.0 284.35 -688.35
20 465.0 830.97 -471.65
21 465.0 319.96 -805.17
22 465.0 323.87 -818.59
23 465.0 328.95 -834.68
24 465.0 358.38 -941.80
25 465.0 329.04 -845.96
26 465.0 353.97 -581.11
27 465.0 362.49 -597.97
28 465.0 366.89 -612.73
29 465.0 371.51 -628.29
30 465.0 421.24 -826.24
31 465.0 244.07 -568.00
32 465.0 267.44 -644.65
33 465.0 535.57 -461.61
34 465.0 797.30 -395.99
35 465.0 926.61 -415.64
6 466.0 879.57 -466.18
7 466.0 845.83 -458.75
8 466.0 585.73 -590.05
9 466.0 520.05 -363.32
10 466.0 506.76 -360.86
11 466.0 492.82 -364.84
12 466.0 552.65 -483.01
13 466.0 559.10 -503.47
14 466.0 603.16 -646.14
15 466.0 473.63 -641.03
16 466.0 334.97 -538.72
17 466.0 384.18 -669.56
18 466.0 930.85 -427.81
19 466.0 282.16 -681.26
20 466.0 826.75 -466.83
21 466.0 318.06 -798.90
22 466.0 322.42 -813.62
23 466.0 326.90 -828.18
24 466.0 360.68 -949.29
25 466.0 331.07 -852.61
26 466.0 355.99 -587.60
27 466.0 360.47 -591.30
28 466.0 365.02 -606.42
29 466.0 369.44 -621.32
30 466.0 426.76 -823.07
31 466.0 246.01 -574.40
32 466.0 270.22 -653.64
33 466.0 536.35 -464.13
34 466.0 809.24 -398.72
35 466.0 931.42 -418.43
6 467.0 884.76 -478.15
7 467.0 855.47 -460.87
8 467.0 583.45 -582.77
9 467.0 520.44 -370.57
10 467.0 512.32 -359.61
11 467.0 497.96 -363.33
12 467.0 552.65 -483.01
13 467.0 556.79 -495.67
14 467.0 600.88 -638.78
15 467.0 465.76 -643.41
16 467.0 341.01 -539.55
17 467.0 382.64 -675.14
18 467.0 937.54 -433.03
19 467.0 279.79 -673.52
20 467.0 820.54 -464.75
21 467.0 316.14 -792.60
22 467.0 320.74 -807.72
23 467.0 325.05 -822.33
24 467.0 363.20 -957.53
25 467.0 332.89 -858.58
26 467.0 358.07 -594.41
27 467.0 358.44 -584.70
28 467.0 363.13 -600.11
29 467.0 367.68 -615.40
30 467.0 428.20 -816.82
31 467.0 248.03 -581.03
32 467.0 272.85 -662.10
33 467.0 536.39 -464.26
34 467.0 821.41 -401.40
35 467.0 937.49 -422.43
6 468.0 888.82 -491.75
7 468.0 866.88 -463.38
8 468.0 581.29 -575.87
9 468.0 520.83 -377.69
10 468.0 516.44 -361.13
11 468.0 503.68 -361.65
12 468.0 552.65 -483.01
13 468.0 555.55 -491.64
14 468.0 598.62 -631.52
15 468.0 457.97 -645.76
16 468.0 343.53 -545.77
17 468.0 384.32 -681.63
18 468.0 944.69 -440.09
19 468.0 277.66 -666.79
20 468.0 814.34 -464.81
21 468.0 314.40 -786.92
22 468.0 318.62 -800.74
23 468.0 323.19 -816.32
24 468.0 365.61 -964.83
25 468.0 334.79 -864.76
26 468.0 360.22 -601.51
27 468.0 356.40 -578.14
28 468.0 361.08 -593.31
29 468.0 365.67 -608.63
30 468.0 426.59 -810.50
31 468.0 249.99 -587.50
32 468.0 275.40 -670.15
33 468.0 536.39 -464.26
34 468.0 830.30 -403.82
35 468.0 945.79 -424.60
6 469.0 892.53 -504.17
7 469.0 879.72 -466.21
8 469.0 578.97 -568.44
9 469.0 521.22 -384.84
10 469.0 520.14 -365.02
11 469.0 508.20 -360.49
12 469.0 552.65 -483.01
13 469.0 555.18 -490.51
14 469.0 596.46 -624.53
15 469.0 450.37 -648.06
16 469.0 345.96 -554.32
17 469.0 386.39 -688.40
18 469.0 952.03 -447.54
19 469.0 275.34 -659.32
20 469.0 808.49 -466.20
21 469.0 312.47 -780.64
22 469.0 316.96 -795.30
23 469.0 321.36 -809.85
24 469.0 370.87 -969.85
25 469.0 336.74 -871.12
26 469.0 362.07 -607.73
27 469.0 354.37 -571.58
28 469.0 359.06 -586.70
29 469.0 363.52 -601.40
30 469.0 424.60 -803.81
31 469.0 252.05 -594.26
32 469.0 277.96 -678.49
33 469.0 536.39 -464.26
34 469.0 834.37 -411.92
35 469.0 950.91 -425.18
6 470.0 895.64 -511.98
7 470.0 884.89 -478.58
8 470.0 576.65 -561.00
9 470.0 521.57 -391.36
10 470.0 520.55 -372.54
11 470.0 513.49 -359.45
12 470.0 552.65 -483.01
13 470.0 555.06 -490.16
14 470.0 594.29 -617.57
15 470.0 442.06 -650.57
16 470.0 348.25 -562.41
17 470.0 388.32 -694.67
18 470.0 957.76 -453.35
19 470.0 273.23 -652.54
20 470.0 802.38 -468.12
21 470.0 310.64 -774.65
22 470.0 315.03 -788.99
23 470.0 319.47 -803.55
24 470.0 378.19 -968.99
25 470.0 338.65 -877.37
26 470.0 364.06 -614.42
27 470.0 352.47 -565.44
28 470.0 356.87 -579.65
29 470.0 361.56 -594.89
30 470.0 422.62 -797.14
31 470.0 254.04 -600.81
32 470.0 280.50 -686.75
33 470.0 536.39 -464.26
34 470.0 832.90 -420.92
35 470.0 950.67 -424.87
6 471.0 902.88 -514.34
7 471.0 889.07 -492.60
8 471.0 574.38 -553.74
9 471.0 521.99 -397.87
10 471.0 520.94 -379.81
11 471.0 516.60 -362.04
12 471.0 552.65 -483.01
13 471.0 554.98 -489.91
14 471.0 592.15 -610.68
15 471.0 434.24 -652.94
16 471.0 350.78 -570.78
17 471.0 390.34 -701.26
18 471.0 963.27 -458.96
19 471.0 270.81 -644.74
20 471.0 796.58 -469.91
21 471.0 308.82 -768.59
22 471.0 313.24 -783.13
23 471.0 317.58 -797.31
24 471.0 385.40 -966.85
25 471.0 340.54 -883.53
26 471.0 366.15 -621.46
27 471.0 350.67 -559.22
28 471.0 354.89 -573.26
29 471.0 359.28 -587.41
30 471.0 420.64 -790.48
31 471.0 256.25 -608.11
32 471.0 282.91 -694.57
33 471.0 536.39 -464.26
34 471.0 830.88 -430.00
35 471.0 960.26 -426.22
6 472.0 910.52 -512.32
7 472.0 892.44 -503.86
8 472.0 572.17 -546.68
9 472.0 523.87 -404.55
10 472.0 521.39 -387.90
11 472.0 520.18 -365.80
12 472.0 552.65 -483.01
13 472.0 554.98 -489.89
14 472.0 590.09 -604.04
15 472.0 426.80 -655.19
16 472.0 353.43 -579.38
17 472.0 392.25 -707.48
18 472.0 968.53 -464.30
19 472.0 268.68 -637.87
20 472.0 790.67 -471.74
21 472.0 306.99 -762.56
22 472.0 311.38 -777.06
23 472.0 315.82 -791.57
24 472.0 392.92 -964.62
25 472.0 342.60 -890.25
26 472.0 368.10 -628.02
27 472.0 348.86 -552.82
28 472.0 352.97 -567.08
29 472.0 357.32 -581.09
30 472.0 418.55 -783.45
31 472.0 258.17 -614.42
32 472.0 285.44 -702.80
33 472.0 536.39 -464.26
34 472.0 829.00 -438.47
35 472.0 968.83 -430.88
6 473.0 918.66 -509.88
7 473.0 895.07 -511.15
8 473.0 569.79 -539.07
9 473.0 526.21 -411.61
10 473.0 521.81 -395.56
11 473.0 520.59 -373.27
12 473.0 552.65 -483.01
13 473.0 554.97 -489.87
14 473.0 587.76 -596.55
15 473.0 419.22 -657.48
16 473.0 355.87 -587.23
17 473.0 394.32 -714.23
18 473.0 974.26 -469.92
19 473.0 266.57 -630.97
20 473.0 784.96 -473.51
21 473.0 305.11 -756.39
22 473.0 309.70 -771.51
23 473.0 314.10 -785.94
24 473.0 400.41 -962.39
25 473.0 344.43 -896.23
26 473.0 370.23 -635.21
27 473.0 347.15 -546.80
28 473.0 351.31 -561.52
29 473.0 355.44 -575.04
30 473.0 416.45 -776.36
31 473.0 260.31 -621.46
32 473.0 288.12 -711.55
33 473.0 536.39 -464.26
34 473.0 827.91 -443.40
35 473.0 973.45 -434.17
6 474.0 925.89 -507.72
7 474.0 902.17 -514.44
8 474.0 567.27 -531.01
9 474.0 528.64 -418.71
10 474.0 523.29 -402.79
11 474.0 521.04 -381.58
12 474.0 552.65 -483.01
13 474.0 554.97 -489.87
14 474.0 585.38 -588.95
15 474.0 410.86 -660.01
16 474.0 358.51 -595.86
17 474.0 396.19 -720.31
18 474.0 980.39 -475.90
19 474.0 264.51 -624.26
20 474.0 778.41 -475.54
21 474.0 303.16 -749.97
22 474.0 307.93 -765.67
23 474.0 312.45 -780.56
24 474.0 407.54 -960.28
25 474.0 346.46 -902.87
26 474.0 372.22 -641.90
27 474.0 346.01 -542.76
28 474.0 349.47 -555.00
29 474.0 353.93 -570.16
30 474.0 414.49 -769.77
31 474.0 262.32 -628.06
32 474.0 290.84 -720.50
33 474.0 536.39 -464.26
34 474.0 826.24 -450.76
35 474.0 976.51 -435.23
6 475.0 933.27 -505.52
7 475.0 909.53 -512.61
8 475.0 564.98 -523.35
9 475.0 530.85 -425.17
10 475.0 525.91 -410.73
11 475.0 521.46 -389.29
12 475.0 552.65 -483.01
13 475.0 554.97 -489.87
14 475.0 583.01 -581.34
15 475.0 403.43 -662.26
16 475.0 361.00 -604.12
17 475.0 398.35 -727.37
18 475.0 986.51 -481.88
19 475.0 262.28 -616.93
20 475.0 771.92 -477.57
21 475.0 301.44 -744.32
22 475.0 305.82 -758.72
23 475.0 310.68 -774.77
24 475.0 415.03 -958.05
25 475.0 348.54 -909.65
26 475.0 374.09 -648.21
27 475.0 344.13 -536.36
28 475.0 348.23 -550.60
29 475.0 351.97 -563.84
30 475.0 412.40 -762.73
31 475.0 264.41 -634.85
32 475.0 293.35 -728.75
33 475.0 536.39 -464.26
34 475.0 824.73 -457.36
35 475.0 977.10 -433.40
6 476.0 940.74 -503.29
7 476.0 917.23 -510.31
8 476.0 562.62 -515.38
9 476.0 530.35 -432.19
10 476.0 528.07 -417.04
11 476.0 521.89 -396.87
12 476.0 552.65 -483.01
13 476.0 554.97 -489.86
14 476.0 580.86 -574.48
15 476.0 394.94 -664.83
16 476.0 363.65 -613.05
17 476.0 400.47 -734.27
18 476.0 992.87 -487.03
19 476.0 260.10 -609.75
20 476.0 766.51 -479.27
21 476.0 299.60 -738.30
22 476.0 304.01 -752.77
23 476.0 308.89 -768.81
24 476.0 422.80 -955.75
25 476.0 350.43 -915.83
26 476.0 375.91 -654.35
27 476.0 342.09 -529.46
28 476.0 346.54 -544.64
29 476.0 350.56 -558.84
30 476.0 410.43 -756.09
31 476.0 266.61 -641.98
32 476.0 295.73 -736.55
33 476.0 536.39 -464.26
34 476.0 824.77 -465.80
35 476.0 977.46 -429.17
6 477.0 948.52 -500.55
7 477.0 925.32 -507.89
8 477.0 560.31 -507.60
9 477.0 531.99 -439.22
10 477.0 530.46 -424.01
11 477.0 523.75 -404.18
12 477.0 552.65 -483.01
13 477.0 554.97 -489.86
14 477.0 578.60 -567.24
15 477.0 388.40 -666.88
16 477.0 366.10 -621.30
17 477.0 402.41 -740.60
18 477.0 997.99 -493.73
19 477.0 257.71 -601.87
20 477.0 760.31 -481.21
21 477.0 297.64 -731.85
22 477.0 301.98 -746.12
23 477.0 307.06 -762.80
24 477.0 430.78 -953.38
25 477.0 352.46 -922.45
26 477.0 377.64 -660.18
27 477.0 339.95 -522.45
28 477.0 344.71 -538.32
29 477.0 349.01 -553.36
30 477.0 408.26 -748.76
31 477.0 268.59 -648.36
32 477.0 298.36 -745.19
33 477.0 536.39 -464.26
34 477.0 828.62 -474.30
35 477.0 973.66 -426.47
6 478.0 952.50 -494.73
7 478.0 933.66 -505.40
8 478.0 558.15 -500.28
9 478.0 534.26 -446.61
10 478.0 530.88 -430.58
11 478.0 526.30 -411.87
12 478.0 552.65 -483.01
13 478.0 554.97 -489.86
14 478.0 576.46 -560.42
15 478.0 382.95 -671.55
16 478.0 368.53 -629.48
17 478.0 404.50 -747.37
18 478.0 1004.87 -498.76
19 478.0 255.32 -594.02
20 478.0 754.62 -482.61
21 478.0 295.65 -725.30
22 478.0 300.25 -740.43
23 478.0 305.24 -756.82
24 478.0 438.53 -951.08
25 478.0 354.54 -929.25
26 478.0 378.16 -661.92
27 478.0 337.82 -515.56
28 478.0 342.70 -531.51
29 478.0 347.06 -546.47
30 478.0 406.01 -741.40
31 478.0 270.57 -654.75
32 478.0 301.06 -754.06
33 478.0 536.39 -464.26
34 478.0 831.26 -482.91
35 478.0 968.41 -423.08
6 479.0 950.69 -487.26
7 479.0 941.95 -502.93
8 479.0 556.81 -495.75
9 479.0 536.38 -453.49
10 479.0 531.84 -438.72
11 479.0 528.73 -418.97
12 479.0 552.65 -483.01
13 479.0 554.97 -489.86
14 479.0 574.22 -553.24
15 479.0 383.50 -678.98
16 479.0 371.03 -637.91
17 479.0 406.57 -754.31
18 479.0 1011.18 -504.40
19 479.0 253.17 -586.96
20 479.0 748.25 -482.38
21 479.0 293.91 -719.60
22 479.0 298.09 -733.32
23 479.0 303.22 -750.19
24 479.0 445.66 -948.96
25 479.0 356.63 -936.08
26 479.0 378.31 -662.44
27 479.0 335.76 -508.90
28 479.0 340.54 -524.36
29 479.0 345.88 -542.30
30 479.0 403.85 -734.38
31 479.0 272.54 -661.10
32 479.0 303.51 -762.12
33 479.0 536.39 -464.26
34 479.0 833.93 -491.62
35 479.0 960.09 -421.44
6 480.0 948.13 -479.63
7 480.0 949.32 -500.18
8 480.0 556.75 -495.53
9 480.0 538.27 -459.52
10 480.0 533.80 -445.11
11 480.0 531.09 -425.85
12 480.0 552.65 -483.01
13 480.0 554.97 -489.86
14 480.0 572.07 -546.35
15 480.0 386.12 -687.52
16 480.0 373.69 -646.86
17 480.0 408.44 -760.61
18 480.0 1013.87 -514.39
19 480.0 250.94 -579.60
20 480.0 742.69 -480.68
21 480.0 292.25 -714.13
22 480.0 296.32 -727.50
23 480.0 301.23 -743.66
24 480.0 453.95 -946.49
25 480.0 358.52 -942.25
26 480.0 378.38 -662.66
27 480.0 333.83 -502.66
28 480.0 338.29 -517.08
29 480.0 344.28 -536.86
30 480.0 401.82 -727.77
31 480.0 274.60 -667.77
32 480.0 306.02 -770.38
33 480.0 536.39 -464.26
34 480.0 836.75 -500.83
35 480.0 950.48 -420.21
6 481.0 945.57 -471.56
7 481.0 952.20 -492.68
8 481.0 556.74 -495.53
9 481.0 539.44 -463.30
10 481.0 535.71 -451.33
11 481.0 530.49 -433.71
12 481.0 552.65 -483.01
13 481.0 554.97 -489.86
14 481.0 569.79 -539.08
15 481.0 388.64 -695.72
16 481.0 375.43 -652.73
17 481.0 410.21 -766.58
18 481.0 1017.42 -525.98
19 481.0 248.88 -572.83
20 481.0 738.05 -477.14
21 481.0 290.32 -707.79
22 481.0 294.64 -722.00
23 481.0 299.25 -737.15
24 481.0 462.30 -944.02
25 481.0 360.39 -948.34
26 481.0 378.41 -662.75
27 481.0 331.71 -495.80
28 481.0 336.53 -511.40
29 481.0 342.14 -529.63
30 481.0 399.84 -721.30
31 481.0 276.75 -674.52
32 481.0 308.40 -778.27
33 481.0 536.39 -464.26
34 481.0 839.28 -509.09
35 481.0 950.11 -420.49
6 482.0 943.21 -463.52
7 482.0 950.09 -485.48
8 482.0 556.74 -495.53
9 482.0 539.44 -463.31
10 482.0 537.04 -455.60
11 482.0 532.76 -441.73
12 482.0 552.65 -483.01
13 482.0 554.97 -489.86
14 482.0 567.61 -532.11
15 482.0 390.92 -703.14
16 482.0 376.05 -654.80
17 482.0 412.00 -772.59
18 482.0 1022.18 -538.72
19 482.0 246.69 -565.64
20 482.0 735.08 -472.09
21 482.0 289.40 -703.14
22 482.0 292.97 -716.49
23 482.0 297.56 -731.59
24 482.0 469.63 -941.84
25 482.0 362.35 -954.77
26 482.0 378.41 -662.77
27 482.0 329.86 -489.82
28 482.0 334.29 -504.17
29 482.0 340.13 -523.04
30 482.0 397.64 -714.15
31 482.0 278.99 -681.85
32 482.0 310.87 -786.33
33 482.0 536.39 -464.26
34 482.0 841.42 -515.92
35 482.0 941.65 -416.13
6 483.0 940.95 -455.61
7 483.0 947.56 -477.88
8 483.0 556.74 -495.53
9 483.0 539.45 -463.31
10 483.0 537.16 -455.98
11 483.0 534.43 -447.15
12 483.0 552.65 -483.01
13 483.0 554.97 -489.86
14 483.0 565.38 -524.70
15 483.0 393.29 -710.86
16 483.0 376.24 -655.46
17 483.0 414.09 -779.65
18 483.0 1024.74 -551.72
19 483.0 244.57 -558.65
20 483.0 733.07 -466.30
21 483.0 292.01 -699.57
22 483.0 291.61 -712.02
23 483.0 295.62 -725.20
24 483.0 477.58 -939.41
25 483.0 364.32 -961.19
26 483.0 378.41 -662.78
27 483.0 327.80 -483.02
28 483.0 332.50 -498.36
29 483.0 338.01 -516.19
30 483.0 395.49 -707.15
31 483.0 280.91 -688.08
32 483.0 313.26 -794.13
33 483.0 536.39 -464.26
34 483.0 842.12 -524.56
35 483.0 932.91 -412.67
6 484.0 938.67 -447.34
7 484.0 945.09 -469.92
8 484.0 556.74 -495.53
9 484.0 539.45 -463.31
10 484.0 537.18 -456.07
11 484.0 534.94 -448.80
12 484.0 552.65 -483.01
13 484.0 554.97 -489.86
14 484.0 563.40 -518.03
15 484.0 395.56 -718.25
16 484.0 376.26 -655.53
17 484.0 415.88 -785.67
18 484.0 1028.60 -564.53
19 484.0 242.32 -551.21
20 484.0 731.23 -460.36
21 484.0 296.96 -697.82
22 484.0 290.03 -706.83
23 484.0 294.29 -720.84
24 484.0 485.87 -936.84
25 484.0 366.70 -967.20
26 484.0 378.41 -662.78
27 484.0 325.80 -476.40
28 484.0 330.50 -491.90
29 484.0 335.93 -509.47
30 484.0 393.41 -700.35
31 484.0 282.98 -694.80
32 484.0 315.66 -802.04
33 484.0 536.39 -464.26
34 484.0 841.23 -532.74
35 484.0 924.93 -406.17
6 485.0 937.23 -441.90
7 485.0 942.83 -462.19
8 485.0 556.74 -495.53
9 485.0 539.45 -463.31
10 485.0 537.21 -456.14
11 485.0 534.96 -448.87
12 485.0 552.65 -483.01
13 485.0 554.97 -489.86
14 485.0 561.30 -510.91
15 485.0 398.11 -726.57
16 485.0 376.27 -655.56
17 485.0 417.77 -792.05
18 485.0 1032.57 -577.49
19 485.0 240.00 -543.56
20 485.0 729.20 -454.29
21 485.0 303.41 -695.87
22 485.0 289.61 -702.36
23 485.0 292.83 -716.04
24 485.0 493.04 -934.62
25 485.0 371.89 -970.11
26 485.0 378.42 -662.78
27 485.0 323.81 -469.93
28 485.0 328.35 -484.85
29 485.0 333.95 -503.05
30 485.0 391.46 -694.02
31 485.0 285.27 -702.23
32 485.0 318.18 -810.41
33 485.0 536.39 -464.26
34 485.0 846.04 -536.86
35 485.0 916.23 -403.17
6 486.0 937.03 -440.72
7 486.0 940.36 -453.49
8 486.0 556.74 -495.53
9 486.0 539.45 -463.31
10 486.0 537.21 -456.15
11 486.0 534.98 -448.94
12 486.0 552.65 -483.01
13 486.0 554.97 -489.86
14 486.0 559.58 -505.12
15 486.0 400.58 -734.63
16 486.0 376.28 -655.58
17 486.0 419.70 -798.52
18 486.0 1036.59 -590.54
19 486.0 237.83 -536.40
20 486.0 727.21 -448.38
21 486.0 309.96 -693.88
22 486.0 293.93 -698.74
23 486.0 291.55 -711.83
24 486.0 501.04 -932.14
25 486.0 377.66 -969.15
26 486.0 378.42 -662.78
27 486.0 321.95 -463.87
28 486.0 326.49 -478.67
29 486.0 331.88 -496.37
30 486.0 389.28 -686.91
31 486.0 287.40 -709.18
32 486.0 320.43 -818.32
33 486.0 536.39 -464.26
34 486.0 852.21 -535.73
35 486.0 906.85 -400.64
6 487.0 936.63 -437.28
7 487.0 939.15 -449.10
8 487.0 556.74 -495.53
9 487.0 539.45 -463.31
10 487.0 537.21 -456.15
11 487.0 534.99 -448.97
12 487.0 552.65 -483.01
13 487.0 554.97 -489.86
14 487.0 558.92 -502.88
15 487.0 403.00 -742.51
16 487.0 376.28 -655.59
17 487.0 421.68 -805.21
18 487.0 1040.60 -603.59
19 487.0 235.46 -528.58
20 487.0 724.27 -442.49
21 487.0 315.99 -692.05
22 487.0 300.20 -696.84
23 487.0 289.80 -706.08
24 487.0 509.02 -929.66
25 487.0 384.50 -967.11
26 487.0 378.42 -662.78
27 487.0 319.83 -456.98
28 487.0 324.43 -471.93
29 487.0 329.74 -489.44
30 487.0 387.24 -680.24
31 487.0 289.63 -716.51
32 487.0 323.08 -826.71
33 487.0 536.39 -464.26
34 487.0 855.87 -529.50
35 487.0 897.67 -398.49
6 488.0 936.20 -432.43
7 488.0 938.16 -445.49
8 488.0 556.74 -495.53
9 488.0 539.45 -463.31
10 488.0 537.21 -456.15
11 488.0 534.99 -448.98
12 488.0 552.65 -483.01
13 488.0 554.97 -489.86
14 488.0 558.89 -502.79
15 488.0 405.61 -751.09
16 488.0 376.28 -655.59
17 488.0 423.57 -811.58
18 488.0 1044.45 -616.07
19 488.0 233.34 -521.61
20 488.0 720.00 -437.69
21 488.0 322.61 -690.04
22 488.0 306.63 -694.89
23 488.0 290.16 -701.09
24 488.0 516.13 -927.49
25 488.0 390.96 -965.20
26 488.0 378.42 -662.78
27 488.0 317.83 -450.45
28 488.0 322.47 -465.58
29 488.0 327.62 -482.41
30 488.0 386.51 -677.87
31 488.0 291.55 -722.84
32 488.0 325.66 -834.86
33 488.0 536.39 -464.26
34 488.0 862.38 -527.04
35 488.0 888.72 -396.19
6 489.0 935.56 -425.17
7 489.0 937.03 -440.73
8 489.0 556.74 -495.53
9 489.0 539.45 -463.31
10 489.0 537.21 -456.15
11 489.0 534.99 -448.98
12 489.0 552.65 -483.01
13 489.0 554.97 -489.86
14 489.0 558.88 -502.73
15 489.0 407.84 -758.60
16 489.0 376.28 -655.59
17 489.0 424.94 -816.45
18 489.0 1047.45 -625.82
19 489.0 231.25 -514.70
20 489.0 714.52 -434.67
21 489.0 327.99 -688.41
22 489.0 312.82 -693.01
23 489.0 294.96 -698.43
24 489.0 523.42 -925.27
25 489.0 397.51 -963.25
26 489.0 378.42 -662.78
27 489.0 315.77 -443.69
28 489.0 320.40 -458.82
29 489.0 325.60 -475.74
30 489.0 386.45 -677.69
31 489.0 293.55 -729.42
32 489.0 328.12 -842.97
33 489.0 536.39 -464.26
34 489.0 870.54 -524.53
35 489.0 879.53 -393.93
6 490.0 934.86 -417.39
7 490.0 936.36 -434.24
8 490.0 556.74 -495.53
9 490.0 539.45 -463.31
10 490.0 537.21 -456.15
11 490.0 534.99 -448.98
12 490.0 552.65 -483.01
13 490.0 554.97 -489.86
14 490.0 558.87 -502.73
15 490.0 410.04 -766.01
16 490.0 376.28 -655.59
17 490.0 424.21 -820.97
18 490.0 1048.96 -631.74
19 490.0 228.91 -507.00
20 490.0 709.16 -432.93
21 490.0 334.47 -686.44
22 490.0 319.44 -691.00
23 490.0 301.19 -696.54
24 490.0 530.52 -923.11
25 490.0 403.50 -961.47
26 490.0 378.42 -662.78
27 490.0 313.97 -437.82
28 490.0 318.30 -451.98
29 490.0 323.40 -468.60
30 490.0 386.45 -677.69
31 490.0 295.65 -736.30
32 490.0 330.57 -850.96
33 490.0 536.39 -464.26
34 490.0 878.69 -522.02
35 490.0 870.33 -391.82
6 491.0 934.47 -412.99
7 491.0 935.72 -426.98
8 491.0 556.74 -495.53
9 491.0 539.45 -463.31
10 491.0 537.21 -456.15
11 491.0 534.99 -448.98
12 491.0 552.65 -483.01
13 491.0 554.97 -489.86
14 491.0 558.87 -502.72
15 491.0 412.49 -774.27
16 491.0 376.28 -655.59
17 491.0 419.18 -823.53
18 491.0 1045.27 -636.55
19 491.0 226.64 -499.44
20 491.0 703.47 -431.76
21 491.0 340.20 -684.70
22 491.0 325.47 -689.17
23 491.0 307.24 -694.71
24 491.0 537.70 -920.93
25 491.0 410.29 -959.46
26 491.0 378.42 -662.78
27 491.0 311.95 -431.25
28 491.0 316.66 -446.60
29 491.0 321.32 -461.82
30 491.0 386.45 -677.68
31 491.0 297.58 -742.64
32 491.0 333.27 -859.82
33 491.0 536.39 -464.26
34 491.0 886.57 -519.59
35 491.0 860.59 -389.59
6 492.0 930.07 -408.19
7 492.0 935.31 -422.42
8 492.0 556.74 -495.53
9 492.0 539.45 -463.31
10 492.0 537.21 -456.15
11 492.0 534.99 -448.98
12 492.0 552.65 -483.01
13 492.0 554.97 -489.86
14 492.0 558.87 -502.72
15 492.0 414.70 -781.70
16 492.0 376.28 -655.59
17 492.0 412.58 -825.49
18 492.0 1039.66 -638.29
19 492.0 224.90 -492.11
20 492.0 697.35 -430.50
21 492.0 345.63 -683.05
22 492.0 330.92 -687.52
23 492.0 313.69 -692.75
24 492.0 545.73 -918.55
25 492.0 416.56 -957.60
26 492.0 378.42 -662.78
27 492.0 310.49 -426.62
28 492.0 314.61 -439.91
29 492.0 319.47 -455.79
30 492.0 386.45 -677.68
31 492.0 299.77 -749.84
32 492.0 335.86 -868.26
33 492.0 536.39 -464.26
34 492.0 890.40 -518.40
35 492.0 851.65 -387.53
6 493.0 922.14 -405.12
7 493.0 934.73 -415.88
8 493.0 556.74 -495.53
9 493.0 539.45 -463.31
10 493.0 537.21 -456.15
11 493.0 534.99 -448.98
12 493.0 552.65 -483.01
13 493.0 554.97 -489.86
14 493.0 558.87 -502.72
15 493.0 417.17 -790.01
16 493.0 376.28 -655.59
17 493.0 406.18 -827.42
18 493.0 1031.79 -640.67
19 493.0 225.53 -484.35
20 493.0 691.31 -429.26
21 493.0 351.21 -681.34
22 493.0 336.17 -685.93
23 493.0 319.85 -690.88
24 493.0 553.42 -916.25
25 493.0 423.47 -955.55
26 493.0 378.42 -662.78
27 493.0 309.05 -420.79
28 493.0 313.26 -435.50
29 493.0 317.17 -448.29
30 493.0 386.45 -677.68
31 493.0 301.79 -756.45
32 493.0 338.30 -876.23
33 493.0 536.39 -464.26
34 493.0 896.51 -516.55
35 493.0 842.65 -385.47
6 494.0 912.65 -402.20
7 494.0 930.95 -408.58
8 494.0 556.74 -495.53
9 494.0 539.45 -463.31
10 494.0 537.21 -456.15
11 494.0 534.99 -448.98
12 494.0 552.65 -483.01
13 494.0 554.97 -489.86
14 494.0 558.87 -502.72
15 494.0 419.43 -797.62
16 494.0 376.28 -655.59
17 494.0 399.55 -829.41
18 494.0 1024.23 -642.95
19 494.0 222.80 -474.90
20 494.0 684.63 -427.89
21 494.0 356.62 -679.69
22 494.0 341.78 -684.23
23 494.0 326.17 -688.96
24 494.0 561.24 -913.83
25 494.0 429.60 -953.73
26 494.0 378.42 -662.78
27 494.0 310.55 -415.57
28 494.0 311.29 -429.15
29 494.0 315.88 -444.06
30 494.0 386.45 -677.68
31 494.0 304.01 -763.76
32 494.0 340.72 -884.12
33 494.0 536.39 -464.26
34 494.0 904.72 -514.05
35 494.0 833.62 -383.40
6 495.0 902.36 -399.59
7 495.0 921.87 -405.03
8 495.0 556.74 -495.53
9 495.0 539.45 -463.31
10 495.0 537.21 -456.15
11 495.0 534.99 -448.98
12 495.0 552.65 -483.01
13 495.0 554.97 -489.86
14 495.0 558.87 -502.72
15 495.0 421.75 -805.42
16 495.0 376.28 -655.59
17 495.0 392.90 -831.41
18 495.0 1016.71 -645.22
19 495.0 219.90 -464.46
20 495.0 677.94 -426.47
21 495.0 362.94 -677.75
22 495.0 347.25 -682.55
23 495.0 332.69 -686.98
24 495.0 568.90 -911.46
25 495.0 435.51 -951.98
26 495.0 378.42 -662.78
27 495.0 315.36 -413.63
28 495.0 310.13 -425.45
29 495.0 313.94 -437.72
30 495.0 386.45 -677.68
31 495.0 306.21 -771.02
32 495.0 343.14 -892.03
33 495.0 536.39 -464.26
34 495.0 913.18 -511.52
35 495.0 824.16 -381.22
6 496.0 891.48 -396.91
7 496.0 912.05 -402.05
8 496.0 556.74 -495.53
9 496.0 539.45 -463.31
10 496.0 537.21 -456.15
11 496.0 534.99 -448.98
12 496.0 552.65 -483.01
13 496.0 554.97 -489.86
14 496.0 558.87 -502.72
15 496.0 424.00 -813.01
16 496.0 376.28 -655.59
17 496.0 386.56 -833.31
18 496.0 1009.04 -647.53
19 496.0 217.37 -455.64
20 496.0 671.68 -425.92
21 496.0 369.09 -675.87
22 496.0 354.62 -680.30
23 496.0 337.94 -685.39
24 496.0 575.99 -909.29
25 496.0 442.15 -950.00
26 496.0 378.42 -662.78
27 496.0 321.98 -411.71
28 496.0 309.06 -420.03
29 496.0 312.59 -433.30
30 496.0 386.45 -677.68
31 496.0 308.31 -777.98
32 496.0 345.53 -899.84
33 496.0 536.39 -464.26
34 496.0 922.40 -508.77
35 496.0 814.34 -378.97
6 497.0 880.53 -394.16
7 497.0 901.10 -399.29
8 497.0 556.74 -495.53
9 497.0 539.45 -463.31
10 497.0 537.21 -456.15
11 497.0 534.99 -448.98
12 497.0 552.65 -483.01
13 497.0 554.97 -489.86
14 497.0 558.87 -502.72
15 497.0 425.06 -819.13
16 497.0 376.28 -655.59
17 497.0 379.91 -835.30
18 497.0 1003.67 -649.16
19 497.0 216.67 -448.15
20 497.0 665.14 -426.54
21 497.0 375.09 -674.04
22 497.0 361.05 -678.33
23 497.0 344.70 -683.33
24 497.0 583.87 -906.87
25 497.0 449.15 -947.92
26 497.0 378.42 -662.78
27 497.0 330.90 -409.12
28 497.0 312.30 -414.61
29 497.0 311.07 -428.46
30 497.0 386.45 -677.68
31 497.0 310.58 -785.37
32 497.0 348.13 -908.33
33 497.0 536.39 -464.26
34 497.0 931.25 -506.12
35 497.0 805.31 -376.91
6 498.0 869.43 -391.61
7 498.0 889.58 -396.41
8 498.0 556.74 -495.53
9 498.0 539.45 -463.31
10 498.0 537.21 -456.15
11 498.0 534.99 -448.98
12 498.0 552.65 -483.01
13 498.0 554.97 -489.86
14 498.0 558.87 -502.72
15 498.0 420.59 -823.10
16 498.0 376.28 -655.59
17 498.0 373.98 -837.07
18 498.0 996.04 -651.63
19 498.0 221.81 -441.63
20 498.0 658.54 -428.32
21 498.0 380.50 -674.13
22 498.0 367.20 -676.45
23 498.0 350.83 -681.46
24 498.0 591.62 -904.50
25 498.0 454.95 -946.19
26 498.0 378.42 -662.78
27 498.0 339.15 -406.72
28 498.0 317.63 -412.97
29 498.0 309.43 -422.61
30 498.0 386.45 -677.68
31 498.0 312.53 -791.73
32 498.0 350.75 -916.87
33 498.0 536.39 -464.26
34 498.0 939.36 -503.70
35 498.0 796.40 -374.94
6 499.0 858.89 -389.19
7 499.0 878.74 -393.75
8 499.0 556.74 -495.53
9 499.0 539.45 -463.31
10 499.0 537.21 -456.15
11 499.0 534.99 -448.98
12 499.0 552.65 -483.01
13 499.0 554.97 -489.86
14 499.0 558.87 -502.72
15 499.0 412.77 -825.44
16 499.0 376.28 -655.59
17 499.0 367.91 -838.89
18 499.0 988.80 -653.25
19 499.0 229.34 -438.71
20 499.0 652.39 -431.15
21 499.0 383.06 -677.63
22 499.0 371.83 -675.03
23 499.0 356.80 -679.63
24 499.0 599.34 -902.13
25 499.0 461.48 -944.26
26 499.0 378.42 -662.78
27 499.0 347.93 -404.17
28 499.0 325.29 -410.75
29 499.0 309.77 -416.78
30 499.0 386.45 -677.68
31 499.0 314.78 -799.15
32 499.0 353.30 -925.19
33 499.0 536.39 -464.26
34 499.0 946.96 -501.54
35 499.0 786.66 -372.79
6 500.0 848.48 -383.52
7 500.0 868.01 -391.29
8 500.0 556.74 -495.53
9 500.0 539.45 -463.31
10 500.0 537.21 -456.15
11 500.0 534.99 -448.98
12 500.0 552.65 -483.01
13 500.0 554.97 -489.86
14 500.0 558.87 -502.72
15 500.0 404.85 -827.82
16 500.0 376.28 -655.59
17 500.0 360.83 -841.01
18 500.0 981.18 -655.96
19 500.0 238.52 -435.63
20 500.0 647.01 -434.52
21 500.0 384.40 -681.89
22 500.0 376.73 -673.70
23 500.0 362.29 -677.95
24 500.0 607.58 -899.61
25 500.0 467.93 -942.34
26 500.0 378.42 -662.78
27 500.0 356.22 -401.76
28 500.0 334.39 -408.10
29 500.0 314.81 -413.79
30 500.0 386.45 -677.68
31 500.0 316.87 -806.03
32 500.0 356.02 -934.09
33 500.0 536.39 -464.26
34 500.0 955.08 -503.34
35 500.0 777.50 -370.77
6 501.0 838.09 -381.14
7 501.0 856.44 -388.63
8 501.0 556.74 -495.53
9 501.0 539.45 -463.31
10 501.0 537.21 -456.15
11 501.0 534.99 -448.98
12 501.0 552.65 -483.01
13 501.0 554.97 -489.86
14 501.0 558.87 -502.72
15 501.0 397.43 -830.05
16 501.0 376.28 -655.59
17 501.0 353.84 -843.11
18 501.0 973.75 -658.36
19 501.0 248.74 -432.66
20 501.0 641.62 -438.08
21 501.0 386.08 -687.39
22 501.0 380.35 -674.01
23 501.0 367.41 -676.39
24 501.0 615.80 -897.09
25 501.0 474.18 -940.46
26 501.0 378.42 -662.78
27 501.0 365.31 -399.12
28 501.0 343.89 -405.34
29 501.0 323.02 -411.41
30 501.0 386.45 -677.68
31 501.0 318.80 -812.59
32 501.0 358.43 -941.96
33 501.0 536.39 -464.26
34 501.0 958.64 -510.13
35 501.0 768.29 -370.35
6 502.0 826.69 -378.52
7 502.0 844.72 -385.94
8 502.0 556.74 -495.53
9 502.0 539.45 -463.31
10 502.0 537.21 -456.15
11 502.0 534.99 -448.98
12 502.0 552.65 -483.01
13 502.0 554.97 -489.86
14 502.0 558.87 -502.72
15 502.0 389.54 -832.41
16 502.0 376.28 -655.59
17 502.0 347.62 -844.97
18 502.0 966.23 -660.45
19 502.0 258.50 -429.82
20 502.0 636.76 -441.08
21 502.0 388.02 -693.68
22 502.0 383.38 -678.57
23 502.0 371.27 -675.21
24 502.0 623.23 -894.80
25 502.0 481.16 -938.30
26 502.0 378.42 -662.78
27 502.0 373.76 -396.66
28 502.0 353.65 -402.51
29 502.0 332.75 -408.58
30 502.0 386.45 -677.68
31 502.0 320.75 -819.34
32 502.0 360.89 -949.98
33 502.0 536.39 -464.26
34 502.0 961.31 -518.10
35 502.0 759.11 -368.26
6 503.0 815.72 -376.00
7 503.0 832.94 -383.24
8 503.0 556.74 -495.53
9 503.0 539.45 -463.31
10 503.0 537.21 -456.15
11 503.0 534.99 -448.98
12 503.0 552.65 -483.01
13 503.0 554.97 -489.86
14 503.0 558.87 -502.72
15 503.0 381.10 -834.94
16 503.0 376.28 -655.59
17 503.0 341.41 -846.84
18 503.0 958.89 -662.49
19 503.0 266.92 -424.06
20 503.0 631.19 -443.49
21 503.0 389.80 -699.51
22 503.0 385.48 -685.41
23 503.0 376.63 -673.72
24 503.0 631.08 -892.38
25 503.0 487.49 -936.34
26 503.0 378.42 -662.78
27 503.0 382.19 -394.35
28 503.0 363.62 -399.61
29 503.0 342.41 -405.77
30 503.0 386.45 -677.68
31 503.0 322.83 -825.92
32 503.0 363.28 -957.80
33 503.0 536.39 -464.26
34 503.0 963.96 -527.38
35 503.0 748.35 -369.09
6 504.0 804.76 -373.51
7 504.0 822.33 -380.80
8 504.0 556.74 -495.53
9 504.0 539.45 -463.31
10 504.0 537.21 -456.15
11 504.0 534.99 -448.98
12 504.0 552.65 -483.01
13 504.0 554.97 -489.86
14 504.0 558.87 -502.72
15 504.0 372.98 -837.37
16 504.0 376.28 -655.59
17 504.0 336.38 -847.98
18 504.0 951.19 -664.33
19 504.0 276.38 -421.34
20 504.0 625.42 -445.61
21 504.0 391.69 -705.66
22 504.0 387.39 -691.63
23 504.0 381.38 -674.90
24 504.0 639.05 -889.92
25 504.0 494.07 -934.30
26 504.0 378.42 -662.78
27 504.0 391.64 -393.02
28 504.0 371.95 -397.19
29 504.0 352.50 -402.84
30 504.0 386.45 -677.68
31 504.0 325.07 -833.02
32 504.0 364.57 -962.00
33 504.0 536.39 -464.26
34 504.0 966.40 -535.89
35 504.0 738.31 -366.80
6 505.0 794.12 -371.17
7 505.0 811.03 -378.21
8 505.0 556.74 -495.53
9 505.0 539.45 -463.31
10 505.0 537.21 -456.15
11 505.0 534.99 -448.98
12 505.0 552.65 -483.01
13 505.0 554.97 -489.86
14 505.0 558.87 -502.72
15 505.0 365.29 -839.67
16 505.0 376.28 -655.59
17 505.0 332.53 -845.53
18 505.0 943.23 -664.00
19 505.0 285.96 -418.58
20 505.0 620.03 -447.49
21 505.0 393.64 -712.02
22 505.0 389.06 -697.08
23 505.0 383.55 -679.13
24 505.0 646.82 -887.52
25 505.0 499.94 -932.48
26 505.0 378.42 -662.78
27 505.0 400.61 -390.27
28 505.0 381.66 -394.45
29 505.0 362.23 -400.01
30 505.0 386.45 -677.68
31 505.0 327.21 -839.97
32 505.0 366.60 -964.67
33 505.0 536.39 -464.26
34 505.0 968.98 -544.78
35 505.0 729.27 -364.71
6 506.0 783.83 -368.90
7 506.0 799.59 -375.65
8 506.0 556.74 -495.53
9 506.0 539.45 -463.31
10 506.0 537.21 -456.15
11 506.0 534.99 -448.98
12 506.0 552.65 -483.01
13 506.0 554.97 -489.86
14 506.0 558.87 -502.72
15 506.0 357.54 -842.00
16 506.0 376.28 -655.59
17 506.0 330.83 -840.88
18 506.0 935.94 -659.94
19 506.0 291.22 -417.08
20 506.0 613.53 -449.72
21 506.0 395.54 -718.20
22 506.0 391.16 -703.92
23 506.0 385.59 -685.77
24 506.0 654.69 -885.09
25 506.0 506.30 -930.51
26 506.0 378.42 -662.78
27 506.0 409.51 -387.86
28 506.0 390.69 -393.32
29 506.0 371.43 -397.34
30 506.0 386.45 -677.68
31 506.0 329.19 -846.46
32 506.0 367.80 -961.63
33 506.0 536.39 -464.26
34 506.0 971.38 -553.01
35 506.0 719.62 -362.46
6 507.0 772.79 -365.18
7 507.0 787.88 -373.06
8 507.0 556.74 -495.53
9 507.0 539.45 -463.31
10 507.0 537.21 -456.15
11 507.0 534.99 -448.98
12 507.0 552.65 -483.01
13 507.0 554.97 -489.86
14 507.0 558.87 -502.72
15 507.0 349.02 -844.55
16 507.0 376.28 -655.59
17 507.0 328.87 -834.41
18 507.0 929.64 -654.45
19 507.0 292.43 -416.73
20 507.0 607.95 -451.63
21 507.0 397.19 -723.59
22 507.0 393.11 -710.28
23 507.0 387.57 -692.22
24 507.0 661.91 -882.76
25 507.0 512.75 -928.52
26 507.0 378.42 -662.78
27 507.0 418.64 -387.81
28 507.0 399.40 -390.64
29 507.0 380.83 -394.61
30 507.0 386.45 -677.68
31 507.0 331.40 -853.68
32 507.0 365.95 -955.59
33 507.0 536.39 -464.26
34 507.0 973.79 -561.33
35 507.0 709.89 -360.22
6 508.0 761.52 -362.24
7 508.0 776.20 -370.40
8 508.0 556.74 -495.53
9 508.0 539.45 -463.31
10 508.0 537.21 -456.15
11 508.0 534.99 -448.98
12 508.0 552.65 -483.01
13 508.0 554.97 -489.86
14 508.0 558.87 -502.72
15 508.0 342.37 -846.55
16 508.0 376.28 -655.59
17 508.0 327.02 -828.57
18 508.0 924.14 -649.36
19 508.0 292.67 -416.66
20 508.0 602.59 -453.36
21 508.0 398.99 -729.46
22 508.0 394.50 -714.82
23 508.0 389.45 -698.35
24 508.0 668.11 -878.68
25 508.0 518.67 -926.72
26 508.0 378.42 -662.78
27 508.0 427.00 -384.86
28 508.0 408.58 -387.96
29 508.0 389.90 -393.56
30 508.0 386.45 -677.68
31 508.0 333.63 -860.96
32 508.0 363.55 -947.74
33 508.0 536.39 -464.26
34 508.0 976.27 -569.84
35 508.0 700.07 -357.96
6 509.0 750.20 -359.66
7 509.0 765.76 -366.49
8 509.0 556.74 -495.53
9 509.0 539.45 -463.31
10 509.0 537.21 -456.15
11 509.0 534.99 -448.98
12 509.0 552.65 -483.01
13 509.0 554.97 -489.86
14 509.0 558.87 -502.72
15 509.0 336.35 -847.99
16 509.0 376.28 -655.59
17 509.0 325.17 -822.70
18 509.0 918.27 -643.92
19 509.0 292.69 -416.66
20 509.0 597.12 -455.13
21 509.0 400.86 -735.52
22 509.0 396.28 -720.63
23 509.0 391.35 -704.55
24 509.0 670.26 -871.03
25 509.0 525.47 -924.65
26 509.0 378.42 -662.78
27 509.0 435.49 -381.87
28 509.0 417.82 -388.09
29 509.0 399.67 -390.55
30 509.0 386.45 -677.68
31 509.0 335.74 -867.88
32 509.0 360.94 -939.21
33 509.0 536.39 -464.26
34 509.0 978.60 -577.88
35 509.0 690.73 -355.82
6 510.0 739.78 -357.29
7 510.0 754.34 -363.89
8 510.0 556.74 -495.53
9 510.0 540.20 -465.44
10 510.0 537.21 -456.15
11 510.0 534.99 -448.98
12 510.0 552.19 -481.69
13 510.0 554.97 -489.86
14 510.0 558.87 -502.72
15 510.0 331.69 -843.71
16 510.0 376.28 -655.59
17 510.0 323.30 -816.73
18 510.0 912.93 -638.96
19 510.0 294.06 -416.27
20 510.0 591.34 -457.01
21 510.0 402.58 -741.15
22 510.0 398.38 -727.47
23 510.0 393.39 -711.19
24 510.0 668.38 -863.52
25 510.0 532.03 -922.65
26 510.0 378.81 -664.51
27 510.0 443.67 -379.37
28 510.0 426.45 -385.06
29 510.0 408.50 -387.97
30 510.0 385.79 -675.58
31 510.0 338.01 -875.28
32 510.0 358.52 -931.33
33 510.0 536.96 -466.35
34 510.0 980.99 -586.09
35 510.0 681.72 -353.75
6 511.0 728.53 -354.68
7 511.0 742.74 -361.24
8 511.0 556.74 -495.53
9 511.0 541.92 -469.78
10 511.0 537.86 -458.23
11 511.0 534.99 -448.98
12 511.0 551.32 -479.03
13 511.0 554.58 -488.69
14 511.0 558.87 -502.72
15 511.0 329.07 -835.08
16 511.0 376.55 -656.50
17 511.0 321.35 -809.83
18 511.0 907.34 -633.78
19 511.0 297.48 -415.35
20 511.0 585.34 -458.97
21 511.0 404.54 -747.51
22 511.0 400.24 -733.52
23 511.0 395.16 -716.95
24 511.0 666.04 -855.51
25 511.0 538.61 -920.65
26 511.0 378.56 -668.10
27 511.0 452.22 -376.84
28 511.0 435.21 -381.97
29 511.0 417.08 -388.36
30 511.0 384.62 -671.86
31 511.0 340.16 -882.31
32 511.0 356.03 -923.18
33 511.0 537.64 -470.87
34 511.0 983.44 -594.51
35 511.0 671.76 -351.46
6 512.0 717.70 -352.16
7 512.0 731.16 -358.58
8 512.0 556.40 -494.37
9 512.0 544.79 -475.19
10 512.0 539.03 -461.96
11 512.0 535.38 -450.26
12 512.0 549.77 -474.32
13 512.0 553.85 -486.45
14 512.0 558.87 -502.72
15 512.0 326.69 -827.53
16 512.0 377.20 -658.69
17 512.0 319.23 -802.76
18 512.0 901.48 -628.35
19 512.0 302.22 -414.02
20 512.0 579.99 -460.73
21 512.0 406.38 -753.66
22 512.0 402.13 -739.68
23 512.0 396.98 -722.90
24 512.0 663.76 -847.74
25 512.0 545.20 -918.71
26 512.0 373.98 -671.03
27 512.0 460.65 -374.35
28 512.0 443.74 -379.35
29 512.0 425.56 -385.37
30 512.0 382.96 -666.61
31 512.0 342.09 -888.58
32 512.0 353.62 -915.33
33 512.0 535.22 -474.93
34 512.0 985.85 -602.80
35 512.0 662.27 -349.28
6 513.0 707.01 -349.70
7 513.0 719.82 -355.93
8 513.0 555.86 -492.56
9 513.0 548.47 -481.45
10 513.0 540.98 -467.42
11 513.0 536.22 -452.98
12 513.0 547.59 -467.67
13 513.0 552.20 -481.73
14 513.0 558.70 -502.13
15 513.0 324.33 -820.04
16 513.0 378.33 -662.50
17 513.0 317.24 -796.21
18 513.0 896.07 -623.34
19 513.0 309.22 -412.06
20 513.0 573.89 -462.64
21 513.0 408.09 -759.42
22 513.0 403.86 -745.29
23 513.0 398.83 -728.91
24 513.0 661.34 -839.57
25 513.0 551.48 -916.85
26 513.0 367.08 -673.14
27 513.0 469.89 -371.62
28 513.0 451.54 -377.04
29 513.0 434.33 -382.28
30 513.0 380.72 -659.30
31 513.0 344.29 -895.80
32 513.0 350.93 -906.54
33 513.0 530.89 -476.25
34 513.0 988.28 -611.15
35 513.0 653.45 -347.26
6 514.0 696.36 -347.26
7 514.0 708.49 -353.33
8 514.0 556.00 -490.35
9 514.0 551.16 -488.50
10 514.0 544.34 -474.41
11 514.0 537.79 -458.00
12 514.0 545.07 -459.84
13 514.0 550.20 -475.61
14 514.0 558.06 -499.97
15 514.0 322.00 -812.11
16 514.0 379.94 -666.45
17 514.0 315.33 -789.97
18 514.0 890.55 -617.82
19 514.0 318.07 -409.50
20 514.0 567.87 -464.52
21 514.0 409.97 -765.78
22 514.0 405.54 -750.85
23 514.0 400.76 -735.20
24 514.0 658.86 -831.33
25 514.0 557.93 -914.85
26 514.0 360.65 -675.11
27 514.0 478.59 -369.05
28 514.0 461.22 -374.18
29 514.0 442.38 -379.75
30 514.0 378.68 -652.43
31 514.0 346.38 -902.60
32 514.0 348.44 -898.42
33 514.0 524.70 -478.14
34 514.0 990.87 -619.72
35 514.0 643.60 -345.01
6 515.0 686.12 -344.91
7 515.0 696.69 -350.62
8 515.0 556.64 -484.74
9 515.0 552.82 -493.55
10 515.0 548.07 -480.66
11 515.0 540.05 -465.05
12 515.0 542.75 -452.44
13 515.0 547.74 -468.13
14 515.0 557.23 -497.16
15 515.0 319.53 -803.73
16 515.0 384.58 -669.99
17 515.0 313.43 -783.76
18 515.0 885.23 -612.41
19 515.0 328.15 -406.58
20 515.0 562.06 -466.44
21 515.0 411.65 -771.44
22 515.0 407.38 -757.03
23 515.0 402.54 -741.00
24 515.0 656.36 -823.04
25 515.0 564.38 -912.86
26 515.0 354.02 -677.14
27 515.0 486.88 -366.60
28 515.0 469.21 -371.82
29 515.0 452.34 -376.81
30 515.0 376.48 -645.01
31 515.0 348.47 -909.42
32 515.0 345.83 -889.91
33 515.0 519.08 -479.86
34 515.0 995.13 -627.49
35 515.0 634.18 -342.88
6 516.0 675.58 -342.49
7 516.0 685.03 -347.94
8 516.0 554.77 -478.69
9 516.0 554.69 -499.86
10 516.0 550.46 -486.44
11 516.0 542.82 -471.70
12 516.0 540.38 -444.73
13 516.0 545.55 -461.40
14 516.0 555.96 -492.87
15 516.0 317.18 -796.01
16 516.0 392.04 -669.05
17 516.0 311.39 -777.11
18 516.0 879.43 -606.51
19 516.0 337.93 -403.74
20 516.0 558.07 -467.75
21 516.0 413.50 -777.66
22 516.0 409.23 -763.26
23 516.0 404.59 -747.65
24 516.0 653.91 -814.90
25 516.0 570.46 -910.98
26 516.0 347.54 -679.12
27 516.0 495.09 -364.18
28 516.0 477.65 -369.33
29 516.0 460.46 -374.41
30 516.0 374.39 -637.98
31 516.0 350.40 -915.73
32 516.0 343.23 -881.40
33 516.0 512.47 -481.82
34 516.0 998.09 -636.10
35 516.0 624.38 -340.68
6 517.0 665.07 -340.07
7 517.0 673.58 -345.31
8 517.0 556.14 -472.20
9 517.0 556.85 -507.18
10 517.0 552.44 -492.43
11 517.0 546.74 -478.33
12 517.0 537.93 -436.77
13 517.0 543.24 -453.99
14 517.0 554.11 -487.24
15 517.0 314.86 -788.44
16 517.0 399.83 -666.69
17 517.0 309.25 -770.03
18 517.0 873.76 -600.73
19 517.0 347.53 -400.95
20 517.0 557.87 -467.82
21 517.0 415.21 -783.42
22 517.0 410.94 -769.04
23 517.0 406.32 -753.48
24 517.0 651.53 -807.01
25 517.0 576.64 -909.09
26 517.0 341.73 -680.89
27 517.0 503.53 -361.69
28 517.0 486.42 -366.74
29 517.0 469.31 -371.79
30 517.0 372.41 -631.33
31 517.0 352.37 -922.16
32 517.0 340.62 -872.89
33 517.0 506.79 -483.42
34 517.0 998.78 -645.05
35 517.0 614.57 -338.48
6 518.0 653.68 -337.46
7 518.0 662.14 -342.68
8 518.0 562.37 -469.70
9 518.0 559.06 -514.65
10 518.0 554.39 -498.85
11 518.0 549.69 -484.26
12 518.0 536.96 -428.62
13 518.0 541.01 -446.76
14 518.0 551.76 -480.39
15 518.0 312.40 -780.38
16 518.0 407.86 -664.26
17 518.0 307.20 -763.25
18 518.0 870.29 -593.57
19 518.0 357.03 -398.19
20 518.0 557.86 -467.82
21 518.0 417.12 -789.83
22 518.0 412.85 -775.45
23 518.0 408.30 -760.15
24 518.0 649.08 -798.93
25 518.0 583.05 -907.12
26 518.0 334.69 -683.04
27 518.0 510.70 -359.86
28 518.0 494.33 -364.40
29 518.0 478.42 -369.10
30 518.0 370.52 -624.96
31 518.0 354.63 -929.56
32 518.0 337.88 -863.96
33 518.0 500.83 -484.96
34 518.0 994.54 -652.09
35 518.0 605.70 -336.50
6 519.0 642.32 -334.88
7 519.0 651.27 -340.19
8 519.0 570.12 -467.14
9 519.0 561.21 -521.90
10 519.0 556.62 -506.38
11 519.0 552.23 -491.77
12 519.0 536.15 -420.85
13 519.0 538.68 -439.21
14 519.0 549.24 -472.70
15 519.0 310.13 -772.93
16 519.0 416.25 -661.72
17 519.0 305.31 -757.06
18 519.0 868.13 -586.29
19 519.0 367.29 -395.21
20 519.0 557.86 -467.82
21 519.0 418.73 -795.26
22 519.0 414.72 -781.77
23 519.0 410.29 -766.86
24 519.0 646.90 -791.74
25 519.0 589.51 -905.14
26 519.0 327.79 -685.13
27 519.0 514.58 -359.68
28 519.0 502.04 -362.13
29 519.0 485.93 -366.88
30 519.0 368.61 -618.51
31 519.0 356.79 -936.61
32 519.0 335.97 -857.72
33 519.0 494.01 -486.89
34 519.0 986.40 -654.22
35 519.0 595.69 -334.26
6 520.0 631.34 -332.41
7 520.0 639.48 -337.52
8 520.0 576.99 -465.03
9 520.0 563.18 -528.57
10 520.0 558.86 -513.97
11 520.0 554.10 -497.88
12 520.0 533.53 -413.20
13 520.0 536.59 -431.70
14 520.0 547.08 -466.12
15 520.0 307.91 -765.60
16 520.0 424.38 -659.26
17 520.0 303.53 -751.20
18 520.0 865.77 -578.34
19 520.0 377.76 -392.17
20 520.0 557.86 -467.82
21 520.0 420.64 -801.71
22 520.0 416.22 -786.83
23 520.0 412.28 -773.56
24 520.0 644.50 -783.81
25 520.0 596.21 -903.09
26 520.0 321.41 -687.07
27 520.0 516.70 -362.79
28 520.0 506.09 -361.03
29 520.0 493.94 -364.51
30 520.0 366.58 -611.69
31 520.0 358.94 -943.64
32 520.0 337.52 -851.69
33 520.0 488.08 -488.88
34 520.0 977.97 -657.01
35 520.0 586.20 -332.13
6 521.0 620.97 -330.09
7 521.0 628.16 -334.97
8 521.0 584.27 -462.69
9 521.0 565.22 -535.20
10 521.0 560.60 -519.84
11 521.0 556.13 -504.73
12 521.0 531.12 -406.08
13 521.0 537.16 -423.82
14 521.0 544.88 -459.21
15 521.0 306.05 -759.49
16 521.0 432.33 -656.85
17 521.0 301.42 -744.27
18 521.0 863.69 -571.33
19 521.0 388.10 -390.77
20 521.0 557.86 -467.82
21 521.0 422.36 -807.48
22 521.0 418.11 -793.19
23 521.0 413.74 -778.46
24 521.0 642.28 -776.46
25 521.0 602.79 -901.07
26 521.0 315.31 -688.91
27 521.0 520.16 -365.45
28 521.0 510.69 -359.86
29 521.0 498.11 -363.28
30 521.0 364.40 -604.35
31 521.0 360.95 -950.19
32 521.0 343.23 -849.63
33 521.0 481.94 -490.91
34 521.0 969.33 -659.59
35 521.0 576.16 -329.88
6 522.0 610.40 -327.72
7 522.0 617.31 -332.54
8 522.0 591.69 -460.25
9 522.0 567.27 -541.74
10 522.0 562.63 -526.71
11 522.0 557.80 -510.38
12 522.0 528.18 -398.25
13 522.0 534.64 -416.44
14 522.0 542.72 -452.35
15 522.0 304.05 -752.89
16 522.0 441.00 -654.23
17 522.0 299.42 -737.69
18 522.0 861.34 -563.42
19 522.0 397.92 -387.75
20 522.0 557.86 -467.82
21 522.0 424.10 -813.34
22 522.0 419.68 -798.48
23 522.0 415.76 -785.25
24 522.0 639.89 -768.33
25 522.0 608.81 -899.23
26 522.0 308.00 -691.13
27 522.0 520.50 -371.60
28 522.0 514.17 -359.57
29 522.0 502.22 -362.07
30 522.0 362.41 -597.69
31 522.0 363.03 -956.98
32 522.0 351.10 -847.27
33 522.0 475.59 -492.83
34 522.0 960.62 -662.01
35 522.0 567.02 -327.91
6 523.0 600.15 -325.43
7 523.0 606.33 -330.08
8 523.0 599.11 -457.85
9 523.0 569.51 -548.93
10 523.0 564.70 -533.51
11 523.0 559.90 -517.47
12 523.0 525.11 -391.25
13 523.0 531.83 -408.24
14 523.0 540.34 -444.60
15 523.0 301.88 -745.79
16 523.0 449.06 -651.80
17 523.0 297.52 -731.44
18 523.0 859.02 -555.61
19 523.0 407.89 -384.88
20 523.0 557.86 -467.82
21 523.0 425.66 -817.66
22 523.0 421.41 -804.30
23 523.0 417.14 -789.92
24 523.0 637.76 -761.19
25 523.0 614.65 -897.44
26 523.0 301.72 -693.04
27 523.0 520.88 -378.64
28 523.0 519.96 -363.57
29 523.0 505.71 -361.13
30 523.0 360.40 -591.07
31 523.0 364.42 -961.50
32 523.0 360.12 -844.56
33 523.0 468.89 -494.86
34 523.0 951.52 -664.28
35 523.0 558.56 -331.16
6 524.0 589.14 -322.96
7 524.0 595.67 -327.70
8 524.0 607.05 -455.29
9 524.0 571.69 -555.90
10 524.0 567.00 -540.89
11 524.0 562.19 -525.23
12 524.0 521.26 -383.74
13 524.0 529.39 -401.11
14 524.0 537.98 -436.92
15 524.0 299.88 -739.21
16 524.0 457.80 -649.16
17 524.0 295.65 -725.30
18 524.0 856.97 -548.72
19 524.0 417.51 -384.81
20 524.0 557.86 -467.82
21 524.0 429.60 -821.84
22 524.0 422.98 -809.59
23 524.0 418.90 -795.83
24 524.0 635.36 -753.13
25 524.0 621.28 -895.40
26 524.0 295.54 -694.91
27 524.0 521.24 -385.19
28 524.0 520.37 -369.33
29 524.0 510.72 -359.85
30 524.0 358.25 -584.08
31 524.0 365.49 -964.03
32 524.0 368.99 -841.90
33 524.0 462.58 -496.77
34 524.0 942.34 -663.66
35 524.0 549.71 -332.32
6 525.0 578.14 -320.50
7 525.0 584.26 -325.15
8 525.0 614.61 -452.73
9 525.0 573.91 -562.99
10 525.0 569.18 -547.86
11 525.0 564.29 -532.22
12 525.0 518.50 -376.47
13 525.0 526.00 -393.09
14 525.0 536.54 -429.94
15 525.0 298.11 -733.39
16 525.0 466.52 -646.53
17 525.0 293.62 -718.65
18 525.0 854.94 -541.27
19 525.0 426.68 -381.59
20 525.0 557.86 -467.82
21 525.0 435.21 -821.96
22 525.0 424.75 -815.57
23 525.0 420.61 -801.61
24 525.0 632.93 -745.06
25 525.0 628.27 -893.25
26 525.0 293.43 -695.55
27 525.0 521.62 -392.20
28 525.0 520.76 -376.46
29 525.0 514.97 -359.78
30 525.0 356.28 -577.74
31 525.0 367.89 -963.58
32 525.0 377.45 -839.37
33 525.0 455.96 -498.77
34 525.0 935.21 -659.42
35 525.0 541.00 -334.57
6 526.0 567.54 -318.57
7 526.0 573.32 -322.69
8 526.0 622.20 -450.14
9 526.0 575.91 -569.41
10 526.0 571.38 -554.90
11 526.0 566.52 -539.33
12 526.0 518.96 -368.42
13 526.0 522.53 -386.26
14 526.0 536.83 -422.86
15 526.0 296.14 -726.91
16 526.0 474.60 -644.08
17 526.0 291.56 -711.87
18 526.0 853.78 -533.36
19 526.0 436.11 -378.27
20 526.0 557.86 -467.82
21 526.0 440.74 -820.39
22 526.0 427.54 -820.44
23 526.0 422.21 -806.98
24 526.0 630.74 -737.86
25 526.0 634.70 -891.26
26 526.0 292.93 -695.70
27 526.0 522.14 -398.95
28 526.0 521.14 -383.48
29 526.0 519.99 -363.15
30 526.0 354.22 -571.11
31 526.0 367.60 -960.99
32 526.0 385.85 -836.85
33 526.0 449.19 -500.82
34 526.0 928.23 -653.14
35 526.0 531.55 -337.27
6 527.0 555.62 -321.85
7 527.0 563.14 -323.82
8 527.0 629.35 -447.58
9 527.0 577.91 -575.78
10 527.0 573.49 -561.65
11 527.0 568.86 -546.83
12 527.0 520.89 -362.51
13 527.0 519.22 -378.47
14 527.0 534.53 -416.13
15 527.0 294.25 -720.72
16 527.0 483.01 -641.54
17 527.0 289.71 -705.81
18 527.0 853.67 -527.11
19 527.0 446.40 -375.23
20 527.0 557.86 -467.82
21 527.0 446.71 -818.59
22 527.0 433.06 -822.28
23 527.0 424.01 -813.07
24 527.0 628.30 -729.80
25 527.0 640.82 -889.38
26 527.0 292.86 -695.73
27 527.0 524.24 -405.65
28 527.0 521.52 -390.40
29 527.0 520.35 -368.89
30 527.0 352.20 -564.57
31 527.0 366.20 -956.39
32 527.0 393.96 -834.42
33 527.0 442.80 -502.76
34 527.0 921.55 -646.96
35 527.0 525.69 -338.99
6 528.0 543.94 -323.77
7 528.0 551.70 -325.60
8 528.0 636.93 -444.60
9 528.0 580.05 -582.64
10 528.0 575.44 -567.91
11 528.0 570.73 -552.82
12 528.0 521.44 -360.84
13 528.0 518.59 -371.89
14 528.0 532.06 -408.92
15 528.0 292.47 -714.85
16 528.0 491.90 -638.85
17 528.0 287.72 -699.31
18 528.0 849.11 -523.63
19 528.0 455.73 -372.47
20 528.0 557.86 -467.82
21 528.0 453.19 -816.64
22 528.0 439.07 -820.89
23 528.0 425.67 -817.68
24 528.0 625.92 -721.95
25 528.0 647.55 -887.29
26 528.0 292.82 -695.74
27 528.0 526.40 -412.16
28 528.0 521.90 -397.01
29 528.0 520.75 -376.22
30 528.0 350.11 -557.26
31 528.0 364.31 -950.22
32 528.0 402.29 -831.93
33 528.0 436.19 -504.75
34 528.0 915.06 -640.94
35 528.0 521.77 -340.39
6 529.0 533.72 -326.67
7 529.0 539.97 -328.20
8 529.0 643.53 -440.65
9 529.0 582.00 -588.87
10 529.0 577.53 -574.59
11 529.0 572.92 -559.82
12 529.0 522.61 -357.41
13 529.0 518.71 -369.24
14 529.0 530.51 -404.25
15 529.0 290.51 -708.41
16 529.0 500.04 -636.39
17 529.0 285.63 -692.52
18 529.0 845.26 -517.40
19 529.0 465.89 -369.47
20 529.0 557.86 -467.82
21 529.0 459.71 -814.68
22 529.0 445.09 -819.08
23 529.0 430.46 -822.05
24 529.0 623.68 -714.50
25 529.0 653.42 -885.48
26 529.0 292.81 -695.74
27 529.0 528.39 -417.98
28 529.0 523.49 -403.39
29 529.0 521.14 -383.33
30 529.0 348.18 -550.42
31 529.0 362.14 -943.12
32 529.0 410.46 -829.47
33 529.0 429.46 -506.77
34 529.0 908.85 -635.18
35 529.0 520.70 -341.09
6 530.0 522.79 -330.08
7 530.0 528.49 -331.48
8 530.0 650.45 -436.07
9 530.0 584.17 -595.81
10 530.0 579.38 -580.50
11 530.0 575.14 -566.92
12 530.0 524.56 -351.65
13 530.0 520.14 -364.79
14 530.0 530.29 -403.57
15 530.0 288.24 -701.00
16 530.0 508.69 -633.77
17 530.0 283.82 -686.65
18 530.0 842.89 -509.95
19 530.0 475.48 -366.63
20 530.0 557.86 -467.82
21 530.0 465.88 -812.81
22 530.0 451.87 -817.04
23 530.0 436.23 -821.75
24 530.0 621.34 -706.72
25 530.0 659.70 -883.55
26 530.0 292.81 -695.74
27 530.0 530.41 -423.88
28 530.0 525.68 -410.04
29 530.0 521.52 -390.32
30 530.0 346.46 -544.35
31 530.0 360.14 -936.62
32 530.0 418.15 -827.17
33 530.0 423.04 -508.70
34 530.0 902.06 -628.89
35 530.0 517.12 -341.00
6 531.0 512.60 -334.10
7 531.0 517.80 -335.47
8 531.0 657.10 -432.32
9 531.0 585.89 -601.41
10 531.0 581.40 -586.95
11 531.0 576.92 -572.61
12 531.0 526.69 -345.33
13 531.0 521.60 -360.37
14 531.0 529.54 -401.47
15 531.0 286.43 -695.13
16 531.0 517.03 -631.25
17 531.0 281.83 -680.19
18 531.0 840.66 -502.67
19 531.0 485.97 -363.53
20 531.0 557.86 -467.82
21 531.0 471.65 -811.05
22 531.0 458.08 -815.17
23 531.0 442.44 -819.88
24 531.0 618.84 -698.43
25 531.0 665.21 -881.09
26 531.0 291.83 -696.18
27 531.0 531.01 -430.17
28 531.0 527.63 -415.75
29 531.0 521.92 -397.34
30 531.0 344.36 -537.12
31 531.0 357.97 -929.52
32 531.0 426.08 -823.81
33 531.0 417.42 -510.39
34 531.0 895.16 -622.50
35 531.0 517.12 -341.01
6 532.0 501.57 -337.46
7 532.0 507.31 -339.09
8 532.0 664.38 -429.99
9 532.0 584.69 -606.84
10 532.0 583.23 -592.80
11 532.0 578.87 -578.86
12 532.0 528.24 -340.60
13 532.0 521.75 -359.95
14 532.0 527.67 -397.05
15 532.0 284.59 -689.13
16 532.0 524.80 -628.90
17 532.0 279.95 -674.04
18 532.0 838.47 -495.51
19 532.0 496.36 -360.46
20 532.0 557.86 -467.82
21 532.0 477.96 -809.15
22 532.0 463.48 -813.54
23 532.0 448.87 -817.94
24 532.0 616.44 -690.46
25 532.0 669.63 -876.15
26 532.0 291.52 -696.32
27 532.0 531.33 -437.06
28 532.0 529.57 -421.43
29 532.0 523.92 -404.69
30 532.0 342.43 -530.62
31 532.0 355.80 -922.45
32 532.0 428.20 -816.78
33 532.0 411.29 -512.22
34 532.0 888.62 -615.86
35 532.0 517.12 -341.02
6 533.0 490.84 -340.78
7 533.0 496.65 -342.33
8 533.0 672.00 -429.13
9 533.0 579.98 -608.87
10 533.0 585.13 -598.89
11 533.0 580.46 -583.94
12 533.0 528.88 -335.83
13 533.0 521.79 -359.82
14 533.0 525.18 -391.37
15 533.0 282.52 -682.43
16 533.0 533.26 -626.34
17 533.0 277.87 -667.47
18 533.0 836.32 -488.50
19 533.0 506.64 -357.58
20 533.0 557.86 -467.82
21 533.0 483.39 -807.51
22 533.0 469.11 -811.82
23 533.0 455.06 -816.08
24 533.0 614.14 -682.73
25 533.0 669.94 -869.21
26 533.0 289.21 -697.40
27 533.0 533.17 -443.05
28 533.0 531.45 -428.81
29 533.0 526.22 -411.63
30 533.0 340.31 -523.64
31 533.0 353.82 -915.98
32 533.0 426.01 -808.55
33 533.0 405.12 -514.08
34 533.0 882.16 -609.29
35 533.0 517.12 -341.02
6 534.0 480.76 -343.90
7 534.0 486.01 -345.62
8 534.0 679.14 -430.02
9 534.0 573.51 -610.83
10 534.0 586.19 -603.24
11 534.0 582.42 -590.23
12 534.0 525.22 -335.98
13 534.0 521.83 -359.73
14 534.0 521.93 -385.11
15 534.0 280.55 -676.00
16 534.0 541.48 -623.85
17 534.0 275.78 -660.73
18 534.0 834.17 -481.48
19 534.0 517.46 -355.10
20 534.0 557.86 -467.82
21 534.0 489.15 -805.77
22 534.0 474.63 -810.15
23 534.0 460.52 -814.44
24 534.0 611.84 -674.97
25 534.0 668.14 -862.69
26 534.0 286.45 -701.48
27 534.0 535.11 -449.39
28 534.0 530.56 -434.47
29 534.0 528.56 -418.47
30 534.0 338.27 -517.04
31 534.0 351.80 -909.37
32 534.0 423.63 -800.54
33 534.0 398.64 -516.02
34 534.0 876.27 -603.29
35 534.0 517.12 -341.02
6 535.0 469.61 -347.35
7 535.0 474.63 -349.15
8 535.0 686.81 -431.60
9 535.0 567.13 -612.75
10 535.0 582.50 -608.05
11 535.0 583.89 -594.91
12 535.0 519.52 -338.21
13 535.0 521.83 -359.73
14 535.0 518.96 -377.80
15 535.0 278.42 -669.09
16 535.0 549.59 -621.40
17 535.0 273.88 -654.61
18 535.0 831.75 -473.59
19 535.0 527.44 -352.93
20 535.0 557.86 -467.82
21 535.0 495.75 -803.78
22 535.0 480.52 -808.37
23 535.0 466.35 -812.67
24 535.0 609.61 -667.46
25 535.0 666.13 -855.82
26 535.0 286.87 -707.46
27 535.0 537.07 -455.72
28 535.0 532.67 -441.43
29 535.0 530.65 -424.56
30 535.0 335.99 -509.65
31 535.0 349.76 -902.73
32 535.0 421.17 -792.26
33 535.0 392.70 -517.80
34 535.0 870.96 -595.85
35 535.0 516.98 -342.37
6 536.0 458.79 -350.70
7 536.0 463.62 -352.55
8 536.0 694.30 -433.14
9 536.0 560.83 -614.66
10 536.0 576.66 -609.87
11 536.0 585.53 -600.18
12 536.0 511.96 -341.14
13 536.0 521.83 -359.73
14 536.0 518.62 -370.65
15 536.0 276.61 -663.40
16 536.0 558.23 -618.78
17 536.0 271.96 -648.44
18 536.0 827.10 -467.04
19 536.0 536.52 -348.82
20 536.0 557.86 -467.82
21 536.0 502.06 -801.87
22 536.0 487.22 -806.35
23 536.0 472.03 -810.94
24 536.0 607.17 -659.22
25 536.0 664.25 -849.40
26 536.0 288.95 -714.30
27 536.0 539.00 -461.85
28 536.0 534.73 -448.15
29 536.0 530.66 -431.24
30 536.0 333.74 -502.38
31 536.0 347.77 -896.22
32 536.0 418.70 -783.93
33 536.0 386.09 -519.78
34 536.0 868.30 -586.87
35 536.0 516.66 -345.57
6 537.0 448.63 -353.81
7 537.0 452.87 -355.88
8 537.0 701.79 -434.68
9 537.0 554.28 -616.64
10 537.0 569.39 -612.07
11 537.0 585.69 -605.74
12 537.0 502.98 -343.73
13 537.0 522.50 -357.75
14 537.0 519.07 -368.05
15 537.0 274.69 -657.25
16 537.0 565.97 -616.44
17 537.0 270.07 -642.36
18 537.0 819.64 -464.68
19 537.0 545.89 -346.19
20 537.0 557.86 -467.82
21 537.0 507.57 -800.21
22 537.0 493.26 -804.53
23 537.0 478.28 -809.05
24 537.0 604.98 -652.04
25 537.0 662.36 -842.94
26 537.0 291.11 -721.40
27 537.0 541.15 -467.85
28 537.0 536.60 -454.20
29 537.0 531.73 -438.38
30 537.0 331.56 -495.32
31 537.0 345.76 -889.66
32 537.0 416.17 -775.41
33 537.0 379.47 -521.78
34 537.0 865.66 -577.98
35 537.0 516.47 -350.23
6 538.0 438.28 -356.87
7 538.0 441.58 -359.23
8 538.0 709.69 -436.43
9 538.0 547.28 -618.76
10 538.0 562.61 -614.12
11 538.0 580.92 -608.58
12 538.0 493.24 -346.74
13 538.0 523.97 -353.38
14 538.0 519.96 -365.34
15 538.0 272.70 -650.82
16 538.0 574.73 -613.79
17 538.0 268.12 -636.04
18 538.0 811.48 -465.35
19 538.0 555.61 -344.65
20 538.0 557.86 -467.82
21 538.0 513.50 -798.42
22 538.0 498.96 -802.81
23 538.0 484.89 -807.06
24 538.0 602.46 -643.88
25 538.0 660.49 -836.74
26 538.0 293.02 -727.67
27 538.0 544.28 -474.30
28 538.0 538.38 -459.89
29 538.0 533.98 -445.71
30 538.0 329.48 -488.58
31 538.0 343.53 -882.39
32 538.0 413.72 -767.16
33 538.0 373.00 -523.76
34 538.0 863.26 -569.89
35 538.0 516.75 -356.72
6 539.0 427.31 -360.11
7 539.0 430.30 -362.57
8 539.0 717.26 -439.60
9 539.0 540.43 -620.83
10 539.0 555.26 -616.34
11 539.0 573.34 -610.88
12 539.0 483.32 -349.81
13 539.0 526.15 -346.94
14 539.0 521.43 -360.87
15 539.0 270.85 -644.87
16 539.0 580.02 -612.19
17 539.0 266.25 -629.93
18 539.0 803.81 -467.67
19 539.0 566.15 -343.77
20 539.0 557.86 -467.82
21 539.0 519.73 -796.54
22 539.0 505.12 -800.95
23 539.0 490.44 -805.38
24 539.0 600.11 -636.32
25 539.0 658.45 -829.97
26 539.0 295.16 -734.70
27 539.0 547.94 -480.40
28 539.0 540.86 -467.11
29 539.0 535.70 -451.30
30 539.0 327.52 -482.07
31 539.0 341.31 -875.13
32 539.0 411.05 -758.18
33 539.0 366.55 -525.74
34 539.0 860.71 -561.30
35 539.0 516.81 -362.88
6 540.0 416.55 -363.30
7 540.0 423.34 -364.63
8 540.0 722.04 -444.94
9 540.0 534.09 -622.75
10 540.0 549.24 -618.16
11 540.0 565.62 -613.21
12 540.0 473.05 -352.98
13 540.0 527.40 -343.23
14 540.0 523.43 -354.99
15 540.0 268.99 -638.88
16 540.0 583.14 -611.19
17 540.0 264.11 -622.95
18 540.0 795.81 -470.15
19 540.0 576.77 -344.20
20 540.0 557.86 -467.82
21 540.0 525.32 -794.85
22 540.0 511.36 -799.06
23 540.0 496.53 -803.54
24 540.0 597.78 -628.80
25 540.0 656.51 -823.55
26 540.0 297.29 -741.67
27 540.0 550.70 -487.12
28 540.0 543.44 -472.79
29 540.0 537.78 -457.95
30 540.0 325.30 -474.79
31 540.0 339.32 -868.66
32 540.0 408.72 -750.33
33 540.0 360.34 -527.73
34 540.0 858.15 -552.69
35 540.0 517.19 -369.77
6 541.0 405.33 -366.62
7 541.0 415.23 -367.03
8 541.0 725.13 -452.22
9 541.0 526.80 -624.95
10 541.0 543.27 -619.97
11 541.0 558.23 -615.44
12 541.0 462.63 -356.21
13 541.0 528.80 -338.52
14 541.0 524.54 -351.68
15 541.0 266.85 -631.90
16 541.0 582.66 -608.36
17 541.0 261.97 -615.91
18 541.0 788.76 -472.33
19 541.0 586.93 -346.04
20 541.0 557.86 -467.82
21 541.0 531.70 -792.92
22 541.0 517.19 -797.30
23 541.0 502.38 -801.77
24 541.0 595.40 -621.12
25 541.0 654.56 -817.06
26 541.0 299.50 -748.94
27 541.0 552.68 -493.18
28 541.0 547.33 -479.26
29 541.0 539.94 -464.79
30 541.0 323.36 -468.48
31 541.0 337.34 -862.19
32 541.0 406.08 -741.64
33 541.0 353.62 -529.89
34 541.0 856.14 -545.96
35 541.0 517.56 -376.57
6 542.0 395.54 -373.93
7 542.0 406.67 -369.56
8 542.0 727.60 -459.55
9 542.0 520.38 -626.90
10 542.0 535.67 -622.27
11 542.0 552.12 -617.29
12 542.0 452.58 -359.31
13 542.0 527.90 -335.12
14 542.0 526.31 -346.46
15 542.0 264.55 -624.37
16 542.0 578.82 -609.22
17 542.0 260.02 -609.48
18 542.0 780.76 -474.81
19 542.0 596.54 -348.18
20 542.0 557.86 -467.82
21 542.0 537.96 -791.03
22 542.0 522.93 -795.57
23 542.0 508.11 -800.05
24 542.0 593.00 -613.41
25 542.0 652.79 -811.18
26 542.0 301.52 -755.57
27 542.0 554.37 -498.78
28 542.0 549.77 -484.46
29 542.0 542.80 -471.67
30 542.0 321.07 -461.02
31 542.0 335.82 -856.82
32 542.0 403.49 -733.19
33 542.0 350.09 -530.99
34 542.0 853.84 -536.70
35 542.0 517.98 -384.12
6 543.0 385.44 -377.51
7 543.0 398.39 -372.17
8 543.0 730.07 -467.43
9 543.0 512.93 -629.15
10 543.0 528.98 -624.30
11 543.0 545.22 -619.38
12 543.0 442.31 -362.35
13 543.0 523.25 -336.75
14 543.0 527.55 -342.79
15 543.0 262.49 -617.61
16 543.0 572.49 -611.13
17 543.0 258.18 -603.43
18 543.0 772.67 -477.33
19 543.0 606.71 -350.45
20 543.0 557.86 -467.82
21 543.0 543.65 -789.33
22 543.0 529.11 -793.70
23 543.0 514.71 -798.05
24 543.0 590.71 -606.04
25 543.0 650.74 -804.43
26 543.0 303.44 -761.90
27 543.0 556.26 -505.18
28 543.0 552.08 -491.32
29 543.0 545.68 -476.66
30 543.0 319.08 -454.50
31 543.0 337.51 -851.69
32 543.0 400.75 -724.26
33 543.0 344.38 -532.66
34 543.0 854.03 -529.49
35 543.0 518.37 -391.28
6 544.0 374.99 -380.60
7 544.0 390.35 -376.05
8 544.0 732.93 -475.10
9 544.0 505.82 -631.30
10 544.0 521.66 -626.51
11 544.0 537.54 -621.70
12 544.0 432.14 -365.35
13 544.0 516.58 -339.37
14 544.0 528.73 -338.77
15 544.0 260.79 -612.02
16 544.0 564.28 -613.62
17 544.0 256.21 -596.94
18 544.0 764.70 -479.84
19 544.0 616.27 -352.59
20 544.0 557.86 -467.82
21 544.0 550.28 -787.39
22 544.0 535.04 -791.91
23 544.0 521.24 -796.08
24 544.0 588.23 -598.06
25 544.0 648.66 -797.56
26 544.0 305.39 -768.30
27 544.0 558.30 -512.06
28 544.0 553.88 -497.13
29 544.0 549.04 -482.60
30 544.0 317.13 -448.13
31 544.0 343.06 -849.68
32 544.0 398.22 -716.01
33 544.0 338.39 -534.40
34 544.0 850.34 -524.09
35 544.0 518.82 -398.41
6 545.0 363.71 -383.94
7 545.0 381.52 -378.66
8 545.0 737.67 -481.30
9 545.0 498.72 -633.45
10 545.0 513.91 -628.86
11 545.0 529.72 -624.07
12 545.0 421.46 -365.18
13 545.0 508.16 -342.18
14 545.0 527.72 -335.10
15 545.0 258.63 -604.91
16 545.0 556.27 -616.04
17 545.0 254.13 -590.11
18 545.0 756.61 -482.22
19 545.0 626.61 -354.97
20 545.0 557.86 -467.82
21 545.0 556.75 -785.49
22 545.0 541.64 -789.92
23 545.0 527.28 -794.26
24 545.0 585.78 -590.23
25 545.0 646.67 -790.97
26 545.0 307.52 -775.36
27 545.0 560.32 -518.90
28 545.0 556.03 -504.41
29 545.0 551.60 -489.84
30 545.0 315.13 -441.61
31 545.0 350.06 -847.58
32 545.0 395.70 -707.82
33 545.0 332.74 -536.06
34 545.0 845.68 -518.72
35 545.0 520.73 -405.22
6 546.0 353.36 -387.00
7 546.0 370.96 -381.79
8 546.0 744.13 -484.70
9 546.0 492.14 -635.44
10 546.0 507.57 -630.77
11 546.0 522.36 -626.30
12 546.0 410.91 -368.30
13 546.0 498.39 -345.15
14 546.0 523.16 -336.78
15 546.0 256.60 -598.24
16 546.0 547.49 -618.69
17 546.0 252.29 -584.04
18 546.0 748.43 -482.42
19 546.0 636.79 -357.34
20 546.0 557.86 -467.82
21 546.0 562.79 -783.73
22 546.0 548.20 -787.99
23 546.0 533.61 -792.35
24 546.0 583.39 -582.59
25 546.0 644.59 -784.08
26 546.0 309.46 -781.71
27 546.0 562.36 -525.78
28 546.0 557.96 -510.93
29 546.0 553.50 -495.84
30 546.0 313.07 -434.89
31 546.0 356.30 -845.70
32 546.0 393.03 -699.12
33 546.0 326.70 -537.88
34 546.0 843.11 -510.67
35 546.0 523.04 -412.22
6 547.0 342.66 -390.16
7 547.0 361.75 -384.51
8 547.0 751.41 -485.82
9 547.0 484.66 -637.70
10 547.0 500.42 -632.93
11 547.0 515.74 -628.30
12 547.0 401.07 -371.22
13 547.0 487.37 -348.56
14 547.0 516.26 -339.49
15 547.0 254.92 -592.72
16 547.0 539.47 -621.12
17 547.0 250.16 -577.06
18 547.0 740.98 -479.73
19 547.0 647.15 -359.76
20 547.0 557.86 -467.82
21 547.0 569.01 -781.91
22 547.0 554.73 -786.08
23 547.0 540.28 -790.33
24 547.0 580.85 -574.44
25 547.0 642.77 -778.08
26 547.0 311.66 -788.89
27 547.0 564.35 -532.40
28 547.0 559.79 -517.12
29 547.0 555.62 -503.00
30 547.0 311.13 -428.66
31 547.0 362.76 -843.77
32 547.0 390.41 -690.60
33 547.0 319.84 -539.87
34 547.0 840.41 -501.84
35 547.0 525.22 -418.59
6 548.0 331.63 -393.43
7 548.0 351.54 -387.54
8 548.0 759.04 -484.95
9 548.0 477.23 -639.95
10 548.0 492.43 -635.35
11 548.0 508.43 -630.51
12 548.0 391.71 -375.65
13 548.0 476.25 -351.99
14 548.0 507.49 -342.36
15 548.0 252.82 -585.80
16 548.0 531.13 -623.64
17 548.0 248.38 -571.21
18 548.0 735.69 -473.44
19 548.0 657.30 -362.13
20 548.0 557.86 -467.82
21 548.0 575.65 -779.96
22 548.0 561.18 -784.20
23 548.0 546.88 -788.38
24 548.0 578.36 -566.49
25 548.0 640.85 -771.53
26 548.0 313.75 -795.75
27 548.0 566.47 -539.18
28 548.0 561.76 -523.78
29 548.0 557.55 -509.52
30 548.0 309.42 -422.56
31 548.0 369.57 -841.73
32 548.0 387.89 -682.37
33 548.0 314.22 -541.50
34 548.0 837.82 -493.40
35 548.0 527.42 -425.04
6 549.0 320.19 -395.35
7 549.0 340.97 -390.66
8 549.0 766.39 -482.67
9 549.0 470.69 -641.92
10 549.0 485.65 -637.40
11 549.0 501.39 -632.64
12 549.0 381.09 -378.79
13 549.0 466.16 -355.12
14 549.0 497.30 -345.48
15 549.0 251.02 -579.87
16 549.0 522.89 -626.14
17 549.0 248.26 -565.76
18 549.0 733.07 -466.30
19 549.0 667.54 -364.53
20 549.0 557.86 -467.82
21 549.0 581.33 -778.27
22 549.0 567.08 -782.47
23 549.0 553.28 -786.51
24 549.0 575.86 -558.48
25 549.0 639.02 -765.42
26 549.0 315.72 -802.22
27 549.0 568.52 -545.74
28 549.0 563.97 -531.19
29 549.0 559.32 -515.53
30 549.0 310.12 -416.18
31 549.0 376.02 -839.80
32 549.0 385.38 -674.28
33 549.0 307.42 -543.54
34 549.0 835.19 -484.81
35 549.0 527.53 -432.47
6 550.0 309.82 -398.39
7 550.0 329.86 -393.95
8 550.0 773.39 -480.47
9 550.0 463.52 -644.09
10 550.0 478.71 -639.50
11 550.0 494.80 -634.63
12 550.0 370.66 -381.88
13 550.0 455.10 -358.54
14 550.0 487.89 -348.40
15 550.0 249.23 -573.98
16 550.0 514.32 -628.73
17 550.0 252.28 -563.14
18 550.0 730.60 -458.46
19 550.0 677.69 -363.65
20 550.0 557.86 -467.82
21 550.0 587.79 -776.31
22 550.0 572.92 -780.76
23 550.0 558.75 -784.91
24 550.0 573.48 -550.86
25 550.0 637.23 -759.43
26 550.0 317.75 -808.93
27 550.0 570.67 -552.64
28 550.0 565.86 -537.24
29 550.0 561.39 -522.52
30 550.0 315.01 -410.39
31 550.0 382.25 -837.93
32 550.0 382.54 -665.29
33 550.0 300.95 -545.47
34 550.0 832.54 -476.19
35 550.0 528.65 -439.27
6 551.0 299.48 -401.71
7 551.0 319.57 -395.48
8 551.0 780.81 -478.15
9 551.0 457.02 -646.05
10 551.0 472.08 -641.50
11 551.0 487.92 -636.71
12 551.0 360.56 -384.87
13 551.0 444.05 -361.83
14 551.0 478.65 -351.25
15 551.0 247.96 -569.37
16 551.0 505.41 -631.43
17 551.0 258.29 -561.37
18 551.0 728.13 -451.11
19 551.0 687.66 -366.03
20 551.0 557.86 -467.82
21 551.0 594.25 -774.34
22 551.0 579.99 -778.67
23 551.0 564.17 -783.32
24 551.0 571.03 -543.02
25 551.0 635.32 -752.99
26 551.0 319.52 -815.11
27 551.0 572.85 -559.61
28 551.0 568.00 -544.10
29 551.0 563.14 -528.43
30 551.0 322.30 -404.94
31 551.0 388.53 -836.05
32 551.0 380.15 -657.38
33 551.0 294.49 -547.37
34 551.0 828.66 -467.65
35 551.0 530.92 -446.63
6 552.0 289.45 -404.78
7 552.0 309.06 -398.63
8 552.0 787.69 -476.02
9 552.0 449.57 -648.30
10 552.0 464.95 -643.66
11 552.0 480.67 -638.91
12 552.0 350.59 -387.82
13 552.0 432.08 -362.04
14 552.0 468.87 -354.28
15 552.0 249.64 -564.29
16 552.0 497.66 -633.77
17 552.0 264.98 -559.40
18 552.0 725.18 -443.89
19 552.0 698.14 -368.54
20 552.0 557.86 -467.82
21 552.0 599.65 -772.64
22 552.0 585.78 -776.92
23 552.0 570.71 -781.41
24 552.0 568.76 -535.78
25 552.0 633.48 -746.87
26 552.0 321.68 -822.26
27 552.0 575.02 -566.56
28 552.0 570.04 -550.61
29 552.0 565.15 -534.97
30 552.0 331.47 -402.28
31 552.0 394.80 -834.17
32 552.0 377.65 -648.97
33 552.0 288.04 -549.27
34 552.0 827.16 -462.02
35 552.0 532.94 -453.19
6 553.0 278.81 -408.01
7 553.0 298.90 -401.90
8 553.0 795.42 -473.62
9 553.0 442.22 -650.53
10 553.0 457.44 -645.92
11 553.0 473.05 -641.21
12 553.0 340.57 -390.78
13 553.0 421.69 -365.12
14 553.0 458.57 -354.11
15 553.0 255.86 -562.09
16 553.0 489.99 -636.09
17 553.0 271.81 -557.39
18 553.0 720.55 -438.12
19 553.0 708.54 -371.01
20 553.0 557.86 -467.82
21 553.0 605.70 -770.73
22 553.0 591.71 -775.12
23 553.0 576.94 -779.58
24 553.0 566.20 -527.48
25 553.0 631.37 -739.91
26 553.0 323.60 -828.34
27 553.0 577.21 -573.54
28 553.0 572.24 -557.66
29 553.0 567.36 -542.04
30 553.0 340.73 -399.59
31 553.0 401.36 -832.21
32 553.0 375.02 -640.10
33 553.0 281.57 -548.83
34 553.0 828.72 -454.26
35 553.0 535.00 -459.78
6 554.0 268.24 -411.21
7 554.0 288.64 -405.03
8 554.0 803.25 -471.20
9 554.0 435.71 -652.49
10 554.0 450.13 -648.13
11 554.0 465.95 -643.36
12 554.0 330.31 -393.82
13 554.0 411.55 -368.11
14 554.0 448.22 -357.26
15 554.0 262.71 -560.07
16 554.0 481.53 -638.65
17 554.0 277.74 -555.64
18 554.0 713.46 -434.28
19 554.0 719.18 -373.55
20 554.0 557.86 -467.82
21 554.0 611.54 -768.98
22 554.0 597.65 -773.27
23 554.0 583.38 -777.64
24 554.0 563.97 -519.95
25 554.0 629.24 -732.92
26 554.0 325.84 -835.44
27 554.0 579.34 -580.37
28 554.0 574.51 -564.91
29 554.0 569.69 -549.50
30 554.0 350.03 -396.89
31 554.0 408.48 -830.07
32 554.0 372.66 -632.17
33 554.0 274.61 -549.89
34 554.0 830.78 -445.24
35 554.0 536.13 -463.42
6 555.0 257.45 -414.49
7 555.0 277.18 -408.50
8 555.0 810.43 -468.94
9 555.0 428.48 -654.68
10 555.0 444.24 -649.91
11 555.0 458.05 -645.74
12 555.0 319.31 -395.53
13 555.0 400.62 -371.35
14 555.0 437.88 -360.32
15 555.0 269.24 -558.15
16 555.0 474.17 -640.87
17 555.0 284.73 -553.58
18 555.0 706.17 -432.31
19 555.0 729.17 -375.93
20 555.0 555.69 -468.51
21 555.0 617.76 -767.10
22 555.0 603.28 -771.50
23 555.0 588.67 -776.04
24 555.0 561.72 -512.34
25 555.0 627.34 -726.65
26 555.0 327.78 -841.85
27 555.0 581.40 -586.95
28 555.0 576.75 -572.08
29 555.0 571.80 -556.24
30 555.0 359.16 -394.24
31 555.0 415.72 -827.89
32 555.0 370.24 -624.01
33 555.0 268.54 -551.68
34 555.0 832.73 -436.47
35 555.0 536.39 -464.24
6 556.0 247.32 -417.56
7 556.0 266.10 -411.86
8 556.0 814.25 -468.08
9 556.0 421.70 -656.73
10 556.0 437.49 -651.96
11 556.0 451.95 -647.58
12 556.0 309.01 -398.65
13 556.0 390.81 -375.92
14 556.0 427.93 -363.27
15 556.0 276.10 -556.13
16 556.0 466.41 -643.22
17 556.0 290.62 -551.85
18 556.0 698.21 -430.68
19 556.0 738.52 -378.80
20 556.0 552.10 -469.64
21 556.0 623.86 -765.27
22 556.0 609.18 -769.69
23 556.0 594.33 -774.32
24 556.0 559.31 -504.19
25 556.0 625.31 -719.92
26 556.0 329.85 -848.60
27 556.0 583.30 -593.03
28 556.0 578.70 -578.32
29 556.0 573.91 -562.98
30 556.0 368.88 -391.41
31 556.0 420.38 -826.50
32 556.0 367.77 -615.70
33 556.0 261.84 -553.66
34 556.0 834.59 -428.09
35 556.0 536.39 -464.26
6 557.0 236.79 -420.75
7 557.0 256.17 -414.88
8 557.0 820.29 -466.63
9 557.0 414.61 -658.88
10 557.0 430.84 -653.97
11 557.0 445.17 -649.63
12 557.0 299.25 -401.78
13 557.0 379.89 -379.15
14 557.0 418.09 -366.18
15 557.0 281.69 -554.48
16 557.0 460.83 -644.90
17 557.0 297.70 -549.76
18 557.0 690.70 -429.14
19 557.0 748.29 -381.95
20 557.0 546.99 -471.24
21 557.0 628.37 -763.91
22 557.0 615.86 -767.67
23 557.0 599.91 -772.56
24 557.0 556.84 -495.84
25 557.0 623.50 -713.91
26 557.0 331.95 -855.47
27 557.0 585.25 -599.28
28 557.0 580.77 -584.94
29 557.0 575.97 -569.60
30 557.0 378.66 -388.58
31 557.0 426.31 -823.56
32 557.0 365.15 -606.88
33 557.0 255.39 -555.57
34 557.0 836.50 -419.44
35 557.0 536.39 -464.26
6 558.0 226.07 -424.00
7 558.0 245.45 -418.12
8 558.0 826.38 -462.37
9 558.0 408.13 -660.84
10 558.0 422.84 -656.39
11 558.0 438.93 -651.52
12 558.0 289.24 -404.85
13 558.0 369.00 -382.37
14 558.0 407.93 -369.19
15 558.0 288.67 -552.42
16 558.0 453.60 -647.08
17 558.0 303.86 -547.94
18 558.0 683.06 -427.57
19 558.0 758.51 -384.18
20 558.0 541.11 -473.09
21 558.0 632.62 -763.59
22 558.0 620.57 -766.26
23 558.0 606.05 -770.63
24 558.0 554.89 -489.61
25 558.0 621.63 -707.70
26 558.0 334.00 -862.18
27 558.0 587.31 -605.89
28 558.0 582.80 -591.44
29 558.0 578.21 -576.76
30 558.0 388.13 -387.42
31 558.0 428.36 -817.90
32 558.0 362.78 -598.93
33 558.0 251.04 -556.84
34 558.0 838.28 -413.32
35 558.0 536.39 -464.26
6 559.0 216.48 -426.94
7 559.0 235.07 -421.27
8 559.0 829.28 -456.91
9 559.0 401.86 -662.74
10 559.0 416.37 -658.34
11 559.0 431.40 -653.80
12 559.0 279.22 -407.88
13 559.0 359.01 -385.32
14 559.0 397.73 -372.44
15 559.0 295.69 -550.35
16 559.0 447.59 -648.90
17 559.0 310.21 -546.04
18 559.0 674.84 -426.06
19 559.0 768.08 -386.27
20 559.0 535.72 -474.78
21 559.0 635.68 -766.18
22 559.0 624.84 -764.97
23 559.0 610.84 -769.19
24 559.0 553.19 -484.56
25 559.0 619.86 -701.83
26 559.0 335.91 -868.43
27 559.0 589.47 -612.82
28 559.0 584.93 -598.26
29 559.0 580.39 -583.71
30 559.0 398.07 -384.36
31 559.0 426.64 -810.69
32 559.0 360.32 -590.79
33 559.0 246.10 -557.14
34 559.0 843.91 -407.54
35 559.0 536.39 -464.26
6 560.0 207.63 -427.07
7 560.0 225.33 -424.23
8 560.0 835.10 -456.38
9 560.0 395.32 -664.72
10 560.0 410.32 -660.18
11 560.0 425.44 -655.60
12 560.0 268.82 -411.04
13 560.0 348.74 -388.36
14 560.0 388.78 -376.52
15 560.0 301.97 -548.50
16 560.0 440.23 -651.13
17 560.0 316.24 -544.24
18 560.0 667.34 -426.15
19 560.0 777.61 -388.35
20 560.0 532.42 -475.78
21 560.0 637.37 -771.02
22 560.0 628.90 -763.77
23 560.0 615.96 -767.65
24 560.0 552.74 -483.29
25 560.0 618.11 -695.99
26 560.0 338.00 -875.26
27 560.0 591.46 -619.22
28 560.0 586.93 -604.67
29 560.0 582.22 -589.58
30 560.0 407.42 -381.13
31 560.0 424.68 -804.07
32 560.0 357.58 -581.93
33 560.0 242.85 -552.95
34 560.0 853.33 -403.07
35 560.0 536.39 -464.26
6 561.0 201.74 -420.12
7 561.0 216.45 -426.93
8 561.0 843.38 -458.21
9 561.0 390.06 -666.31
10 561.0 403.87 -662.13
11 561.0 418.56 -657.68
12 561.0 259.01 -414.01
13 561.0 338.40 -391.42
14 561.0 379.03 -379.40
15 561.0 308.41 -546.58
16 561.0 434.28 -652.93
17 561.0 322.43 -542.46
18 561.0 659.97 -427.83
19 561.0 787.89 -390.59
20 561.0 526.93 -477.46
21 561.0 639.22 -777.39
22 561.0 633.93 -764.07
23 561.0 620.30 -766.34
24 561.0 552.69 -483.13
25 561.0 616.12 -689.39
26 561.0 340.24 -882.55
27 561.0 593.50 -625.81
28 561.0 588.83 -610.75
29 561.0 584.36 -596.43
30 561.0 414.91 -375.55
31 561.0 422.74 -797.56
32 561.0 355.16 -574.13
33 561.0 240.98 -546.80
34 561.0 865.81 -402.71
35 561.0 536.39 -464.26
6 562.0 197.11 -409.32
7 562.0 208.13 -427.15
8 562.0 853.14 -460.36
9 562.0 385.03 -666.70
10 562.0 398.33 -663.80
11 562.0 412.70 -659.46
12 562.0 248.81 -417.11
13 562.0 327.43 -394.67
14 562.0 369.65 -382.18
15 562.0 314.83 -544.64
16 562.0 426.85 -655.17
17 562.0 328.57 -540.66
18 562.0 652.80 -430.92
19 562.0 798.18 -392.91
20 562.0 521.02 -479.26
21 562.0 640.94 -783.08
22 562.0 636.77 -769.06
23 562.0 625.47 -764.78
24 562.0 552.65 -483.03
25 562.0 614.37 -683.48
26 562.0 342.22 -889.02
27 562.0 595.37 -631.83
28 562.0 590.74 -616.92
29 562.0 586.15 -602.16
30 562.0 423.55 -372.51
31 562.0 420.84 -791.14
32 562.0 352.52 -565.62
33 562.0 239.00 -540.25
34 562.0 879.03 -402.51
35 562.0 536.39 -464.26
6 563.0 194.12 -401.88
7 563.0 202.06 -420.91
8 563.0 864.17 -462.79
9 563.0 381.76 -662.81
10 563.0 392.96 -665.43
11 563.0 407.42 -661.05
12 563.0 239.20 -420.02
13 563.0 316.72 -396.25
14 563.0 359.76 -385.10
15 563.0 320.46 -543.03
16 563.0 420.45 -657.11
17 563.0 335.55 -538.55
18 563.0 645.69 -435.39
19 563.0 808.48 -395.27
20 563.0 515.37 -480.99
21 563.0 642.76 -789.06
22 563.0 638.53 -775.00
23 563.0 630.50 -763.51
24 563.0 552.65 -483.01
25 563.0 612.62 -677.59
26 563.0 344.29 -895.78
27 563.0 597.33 -638.15
28 563.0 592.60 -622.91
29 563.0 588.28 -609.00
30 563.0 432.33 -369.42
31 563.0 418.87 -784.51
32 563.0 350.02 -556.93
33 563.0 237.27 -534.57
34 563.0 891.04 -405.29
35 563.0 536.39 -464.26
6 564.0 191.50 -395.34
7 564.0 198.20 -411.93
8 564.0 877.45 -465.71
9 564.0 379.63 -655.63
10 564.0 387.75 -666.84
11 564.0 401.38 -662.88
12 564.0 229.23 -423.04
13 564.0 306.21 -399.53
14 564.0 350.20 -387.93
15 564.0 327.33 -541.02
16 564.0 416.11 -658.42
17 564.0 340.90 -539.46
18 564.0 639.26 -439.60
19 564.0 818.79 -397.59
20 564.0 508.95 -482.82
21 564.0 644.42 -794.57
22 564.0 640.25 -780.80
23 564.0 635.23 -765.24
24 564.0 552.65 -483.01
25 564.0 610.66 -670.98
26 564.0 346.39 -902.64
27 564.0 599.51 -645.19
28 564.0 594.53 -629.12
29 564.0 589.94 -614.34
30 564.0 441.10 -366.78
31 564.0 416.74 -777.34
32 564.0 347.53 -548.12
33 564.0 235.43 -528.50
34 564.0 902.58 -407.96
35 564.0 536.39 -464.26
6 565.0 189.83 -391.79
7 565.0 195.36 -404.97
8 565.0 883.86 -475.09
9 565.0 377.75 -649.31
10 565.0 382.81 -665.11
11 565.0 396.60 -664.33
12 565.0 221.23 -425.47
13 565.0 295.95 -402.81
14 565.0 340.19 -390.89
15 565.0 332.80 -539.38
16 565.0 410.34 -660.17
17 565.0 342.94 -543.67
18 565.0 632.69 -442.94
19 565.0 828.33 -399.56
20 565.0 502.87 -484.43
21 565.0 646.42 -801.17
22 565.0 642.07 -786.78
23 565.0 637.18 -770.41
24 565.0 552.65 -483.01
25 565.0 608.73 -664.48
26 565.0 348.33 -908.98
27 565.0 601.66 -652.11
28 565.0 596.55 -635.65
29 565.0 592.00 -620.98
30 565.0 450.17 -364.10
31 565.0 414.80 -770.82
32 565.0 346.26 -543.64
33 565.0 233.44 -521.93
34 565.0 914.17 -410.82
35 565.0 536.39 -464.26
6 566.0 187.05 -390.28
7 566.0 193.57 -400.50
8 566.0 887.70 -487.99
9 566.0 375.84 -642.85
10 566.0 380.72 -659.30
11 566.0 391.61 -665.84
12 566.0 214.38 -427.26
13 566.0 286.06 -405.81
14 566.0 329.89 -393.94
15 566.0 337.82 -538.20
16 566.0 405.85 -661.53
17 566.0 344.88 -550.53
18 566.0 625.41 -445.61
19 566.0 837.87 -403.14
20 566.0 497.19 -485.91
21 566.0 648.28 -807.30
22 566.0 643.96 -793.03
23 566.0 639.12 -777.04
24 566.0 552.65 -483.01
25 566.0 606.69 -657.62
26 566.0 350.55 -916.21
27 566.0 603.53 -658.19
28 566.0 598.73 -642.67
29 566.0 594.10 -627.75
30 566.0 459.87 -361.23
31 566.0 412.75 -763.90
32 566.0 344.58 -537.88
33 566.0 231.45 -515.38
34 566.0 922.41 -413.59
35 566.0 536.39 -464.26
6 567.0 183.86 -394.20
7 567.0 192.04 -396.68
8 567.0 891.16 -499.59
9 567.0 373.83 -636.08
10 567.0 378.57 -652.06
11 567.0 386.20 -667.01
12 567.0 206.51 -426.35
13 567.0 275.21 -409.10
14 567.0 320.25 -395.34
15 567.0 342.38 -541.93
16 567.0 400.77 -663.07
17 567.0 346.88 -557.56
18 567.0 617.57 -448.33
19 567.0 847.33 -404.95
20 567.0 491.45 -487.74
21 567.0 650.13 -813.43
22 567.0 645.87 -799.37
23 567.0 640.91 -782.96
24 567.0 552.65 -483.01
25 567.0 604.71 -651.14
26 567.0 352.54 -922.71
27 567.0 605.40 -664.50
28 567.0 600.86 -649.52
29 567.0 596.31 -634.86
30 567.0 469.45 -358.40
31 567.0 410.55 -756.50
32 567.0 342.20 -529.83
33 567.0 229.46 -508.80
34 567.0 923.13 -413.74
35 567.0 536.39 -464.26
6 568.0 185.81 -398.35
7 568.0 190.71 -393.44
8 568.0 893.48 -507.37
9 568.0 371.84 -629.41
10 568.0 376.32 -644.48
11 568.0 381.77 -662.82
12 568.0 201.79 -420.25
13 568.0 264.18 -412.45
14 568.0 310.39 -398.22
15 568.0 344.34 -548.63
16 568.0 394.86 -664.86
17 568.0 348.67 -563.90
18 568.0 610.66 -450.71
19 568.0 857.65 -407.38
20 568.0 485.65 -489.69
21 568.0 651.91 -819.34
22 568.0 647.72 -805.46
23 568.0 642.71 -788.93
24 568.0 552.65 -483.01
25 568.0 602.86 -645.18
26 568.0 354.40 -928.79
27 568.0 607.37 -671.14
28 568.0 602.66 -655.36
29 568.0 598.18 -640.90
30 568.0 478.62 -355.69
31 568.0 408.35 -749.06
32 568.0 339.67 -521.57
33 568.0 227.59 -502.62
34 568.0 926.36 -415.51
35 568.0 536.39 -464.26
6 569.0 188.42 -404.85
7 569.0 189.22 -390.75
8 569.0 896.98 -513.21
9 569.0 369.88 -622.80
10 569.0 374.41 -638.05
11 569.0 379.48 -655.12
12 569.0 198.03 -411.51
13 569.0 253.61 -415.65
14 569.0 300.47 -401.39
15 569.0 346.13 -554.92
16 569.0 388.71 -666.73
17 569.0 350.70 -570.53
18 569.0 603.14 -453.19
19 569.0 867.51 -409.70
20 569.0 479.93 -491.51
21 569.0 653.85 -825.79
22 569.0 649.44 -811.15
23 569.0 644.69 -795.44
24 569.0 552.65 -483.01
25 569.0 600.89 -638.81
26 569.0 356.61 -936.00
27 569.0 609.39 -677.95
28 569.0 604.69 -662.12
29 569.0 600.05 -646.93
30 569.0 488.12 -352.88
31 569.0 406.08 -741.63
32 569.0 337.25 -513.72
33 569.0 225.61 -496.00
34 569.0 932.68 -419.33
35 569.0 536.39 -464.26
6 570.0 191.61 -412.74
7 570.0 186.54 -391.68
8 570.0 903.80 -514.20
9 570.0 367.78 -615.73
10 570.0 372.33 -631.05
11 570.0 377.28 -647.71
12 570.0 195.23 -404.65
13 570.0 243.11 -418.83
14 570.0 290.98 -404.32
15 570.0 348.09 -561.86
16 570.0 382.88 -671.82
17 570.0 352.75 -577.17
18 570.0 596.16 -455.45
19 570.0 877.04 -411.91
20 570.0 474.50 -493.16
21 570.0 655.48 -831.19
22 570.0 651.50 -817.99
23 570.0 646.43 -801.20
24 570.0 552.65 -483.01
25 570.0 599.08 -632.98
26 570.0 358.53 -942.27
27 570.0 611.13 -683.79
28 570.0 606.65 -668.70
29 570.0 602.29 -654.15
30 570.0 497.36 -350.16
31 570.0 403.93 -734.64
32 570.0 334.78 -505.74
33 570.0 225.66 -489.51
34 570.0 940.65 -424.02
35 570.0 536.39 -464.26
6 571.0 194.84 -420.27
7 571.0 184.83 -396.02
8 571.0 911.10 -512.14
9 571.0 365.62 -608.43
10 571.0 370.34 -624.33
11 571.0 375.23 -640.81
12 571.0 192.56 -397.97
13 571.0 232.35 -422.10
14 571.0 281.13 -407.31
15 571.0 350.10 -568.60
16 571.0 383.60 -679.29
17 571.0 354.63 -583.23
18 571.0 588.89 -457.81
19 571.0 887.27 -414.28
20 571.0 468.87 -494.86
21 571.0 657.29 -837.18
22 571.0 652.90 -822.64
23 571.0 648.44 -807.85
24 571.0 552.65 -483.01
25 571.0 597.15 -626.77
26 571.0 360.74 -949.51
27 571.0 613.05 -690.28
28 571.0 608.48 -674.89
29 571.0 604.24 -660.59
30 571.0 506.88 -347.62
31 571.0 401.72 -727.43
32 571.0 332.22 -497.46
33 571.0 224.79 -481.79
34 571.0 947.42 -425.01
35 571.0 536.39 -464.26
6 572.0 198.48 -429.64
7 572.0 186.68 -400.51
8 572.0 918.05 -510.07
9 572.0 363.74 -602.14
10 572.0 368.07 -616.71
11 572.0 372.88 -632.90
12 572.0 190.64 -393.30
13 572.0 221.36 -425.43
14 572.0 271.26 -410.30
15 572.0 352.04 -574.86
16 572.0 386.03 -687.23
17 572.0 356.49 -589.20
18 572.0 582.02 -460.06
19 572.0 897.39 -416.62
20 572.0 463.48 -496.50
21 572.0 659.25 -843.71
22 572.0 654.67 -828.49
23 572.0 650.03 -813.11
24 572.0 552.65 -483.01
25 572.0 595.18 -620.41
26 572.0 362.84 -956.36
27 572.0 615.18 -697.35
28 572.0 610.34 -681.14
29 572.0 605.93 -666.28
30 572.0 516.22 -345.58
31 572.0 399.44 -720.00
32 572.0 329.69 -489.27
33 572.0 222.24 -472.94
34 572.0 950.03 -424.82
35 572.0 536.39 -464.26
6 573.0 201.40 -437.52
7 573.0 189.40 -407.30
8 573.0 925.93 -507.71
9 573.0 361.74 -595.48
10 573.0 366.35 -610.89
11 573.0 370.74 -625.70
12 573.0 189.22 -390.75
13 573.0 213.69 -427.37
14 573.0 260.90 -413.44
15 573.0 353.92 -580.93
16 573.0 388.61 -695.61
17 573.0 358.58 -596.09
18 573.0 574.30 -462.51
19 573.0 907.92 -419.05
20 573.0 458.05 -498.14
21 573.0 661.07 -849.90
22 573.0 656.52 -834.64
23 573.0 651.78 -818.90
24 573.0 552.65 -483.01
25 573.0 593.05 -613.58
26 573.0 364.84 -962.91
27 573.0 617.21 -704.08
28 573.0 612.25 -687.58
29 573.0 607.64 -672.03
30 573.0 523.95 -343.92
31 573.0 397.45 -713.51
32 573.0 327.05 -480.51
33 573.0 219.83 -464.21
34 573.0 962.33 -427.12
35 573.0 536.39 -464.26
6 574.0 204.27 -444.61
7 574.0 192.66 -415.25
8 574.0 933.65 -505.40
9 574.0 359.61 -588.47
10 574.0 364.16 -603.56
11 574.0 368.80 -619.16
12 574.0 186.79 -390.64
13 574.0 205.21 -425.47
14 574.0 250.60 -416.56
15 574.0 355.90 -587.32
16 574.0 391.07 -703.63
17 574.0 360.58 -602.74
18 574.0 567.12 -464.76
19 574.0 917.25 -421.97
20 574.0 451.84 -500.02
21 574.0 662.71 -855.52
22 574.0 658.62 -841.61
23 574.0 653.50 -824.63
24 574.0 552.65 -483.01
25 574.0 590.99 -606.94
26 574.0 368.41 -968.77
27 574.0 619.07 -710.27
28 574.0 614.44 -694.90
29 574.0 609.77 -679.21
30 574.0 527.36 -343.19
31 574.0 395.30 -706.52
32 574.0 324.63 -472.60
33 574.0 217.33 -455.52
34 574.0 969.87 -431.61
35 574.0 536.39 -464.26
6 575.0 208.79 -452.54
7 575.0 195.02 -420.66
8 575.0 940.92 -503.23
9 575.0 357.54 -581.79
10 575.0 362.17 -596.89
11 575.0 366.66 -611.95
12 575.0 186.79 -392.90
13 575.0 200.62 -417.52
14 575.0 241.14 -419.43
15 575.0 358.03 -594.28
16 575.0 393.53 -711.65
17 575.0 362.65 -609.68
18 575.0 559.11 -467.41
19 575.0 920.76 -423.12
20 575.0 445.30 -502.00
21 575.0 664.51 -861.69
22 575.0 660.24 -847.10
23 575.0 655.33 -830.70
24 575.0 552.65 -483.01
25 575.0 589.20 -601.18
26 575.0 374.51 -969.85
27 575.0 620.91 -716.39
28 575.0 616.40 -701.39
29 575.0 611.84 -686.19
30 575.0 528.31 -340.35
31 575.0 393.02 -699.07
32 575.0 322.15 -464.53
33 575.0 216.54 -449.11
34 575.0 974.11 -434.64
35 575.0 536.39 -464.26
6 576.0 212.17 -460.52
7 576.0 197.81 -427.84
8 576.0 948.22 -500.69
9 576.0 355.24 -574.39
10 576.0 360.28 -590.65
11 576.0 364.82 -605.76
12 576.0 188.53 -396.53
13 576.0 197.18 -409.48
14 576.0 232.00 -422.20
15 576.0 360.28 -601.72
16 576.0 396.07 -719.94
17 576.0 364.44 -615.69
18 576.0 551.59 -469.80
19 576.0 919.68 -422.69
20 576.0 439.59 -503.72
21 576.0 666.29 -867.77
22 576.0 662.03 -853.22
23 576.0 657.32 -837.30
24 576.0 552.65 -483.01
25 576.0 587.09 -594.40
26 576.0 381.14 -968.11
27 576.0 622.87 -722.90
28 576.0 618.42 -708.12
29 576.0 613.75 -692.62
30 576.0 529.00 -336.79
31 576.0 391.02 -692.58
32 576.0 319.51 -455.93
33 576.0 219.44 -442.97
34 576.0 977.32 -434.05
35 576.0 536.39 -464.26
6 577.0 215.04 -470.95
7 577.0 201.35 -437.39
8 577.0 952.52 -494.46
9 577.0 352.97 -567.06
10 577.0 358.11 -583.65
11 577.0 362.92 -599.40
12 577.0 190.52 -401.50
13 577.0 194.12 -401.87
14 577.0 222.75 -425.01
15 577.0 361.99 -607.44
16 577.0 398.65 -728.34
17 577.0 366.22 -621.69
18 577.0 543.65 -472.29
19 577.0 919.47 -422.61
20 577.0 433.26 -505.63
21 577.0 666.93 -874.04
22 577.0 663.94 -859.74
23 577.0 659.22 -843.61
24 577.0 552.65 -483.01
25 577.0 585.10 -588.04
26 577.0 387.93 -966.10
27 577.0 624.93 -729.71
28 577.0 620.32 -714.41
29 577.0 615.87 -699.63
30 577.0 526.23 -335.58
31 577.0 389.00 -685.98
32 577.0 316.97 -447.62
33 577.0 226.21 -439.83
34 577.0 976.56 -428.53
35 577.0 536.39 -464.26
6 578.0 217.99 -481.33
7 578.0 204.60 -445.24
8 578.0 950.71 -487.32
9 578.0 350.96 -560.28
10 578.0 355.91 -576.56
11 578.0 360.82 -592.43
12 578.0 193.35 -408.57
13 578.0 191.23 -394.65
14 578.0 215.57 -427.07
15 578.0 363.85 -613.71
16 578.0 401.25 -736.81
17 578.0 368.12 -628.11
18 578.0 535.54 -474.83
19 578.0 919.38 -422.57
20 578.0 427.82 -507.26
21 578.0 663.00 -878.69
22 578.0 665.54 -865.19
23 578.0 661.17 -850.24
24 578.0 552.65 -483.01
25 578.0 583.07 -581.54
26 578.0 394.78 -964.06
27 578.0 626.77 -735.75
28 578.0 622.28 -720.94
29 578.0 617.88 -706.30
30 578.0 520.97 -337.65
31 578.0 387.34 -680.59
32 578.0 314.58 -439.82
33 578.0 234.33 -436.92
34 578.0 971.32 -424.80
35 578.0 536.39 -464.26
6 579.0 220.81 -491.03
7 579.0 209.42 -453.59
8 579.0 948.21 -479.89
9 579.0 349.09 -553.65
10 579.0 353.65 -569.26
11 579.0 358.64 -585.35
12 579.0 196.35 -415.81
13 579.0 189.77 -391.66
14 579.0 208.05 -427.13
15 579.0 365.56 -619.46
16 579.0 403.73 -744.88
17 579.0 370.11 -634.80
18 579.0 530.55 -476.36
19 579.0 919.37 -422.57
20 579.0 421.73 -509.10
21 579.0 657.76 -880.79
22 579.0 667.07 -871.29
23 579.0 662.89 -856.15
24 579.0 552.65 -483.01
25 579.0 581.21 -575.59
26 579.0 401.51 -962.06
27 579.0 628.60 -741.78
28 579.0 624.31 -727.66
29 579.0 619.91 -713.07
30 579.0 513.81 -340.45
31 579.0 386.80 -678.83
32 579.0 311.82 -430.83
33 579.0 242.39 -434.50
34 579.0 963.00 -421.25
35 579.0 536.39 -464.26
6 580.0 222.99 -498.40
7 580.0 212.69 -462.29
8 580.0 945.84 -472.41
9 580.0 347.11 -546.66
10 580.0 351.68 -562.82
11 580.0 356.53 -578.54
12 580.0 198.68 -421.10
13 580.0 187.06 -390.26
14 580.0 202.35 -421.55
15 580.0 367.54 -626.13
16 580.0 406.20 -753.05
17 580.0 372.04 -641.31
18 580.0 522.86 -478.70
19 580.0 919.36 -422.57
20 580.0 415.36 -511.01
21 580.0 651.68 -882.67
22 580.0 665.67 -876.61
23 580.0 664.57 -861.89
24 580.0 552.65 -483.01
25 580.0 579.21 -569.19
26 580.0 408.68 -959.94
27 580.0 630.69 -748.66
28 580.0 626.07 -733.48
29 580.0 621.92 -719.73
30 580.0 504.79 -343.17
31 580.0 386.57 -678.08
32 580.0 310.34 -426.15
33 580.0 251.22 -431.94
34 580.0 952.27 -420.99
35 580.0 536.39 -464.26
6 581.0 225.19 -505.75
7 581.0 215.69 -473.30
8 581.0 943.69 -465.15
9 581.0 345.98 -542.67
10 581.0 349.63 -555.57
11 581.0 354.58 -572.27
12 581.0 201.55 -428.72
13 581.0 187.10 -393.47
14 581.0 199.01 -413.87
15 581.0 369.39 -632.37
16 581.0 408.56 -761.00
17 581.0 374.03 -648.00
18 581.0 514.72 -481.18
19 581.0 919.36 -422.57
20 581.0 409.55 -512.74
21 581.0 645.80 -884.48
22 581.0 660.51 -879.88
23 581.0 666.35 -867.96
24 581.0 552.65 -483.01
25 581.0 577.27 -563.00
26 581.0 414.90 -958.09
27 581.0 632.20 -753.83
28 581.0 628.01 -739.84
29 581.0 623.68 -725.59
30 581.0 494.92 -346.22
31 581.0 386.47 -677.74
32 581.0 309.13 -419.13
33 581.0 260.23 -429.32
34 581.0 950.25 -420.56
35 581.0 536.39 -464.26
6 582.0 227.47 -513.27
7 582.0 219.03 -484.92
8 582.0 941.64 -458.10
9 582.0 343.23 -537.11
10 582.0 348.55 -551.75
11 582.0 352.26 -564.77
12 582.0 203.83 -434.89
13 582.0 189.16 -398.10
14 582.0 196.25 -407.19
15 582.0 371.35 -638.99
16 582.0 410.86 -768.76
17 582.0 376.10 -654.98
18 582.0 506.54 -483.48
19 582.0 919.36 -422.57
20 582.0 403.69 -514.50
21 582.0 639.91 -886.30
22 582.0 654.71 -881.73
23 582.0 666.77 -874.57
24 582.0 552.65 -483.01
25 582.0 575.19 -556.35
26 582.0 422.06 -955.97
27 582.0 631.74 -758.41
28 582.0 629.75 -745.58
29 582.0 625.44 -731.40
30 582.0 484.71 -346.03
31 582.0 386.45 -677.69
32 582.0 313.51 -410.83
33 582.0 269.01 -426.80
34 582.0 940.05 -415.44
35 582.0 536.39 -464.26
6 583.0 229.81 -520.98
7 583.0 221.64 -493.85
8 583.0 939.40 -449.99
9 583.0 336.68 -535.16
10 583.0 346.99 -546.22
11 583.0 351.04 -560.57
12 583.0 209.02 -438.34
13 583.0 191.67 -404.35
14 583.0 193.44 -400.18
15 583.0 373.55 -646.39
16 583.0 413.33 -777.07
17 583.0 377.54 -659.85
18 583.0 498.64 -485.53
19 583.0 919.36 -422.57
20 583.0 397.41 -516.39
21 583.0 633.90 -888.16
22 583.0 648.50 -883.65
23 583.0 663.19 -878.57
24 583.0 552.65 -483.01
25 583.0 573.07 -549.57
26 583.0 428.90 -953.94
27 583.0 627.70 -760.78
28 583.0 631.14 -750.13
29 583.0 627.21 -737.23
30 583.0 475.53 -348.87
31 583.0 386.45 -677.69
32 583.0 322.53 -404.88
33 583.0 277.91 -424.24
34 583.0 928.86 -411.11
35 583.0 536.39 -464.26
6 584.0 232.16 -528.74
7 584.0 224.23 -502.52
8 584.0 937.24 -441.99
9 584.0 330.70 -536.68
10 584.0 345.73 -541.76
11 584.0 349.42 -554.81
12 584.0 216.24 -436.48
13 584.0 194.59 -411.57
14 584.0 191.15 -394.45
15 584.0 375.17 -651.86
16 584.0 415.71 -785.11
17 584.0 378.30 -662.41
18 584.0 490.71 -487.99
19 584.0 919.36 -422.57
20 584.0 391.90 -518.04
21 584.0 627.86 -890.02
22 584.0 642.08 -885.63
23 584.0 657.34 -880.91
24 584.0 552.65 -483.01
25 584.0 571.01 -542.98
26 584.0 436.21 -951.77
27 584.0 620.68 -762.88
28 584.0 632.36 -754.96
29 584.0 628.45 -741.31
30 584.0 466.76 -351.58
31 584.0 386.45 -677.68
32 584.0 333.70 -401.63
33 584.0 285.89 -418.61
34 584.0 917.59 -406.99
35 584.0 536.39 -464.26
6 585.0 234.58 -536.72
7 585.0 226.75 -510.89
8 585.0 936.36 -434.23
9 585.0 324.23 -538.60
10 585.0 342.05 -536.01
11 585.0 348.09 -550.11
12 585.0 225.11 -436.83
13 585.0 197.33 -418.01
14 585.0 189.68 -391.49
15 585.0 375.91 -654.36
16 585.0 418.27 -793.72
17 585.0 378.39 -662.68
18 585.0 482.73 -490.67
19 585.0 919.36 -422.57
20 585.0 385.96 -519.82
21 585.0 622.30 -891.74
22 585.0 636.45 -887.37
23 585.0 650.54 -883.01
24 585.0 552.65 -483.01
25 585.0 568.99 -536.53
26 585.0 443.11 -949.72
27 585.0 614.12 -764.86
28 585.0 630.59 -759.62
29 585.0 629.81 -745.76
30 585.0 457.76 -354.37
31 585.0 386.45 -677.68
32 585.0 344.54 -398.48
33 585.0 294.94 -416.03
34 585.0 905.34 -403.58
35 585.0 536.39 -464.26
6 586.0 236.78 -543.97
7 586.0 229.12 -518.72
8 586.0 935.52 -424.73
9 586.0 316.90 -540.72
10 586.0 335.28 -535.38
11 586.0 346.53 -544.58
12 586.0 236.16 -436.31
13 586.0 198.73 -421.22
14 586.0 187.78 -390.13
15 586.0 376.13 -655.08
16 586.0 420.81 -802.28
17 586.0 378.40 -662.74
18 586.0 475.03 -493.00
19 586.0 919.36 -422.57
20 586.0 380.27 -521.53
21 586.0 616.13 -893.63
22 586.0 631.12 -889.02
23 586.0 644.32 -884.94
24 586.0 552.65 -483.01
25 586.0 566.83 -529.61
26 586.0 449.23 -947.90
27 586.0 607.22 -766.93
28 586.0 625.82 -761.34
29 586.0 631.48 -751.26
30 586.0 447.88 -357.36
31 586.0 386.45 -677.68
32 586.0 355.67 -395.25
33 586.0 303.93 -413.54
34 586.0 893.95 -400.86
35 586.0 536.39 -464.26
6 587.0 239.15 -551.77
7 587.0 231.69 -527.19
8 587.0 934.81 -416.75
9 587.0 310.02 -542.76
10 587.0 327.63 -537.60
11 587.0 343.80 -537.65
12 587.0 247.08 -436.47
13 587.0 200.42 -425.68
14 587.0 186.48 -392.26
15 587.0 376.21 -655.34
16 587.0 423.47 -811.24
17 587.0 378.41 -662.78
18 587.0 467.91 -495.16
19 587.0 919.36 -422.57
20 587.0 374.06 -523.44
21 587.0 609.77 -895.59
22 587.0 625.35 -890.80
23 587.0 638.98 -886.59
24 587.0 552.65 -483.01
25 587.0 564.94 -523.23
26 587.0 455.90 -945.92
27 587.0 600.85 -768.91
28 587.0 619.28 -763.30
29 587.0 632.51 -756.00
30 587.0 439.00 -359.99
31 587.0 386.45 -677.68
32 587.0 367.42 -391.84
33 587.0 312.47 -411.13
34 587.0 881.98 -397.78
35 587.0 536.39 -464.26
6 588.0 241.68 -560.12
7 588.0 234.24 -535.59
8 588.0 934.38 -412.00
9 588.0 302.64 -544.97
10 588.0 320.65 -539.64
11 588.0 337.36 -535.06
12 588.0 257.68 -433.39
13 588.0 202.99 -432.60
14 588.0 187.80 -394.77
15 588.0 376.28 -655.58
16 588.0 425.21 -818.22
17 588.0 378.42 -662.78
18 588.0 459.73 -497.63
19 588.0 919.36 -422.57
20 588.0 367.68 -525.40
21 588.0 603.69 -897.45
22 588.0 618.43 -892.93
23 588.0 633.67 -888.23
24 588.0 552.65 -483.01
25 588.0 563.00 -516.68
26 588.0 462.56 -943.94
27 588.0 593.93 -771.09
28 588.0 612.24 -765.42
29 588.0 629.00 -760.31
30 588.0 430.03 -362.65
31 588.0 386.45 -677.68
32 588.0 379.04 -388.46
33 588.0 320.93 -408.67
34 588.0 869.71 -394.96
35 588.0 536.39 -464.26
6 589.0 243.95 -567.61
7 589.0 236.51 -543.06
8 589.0 929.98 -408.15
9 589.0 295.67 -547.02
10 589.0 313.07 -541.84
11 589.0 329.78 -536.96
12 589.0 267.99 -430.41
13 589.0 204.73 -437.32
14 589.0 189.55 -399.08
15 589.0 376.28 -655.59
16 589.0 421.29 -822.86
17 589.0 378.42 -662.78
18 589.0 451.54 -500.11
19 589.0 919.36 -422.57
20 589.0 361.15 -527.47
21 589.0 597.97 -899.20
22 589.0 611.98 -894.91
23 589.0 626.76 -890.36
24 589.0 552.65 -483.01
25 589.0 561.23 -510.70
26 589.0 469.61 -941.84
27 589.0 586.93 -773.23
28 589.0 605.70 -767.39
29 589.0 623.71 -761.97
30 589.0 421.21 -365.26
31 589.0 386.45 -677.68
32 589.0 390.68 -386.63
33 589.0 329.04 -406.32
34 589.0 857.20 -392.09
35 589.0 536.39 -464.26
6 590.0 246.41 -575.73
7 590.0 239.10 -551.61
8 590.0 922.44 -405.22
9 590.0 288.28 -549.20
10 590.0 305.25 -544.20
11 590.0 321.81 -539.30
12 590.0 277.93 -427.55
13 590.0 211.52 -437.79
14 590.0 192.16 -405.58
15 590.0 376.28 -655.59
16 590.0 414.58 -824.90
17 590.0 378.42 -662.78
18 590.0 443.66 -502.49
19 590.0 919.36 -422.57
20 590.0 355.01 -529.44
21 590.0 591.77 -901.10
22 590.0 606.87 -896.47
23 590.0 620.13 -892.41
24 590.0 552.65 -483.01
25 590.0 559.29 -504.13
26 590.0 476.57 -939.72
27 590.0 581.10 -775.00
28 590.0 598.75 -769.57
29 590.0 616.83 -764.04
30 590.0 412.07 -367.96
31 590.0 386.45 -677.68
32 590.0 401.54 -383.29
33 590.0 337.14 -403.97
34 590.0 844.73 -389.23
35 590.0 536.39 -464.26
6 591.0 248.91 -583.94
7 591.0 241.66 -560.07
8 591.0 913.40 -402.40
9 591.0 280.47 -548.61
10 591.0 298.08 -546.32
11 591.0 314.32 -541.47
12 591.0 287.63 -424.76
13 591.0 219.45 -435.42
14 591.0 195.01 -412.59
15 591.0 376.28 -655.59
16 591.0 405.81 -827.53
17 591.0 378.42 -662.78
18 591.0 435.99 -504.81
19 591.0 919.36 -422.57
20 591.0 350.59 -530.84
21 591.0 585.24 -903.11
22 591.0 600.97 -898.28
23 591.0 615.61 -893.80
24 591.0 552.65 -483.01
25 591.0 557.52 -498.14
26 591.0 482.98 -937.73
27 591.0 575.17 -776.76
28 591.0 591.89 -771.73
29 591.0 609.97 -766.11
30 591.0 403.10 -370.62
31 591.0 386.45 -677.68
32 591.0 411.03 -377.24
33 591.0 346.02 -401.39
34 591.0 832.91 -386.51
35 591.0 536.39 -464.26
6 592.0 251.16 -591.35
7 592.0 244.07 -568.00
8 592.0 903.05 -399.75
9 592.0 274.03 -550.06
10 592.0 290.74 -548.48
11 592.0 306.79 -543.74
12 592.0 293.05 -423.21
13 592.0 228.25 -435.70
14 592.0 196.89 -417.03
15 592.0 376.28 -655.59
16 592.0 397.31 -830.09
17 592.0 378.42 -662.78
18 592.0 428.67 -507.01
19 592.0 919.36 -422.57
20 592.0 344.72 -533.44
21 592.0 578.91 -905.04
22 592.0 594.51 -900.26
23 592.0 609.28 -895.74
24 592.0 552.65 -483.01
25 592.0 555.93 -492.81
26 592.0 489.51 -935.71
27 592.0 568.83 -778.62
28 592.0 585.29 -773.73
29 592.0 603.45 -768.09
30 592.0 393.92 -374.83
31 592.0 386.45 -677.68
32 592.0 421.80 -373.13
33 592.0 354.86 -398.82
34 592.0 821.19 -383.82
35 592.0 536.39 -464.26
6 593.0 253.70 -599.71
7 593.0 246.50 -576.00
8 593.0 892.44 -397.16
9 593.0 267.24 -552.07
10 593.0 283.44 -549.47
11 593.0 299.10 -546.01
12 593.0 294.21 -422.88
13 593.0 238.92 -435.51
14 593.0 197.70 -418.83
15 593.0 376.28 -655.59
16 593.0 388.94 -832.59
17 593.0 378.42 -662.78
18 593.0 421.64 -509.12
19 593.0 919.36 -422.57
20 593.0 342.09 -538.71
21 593.0 572.73 -906.94
22 593.0 588.15 -902.21
23 593.0 602.57 -897.79
24 593.0 552.65 -483.01
25 593.0 555.21 -490.62
26 593.0 496.49 -933.55
27 593.0 561.91 -780.65
28 593.0 578.48 -775.79
29 593.0 596.74 -770.20
30 593.0 384.37 -377.82
31 593.0 386.45 -677.68
32 593.0 433.40 -369.05
33 593.0 363.29 -396.37
34 593.0 808.69 -380.95
35 593.0 536.39 -464.26
6 594.0 255.96 -607.16
7 594.0 248.81 -583.62
8 594.0 881.61 -394.41
9 594.0 260.41 -554.08
10 594.0 276.65 -549.29
11 594.0 292.39 -547.99
12 594.0 294.33 -422.85
13 594.0 250.73 -435.41
14 594.0 197.86 -419.17
15 594.0 376.28 -655.59
16 594.0 380.48 -835.13
17 594.0 378.42 -662.78
18 594.0 413.82 -511.47
19 594.0 919.36 -422.57
20 594.0 343.19 -544.57
21 594.0 566.86 -908.74
22 594.0 581.06 -904.39
23 594.0 596.54 -899.64
24 594.0 552.65 -483.01
25 594.0 554.97 -489.88
26 594.0 503.15 -931.48
27 594.0 555.86 -782.42
28 594.0 571.56 -777.82
29 594.0 589.71 -772.39
30 594.0 375.38 -380.48
31 594.0 386.45 -677.68
32 594.0 444.40 -365.80
33 594.0 372.43 -393.72
34 594.0 797.05 -378.36
35 594.0 536.39 -464.26
6 595.0 258.41 -615.20
7 595.0 251.35 -591.98
8 595.0 871.32 -392.05
9 595.0 254.16 -555.93
10 595.0 269.88 -551.29
11 595.0 285.04 -549.76
12 595.0 294.40 -422.83
13 595.0 260.85 -432.47
14 595.0 197.86 -419.18
15 595.0 376.28 -655.59
16 595.0 371.70 -837.75
17 595.0 378.42 -662.78
18 595.0 406.11 -513.78
19 595.0 919.36 -422.57
20 595.0 344.91 -550.64
21 595.0 561.23 -910.48
22 595.0 575.62 -906.05
23 595.0 590.20 -901.58
24 595.0 552.65 -483.01
25 595.0 554.97 -489.87
26 595.0 509.75 -929.44
27 595.0 549.35 -784.33
28 595.0 565.02 -779.74
29 595.0 582.35 -774.62
30 595.0 365.84 -383.31
31 595.0 386.45 -677.68
32 595.0 455.88 -362.41
33 595.0 381.58 -391.23
34 595.0 784.83 -375.66
35 595.0 536.39 -464.26
6 596.0 260.82 -623.13
7 596.0 253.68 -599.64
8 596.0 860.98 -389.67
9 596.0 248.78 -557.32
10 596.0 262.60 -553.44
11 596.0 277.75 -548.96
12 596.0 294.45 -422.81
13 596.0 271.76 -429.33
14 596.0 197.87 -419.18
15 596.0 376.28 -655.59
16 596.0 362.82 -840.41
17 596.0 378.42 -662.78
18 596.0 398.56 -516.04
19 596.0 919.36 -422.57
20 596.0 346.45 -556.05
21 596.0 554.73 -912.49
22 596.0 570.41 -907.65
23 596.0 583.97 -903.49
24 596.0 552.65 -483.01
25 596.0 554.97 -489.86
26 596.0 515.93 -927.55
27 596.0 543.30 -786.10
28 596.0 558.01 -781.79
29 596.0 574.89 -776.84
30 596.0 355.87 -386.25
31 596.0 386.45 -677.68
32 596.0 466.78 -359.19
33 596.0 390.48 -390.04
34 596.0 772.36 -373.68
35 596.0 536.39 -464.26
6 597.0 263.28 -631.16
7 597.0 256.09 -607.56
8 597.0 852.01 -384.33
9 597.0 243.87 -555.29
10 597.0 257.55 -554.93
11 597.0 271.05 -550.94
12 597.0 294.45 -422.81
13 597.0 281.08 -426.65
14 597.0 197.87 -419.19
15 597.0 376.28 -655.59
16 597.0 354.94 -842.78
17 597.0 378.42 -662.78
18 597.0 390.64 -518.42
19 597.0 919.36 -422.57
20 597.0 348.02 -561.60
21 597.0 548.32 -914.45
22 597.0 563.73 -909.71
23 597.0 578.71 -905.11
24 597.0 552.65 -483.01
25 597.0 554.97 -489.86
26 597.0 522.00 -925.71
27 597.0 536.34 -788.18
28 597.0 551.89 -783.58
29 597.0 568.36 -778.76
30 597.0 346.58 -389.00
31 597.0 386.45 -677.68
32 597.0 477.71 -355.96
33 597.0 399.08 -387.39
34 597.0 759.91 -371.72
35 597.0 536.39 -464.26
6 598.0 265.53 -638.50
7 598.0 258.38 -615.12
8 598.0 840.99 -381.80
9 598.0 242.09 -550.44
10 598.0 252.48 -556.42
11 598.0 265.81 -552.49
12 598.0 294.45 -422.81
13 598.0 286.12 -425.20
14 598.0 197.87 -419.19
15 598.0 376.28 -655.59
16 598.0 346.07 -845.44
17 598.0 378.42 -662.78
18 598.0 382.82 -520.76
19 598.0 919.36 -422.57
20 598.0 349.70 -567.29
21 598.0 542.80 -916.08
22 598.0 556.97 -911.80
23 598.0 571.92 -907.19
24 598.0 552.65 -483.01
25 598.0 554.97 -489.86
26 598.0 528.83 -923.62
27 598.0 529.81 -790.15
28 598.0 545.47 -785.46
29 598.0 561.50 -780.76
30 598.0 336.80 -391.90
31 598.0 386.45 -677.68
32 598.0 488.90 -352.65
33 598.0 407.64 -384.90
34 598.0 748.18 -369.05
35 598.0 536.39 -464.26
6 599.0 267.98 -646.40
7 599.0 260.88 -623.34
8 599.0 830.76 -379.45
9 599.0 240.13 -544.00
10 599.0 246.71 -557.29
11 599.0 260.30 -554.12
12 599.0 294.45 -422.81
13 599.0 287.02 -424.94
14 599.0 197.87 -419.19
15 599.0 376.28 -655.59
16 599.0 340.56 -847.09
17 599.0 378.42 -662.78
18 599.0 375.35 -523.04
19 599.0 919.36 -422.57
20 599.0 351.36 -572.68
21 599.0 537.29 -917.71
22 599.0 550.87 -913.69
23 599.0 565.34 -909.21
24 599.0 552.65 -483.01
25 599.0 554.97 -489.86
26 599.0 535.08 -921.72
27 599.0 523.31 -792.11
28 599.0 538.69 -787.47
29 599.0 553.98 -782.97
30 599.0 327.77 -394.57
31 599.0 386.45 -677.68
32 599.0 495.75 -350.63
33 599.0 416.79 -385.06
34 599.0 735.85 -366.23
35 599.0 536.39 -464.26
6 600.0 270.36 -654.08
7 600.0 263.42 -631.63
8 600.0 820.19 -377.03
9 600.0 238.13 -537.41
10 600.0 242.95 -553.29
11 600.0 254.71 -555.77
12 600.0 295.90 -422.40
13 600.0 287.20 -424.89
14 600.0 198.91 -421.66
15 600.0 376.28 -655.59
16 600.0 333.80 -847.00
17 600.0 378.92 -664.23
18 600.0 368.21 -525.23
19 600.0 919.36 -422.57
20 600.0 353.35 -579.10
21 600.0 531.60 -919.44
22 600.0 545.36 -915.33
23 600.0 559.86 -910.90
24 600.0 551.65 -480.83
25 600.0 554.97 -489.86
26 600.0 541.84 -919.70
27 600.0 516.97 -794.02
28 600.0 531.68 -789.59
29 600.0 546.88 -785.05
30 600.0 317.93 -395.87
31 600.0 385.71 -675.34
32 600.0 505.33 -348.01
33 600.0 424.64 -382.30
34 600.0 723.32 -363.32
35 600.0 537.01 -466.56
6 601.0 272.84 -662.08
7 601.0 266.07 -640.22
8 601.0 809.70 -374.62
9 601.0 235.90 -530.05
10 601.0 240.66 -545.75
11 601.0 251.43 -556.73
12 601.0 299.83 -421.36
13 601.0 288.25 -424.59
14 601.0 200.36 -425.50
15 601.0 376.55 -656.48
16 601.0 331.06 -841.62
17 601.0 380.49 -667.46
18 601.0 360.83 -527.57
19 601.0 919.36 -422.57
20 601.0 355.08 -584.68
21 601.0 525.57 -921.27
22 601.0 540.45 -916.78
23 601.0 554.49 -912.57
24 601.0 549.33 -477.07
25 601.0 554.51 -488.46
26 601.0 548.15 -917.83
27 601.0 510.96 -795.84
28 601.0 524.90 -791.63
29 601.0 540.33 -786.98
30 601.0 308.45 -398.82
31 601.0 384.25 -670.68
32 601.0 516.70 -345.48
33 601.0 432.90 -379.40
34 601.0 710.86 -360.44
35 601.0 537.63 -470.44
6 602.0 275.45 -670.29
7 602.0 268.57 -648.30
8 602.0 799.23 -372.29
9 602.0 233.98 -523.71
10 602.0 238.29 -537.91
11 602.0 245.97 -557.10
12 602.0 305.64 -423.03
13 602.0 290.84 -423.84
14 602.0 202.54 -431.40
15 602.0 377.21 -658.73
16 602.0 328.65 -833.72
17 602.0 380.49 -667.46
18 602.0 353.48 -529.93
19 602.0 919.36 -422.57
20 602.0 356.84 -590.36
21 602.0 519.42 -923.14
22 602.0 534.78 -918.47
23 602.0 549.24 -914.18
24 602.0 548.14 -476.18
25 602.0 553.44 -485.28
26 602.0 555.40 -915.63
27 602.0 504.48 -797.79
28 602.0 519.11 -793.38
29 602.0 534.01 -788.89
30 602.0 298.79 -401.93
31 602.0 382.10 -663.88
32 602.0 524.24 -343.86
33 602.0 441.17 -376.77
34 602.0 699.59 -357.85
35 602.0 535.21 -474.94
6 603.0 277.77 -677.85
7 603.0 271.12 -656.51
8 603.0 788.42 -369.91
9 603.0 231.89 -516.83
10 603.0 236.27 -531.28
11 603.0 242.67 -552.37
12 603.0 307.81 -428.76
13 603.0 295.36 -422.56
14 603.0 204.25 -436.02
15 603.0 377.62 -660.12
16 603.0 326.18 -825.89
17 603.0 380.49 -667.46
18 603.0 349.37 -531.21
19 603.0 919.36 -422.57
20 603.0 358.69 -596.43
21 603.0 513.32 -925.00
22 603.0 528.42 -920.40
23 603.0 543.48 -915.88
24 603.0 545.62 -474.59
25 603.0 552.70 -483.15
26 603.0 562.15 -913.55
27 603.0 498.16 -799.70
28 603.0 512.19 -795.47
29 603.0 528.49 -790.55
30 603.0 289.49 -404.77
31 603.0 379.98 -656.79
32 603.0 527.82 -342.57
33 603.0 449.30 -374.37
34 603.0 687.25 -355.02
35 603.0 530.24 -476.45
6 604.0 280.20 -685.79
7 604.0 273.51 -664.25
8 604.0 778.09 -367.63
9 604.0 229.62 -509.35
10 604.0 234.50 -525.42
11 604.0 240.55 -545.38
12 604.0 310.10 -436.11
13 604.0 298.74 -421.63
14 604.0 209.91 -438.16
15 604.0 377.70 -660.36
16 604.0 323.73 -818.15
17 604.0 382.08 -668.91
18 604.0 343.77 -534.47
19 604.0 919.36 -422.57
20 604.0 360.31 -601.83
21 604.0 507.73 -926.71
22 604.0 521.98 -922.36
23 604.0 537.48 -917.66
24 604.0 540.33 -474.01
25 604.0 551.34 -480.27
26 604.0 569.20 -911.37
27 604.0 491.60 -801.68
28 604.0 506.12 -797.30
29 604.0 521.63 -792.62
30 604.0 280.71 -407.43
31 604.0 377.81 -649.48
32 604.0 528.71 -338.85
33 604.0 458.38 -371.69
34 604.0 674.90 -352.18
35 604.0 523.51 -478.51
6 605.0 282.66 -693.77
7 605.0 276.23 -672.83
8 605.0 768.26 -363.78
9 605.0 227.44 -502.11
10 605.0 232.20 -517.86
11 605.0 238.17 -537.52
12 605.0 312.52 -444.02
13 605.0 298.75 -421.63
14 605.0 216.96 -436.24
15 605.0 378.12 -661.80
16 605.0 321.42 -810.07
17 605.0 385.90 -670.33
18 605.0 342.50 -541.87
19 605.0 919.36 -422.57
20 605.0 362.20 -608.15
21 605.0 501.35 -928.69
22 605.0 515.65 -924.29
23 605.0 531.19 -919.56
24 605.0 535.14 -474.95
25 605.0 548.87 -476.73
26 605.0 575.76 -909.36
27 605.0 484.92 -803.70
28 605.0 500.02 -799.14
29 605.0 514.71 -794.70
30 605.0 271.72 -410.16
31 605.0 375.79 -642.69
32 605.0 526.91 -335.31
33 605.0 467.25 -369.06
34 605.0 662.47 -349.33
35 605.0 516.10 -480.77
6 606.0 284.88 -700.96
7 606.0 278.86 -681.43
8 606.0 758.10 -361.46
9 606.0 225.25 -494.81
10 606.0 230.13 -511.01
11 606.0 235.86 -529.91
12 606.0 314.95 -451.97
13 606.0 300.41 -421.28
14 606.0 226.06 -436.48
15 606.0 379.03 -664.45
16 606.0 319.11 -802.34
17 606.0 391.57 -669.19
18 606.0 344.64 -549.67
19 606.0 919.36 -422.57
20 606.0 364.03 -614.30
21 606.0 495.73 -930.43
22 606.0 509.57 -926.14
23 606.0 524.68 -921.54
24 606.0 527.64 -477.25
25 606.0 542.87 -474.10
26 606.0 581.94 -907.46
27 606.0 478.20 -805.73
28 606.0 492.83 -801.31
29 606.0 508.18 -796.68
30 606.0 262.13 -413.07
31 606.0 373.88 -636.27
32 606.0 520.09 -337.99
33 606.0 476.06 -366.46
34 606.0 650.04 -346.47
35 606.0 509.70 -482.61
6 607.0 287.37 -709.09
7 607.0 281.19 -688.98
8 607.0 747.83 -359.12
9 607.0 226.08 -487.70
10 607.0 227.95 -503.82
11 607.0 233.50 -522.13
12 607.0 317.10 -458.97
13 607.0 303.74 -421.52
14 607.0 237.20 -436.01
15 607.0 381.89 -668.75
16 607.0 316.70 -794.43
17 607.0 397.94 -667.26
18 607.0 346.78 -557.21
19 607.0 919.36 -422.57
20 607.0 365.67 -619.85
21 607.0 490.19 -932.15
22 607.0 503.62 -927.99
23 607.0 518.40 -923.45
24 607.0 519.42 -479.75
25 607.0 536.53 -474.68
26 607.0 589.06 -905.28
27 607.0 472.16 -807.56
28 607.0 485.81 -803.43
29 607.0 501.70 -798.63
30 607.0 252.68 -415.93
31 607.0 371.70 -628.92
32 607.0 511.81 -341.18
33 607.0 484.45 -363.98
34 607.0 638.60 -343.88
35 607.0 502.44 -484.55
6 608.0 289.81 -717.13
7 608.0 283.66 -696.99
8 608.0 737.22 -356.70
9 608.0 224.26 -479.97
10 608.0 225.78 -496.57
11 608.0 231.22 -514.62
12 608.0 319.40 -466.49
13 608.0 306.79 -425.50
14 608.0 248.59 -436.04
15 608.0 389.26 -669.82
16 608.0 314.19 -786.25
17 608.0 404.32 -665.33
18 608.0 349.01 -565.06
19 608.0 919.36 -422.57
20 608.0 367.62 -626.42
21 608.0 484.37 -933.95
22 608.0 497.94 -929.75
23 608.0 512.25 -925.33
24 608.0 511.71 -482.04
25 608.0 532.50 -475.76
26 608.0 595.49 -903.31
27 608.0 466.26 -809.35
28 608.0 480.73 -804.97
29 608.0 494.15 -800.91
30 608.0 243.11 -418.84
31 608.0 369.68 -622.10
32 608.0 502.16 -343.98
33 608.0 492.35 -361.65
34 608.0 627.09 -341.29
35 608.0 495.95 -486.24
6 609.0 292.26 -725.16
7 609.0 286.14 -705.06
8 609.0 726.41 -354.18
9 609.0 221.70 -471.04
10 609.0 225.97 -488.62
11 609.0 228.85 -506.82
12 609.0 321.53 -473.42
13 609.0 308.92 -432.28
14 609.0 258.18 -433.24
15 609.0 395.36 -668.05
16 609.0 311.65 -777.96
17 609.0 410.96 -663.32
18 609.0 351.41 -572.84
19 609.0 919.36 -422.57
20 609.0 369.53 -632.86
21 609.0 478.09 -935.90
22 609.0 492.50 -931.43
23 609.0 506.12 -927.21
24 609.0 504.74 -483.95
25 609.0 526.27 -477.66
26 609.0 602.61 -901.13
27 609.0 459.46 -811.42
28 609.0 475.29 -806.61
29 609.0 489.08 -802.44
30 609.0 233.54 -421.74
31 609.0 367.60 -615.12
32 609.0 490.56 -347.57
33 609.0 500.43 -359.26
34 609.0 614.61 -338.49
35 609.0 489.41 -488.43
6 610.0 294.48 -732.45
7 610.0 288.78 -713.74
8 610.0 715.68 -351.69
9 610.0 219.16 -461.75
10 610.0 224.12 -479.47
11 610.0 226.45 -498.81
12 610.0 323.63 -480.25
13 610.0 311.39 -440.32
14 610.0 268.34 -430.31
15 610.0 402.39 -665.92
16 610.0 309.20 -769.84
17 610.0 417.84 -661.24
18 610.0 353.81 -580.58
19 610.0 919.36 -422.57
20 610.0 371.24 -638.61
21 610.0 472.21 -937.72
22 610.0 486.94 -933.15
23 610.0 500.41 -928.98
24 610.0 498.46 -485.58
25 610.0 519.63 -479.69
26 610.0 609.45 -899.03
27 610.0 452.51 -813.51
28 610.0 468.22 -808.75
29 610.0 483.38 -804.17
30 610.0 224.62 -424.44
31 610.0 365.43 -607.81
32 610.0 479.28 -351.06
33 610.0 508.44 -357.13
34 610.0 602.47 -335.77
35 610.0 483.09 -490.55
6 611.0 296.95 -740.55
7 611.0 291.32 -722.08
8 611.0 705.57 -349.37
9 611.0 217.10 -454.27
10 611.0 221.47 -470.19
11 611.0 225.05 -491.26
12 611.0 325.73 -487.22
13 611.0 313.74 -448.00
14 611.0 278.57 -427.37
15 611.0 409.93 -663.63
16 611.0 306.83 -762.03
17 611.0 424.41 -659.25
18 611.0 356.02 -587.70
19 611.0 919.36 -422.57
20 611.0 372.90 -644.20
21 611.0 468.18 -938.14
22 611.0 480.89 -935.03
23 611.0 494.85 -930.70
24 611.0 491.34 -487.78
25 611.0 513.24 -481.60
26 611.0 615.89 -897.06
27 611.0 445.80 -815.53
28 611.0 460.77 -811.03
29 611.0 476.68 -806.19
30 611.0 216.28 -426.99
31 611.0 363.53 -601.43
32 611.0 468.47 -354.40
33 611.0 516.98 -355.20
34 611.0 590.23 -333.04
35 611.0 476.67 -492.50
6 612.0 299.42 -748.67
7 612.0 293.71 -729.92
8 612.0 694.86 -346.91
9 612.0 216.86 -446.82
10 612.0 219.35 -462.44
11 612.0 225.18 -483.16
12 612.0 328.14 -495.11
13 612.0 316.09 -455.69
14 612.0 288.23 -424.59
15 612.0 416.26 -661.72
16 612.0 304.39 -754.02
17 612.0 431.16 -657.21
18 612.0 358.37 -595.39
19 612.0 919.36 -422.57
20 612.0 374.58 -649.87
21 612.0 464.66 -934.61
22 612.0 476.39 -936.43
23 612.0 489.02 -932.51
24 612.0 485.59 -489.71
25 612.0 506.39 -483.52
26 612.0 622.56 -895.01
27 612.0 439.50 -817.43
28 612.0 453.54 -813.20
29 612.0 469.72 -808.30
30 612.0 209.71 -427.40
31 612.0 361.38 -594.30
32 612.0 457.56 -357.78
33 612.0 525.61 -353.33
34 612.0 577.77 -330.25
35 612.0 470.18 -494.47
6 613.0 301.95 -757.00
7 613.0 296.01 -737.47
8 613.0 684.36 -344.50
9 613.0 222.15 -441.43
10 613.0 217.32 -455.43
11 613.0 222.61 -474.24
12 613.0 330.30 -502.09
13 613.0 318.54 -463.70
14 613.0 298.19 -421.78
15 613.0 423.12 -659.64
16 613.0 301.92 -745.91
17 613.0 437.59 -655.26
18 613.0 360.56 -602.65
19 613.0 919.36 -422.57
20 613.0 376.32 -655.73
21 613.0 463.30 -930.43
22 613.0 471.39 -937.96
23 613.0 484.22 -934.00
24 613.0 479.35 -491.69
25 613.0 499.72 -485.25
26 613.0 629.37 -892.91
27 613.0 435.58 -818.61
28 613.0 447.04 -815.15
29 613.0 462.51 -810.50
30 613.0 203.49 -423.40
31 613.0 359.16 -587.02
32 613.0 446.16 -361.21
33 613.0 533.86 -350.45
34 613.0 565.31 -327.93
35 613.0 462.79 -496.70
6 614.0 304.51 -765.42
7 614.0 298.41 -745.36
8 614.0 674.02 -342.13
9 614.0 229.50 -438.65
10 614.0 216.66 -448.21
11 614.0 220.22 -465.63
12 614.0 332.62 -509.60
13 614.0 321.02 -471.74
14 614.0 304.00 -421.59
15 614.0 428.98 -657.87
16 614.0 299.37 -737.53
17 614.0 443.56 -653.46
18 614.0 362.73 -609.93
19 614.0 919.36 -422.57
20 614.0 378.24 -662.19
21 614.0 461.45 -924.62
22 614.0 466.73 -937.60
23 614.0 479.80 -935.37
24 614.0 471.20 -494.16
25 614.0 493.93 -486.91
26 614.0 635.72 -890.95
27 614.0 430.41 -818.59
28 614.0 443.03 -816.36
29 614.0 455.60 -812.58
30 614.0 200.37 -416.96
31 614.0 356.86 -579.63
32 614.0 434.18 -364.75
33 614.0 541.29 -347.19
34 614.0 555.53 -331.56
35 614.0 455.42 -498.93
6 615.0 306.89 -773.28
7 615.0 300.69 -752.84
8 615.0 663.08 -339.62
9 615.0 238.28 -435.70
10 615.0 221.09 -442.03
11 615.0 217.78 -456.98
12 615.0 334.75 -516.48
13 615.0 323.21 -478.87
14 615.0 306.90 -425.87
15 615.0 435.09 -656.02
16 615.0 296.89 -729.39
17 615.0 450.32 -651.41
18 615.0 364.89 -617.22
19 615.0 919.36 -422.57
20 615.0 379.01 -666.39
21 615.0 459.64 -918.91
22 615.0 464.10 -932.97
23 615.0 475.49 -936.70
24 615.0 463.44 -496.51
25 615.0 488.03 -488.89
26 615.0 642.73 -888.78
27 615.0 427.68 -814.19
28 615.0 437.86 -817.92
29 615.0 451.53 -813.80
30 615.0 196.93 -408.88
31 615.0 354.84 -573.11
32 615.0 421.27 -365.24
33 615.0 549.71 -345.58
34 615.0 545.15 -333.39
35 615.0 448.01 -501.18
6 616.0 309.42 -781.59
7 616.0 303.00 -760.43
8 616.0 652.59 -337.21
9 616.0 247.45 -433.03
10 616.0 229.17 -438.77
11 616.0 216.44 -449.81
12 616.0 337.00 -523.77
13 616.0 325.41 -486.15
14 616.0 309.21 -433.18
15 616.0 441.47 -654.09
16 616.0 294.19 -720.51
17 616.0 456.78 -649.47
18 616.0 367.30 -625.34
19 616.0 919.36 -422.57
20 616.0 376.00 -670.24
21 616.0 457.75 -912.96
22 616.0 462.42 -927.65
23 616.0 471.10 -938.01
24 616.0 456.33 -498.66
25 616.0 481.26 -491.11
26 616.0 649.18 -886.79
27 616.0 425.88 -808.12
28 616.0 433.65 -818.98
29 616.0 446.94 -815.19
30 616.0 194.30 -402.33
31 616.0 352.70 -566.18
32 616.0 410.45 -368.44
33 616.0 558.99 -344.22
34 616.0 533.24 -336.79
35 616.0 441.72 -503.08
6 617.0 311.68 -788.96
7 617.0 305.39 -768.28
8 617.0 642.14 -334.84
9 617.0 256.44 -430.42
10 617.0 237.90 -435.81
11 617.0 220.14 -442.57
12 617.0 338.01 -527.01
13 617.0 327.71 -493.71
14 617.0 311.36 -440.23
15 617.0 447.93 -652.14
16 617.0 291.57 -711.91
17 617.0 463.85 -647.33
18 617.0 369.54 -632.87
19 617.0 919.36 -422.57
20 617.0 370.94 -671.96
21 617.0 455.99 -907.03
22 617.0 460.30 -921.00
23 617.0 466.39 -937.29
24 617.0 450.65 -500.38
25 617.0 474.91 -493.04
26 617.0 656.31 -884.59
27 617.0 424.10 -802.12
28 617.0 428.79 -816.90
29 617.0 442.67 -816.47
30 617.0 191.53 -395.42
31 617.0 350.82 -559.78
32 617.0 399.33 -371.78
33 617.0 567.35 -343.72
34 617.0 525.32 -339.11
35 617.0 434.77 -505.17
6 618.0 313.92 -796.30
7 618.0 307.91 -776.65
8 618.0 631.26 -332.39
9 618.0 266.05 -427.64
10 618.0 246.86 -433.20
11 618.0 228.38 -439.05
12 618.0 339.54 -532.11
13 618.0 330.05 -501.27
14 618.0 313.74 -447.99
15 618.0 455.70 -649.80
16 618.0 289.22 -704.19
17 618.0 470.07 -645.45
18 618.0 371.68 -640.07
19 618.0 919.36 -422.57
20 618.0 364.99 -673.78
21 618.0 454.08 -900.59
22 618.0 458.51 -915.36
23 618.0 463.93 -932.42
24 618.0 444.05 -502.38
25 618.0 468.49 -494.98
26 618.0 662.80 -882.34
27 618.0 422.06 -795.25
28 618.0 426.86 -811.42
29 618.0 437.09 -818.15
30 618.0 189.65 -391.43
31 618.0 348.73 -552.36
32 618.0 388.62 -376.57
33 618.0 576.33 -344.16
34 618.0 521.36 -340.59
35 618.0 428.08 -507.18
6 619.0 316.46 -804.68
7 619.0 310.53 -785.23
8 619.0 621.03 -330.10
9 619.0 275.54 -424.92
10 619.0 256.05 -430.53
11 619.0 237.44 -435.94
12 619.0 341.67 -539.31
13 619.0 332.42 -508.94
14 619.0 315.78 -454.68
15 619.0 461.26 -648.12
16 619.0 286.73 -696.10
17 619.0 476.27 -643.58
18 619.0 373.77 -647.14
19 619.0 919.36 -422.57
20 619.0 359.10 -675.58
21 619.0 452.18 -894.16
22 619.0 456.53 -908.85
23 619.0 461.76 -925.60
24 619.0 437.14 -504.46
25 619.0 462.07 -496.92
26 619.0 668.56 -878.17
27 619.0 420.11 -788.69
28 619.0 424.78 -804.41
29 619.0 431.53 -818.92
30 619.0 187.47 -390.14
31 619.0 346.89 -545.88
32 619.0 377.48 -379.86
33 619.0 585.02 -345.63
34 619.0 520.63 -341.15
35 619.0 421.53 -509.16
6 620.0 318.63 -811.96
7 620.0 312.89 -792.92
8 620.0 610.43 -327.73
9 620.0 285.34 -422.10
10 620.0 266.26 -427.59
11 620.0 247.14 -433.12
12 620.0 343.75 -546.53
13 620.0 334.71 -516.36
14 620.0 318.03 -462.03
15 620.0 467.98 -646.08
16 620.0 284.08 -687.48
17 620.0 482.83 -641.59
18 620.0 376.21 -655.36
19 620.0 919.36 -422.57
20 620.0 353.20 -677.39
21 620.0 450.30 -888.02
22 620.0 454.55 -902.18
23 620.0 459.93 -919.83
24 620.0 429.87 -506.65
25 620.0 455.21 -499.00
26 620.0 670.29 -871.78
27 620.0 418.08 -781.86
28 620.0 422.55 -796.90
29 620.0 427.98 -815.14
30 620.0 183.76 -394.01
31 620.0 345.89 -542.32
32 620.0 366.36 -383.15
33 620.0 594.22 -347.66
34 620.0 517.12 -340.98
35 620.0 414.88 -511.15
6 621.0 320.99 -820.09
7 621.0 315.24 -800.65
8 621.0 599.80 -325.35
9 621.0 294.68 -419.42
10 621.0 276.55 -424.63
11 621.0 257.79 -430.03
12 621.0 345.90 -554.12
13 621.0 336.92 -523.49
14 621.0 320.36 -469.62
15 621.0 474.77 -644.03
16 621.0 281.62 -679.50
17 621.0 489.02 -639.72
18 621.0 378.39 -662.69
19 621.0 919.36 -422.57
20 621.0 346.79 -678.92
21 621.0 448.52 -882.17
22 621.0 452.62 -895.63
23 621.0 457.99 -913.73
24 621.0 423.43 -508.59
25 621.0 448.77 -500.95
26 621.0 668.91 -865.31
27 621.0 416.21 -775.55
28 621.0 420.72 -790.74
29 621.0 426.23 -809.29
30 621.0 185.84 -398.41
31 621.0 344.47 -537.49
32 621.0 355.17 -386.46
33 621.0 602.42 -349.50
34 621.0 516.91 -343.04
35 621.0 407.53 -513.35
6 622.0 323.62 -828.42
7 622.0 317.60 -808.40
8 622.0 589.93 -323.14
9 622.0 303.86 -416.88
10 622.0 286.14 -421.87
11 622.0 268.44 -426.96
12 622.0 348.04 -561.67
13 622.0 338.12 -527.39
14 622.0 322.75 -477.36
15 622.0 480.28 -642.36
16 622.0 279.14 -671.41
17 622.0 495.16 -637.86
18 622.0 378.34 -668.40
19 622.0 919.36 -422.57
20 622.0 340.32 -678.00
21 622.0 446.59 -875.82
22 622.0 450.81 -889.68
23 622.0 456.04 -907.17
24 622.0 415.42 -510.99
25 622.0 442.19 -502.94
26 622.0 666.93 -858.57
27 622.0 414.31 -769.17
28 622.0 418.89 -784.58
29 622.0 424.11 -802.15
30 622.0 188.17 -404.24
31 622.0 342.34 -530.31
32 622.0 344.23 -389.70
33 622.0 611.26 -351.47
34 622.0 516.48 -347.37
35 622.0 400.65 -515.41
6 623.0 326.22 -836.72
7 623.0 320.08 -817.07
8 623.0 579.10 -320.71
9 623.0 312.87 -414.35
10 623.0 294.64 -419.43
11 623.0 278.02 -424.20
12 623.0 350.21 -568.93
13 623.0 339.99 -533.65
14 623.0 324.82 -484.18
15 623.0 486.94 -640.35
16 623.0 276.70 -663.72
17 623.0 501.80 -635.86
18 623.0 373.04 -671.32
19 623.0 919.36 -422.57
20 623.0 334.55 -679.74
21 623.0 444.59 -869.24
22 623.0 449.04 -883.89
23 623.0 454.16 -900.84
24 623.0 408.40 -513.09
25 623.0 435.60 -504.92
26 623.0 664.95 -851.79
27 623.0 412.43 -762.82
28 623.0 417.07 -778.43
29 623.0 422.15 -795.55
30 623.0 190.95 -411.16
31 623.0 340.18 -523.20
32 623.0 333.05 -393.01
33 623.0 619.79 -353.38
34 623.0 516.54 -353.21
35 623.0 393.29 -517.62
6 624.0 328.78 -845.11
7 624.0 322.63 -825.27
8 624.0 568.75 -318.56
9 624.0 322.85 -411.45
10 624.0 303.34 -417.03
11 624.0 286.22 -421.85
12 624.0 352.67 -576.90
13 624.0 342.28 -541.37
14 624.0 326.86 -490.95
15 624.0 493.83 -638.26
16 624.0 274.15 -655.50
17 624.0 508.37 -633.87
18 624.0 365.40 -673.66
19 624.0 919.36 -422.57
20 624.0 328.02 -681.72
21 624.0 442.83 -863.49
22 624.0 447.08 -877.45
23 624.0 452.30 -894.57
24 624.0 401.73 -515.09
25 624.0 428.63 -507.02
26 624.0 663.03 -845.25
27 624.0 410.37 -755.89
28 624.0 414.88 -771.09
29 624.0 419.93 -788.07
30 624.0 194.14 -418.73
31 624.0 338.15 -516.63
32 624.0 321.20 -395.22
33 624.0 628.56 -355.42
34 624.0 516.77 -361.11
35 624.0 386.15 -519.76
6 625.0 331.08 -852.64
7 625.0 325.25 -833.58
8 625.0 557.46 -321.61
9 625.0 331.75 -408.87
10 625.0 313.97 -414.03
11 625.0 294.46 -419.48
12 625.0 355.09 -584.71
13 625.0 344.39 -548.79
14 625.0 329.24 -498.66
15 625.0 499.77 -636.47
16 625.0 271.67 -647.49
17 625.0 515.14 -631.82
18 625.0 358.42 -675.79
19 625.0 919.36 -422.57
20 625.0 322.12 -683.51
21 625.0 440.89 -857.20
22 625.0 445.20 -871.27
23 625.0 450.20 -887.69
24 625.0 394.12 -517.37
25 625.0 421.86 -509.06
26 625.0 661.22 -839.17
27 625.0 408.57 -749.83
28 625.0 412.81 -764.09
29 625.0 417.87 -781.13
30 625.0 195.93 -422.82
31 625.0 336.08 -509.93
32 625.0 309.54 -398.48
33 625.0 637.04 -357.40
34 625.0 517.15 -369.04
35 625.0 378.99 -521.92
6 626.0 333.41 -860.24
7 626.0 327.89 -842.21
8 626.0 544.98 -323.48
9 626.0 341.73 -405.97
10 626.0 323.40 -411.29
11 626.0 304.30 -416.76
12 626.0 357.53 -592.61
13 626.0 346.42 -555.95
14 626.0 331.62 -506.35
15 626.0 506.68 -634.38
16 626.0 269.01 -638.93
17 626.0 521.76 -629.82
18 626.0 350.49 -678.22
19 626.0 919.36 -422.57
20 626.0 315.70 -685.46
21 626.0 438.92 -850.82
22 626.0 443.25 -864.84
23 626.0 448.41 -881.81
24 626.0 386.64 -519.62
25 626.0 415.52 -510.96
26 626.0 659.29 -832.76
27 626.0 406.52 -743.06
28 626.0 411.18 -758.62
29 626.0 415.70 -773.82
30 626.0 198.00 -428.34
31 626.0 333.93 -502.99
32 626.0 298.46 -402.04
33 626.0 646.10 -359.52
34 626.0 517.64 -377.94
35 626.0 372.34 -523.96
6 627.0 335.65 -867.56
7 627.0 330.53 -850.83
8 627.0 535.13 -326.26
9 627.0 351.10 -403.25
10 627.0 333.47 -408.37
11 627.0 313.63 -414.13
12 627.0 359.61 -599.49
13 627.0 348.79 -564.30
14 627.0 333.64 -512.91
15 627.0 513.22 -632.40
16 627.0 266.48 -630.68
17 627.0 528.71 -627.71
18 627.0 342.64 -677.78
19 627.0 919.36 -422.57
20 627.0 309.56 -687.32
21 627.0 437.02 -844.69
22 627.0 441.35 -858.69
23 627.0 446.48 -875.48
24 627.0 380.41 -521.49
25 627.0 408.99 -512.91
26 627.0 657.44 -826.63
27 627.0 404.54 -736.62
28 627.0 409.22 -752.02
29 627.0 414.01 -768.16
30 627.0 200.78 -435.85
31 627.0 331.64 -495.60
32 627.0 287.09 -405.50
33 627.0 655.17 -361.64
34 627.0 518.10 -386.29
35 627.0 366.16 -525.86
6 628.0 337.91 -874.96
7 628.0 332.88 -858.54
8 628.0 525.34 -329.08
9 628.0 360.09 -400.64
10 628.0 342.28 -405.81
11 628.0 324.09 -411.09
12 628.0 361.80 -606.81
13 628.0 350.98 -571.44
14 628.0 335.68 -519.49
15 628.0 520.24 -630.28
16 628.0 263.96 -622.45
17 628.0 535.70 -625.60
18 628.0 335.25 -679.53
19 628.0 919.36 -422.57
20 628.0 303.58 -689.13
21 628.0 435.22 -838.84
22 628.0 439.54 -852.83
23 628.0 444.52 -869.02
24 628.0 374.27 -523.37
25 628.0 402.38 -514.90
26 628.0 655.40 -819.86
27 628.0 402.52 -730.03
28 628.0 407.40 -745.92
29 628.0 411.78 -760.63
30 628.0 203.63 -443.06
31 628.0 329.64 -489.10
32 628.0 276.15 -408.81
33 628.0 664.01 -363.70
34 628.0 518.56 -394.78
35 628.0 359.57 -527.98
6 629.0 340.43 -883.17
7 629.0 335.34 -866.57
8 629.0 515.37 -333.00
9 629.0 369.71 -397.84
10 629.0 351.72 -403.07
11 629.0 332.94 -408.52
12 629.0 364.08 -614.49
13 629.0 353.50 -579.57
14 629.0 337.48 -525.30
15 629.0 526.93 -628.26
16 629.0 261.31 -613.74
17 629.0 542.29 -623.60
18 629.0 327.34 -681.92
19 629.0 919.36 -422.57
20 629.0 298.00 -690.82
21 629.0 433.34 -832.77
22 629.0 437.93 -847.62
23 629.0 442.41 -862.10
24 629.0 368.23 -525.23
25 629.0 395.48 -516.97
26 629.0 653.54 -813.68
27 629.0 400.64 -723.91
28 629.0 405.43 -739.52
29 629.0 409.80 -753.98
30 629.0 207.52 -450.43
31 629.0 327.44 -481.80
32 629.0 264.87 -412.24
33 629.0 672.44 -365.69
34 629.0 520.10 -403.30
35 629.0 352.32 -530.30
6 630.0 342.92 -891.31
7 630.0 337.69 -874.23
8 630.0 505.49 -336.28
9 630.0 379.42 -395.02
10 630.0 360.49 -400.52
11 630.0 342.67 -405.70
12 630.0 366.16 -621.48
13 630.0 355.80 -586.99
14 630.0 339.57 -532.24
15 630.0 534.19 -626.05
16 630.0 258.87 -605.70
17 630.0 548.39 -621.76
18 630.0 319.90 -684.18
19 630.0 919.36 -422.57
20 630.0 294.06 -692.02
21 630.0 431.64 -827.83
22 630.0 436.11 -841.75
23 630.0 440.60 -856.27
24 630.0 360.99 -527.52
25 630.0 389.45 -518.78
26 630.0 651.52 -806.99
27 630.0 398.76 -717.77
28 630.0 403.48 -733.17
29 630.0 407.92 -747.64
30 630.0 211.23 -457.47
31 630.0 325.43 -475.20
32 630.0 252.92 -415.86
33 630.0 680.92 -367.71
34 630.0 523.17 -412.59
35 630.0 349.35 -531.22
6 631.0 345.38 -899.34
7 631.0 340.19 -882.41
8 631.0 495.72 -339.27
9 631.0 389.13 -393.80
10 631.0 370.66 -397.57
11 631.0 351.40 -403.16
12 631.0 368.50 -629.37
13 631.0 358.10 -594.49
14 631.0 341.82 -539.81
15 631.0 539.86 -624.34
16 631.0 256.30 -597.25
17 631.0 554.91 -619.79
18 631.0 312.20 -686.52
19 631.0 919.36 -422.57
20 631.0 289.92 -693.00
21 631.0 428.47 -823.55
22 631.0 434.59 -836.81
23 631.0 438.74 -850.25
24 631.0 357.37 -528.68
25 631.0 382.66 -520.81
26 631.0 649.44 -800.12
27 631.0 396.92 -711.81
28 631.0 401.40 -726.40
29 631.0 406.03 -741.48
30 631.0 213.89 -466.72
31 631.0 323.15 -467.77
32 631.0 240.97 -419.49
33 631.0 689.44 -369.75
34 631.0 526.14 -421.29
35 631.0 346.78 -531.96
6 632.0 347.59 -906.56
7 632.0 342.57 -890.16
8 632.0 485.54 -342.42
9 632.0 398.56 -390.90
10 632.0 379.71 -394.94
11 632.0 361.50 -400.23
12 632.0 370.54 -636.24
13 632.0 360.31 -601.81
14 632.0 344.01 -547.44
15 632.0 546.16 -622.43
16 632.0 253.94 -589.50
17 632.0 561.35 -617.84
18 632.0 304.32 -688.91
19 632.0 919.36 -422.57
20 632.0 285.74 -691.32
21 632.0 422.59 -822.72
22 632.0 433.02 -831.75
23 632.0 437.12 -845.00
24 632.0 354.83 -529.50
25 632.0 376.88 -522.57
26 632.0 647.34 -793.19
27 632.0 394.98 -705.47
28 632.0 399.72 -720.90
29 632.0 404.00 -734.87
30 632.0 216.46 -476.00
31 632.0 321.19 -461.40
32 632.0 229.01 -423.11
33 632.0 697.85 -371.76
34 632.0 528.40 -429.85
35 632.0 342.37 -533.24
6 633.0 349.97 -914.34
7 633.0 344.72 -897.19
8 633.0 475.30 -345.59
9 633.0 407.37 -388.19
10 633.0 389.42 -393.71
11 633.0 370.65 -397.57
12 633.0 372.58 -643.12
13 633.0 362.52 -609.23
14 633.0 346.06 -554.70
15 633.0 552.86 -620.41
16 633.0 251.43 -581.23
17 633.0 568.07 -615.81
18 633.0 297.45 -690.99
19 633.0 919.36 -422.57
20 633.0 283.76 -686.44
21 633.0 416.64 -824.29
22 633.0 431.44 -827.43
23 633.0 435.56 -839.96
24 633.0 350.93 -530.74
25 633.0 370.17 -524.63
26 633.0 645.17 -786.03
27 633.0 392.91 -698.73
28 633.0 397.68 -714.28
29 633.0 402.45 -729.81
30 633.0 219.19 -485.47
31 633.0 319.28 -455.16
32 633.0 217.82 -426.51
33 633.0 706.36 -373.79
34 633.0 528.30 -438.10
35 633.0 335.52 -535.23
6 634.0 352.41 -922.29
7 634.0 347.21 -905.32
8 634.0 465.33 -348.68
9 634.0 416.79 -388.46
10 634.0 398.62 -390.88
11 634.0 379.85 -394.89
12 634.0 374.77 -650.51
13 634.0 364.82 -616.97
14 634.0 348.16 -562.10
15 634.0 559.68 -618.35
16 634.0 248.98 -573.18
17 634.0 574.83 -613.76
18 634.0 292.98 -692.35
19 634.0 919.36 -422.57
20 634.0 281.85 -680.26
21 634.0 410.42 -826.14
22 634.0 426.66 -822.81
23 634.0 434.16 -835.44
24 634.0 344.91 -533.23
25 634.0 363.46 -526.73
26 634.0 643.05 -779.03
27 634.0 390.85 -692.01
28 634.0 395.57 -707.41
29 634.0 400.30 -722.81
30 634.0 221.50 -493.37
31 634.0 317.32 -448.77
32 634.0 209.17 -427.32
33 634.0 715.59 -375.98
34 634.0 531.08 -447.17
35 634.0 328.45 -537.36
6 635.0 354.97 -930.66
7 635.0 349.70 -913.46
8 635.0 455.49 -351.72
9 635.0 425.86 -385.26
10 635.0 407.09 -388.27
11 635.0 389.70 -393.62
12 635.0 376.95 -657.84
13 635.0 367.01 -624.37
14 635.0 350.48 -569.83
15 635.0 566.66 -616.23
16 635.0 248.01 -566.60
17 635.0 579.84 -612.25
18 635.0 287.58 -692.70
19 635.0 919.36 -422.57
20 635.0 279.89 -673.86
21 635.0 403.86 -828.12
22 635.0 419.64 -823.39
23 635.0 432.33 -829.53
24 635.0 342.22 -539.75
25 635.0 357.02 -528.79
26 635.0 640.99 -772.04
27 635.0 388.85 -685.51
28 635.0 393.65 -701.15
29 635.0 398.32 -716.36
30 635.0 223.47 -499.98
31 635.0 315.20 -441.83
32 635.0 202.30 -421.46
33 635.0 723.73 -377.93
34 635.0 533.69 -455.64
35 635.0 321.69 -539.34
6 636.0 357.35 -938.42
7 636.0 352.20 -921.61
8 636.0 445.45 -354.75
9 636.0 435.40 -381.90
10 636.0 417.41 -388.24
11 636.0 397.66 -391.17
12 636.0 379.30 -665.64
13 636.0 369.38 -632.35
14 636.0 352.64 -576.80
15 636.0 572.03 -614.61
16 636.0 253.50 -562.78
17 636.0 582.29 -611.51
18 636.0 284.03 -687.33
19 636.0 919.36 -422.57
20 636.0 277.96 -667.76
21 636.0 398.10 -829.85
22 636.0 412.68 -825.46
23 636.0 430.74 -825.95
24 636.0 343.98 -547.33
25 636.0 351.20 -530.66
26 636.0 639.06 -765.55
27 636.0 386.76 -678.69
28 636.0 391.38 -693.73
29 636.0 396.48 -710.37
30 636.0 225.63 -507.22
31 636.0 312.99 -434.63
32 636.0 198.43 -412.48
33 636.0 732.73 -380.08
34 636.0 535.63 -461.79
35 636.0 314.45 -541.43
6 637.0 359.92 -946.82
7 637.0 354.84 -930.24
8 637.0 434.95 -357.85
9 637.0 444.52 -379.12
10 637.0 426.38 -385.08
11 637.0 407.41 -388.17
12 637.0 381.52 -672.68
13 637.0 371.79 -640.46
14 637.0 354.74 -583.60
15 637.0 574.88 -613.75
16 637.0 262.39 -560.16
17 637.0 583.95 -610.22
18 637.0 281.87 -680.31
19 637.0 919.36 -422.57
20 637.0 275.93 -661.23
21 637.0 391.87 -831.72
22 637.0 406.30 -827.39
23 637.0 426.11 -822.67
24 637.0 346.01 -554.49
25 637.0 344.99 -533.15
26 637.0 637.02 -758.73
27 637.0 384.62 -671.86
28 637.0 389.34 -687.11
29 637.0 394.37 -703.48
30 637.0 227.85 -514.52
31 637.0 311.11 -428.57
32 637.0 195.25 -404.69
33 637.0 740.36 -383.31
34 637.0 536.20 -463.65
35 637.0 307.03 -543.66
6 638.0 362.38 -954.85
7 638.0 357.25 -938.09
8 638.0 426.03 -363.83
9 638.0 453.79 -376.38
10 638.0 435.34 -381.93
11 638.0 416.63 -388.51
12 638.0 383.86 -680.13
13 638.0 373.99 -647.89
14 638.0 356.90 -590.53
15 638.0 576.72 -613.19
16 638.0 270.80 -557.69
17 638.0 582.68 -608.37
18 638.0 279.51 -672.61
19 638.0 919.36 -422.57
20 638.0 274.23 -655.76
21 638.0 385.89 -833.51
22 638.0 400.31 -829.19
23 638.0 420.17 -823.23
24 638.0 348.32 -562.65
25 638.0 342.07 -538.47
26 638.0 635.00 -751.92
27 638.0 382.50 -665.14
28 638.0 387.26 -680.31
29 638.0 392.17 -696.33
30 638.0 229.99 -521.58
31 638.0 309.56 -423.22
32 638.0 191.87 -396.26
33 638.0 748.55 -385.29
34 638.0 536.36 -464.15
35 638.0 300.83 -545.51
6 639.0 364.83 -962.88
7 639.0 359.75 -946.27
8 639.0 415.22 -367.03
9 639.0 462.73 -373.74
10 639.0 444.93 -379.00
11 639.0 425.69 -385.32
12 639.0 386.18 -687.70
13 639.0 376.21 -655.34
14 639.0 358.90 -597.13
15 639.0 579.48 -612.36
16 639.0 278.75 -555.35
17 639.0 579.74 -608.94
18 639.0 277.28 -665.57
19 639.0 919.36 -422.57
20 639.0 272.51 -650.20
21 639.0 379.48 -835.42
22 639.0 394.01 -831.07
23 639.0 414.16 -825.02
24 639.0 350.62 -570.27
25 639.0 343.32 -545.00
26 639.0 632.88 -744.89
27 639.0 380.41 -658.26
28 639.0 385.08 -673.34
29 639.0 390.17 -689.81
30 639.0 232.21 -528.90
31 639.0 309.24 -417.70
32 639.0 189.98 -392.05
33 639.0 757.08 -387.15
34 639.0 536.38 -464.23
35 639.0 294.30 -547.43
6 640.0 368.94 -969.25
7 640.0 362.25 -954.44
8 640.0 405.37 -369.94
9 640.0 472.65 -370.81
10 640.0 454.08 -376.29
11 640.0 435.19 -381.98
12 640.0 388.31 -694.66
13 640.0 378.38 -662.66
14 640.0 361.20 -604.81
15 640.0 582.79 -611.36
16 640.0 286.67 -553.01
17 640.0 575.08 -610.35
18 640.0 275.25 -659.03
19 640.0 919.36 -422.57
20 640.0 270.74 -644.52
21 640.0 373.87 -837.10
22 640.0 387.87 -832.91
23 640.0 408.12 -826.84
24 640.0 352.85 -577.50
25 640.0 345.05 -551.13
26 640.0 630.82 -738.11
27 640.0 378.64 -652.29
28 640.0 383.02 -666.79
29 640.0 387.94 -682.55
30 640.0 234.33 -535.87
31 640.0 312.47 -411.13
32 640.0 188.03 -390.12
33 640.0 765.73 -389.03
34 640.0 536.39 -464.26
35 640.0 287.16 -549.53
6 641.0 376.26 -969.56
7 641.0 364.38 -961.40
8 641.0 395.07 -374.26
9 641.0 482.26 -367.97
10 641.0 463.82 -373.41
11 641.0 444.88 -379.01
12 641.0 390.69 -702.39
13 641.0 380.84 -670.52
14 641.0 363.41 -612.22
15 641.0 584.02 -609.15
16 641.0 294.76 -550.63
17 641.0 568.29 -612.41
18 641.0 273.23 -652.54
19 641.0 919.36 -422.57
20 641.0 269.00 -638.92
21 641.0 367.37 -839.05
22 641.0 382.65 -834.48
23 641.0 401.70 -828.77
24 641.0 355.19 -585.04
25 641.0 346.89 -557.62
26 641.0 628.77 -731.36
27 641.0 376.72 -645.84
28 641.0 381.34 -661.40
29 641.0 385.70 -675.31
30 641.0 236.54 -543.19
31 641.0 320.18 -408.89
32 641.0 184.04 -394.53
33 641.0 774.99 -391.05
34 641.0 536.39 -464.26
35 641.0 280.37 -548.62
6 642.0 384.59 -967.09
7 642.0 367.74 -968.16
8 642.0 384.61 -377.75
9 642.0 492.03 -365.08
10 642.0 473.80 -370.47
11 642.0 455.18 -375.97
12 642.0 393.01 -709.97
13 642.0 383.20 -678.00
14 642.0 365.45 -619.10
15 642.0 581.35 -608.46
16 642.0 302.92 -548.22
17 642.0 562.43 -614.18
18 642.0 271.69 -647.56
19 642.0 919.36 -422.57
20 642.0 267.13 -632.80
21 642.0 361.77 -840.73
22 642.0 375.90 -836.50
23 642.0 395.12 -830.74
24 642.0 357.73 -593.28
25 642.0 348.72 -564.07
26 642.0 626.87 -725.08
27 642.0 374.88 -639.64
28 642.0 379.19 -654.14
29 642.0 384.07 -670.14
30 642.0 238.75 -550.47
31 642.0 328.11 -403.26
32 642.0 186.54 -400.17
33 642.0 783.87 -392.98
34 642.0 536.39 -464.26
35 642.0 273.53 -550.21
6 643.0 392.73 -964.67
7 643.0 375.20 -969.75
8 643.0 374.25 -380.82
9 643.0 501.48 -362.29
10 643.0 483.83 -367.50
11 643.0 464.49 -373.22
12 643.0 395.13 -716.87
13 643.0 385.73 -686.22
14 643.0 367.52 -626.09
15 643.0 576.56 -609.90
16 643.0 311.20 -545.74
17 643.0 555.73 -616.20
18 643.0 269.82 -641.55
19 643.0 919.36 -422.57
20 643.0 265.24 -626.62
21 643.0 355.86 -842.50
22 643.0 370.39 -838.15
23 643.0 388.77 -832.65
24 643.0 360.15 -601.29
25 643.0 350.78 -570.80
26 643.0 624.79 -718.17
27 643.0 373.13 -633.75
28 643.0 377.52 -648.52
29 643.0 381.94 -663.36
30 643.0 240.96 -557.76
31 643.0 337.71 -400.47
32 643.0 189.38 -407.26
33 643.0 792.34 -394.86
34 643.0 536.39 -464.26
35 643.0 266.44 -552.30
6 644.0 400.99 -962.22
7 644.0 383.35 -967.46
8 644.0 363.51 -383.99
9 644.0 510.73 -359.85
10 644.0 492.67 -364.89
11 644.0 474.70 -370.20
12 644.0 397.37 -724.15
13 644.0 388.25 -694.45
14 644.0 369.48 -632.69
15 644.0 569.94 -611.91
16 644.0 320.10 -543.13
17 644.0 549.34 -618.13
18 644.0 268.02 -635.71
19 644.0 919.26 -422.53
20 644.0 263.38 -620.55
21 644.0 349.82 -844.31
22 644.0 364.25 -839.98
23 644.0 382.37 -834.56
24 644.0 362.27 -608.40
25 644.0 352.71 -577.03
26 644.0 622.88 -711.83
27 644.0 371.23 -627.33
28 644.0 375.57 -641.96
29 644.0 379.97 -656.77
30 644.0 243.15 -564.97
31 644.0 346.69 -397.86
32 644.0 192.80 -415.59
33 644.0 801.32 -396.91
34 644.0 536.39 -464.26
35 644.0 259.67 -554.30
6 645.0 408.25 -960.06
7 645.0 391.06 -965.17
8 645.0 353.66 -386.91
9 645.0 515.78 -360.31
10 645.0 502.39 -362.02
11 645.0 483.95 -367.47
12 645.0 399.63 -731.52
13 645.0 390.76 -702.63
14 645.0 371.60 -639.82
15 645.0 562.54 -614.14
16 645.0 328.40 -540.71
17 645.0 543.27 -619.97
18 645.0 265.89 -628.77
19 645.0 921.88 -423.60
20 645.0 261.42 -614.11
21 645.0 343.22 -846.29
22 645.0 357.95 -841.87
23 645.0 376.20 -836.41
24 645.0 364.75 -616.74
25 645.0 354.53 -582.91
26 645.0 620.77 -704.83
27 645.0 369.28 -620.77
28 645.0 373.62 -635.38
29 645.0 378.21 -650.84
30 645.0 245.42 -572.44
31 645.0 356.15 -395.11
32 645.0 195.24 -421.14
33 645.0 810.54 -399.02
34 645.0 536.39 -464.26
35 645.0 253.66 -556.07
6 646.0 415.63 -957.88
7 646.0 399.21 -962.75
8 646.0 342.82 -390.11
9 646.0 520.03 -363.14
10 646.0 507.63 -360.64
11 646.0 493.95 -364.51
12 646.0 401.88 -738.86
13 646.0 393.07 -710.17
14 646.0 373.87 -647.46
15 646.0 555.08 -616.40
16 646.0 335.59 -538.53
17 646.0 536.23 -622.10
18 646.0 263.88 -622.18
19 646.0 925.70 -425.16
20 646.0 259.75 -608.59
21 646.0 339.67 -847.36
22 646.0 351.99 -843.66
23 646.0 370.30 -838.17
24 646.0 366.98 -624.25
25 646.0 356.53 -589.34
26 646.0 618.73 -698.08
27 646.0 367.43 -614.53
28 646.0 371.65 -628.76
29 646.0 376.23 -644.17
30 646.0 247.46 -579.18
31 646.0 365.97 -392.26
32 646.0 197.91 -428.10
33 646.0 818.89 -400.88
34 646.0 536.39 -464.26
35 646.0 248.43 -557.37
6 647.0 423.61 -955.51
7 647.0 406.93 -960.46
8 647.0 333.21 -392.96
9 647.0 520.39 -369.57
10 647.0 512.49 -359.58
11 647.0 499.66 -362.83
12 647.0 404.27 -746.63
13 647.0 395.36 -717.63
14 647.0 375.96 -654.51
15 647.0 547.01 -618.84
16 647.0 341.79 -540.58
17 647.0 530.06 -623.97
18 647.0 262.24 -616.80
19 647.0 931.07 -427.93
20 647.0 257.96 -602.72
21 647.0 335.32 -847.73
22 647.0 347.90 -844.89
23 647.0 364.35 -839.95
24 647.0 369.33 -632.16
25 647.0 358.32 -595.21
26 647.0 616.67 -691.23
27 647.0 365.37 -607.60
28 647.0 369.87 -622.76
29 647.0 374.08 -636.94
30 647.0 249.62 -586.27
31 647.0 375.27 -389.56
32 647.0 200.97 -436.36
33 647.0 827.54 -402.66
34 647.0 536.39 -464.26
35 647.0 244.10 -555.69
6 648.0 431.65 -953.12
7 648.0 415.45 -957.93
8 648.0 322.66 -395.26
9 648.0 520.81 -377.27
10 648.0 516.56 -361.70
11 648.0 503.70 -361.64
12 648.0 406.49 -754.06
13 648.0 397.56 -724.80
14 648.0 377.78 -660.64
15 648.0 539.52 -621.10
16 648.0 343.79 -546.66
17 648.0 523.83 -625.86
18 648.0 260.55 -611.23
19 648.0 937.72 -433.20
20 648.0 256.14 -596.71
21 648.0 331.97 -844.36
22 648.0 343.14 -846.32
23 648.0 358.29 -841.77
24 648.0 371.60 -639.81
25 648.0 360.15 -601.29
26 648.0 614.74 -684.75
27 648.0 363.42 -601.08
28 648.0 367.99 -616.43
29 648.0 372.44 -631.42
30 648.0 251.54 -592.60
31 648.0 384.33 -388.13
32 648.0 204.27 -444.60
33 648.0 832.30 -406.38
34 648.0 536.39 -464.26
35 648.0 242.03 -550.27
6 649.0 439.83 -950.69
7 649.0 423.41 -955.57
8 649.0 312.14 -397.67
9 649.0 521.23 -385.06
10 649.0 520.14 -365.08
11 649.0 508.33 -360.46
12 649.0 408.62 -761.23
13 649.0 399.86 -732.27
14 649.0 378.39 -662.68
15 649.0 532.56 -623.21
16 649.0 346.20 -555.18
17 649.0 517.68 -627.72
18 649.0 258.78 -605.41
19 649.0 944.88 -440.29
20 649.0 254.50 -591.32
21 649.0 330.42 -839.51
22 649.0 339.82 -847.31
23 649.0 352.04 -843.65
24 649.0 373.81 -647.27
25 649.0 362.19 -608.12
26 649.0 612.82 -678.28
27 649.0 361.42 -594.42
28 649.0 366.17 -610.31
29 649.0 370.48 -624.81
30 649.0 253.47 -598.97
31 649.0 393.13 -385.88
32 649.0 209.57 -453.85
33 649.0 834.32 -411.74
34 649.0 536.39 -464.26
35 649.0 239.89 -543.20
6 650.0 447.47 -948.42
7 650.0 431.61 -953.13
8 650.0 302.14 -400.84
9 650.0 521.62 -392.23
10 650.0 520.49 -371.42
11 650.0 513.42 -359.46
12 650.0 410.85 -768.74
13 650.0 402.39 -740.53
14 650.0 378.40 -662.74
15 650.0 526.07 -625.18
16 650.0 348.46 -563.15
17 650.0 511.22 -629.67
18 650.0 257.01 -599.57
19 650.0 952.08 -447.59
20 650.0 252.70 -585.41
21 650.0 328.58 -833.49
22 650.0 335.12 -847.68
23 650.0 347.58 -844.98
24 650.0 375.59 -653.27
25 650.0 364.09 -614.51
26 650.0 611.00 -672.13
27 650.0 359.35 -587.63
28 650.0 364.06 -603.21
29 650.0 368.57 -618.39
30 650.0 255.67 -606.19
31 650.0 402.79 -382.91
32 650.0 212.89 -463.02
33 650.0 833.65 -417.57
34 650.0 536.39 -464.26
35 650.0 238.00 -536.97
6 651.0 454.13 -946.44
7 651.0 439.56 -950.78
8 651.0 292.55 -403.84
9 651.0 522.25 -399.38
10 651.0 520.94 -379.82
11 651.0 516.66 -362.48
12 651.0 412.93 -775.75
13 651.0 404.65 -747.86
14 651.0 378.41 -662.77
15 651.0 519.75 -627.09
16 651.0 351.04 -571.62
17 651.0 504.23 -631.78
18 651.0 255.42 -594.36
19 651.0 957.73 -453.33
20 651.0 250.90 -579.47
21 651.0 326.60 -827.22
22 651.0 331.78 -843.96
23 651.0 343.82 -846.11
24 651.0 376.20 -655.31
25 651.0 366.00 -620.95
26 651.0 609.06 -665.60
27 651.0 357.34 -581.15
28 651.0 362.08 -596.61
29 651.0 366.49 -611.39
30 651.0 257.82 -613.28
31 651.0 410.62 -377.49
32 651.0 215.95 -474.24
33 651.0 832.25 -423.83
34 651.0 536.39 -464.26
35 651.0 235.92 -530.10
6 652.0 458.44 -945.16
7 652.0 445.56 -948.99
8 652.0 282.08 -407.02
9 652.0 524.45 -406.31
10 652.0 521.41 -388.34
11 652.0 520.16 -365.42
12 652.0 415.11 -783.07
13 652.0 407.09 -756.07
14 652.0 378.41 -662.78
15 652.0 513.16 -629.08
16 652.0 353.49 -579.55
17 652.0 497.82 -633.72
18 652.0 253.53 -588.15
19 652.0 963.13 -458.82
20 652.0 248.93 -573.01
21 652.0 324.82 -821.61
22 652.0 330.27 -839.04
23 652.0 339.23 -847.49
24 652.0 376.25 -655.47
25 652.0 368.06 -627.89
26 652.0 607.23 -659.45
27 652.0 355.37 -574.81
28 652.0 360.20 -590.41
29 652.0 364.48 -604.62
30 652.0 259.82 -619.86
31 652.0 419.32 -374.00
32 652.0 219.36 -486.06
33 652.0 830.98 -429.57
34 652.0 536.39 -464.26
35 652.0 233.82 -523.20
6 653.0 463.58 -941.85
7 653.0 450.53 -947.51
8 653.0 271.65 -410.18
9 653.0 526.78 -413.26
10 653.0 521.86 -396.33
11 653.0 520.51 -371.83
12 653.0 417.31 -790.50
13 653.0 409.52 -764.26
14 653.0 378.42 -662.78
15 653.0 506.57 -631.07
16 653.0 356.24 -588.41
17 653.0 491.58 -635.61
18 653.0 251.44 -581.26
19 653.0 968.10 -463.87
20 653.0 247.15 -567.15
21 653.0 323.13 -816.11
22 653.0 328.08 -831.92
23 653.0 334.68 -847.57
24 653.0 376.27 -655.54
25 653.0 370.00 -634.42
26 653.0 605.29 -653.04
27 653.0 353.49 -568.75
28 653.0 358.18 -583.88
29 653.0 362.82 -599.06
30 653.0 261.86 -626.56
31 653.0 428.77 -370.67
32 653.0 221.92 -494.81
33 653.0 829.51 -436.18
34 653.0 536.39 -464.26
35 653.0 231.66 -516.05
6 654.0 464.34 -933.78
7 654.0 455.84 -945.93
8 654.0 260.96 -413.42
9 654.0 529.07 -419.96
10 654.0 523.64 -403.84
11 654.0 520.90 -378.96
12 654.0 419.62 -798.27
13 654.0 411.77 -771.81
14 654.0 378.42 -662.78
15 654.0 499.56 -633.19
16 654.0 358.70 -596.47
17 654.0 484.77 -637.67
18 654.0 249.72 -575.59
19 654.0 973.88 -469.55
20 654.0 245.47 -561.60
21 654.0 321.36 -809.87
22 654.0 325.86 -824.89
23 654.0 331.52 -843.15
24 654.0 376.28 -655.58
25 654.0 371.87 -640.73
26 654.0 603.18 -646.20
27 654.0 351.54 -562.33
28 654.0 356.09 -577.14
29 654.0 360.64 -591.87
30 654.0 264.01 -633.56
31 654.0 437.97 -367.70
32 654.0 224.45 -503.27
33 654.0 828.28 -441.75
34 654.0 536.39 -464.26
35 654.0 229.59 -509.25
6 655.0 461.83 -925.81
7 655.0 462.77 -942.74
8 655.0 251.21 -416.38
9 655.0 531.28 -426.77
10 655.0 526.21 -411.60
11 655.0 521.35 -387.27
12 655.0 421.83 -805.72
13 655.0 414.12 -779.74
14 655.0 378.42 -662.78
15 655.0 492.76 -635.25
16 655.0 361.10 -604.46
17 655.0 477.99 -639.71
18 655.0 247.87 -569.52
19 655.0 979.00 -474.55
20 655.0 243.66 -555.62
21 655.0 319.63 -804.08
22 655.0 323.66 -817.92
23 655.0 329.61 -836.84
24 655.0 376.28 -655.58
25 655.0 373.41 -645.93
26 655.0 600.94 -638.99
27 655.0 349.65 -555.62
28 655.0 354.16 -570.90
29 655.0 358.70 -585.53
30 655.0 266.15 -640.49
31 655.0 446.96 -365.05
32 655.0 227.16 -512.25
33 655.0 826.85 -448.10
34 655.0 536.39 -464.26
35 655.0 227.50 -502.31
6 656.0 459.24 -917.67
7 656.0 464.69 -935.80
8 656.0 240.99 -419.48
9 656.0 530.56 -434.46
10 656.0 528.34 -417.84
11 656.0 521.79 -395.29
12 656.0 424.19 -813.65
13 656.0 416.32 -787.15
14 656.0 378.42 -662.78
15 656.0 486.66 -637.09
16 656.0 363.59 -612.83
17 656.0 471.56 -641.66
18 656.0 246.30 -564.35
19 656.0 984.32 -479.74
20 656.0 241.81 -549.52
21 656.0 317.72 -797.79
22 656.0 322.08 -812.41
23 656.0 327.47 -829.99
24 656.0 376.28 -655.59
25 656.0 374.04 -648.05
26 656.0 598.74 -631.89
27 656.0 347.66 -548.58
28 656.0 352.09 -564.21
29 656.0 356.62 -578.84
30 656.0 268.15 -646.95
31 656.0 456.77 -362.15
32 656.0 229.58 -520.24
33 656.0 825.44 -454.25
34 656.0 536.39 -464.26
35 656.0 225.49 -495.60
6 657.0 456.71 -909.44
7 657.0 462.61 -928.28
8 657.0 231.15 -422.46
9 657.0 532.66 -441.39
10 657.0 530.76 -424.89
11 657.0 523.48 -403.37
12 657.0 426.36 -820.88
13 657.0 418.49 -794.46
14 657.0 378.42 -662.78
15 657.0 479.59 -639.23
16 657.0 366.23 -621.72
17 657.0 464.60 -643.76
18 657.0 244.57 -558.62
19 657.0 989.56 -484.75
20 657.0 240.12 -543.96
21 657.0 315.79 -791.47
22 657.0 320.22 -806.00
23 657.0 325.57 -823.98
24 657.0 376.28 -655.59
25 657.0 374.13 -648.36
26 657.0 596.76 -625.52
27 657.0 346.15 -543.24
28 657.0 350.10 -557.24
29 657.0 354.62 -572.39
30 657.0 270.31 -653.92
31 657.0 466.66 -359.22
32 657.0 232.21 -528.91
33 657.0 824.46 -458.51
34 657.0 536.39 -464.26
35 657.0 225.80 -489.11
6 658.0 454.27 -901.22
7 658.0 459.97 -919.96
8 658.0 221.21 -425.48
9 658.0 534.81 -448.38
10 658.0 530.36 -432.33
11 658.0 526.02 -411.04
12 658.0 428.50 -827.92
13 658.0 420.63 -801.65
14 658.0 378.42 -662.78
15 658.0 472.52 -641.37
16 658.0 368.81 -630.42
17 658.0 458.37 -645.64
18 658.0 242.86 -553.00
19 658.0 995.94 -488.31
20 658.0 238.38 -538.22
21 658.0 313.93 -785.40
22 658.0 318.23 -799.46
23 658.0 323.40 -817.08
24 658.0 376.28 -655.59
25 658.0 374.14 -648.39
26 658.0 594.60 -618.53
27 658.0 344.38 -537.21
28 658.0 348.59 -551.88
29 658.0 352.57 -565.78
30 658.0 272.43 -660.74
31 658.0 476.25 -356.39
32 658.0 234.66 -536.97
33 658.0 824.43 -464.60
34 658.0 536.39 -464.26
35 658.0 224.52 -480.86
6 659.0 451.93 -893.35
7 659.0 457.57 -912.35
8 659.0 214.09 -427.31
9 659.0 536.96 -455.35
10 659.0 532.00 -439.25
11 659.0 528.44 -418.11
12 659.0 430.63 -834.85
13 659.0 422.88 -809.24
14 659.0 378.42 -662.78
15 659.0 467.03 -643.03
16 659.0 371.04 -637.92
17 659.0 451.97 -647.58
18 659.0 240.90 -546.52
19 659.0 1000.23 -495.37
20 659.0 236.47 -531.92
21 659.0 311.91 -778.78
22 659.0 316.28 -793.06
23 659.0 321.65 -810.88
24 659.0 376.28 -655.59
25 659.0 374.15 -648.40
26 659.0 592.56 -612.00
27 659.0 342.45 -530.67
28 659.0 346.71 -545.22
29 659.0 350.95 -560.24
30 659.0 274.39 -667.08
31 659.0 485.72 -353.59
32 659.0 237.28 -545.60
33 659.0 826.95 -470.71
34 659.0 536.39 -464.26
35 659.0 221.92 -471.84
6 660.0 449.71 -886.11
7 660.0 455.22 -904.43
8 660.0 205.57 -425.71
9 660.0 538.79 -461.17
10 660.0 534.32 -446.79
11 660.0 530.90 -425.29
12 660.0 432.98 -842.44
13 660.0 425.32 -817.45
14 660.0 378.42 -662.78
15 660.0 460.29 -645.06
16 660.0 371.98 -641.10
17 660.0 445.75 -649.46
18 660.0 238.88 -539.88
19 660.0 1006.18 -499.72
20 660.0 234.57 -525.66
21 660.0 310.16 -773.05
22 660.0 314.40 -786.91
23 660.0 319.75 -804.45
24 660.0 376.28 -655.59
25 660.0 374.15 -648.40
26 660.0 590.38 -604.98
27 660.0 340.42 -524.00
28 660.0 344.77 -538.52
29 660.0 349.04 -553.46
30 660.0 276.47 -673.61
31 660.0 494.74 -350.93
32 660.0 239.68 -553.54
33 660.0 829.55 -477.34
34 660.0 536.39 -464.26
35 660.0 219.41 -462.67
6 661.0 447.50 -878.83
7 661.0 452.91 -896.62
8 661.0 201.17 -418.73
9 661.0 539.25 -462.68
10 661.0 536.21 -452.94
11 661.0 530.40 -432.69
12 661.0 435.24 -849.75
13 661.0 427.79 -825.58
14 661.0 378.42 -662.78
15 661.0 454.31 -646.87
16 661.0 372.00 -641.16
17 661.0 439.24 -651.43
18 661.0 237.12 -534.06
19 661.0 1011.35 -505.12
20 661.0 232.80 -519.83
21 661.0 308.36 -767.08
22 661.0 312.55 -780.88
23 661.0 317.94 -798.52
24 661.0 376.28 -655.59
25 661.0 374.15 -648.40
26 661.0 588.37 -598.51
27 661.0 338.40 -517.44
28 661.0 343.03 -532.65
29 661.0 347.01 -546.31
30 661.0 278.74 -681.04
31 661.0 504.30 -348.28
32 661.0 242.14 -561.65
33 661.0 831.59 -483.99
34 661.0 536.39 -464.26
35 661.0 217.38 -455.68
6 662.0 445.22 -871.31
7 662.0 450.49 -888.64
8 662.0 197.22 -409.59
9 662.0 539.36 -463.05
10 662.0 536.94 -455.30
11 662.0 532.39 -440.53
12 662.0 437.69 -857.67
13 662.0 430.18 -833.38
14 662.0 378.42 -662.78
15 662.0 447.83 -648.83
16 662.0 372.01 -641.20
17 662.0 432.62 -653.43
18 662.0 235.40 -528.38
19 662.0 1013.83 -514.22
20 662.0 231.15 -514.40
21 662.0 306.65 -761.46
22 662.0 310.68 -774.77
23 662.0 316.05 -792.31
24 662.0 376.28 -655.59
25 662.0 374.15 -648.40
26 662.0 586.44 -592.34
27 662.0 336.52 -511.37
28 662.0 341.19 -526.46
29 662.0 345.88 -542.30
30 662.0 280.75 -687.56
31 662.0 513.13 -346.24
32 662.0 244.85 -570.59
33 662.0 833.34 -489.70
34 662.0 536.39 -464.26
35 662.0 216.67 -448.14
6 663.0 442.66 -862.93
7 663.0 448.00 -880.46
8 663.0 194.30 -402.32
9 663.0 539.44 -463.31
10 663.0 537.10 -455.80
11 663.0 534.10 -446.09
12 663.0 439.97 -865.05
13 663.0 432.44 -840.71
14 663.0 378.42 -662.78
15 663.0 441.36 -650.79
16 663.0 372.01 -641.21
17 663.0 426.06 -655.41
18 663.0 233.88 -523.39
19 663.0 1017.04 -525.17
20 663.0 229.29 -508.24
21 663.0 304.87 -755.61
22 663.0 308.97 -769.07
23 663.0 314.25 -786.43
24 663.0 376.28 -655.59
25 663.0 374.15 -648.40
26 663.0 584.42 -585.86
27 663.0 334.59 -505.13
28 663.0 339.04 -519.52
29 663.0 344.03 -536.03
30 663.0 282.93 -694.62
31 663.0 521.76 -344.39
32 663.0 247.53 -579.40
33 663.0 835.35 -496.28
34 663.0 536.39 -464.26
35 663.0 221.17 -441.99
6 664.0 440.41 -855.65
7 664.0 445.47 -872.13
8 664.0 191.43 -395.15
9 664.0 539.45 -463.31
10 664.0 537.17 -456.02
11 664.0 534.58 -447.66
12 664.0 442.35 -872.89
13 664.0 434.80 -848.35
14 664.0 378.42 -662.78
15 664.0 434.19 -652.95
16 664.0 372.01 -641.21
17 664.0 419.71 -657.33
18 664.0 231.91 -516.90
19 664.0 1021.94 -537.88
20 664.0 227.43 -502.08
21 664.0 302.88 -749.05
22 664.0 307.43 -764.00
23 664.0 312.29 -780.04
24 664.0 376.28 -655.59
25 664.0 374.15 -648.40
26 664.0 582.22 -578.84
27 664.0 332.56 -498.56
28 664.0 337.17 -513.49
29 664.0 341.79 -528.45
30 664.0 284.93 -701.14
31 664.0 527.11 -343.25
32 664.0 249.91 -587.23
33 664.0 837.24 -502.43
34 664.0 536.39 -464.26
35 664.0 228.26 -439.09
6 665.0 437.81 -847.24
7 665.0 443.18 -864.62
8 665.0 189.81 -391.74
9 665.0 539.45 -463.31
10 665.0 537.19 -456.10
11 665.0 534.85 -448.53
12 665.0 444.42 -879.71
13 665.0 437.11 -855.80
14 665.0 378.42 -662.78
15 665.0 428.44 -654.69
16 665.0 372.01 -641.21
17 665.0 413.60 -659.18
18 665.0 230.17 -511.16
19 665.0 1024.41 -550.64
20 665.0 225.65 -496.13
21 665.0 300.99 -742.87
22 665.0 305.45 -757.51
23 665.0 310.22 -773.24
24 665.0 376.28 -655.59
25 665.0 374.15 -648.40
26 665.0 580.29 -572.64
27 665.0 330.50 -491.90
28 665.0 335.28 -507.35
29 665.0 339.84 -522.11
30 665.0 287.13 -708.31
31 665.0 528.14 -340.97
32 665.0 252.60 -596.10
33 665.0 839.24 -508.96
34 665.0 536.39 -464.26
35 665.0 237.07 -436.05
6 666.0 435.26 -838.99
7 666.0 440.74 -856.69
8 666.0 187.44 -390.14
9 666.0 539.45 -463.31
10 666.0 537.20 -456.13
11 666.0 534.96 -448.88
12 666.0 446.83 -887.61
13 666.0 439.31 -862.94
14 666.0 378.42 -662.78
15 666.0 422.06 -656.62
16 666.0 372.01 -641.21
17 666.0 407.74 -660.96
18 666.0 228.40 -505.33
19 666.0 1028.04 -562.68
20 666.0 225.59 -489.70
21 666.0 298.99 -736.28
22 666.0 303.54 -751.23
23 666.0 308.46 -767.40
24 666.0 376.28 -655.59
25 666.0 374.15 -648.40
26 666.0 578.38 -566.54
27 666.0 328.65 -485.84
28 666.0 333.18 -500.58
29 666.0 337.75 -515.34
30 666.0 289.18 -715.04
31 666.0 529.04 -336.36
32 666.0 255.09 -604.30
33 666.0 841.25 -515.41
34 666.0 536.39 -464.26
35 666.0 246.30 -433.37
6 667.0 432.81 -831.07
7 667.0 438.42 -849.19
8 667.0 186.49 -392.23
9 667.0 539.45 -463.31
10 667.0 537.21 -456.15
11 667.0 534.98 -448.96
12 667.0 449.13 -895.12
13 667.0 441.80 -871.08
14 667.0 378.42 -662.78
15 667.0 416.38 -658.34
16 667.0 372.01 -641.21
17 667.0 400.69 -663.09
18 667.0 226.25 -498.13
19 667.0 1031.89 -575.26
20 667.0 225.12 -482.93
21 667.0 297.15 -730.23
22 667.0 301.58 -744.79
23 667.0 306.38 -760.56
24 667.0 376.28 -655.59
25 667.0 374.15 -648.40
26 667.0 576.29 -559.85
27 667.0 326.66 -479.23
28 667.0 331.17 -494.05
29 667.0 335.83 -509.14
30 667.0 291.20 -721.68
31 667.0 526.11 -335.63
32 667.0 257.79 -613.18
33 667.0 843.03 -522.00
34 667.0 536.39 -464.26
35 667.0 255.26 -430.76
6 668.0 431.94 -825.59
7 668.0 436.10 -841.69
8 668.0 185.01 -396.35
9 668.0 539.45 -463.31
10 668.0 537.21 -456.15
11 668.0 534.99 -448.98
12 668.0 451.36 -902.62
13 668.0 444.33 -879.39
14 668.0 378.42 -662.78
15 668.0 409.35 -660.47
16 668.0 372.01 -641.21
17 668.0 394.56 -664.95
18 668.0 224.87 -491.80
19 668.0 1035.69 -587.63
20 668.0 222.92 -475.32
21 668.0 295.30 -724.15
22 668.0 299.54 -738.08
23 668.0 304.30 -753.72
24 668.0 376.28 -655.59
25 668.0 374.15 -648.40
26 668.0 574.21 -553.22
27 668.0 324.78 -473.09
28 668.0 329.32 -488.05
29 668.0 333.69 -502.21
30 668.0 293.14 -728.04
31 668.0 520.18 -337.95
32 668.0 260.21 -621.14
33 668.0 841.17 -527.77
34 668.0 536.39 -464.26
35 668.0 264.22 -428.17
6 669.0 436.34 -821.72
7 669.0 433.91 -834.62
8 669.0 186.79 -400.78
9 669.0 539.45 -463.31
10 669.0 537.21 -456.15
11 669.0 534.99 -448.98
12 669.0 453.52 -909.91
13 669.0 446.64 -886.99
14 669.0 378.42 -662.78
15 669.0 403.59 -662.21
16 669.0 372.01 -641.21
17 669.0 388.46 -666.85
18 669.0 225.42 -483.99
19 669.0 1039.66 -600.52
20 669.0 220.50 -466.68
21 669.0 293.65 -718.75
22 669.0 297.82 -732.45
23 669.0 302.34 -747.29
24 669.0 376.28 -655.59
25 669.0 374.15 -648.40
26 669.0 572.04 -546.28
27 669.0 322.74 -466.46
28 669.0 327.33 -481.46
29 669.0 332.06 -496.94
30 669.0 295.14 -734.64
31 669.0 512.82 -340.84
32 669.0 262.71 -629.31
33 669.0 841.36 -533.32
34 669.0 536.39 -464.26
35 669.0 272.84 -422.36
6 670.0 444.46 -819.27
7 670.0 431.98 -827.94
8 670.0 189.06 -406.46
9 670.0 539.45 -463.31
10 670.0 537.21 -456.15
11 670.0 534.99 -448.98
12 670.0 455.70 -917.09
13 670.0 449.15 -895.16
14 670.0 378.42 -662.78
15 670.0 396.83 -664.26
16 670.0 372.01 -641.21
17 670.0 383.51 -670.31
18 670.0 222.85 -475.07
19 670.0 1043.39 -612.65
20 670.0 218.37 -458.92
21 670.0 291.96 -713.20
22 670.0 296.28 -727.38
23 670.0 300.42 -740.98
24 670.0 376.28 -655.59
25 670.0 374.15 -648.40
26 670.0 569.95 -539.58
27 670.0 320.81 -460.16
28 670.0 325.44 -475.23
29 670.0 330.10 -490.59
30 670.0 297.39 -742.03
31 670.0 503.88 -343.45
32 670.0 265.40 -638.06
33 670.0 845.87 -536.81
34 670.0 536.39 -464.26
35 670.0 282.80 -419.49
6 671.0 452.63 -816.81
7 671.0 434.07 -822.69
8 671.0 191.87 -413.36
9 671.0 539.45 -463.31
10 671.0 537.21 -456.15
11 671.0 534.99 -448.98
12 671.0 458.21 -924.99
13 671.0 451.48 -903.05
14 671.0 378.42 -662.78
15 671.0 390.90 -666.06
16 671.0 372.01 -641.21
17 671.0 382.83 -676.21
18 671.0 220.76 -467.61
19 671.0 1046.39 -622.39
20 671.0 216.76 -452.51
21 671.0 290.22 -707.47
22 671.0 294.71 -722.23
23 671.0 298.95 -736.17
24 671.0 376.28 -655.59
25 671.0 374.15 -648.40
26 671.0 568.01 -533.36
27 671.0 319.00 -454.24
28 671.0 323.39 -468.56
29 671.0 328.26 -484.53
30 671.0 299.66 -749.46
31 671.0 494.15 -346.46
32 671.0 268.13 -646.89
33 671.0 850.35 -536.77
34 671.0 536.39 -464.26
35 671.0 292.09 -416.83
6 672.0 460.98 -814.30
7 672.0 439.71 -820.70
8 672.0 194.62 -419.78
9 672.0 539.45 -463.31
10 672.0 537.21 -456.15
11 672.0 534.99 -448.98
12 672.0 460.43 -931.99
13 672.0 453.82 -910.96
14 672.0 378.42 -662.78
15 672.0 386.79 -667.63
16 672.0 372.01 -641.21
17 672.0 384.59 -682.53
18 672.0 218.83 -460.52
19 672.0 1048.59 -629.56
20 672.0 217.29 -445.78
21 672.0 289.37 -703.27
22 672.0 292.81 -715.97
23 672.0 297.17 -730.30
24 672.0 376.28 -655.59
25 672.0 374.15 -648.40
26 672.0 565.93 -526.57
27 672.0 317.05 -447.87
28 672.0 321.69 -463.03
29 672.0 326.09 -477.33
30 672.0 301.76 -756.36
31 672.0 483.96 -346.26
32 672.0 270.75 -655.32
33 672.0 853.73 -532.78
34 672.0 536.39 -464.26
35 672.0 301.32 -414.27
6 673.0 468.23 -812.09
7 673.0 447.37 -818.39
8 673.0 197.69 -427.50
9 673.0 539.45 -463.31
10 673.0 537.21 -456.15
11 673.0 534.99 -448.98
12 673.0 462.94 -938.51
13 673.0 456.11 -918.40
14 673.0 378.42 -662.78
15 673.0 382.95 -671.55
16 673.0 372.01 -641.21
17 673.0 386.42 -688.48
18 673.0 217.10 -454.28
19 673.0 1048.15 -634.60
20 673.0 222.55 -441.21
21 673.0 291.89 -699.62
22 673.0 291.36 -711.21
23 673.0 295.38 -724.42
24 673.0 376.28 -655.59
25 673.0 374.15 -648.40
26 673.0 564.09 -520.35
27 673.0 314.91 -440.88
28 673.0 319.75 -456.70
29 673.0 324.24 -471.33
30 673.0 303.91 -763.44
31 673.0 474.48 -349.19
32 673.0 273.28 -663.51
33 673.0 857.17 -528.77
34 673.0 536.39 -464.26
35 673.0 311.10 -411.53
6 674.0 475.44 -809.91
7 674.0 455.29 -816.01
8 674.0 200.80 -435.92
9 674.0 539.45 -463.31
10 674.0 537.21 -456.15
11 674.0 534.99 -448.98
12 674.0 469.55 -941.47
13 674.0 458.62 -926.29
14 674.0 378.42 -662.78
15 674.0 383.54 -679.09
16 674.0 372.01 -641.21
17 674.0 388.30 -694.61
18 674.0 216.73 -447.77
19 674.0 1043.67 -637.08
20 674.0 228.36 -439.06
21 674.0 296.85 -697.86
22 674.0 290.16 -707.29
23 674.0 294.07 -720.13
24 674.0 376.28 -655.59
25 674.0 374.15 -648.40
26 674.0 562.24 -514.11
27 674.0 312.96 -434.54
28 674.0 317.79 -450.31
29 674.0 322.23 -464.78
30 674.0 306.04 -770.43
31 674.0 464.93 -352.15
32 674.0 275.77 -671.34
33 674.0 862.28 -527.07
34 674.0 536.39 -464.26
35 674.0 320.13 -408.91
6 675.0 483.19 -807.57
7 675.0 463.49 -813.54
8 675.0 203.90 -443.72
9 675.0 539.45 -463.31
10 675.0 537.21 -456.15
11 675.0 534.99 -448.98
12 675.0 476.40 -939.77
13 675.0 460.50 -932.21
14 675.0 378.42 -662.78
15 675.0 385.41 -685.20
16 675.0 372.01 -641.21
17 675.0 390.43 -701.56
18 675.0 220.35 -442.45
19 675.0 1036.33 -639.30
20 675.0 235.43 -436.53
21 675.0 302.75 -696.07
22 675.0 289.69 -702.06
23 675.0 292.68 -715.55
24 675.0 376.28 -655.59
25 675.0 374.15 -648.40
26 675.0 560.19 -507.16
27 675.0 311.06 -428.43
28 675.0 315.66 -443.34
29 675.0 320.27 -458.41
30 675.0 308.21 -777.63
31 675.0 455.19 -355.16
32 675.0 278.20 -679.25
33 675.0 868.66 -525.10
34 675.0 536.39 -464.26
35 675.0 329.33 -406.23
6 676.0 490.80 -805.27
7 676.0 471.17 -811.19
8 676.0 208.56 -452.16
9 676.0 539.45 -463.31
10 676.0 537.21 -456.15
11 676.0 534.99 -448.98
12 676.0 483.94 -937.44
13 676.0 463.31 -938.96
14 676.0 378.42 -662.78
15 676.0 387.89 -693.27
16 676.0 372.01 -641.21
17 676.0 392.33 -707.75
18 676.0 226.33 -436.39
19 676.0 1029.62 -641.32
20 676.0 243.25 -434.25
21 676.0 309.21 -694.11
22 676.0 293.21 -699.01
23 676.0 291.23 -710.79
24 676.0 376.28 -655.59
25 676.0 374.15 -648.40
26 676.0 558.34 -500.91
27 676.0 309.59 -423.40
28 676.0 313.60 -436.62
29 676.0 318.05 -451.15
30 676.0 310.40 -784.80
31 676.0 446.34 -357.82
32 676.0 280.64 -687.21
33 676.0 875.10 -523.12
34 676.0 536.39 -464.26
35 676.0 338.31 -403.63
6 677.0 498.83 -802.85
7 677.0 479.49 -808.68
8 677.0 211.84 -459.45
9 677.0 539.45 -463.31
10 677.0 537.21 -456.15
11 677.0 534.99 -448.98
12 677.0 491.59 -935.07
13 677.0 470.12 -941.38
14 677.0 378.42 -662.78
15 677.0 389.94 -699.94
16 677.0 372.01 -641.21
17 677.0 394.27 -714.06
18 677.0 235.63 -433.14
19 677.0 1022.64 -643.43
20 677.0 251.41 -431.88
21 677.0 315.24 -692.28
22 677.0 298.07 -697.49
23 677.0 289.66 -705.50
24 677.0 376.28 -655.59
25 677.0 374.15 -648.40
26 677.0 556.28 -493.95
27 677.0 309.20 -418.08
28 677.0 312.01 -431.45
29 677.0 316.11 -444.81
30 677.0 312.34 -791.13
31 677.0 436.56 -360.71
32 677.0 283.10 -695.18
33 677.0 881.12 -521.27
34 677.0 536.39 -464.26
35 677.0 348.00 -400.81
6 678.0 506.55 -800.52
7 678.0 487.29 -806.33
8 678.0 214.57 -469.23
9 678.0 539.45 -463.31
10 678.0 537.21 -456.15
11 678.0 534.99 -448.98
12 678.0 498.99 -932.77
13 678.0 477.57 -939.41
14 678.0 378.42 -662.78
15 678.0 391.94 -706.48
16 678.0 372.01 -641.21
17 678.0 396.11 -720.04
18 678.0 245.96 -430.14
19 678.0 1014.82 -645.79
20 678.0 259.26 -429.60
21 678.0 320.90 -690.56
22 678.0 304.81 -695.44
23 678.0 290.28 -700.96
24 678.0 376.28 -655.59
25 678.0 374.15 -648.40
26 678.0 554.59 -488.69
27 678.0 312.80 -414.37
28 678.0 310.30 -426.00
29 678.0 314.71 -440.25
30 678.0 314.38 -797.82
31 678.0 426.64 -363.65
32 678.0 285.63 -703.40
33 678.0 887.65 -519.25
34 678.0 536.39 -464.26
35 678.0 357.69 -398.00
6 679.0 514.59 -798.09
7 679.0 495.47 -803.86
8 679.0 217.55 -479.77
9 679.0 539.45 -463.31
10 679.0 537.21 -456.15
11 679.0 534.99 -448.98
12 679.0 506.05 -930.58
13 679.0 485.02 -937.10
14 679.0 378.42 -662.78
15 679.0 393.52 -711.62
16 679.0 372.01 -641.21
17 679.0 398.14 -726.67
18 679.0 255.80 -427.27
19 679.0 1007.09 -648.13
20 679.0 267.78 -427.15
21 679.0 326.36 -688.90
22 679.0 312.00 -693.26
23 679.0 294.57 -698.55
24 679.0 376.28 -655.59
25 679.0 374.15 -648.40
26 679.0 553.10 -484.29
27 679.0 320.41 -412.16
28 679.0 309.04 -420.73
29 679.0 312.94 -434.46
30 679.0 316.33 -804.24
31 679.0 416.95 -366.52
32 679.0 288.36 -712.35
33 679.0 894.35 -517.20
34 679.0 536.39 -464.26
35 679.0 366.51 -395.44
6 680.0 522.85 -795.60
7 680.0 503.72 -801.37
8 680.0 219.99 -488.22
9 680.0 539.45 -463.31
10 680.0 537.21 -456.15
11 680.0 534.99 -448.98
12 680.0 513.47 -928.30
13 680.0 493.25 -934.55
14 680.0 378.42 -662.78
15 680.0 395.57 -718.28
16 680.0 372.01 -641.21
17 680.0 400.07 -732.96
18 680.0 266.46 -424.19
19 680.0 1003.25 -649.29
20 680.0 275.74 -424.86
21 680.0 332.51 -687.04
22 680.0 317.68 -691.54
23 680.0 301.39 -696.48
24 680.0 376.28 -655.59
25 680.0 374.15 -648.40
26 680.0 552.72 -483.20
27 680.0 329.52 -409.52
28 680.0 311.62 -414.98
29 680.0 311.36 -429.37
30 680.0 318.36 -811.03
31 680.0 407.25 -369.39
32 680.0 290.87 -720.61
33 680.0 900.65 -515.29
34 680.0 536.39 -464.26
35 680.0 375.90 -392.71
6 681.0 530.63 -793.25
7 681.0 511.35 -799.07
8 681.0 222.36 -496.27
9 681.0 539.45 -463.31
10 681.0 537.21 -456.15
11 681.0 534.99 -448.98
12 681.0 521.08 -925.99
13 681.0 501.39 -932.03
14 681.0 378.42 -662.78
15 681.0 397.56 -724.79
16 681.0 372.01 -641.21
17 681.0 402.14 -739.73
18 681.0 276.53 -421.30
19 681.0 997.21 -651.13
20 681.0 284.17 -422.43
21 681.0 338.01 -685.37
22 681.0 324.41 -689.50
23 681.0 307.71 -694.56
24 681.0 376.28 -655.59
25 681.0 374.15 -648.40
26 681.0 552.67 -483.06
27 681.0 338.67 -406.86
28 681.0 317.26 -413.08
29 681.0 309.93 -424.83
30 681.0 320.17 -817.40
31 681.0 397.65 -372.47
32 681.0 293.46 -729.09
33 681.0 906.30 -513.58
34 681.0 536.39 -464.26
35 681.0 384.93 -391.17
6 682.0 538.82 -790.77
7 682.0 519.61 -796.57
8 682.0 224.59 -503.72
9 682.0 539.45 -463.31
10 682.0 537.21 -456.15
11 682.0 534.99 -448.98
12 682.0 528.95 -923.59
13 682.0 509.49 -929.52
14 682.0 378.42 -662.78
15 682.0 399.43 -730.88
16 682.0 372.01 -641.21
17 682.0 404.10 -746.06
18 682.0 285.00 -418.86
19 682.0 990.39 -652.60
20 682.0 290.24 -420.69
21 682.0 344.45 -683.41
22 682.0 330.29 -687.71
23 682.0 313.81 -692.71
24 682.0 376.28 -655.59
25 682.0 374.15 -648.40
26 682.0 552.65 -483.02
27 682.0 347.34 -404.34
28 682.0 324.49 -410.98
29 682.0 309.17 -418.59
30 682.0 322.37 -824.45
31 682.0 389.21 -376.39
32 682.0 295.85 -736.94
33 682.0 912.18 -511.82
34 682.0 536.39 -464.26
35 682.0 394.74 -388.73
6 683.0 546.99 -788.35
7 683.0 527.50 -794.19
8 683.0 226.77 -510.94
9 683.0 539.45 -463.31
10 683.0 537.21 -456.15
11 683.0 534.99 -448.98
12 683.0 536.25 -921.36
13 683.0 517.31 -927.13
14 683.0 378.42 -662.78
15 683.0 401.32 -737.04
16 683.0 372.01 -641.21
17 683.0 405.93 -752.16
18 683.0 290.96 -417.15
19 683.0 983.84 -655.10
20 683.0 293.38 -419.79
21 683.0 350.90 -681.44
22 683.0 336.18 -685.92
23 683.0 320.39 -690.72
24 683.0 376.28 -655.59
25 683.0 374.15 -648.40
26 683.0 552.65 -483.01
27 683.0 356.21 -401.76
28 683.0 333.50 -408.36
29 683.0 312.73 -414.39
30 683.0 324.46 -831.07
31 683.0 379.53 -379.25
32 683.0 298.56 -745.87
33 683.0 919.00 -509.78
34 683.0 536.39 -464.26
35 683.0 403.56 -386.01
6 684.0 554.59 -786.13
7 684.0 536.05 -791.61
8 684.0 228.90 -518.00
9 684.0 539.45 -463.31
10 684.0 537.21 -456.15
11 684.0 534.99 -448.98
12 684.0 544.21 -919.00
13 684.0 524.70 -924.88
14 684.0 378.42 -662.78
15 684.0 403.40 -743.81
16 684.0 372.01 -641.21
17 684.0 407.71 -758.15
18 684.0 292.58 -416.69
19 684.0 976.22 -657.58
20 684.0 293.57 -419.74
21 684.0 356.43 -679.75
22 684.0 342.97 -683.86
23 684.0 326.36 -688.90
24 684.0 376.28 -655.59
25 684.0 374.15 -648.40
26 684.0 552.65 -483.01
27 684.0 365.20 -399.15
28 684.0 343.39 -405.49
29 684.0 319.84 -412.33
30 684.0 326.76 -838.49
31 684.0 369.82 -382.13
32 684.0 301.13 -754.32
33 684.0 924.67 -508.09
34 684.0 536.39 -464.26
35 684.0 413.42 -385.80
6 685.0 562.69 -783.76
7 685.0 544.51 -789.07
8 685.0 231.31 -525.93
9 685.0 539.45 -463.31
10 685.0 537.21 -456.15
11 685.0 534.99 -448.98
12 685.0 551.05 -916.97
13 685.0 532.19 -922.60
14 685.0 378.42 -662.78
15 685.0 405.08 -749.29
16 685.0 372.01 -641.21
17 685.0 409.52 -764.25
18 685.0 292.68 -416.66
19 685.0 968.94 -659.70
20 685.0 293.57 -419.74
21 685.0 362.06 -678.02
22 685.0 347.67 -682.42
23 685.0 332.18 -687.14
24 685.0 376.28 -655.59
25 685.0 374.15 -648.40
26 685.0 552.65 -483.01
27 685.0 374.18 -396.54
28 685.0 352.23 -402.92
29 685.0 329.23 -409.60
30 685.0 328.85 -845.33
31 685.0 361.07 -384.71
32 685.0 303.56 -762.27
33 685.0 931.22 -506.13
34 685.0 536.39 -464.26
35 685.0 422.51 -383.05
6 686.0 570.20 -781.56
7 686.0 552.32 -786.79
8 686.0 233.73 -533.89
9 686.0 539.45 -463.31
10 686.0 537.21 -456.15
11 686.0 534.99 -448.98
12 686.0 557.99 -914.83
13 686.0 540.25 -920.17
14 686.0 378.42 -662.78
15 686.0 406.80 -755.08
16 686.0 372.01 -641.21
17 686.0 411.47 -770.82
18 686.0 292.69 -416.66
19 686.0 962.17 -661.58
20 686.0 293.57 -419.74
21 686.0 368.46 -676.07
22 686.0 353.89 -680.52
23 686.0 338.23 -685.30
24 686.0 376.28 -655.59
25 686.0 374.15 -648.40
26 686.0 552.65 -483.01
27 686.0 382.51 -394.29
28 686.0 362.16 -400.03
29 686.0 339.04 -406.75
30 686.0 330.97 -852.27
31 686.0 351.67 -387.50
32 686.0 306.24 -771.12
33 686.0 937.14 -504.36
34 686.0 536.39 -464.26
35 686.0 431.87 -379.76
6 687.0 577.93 -779.29
7 687.0 560.45 -784.41
8 687.0 236.19 -542.00
9 687.0 539.45 -463.31
10 687.0 537.21 -456.15
11 687.0 534.99 -448.98
12 687.0 565.94 -912.38
13 687.0 547.81 -917.93
14 687.0 378.42 -662.78
15 687.0 408.94 -762.31
16 687.0 372.01 -641.21
17 687.0 413.32 -777.05
18 687.0 292.69 -416.66
19 687.0 955.27 -663.49
20 687.0 293.57 -419.74
21 687.0 372.62 -674.80
22 687.0 359.59 -678.78
23 687.0 344.76 -683.31
24 687.0 376.28 -655.59
25 687.0 374.15 -648.40
26 687.0 552.65 -483.01
27 687.0 391.73 -393.00
28 687.0 371.09 -397.44
29 687.0 349.07 -403.84
30 687.0 333.03 -859.01
31 687.0 342.61 -390.18
32 687.0 308.90 -779.89
33 687.0 943.57 -502.44
34 687.0 536.39 -464.26
35 687.0 441.53 -376.67
6 688.0 585.25 -777.08
7 688.0 568.70 -782.00
8 688.0 238.55 -549.82
9 688.0 539.45 -463.31
10 688.0 537.21 -456.15
11 688.0 534.99 -448.98
12 688.0 573.64 -910.01
13 688.0 555.17 -915.71
14 688.0 378.42 -662.78
15 688.0 410.92 -768.97
16 688.0 372.01 -641.21
17 688.0 415.39 -784.01
18 688.0 292.70 -416.66
19 688.0 948.25 -664.54
20 688.0 293.57 -419.74
21 688.0 374.04 -674.36
22 688.0 363.91 -677.46
23 688.0 351.20 -681.34
24 688.0 376.28 -655.59
25 688.0 374.15 -648.40
26 688.0 552.65 -483.01
27 688.0 400.42 -390.33
28 688.0 380.31 -394.76
29 688.0 358.85 -401.00
30 688.0 335.06 -865.64
31 688.0 333.01 -393.02
32 688.0 311.63 -788.80
33 688.0 949.01 -501.13
34 688.0 536.39 -464.26
35 688.0 450.42 -374.04
6 689.0 592.91 -774.76
7 689.0 576.28 -779.78
8 689.0 240.67 -556.79
9 689.0 539.45 -463.31
10 689.0 537.21 -456.15
11 689.0 534.99 -448.98
12 689.0 581.00 -907.75
13 689.0 563.42 -913.15
14 689.0 378.42 -662.78
15 689.0 413.05 -776.12
16 689.0 372.01 -641.21
17 689.0 417.37 -790.68
18 689.0 292.70 -416.66
19 689.0 940.59 -662.89
20 689.0 293.57 -419.74
21 689.0 374.38 -674.26
22 689.0 366.29 -676.73
23 689.0 355.89 -679.91
24 689.0 376.28 -655.59
25 689.0 374.15 -648.40
26 689.0 552.65 -483.01
27 689.0 409.24 -387.89
28 689.0 390.20 -393.47
29 689.0 368.00 -398.34
30 689.0 337.12 -872.39
31 689.0 323.18 -395.28
32 689.0 314.03 -796.65
33 689.0 954.88 -503.09
34 689.0 536.39 -464.26
35 689.0 459.83 -371.26
6 690.0 600.94 -772.23
7 690.0 583.71 -777.55
8 690.0 242.95 -564.31
9 690.0 539.94 -464.77
10 690.0 537.21 -456.15
11 690.0 534.99 -448.98
12 690.0 587.82 -905.66
13 690.0 570.91 -910.85
14 690.0 378.85 -664.23
15 690.0 414.91 -782.39
16 690.0 372.01 -641.21
17 690.0 419.36 -797.37
18 690.0 294.96 -416.03
19 690.0 934.73 -659.08
20 690.0 295.49 -419.20
21 690.0 374.54 -674.21
22 690.0 367.17 -676.46
23 690.0 357.92 -679.29
24 690.0 376.28 -655.59
25 690.0 374.15 -648.40
26 690.0 551.87 -481.25
27 690.0 418.50 -387.85
28 690.0 399.47 -390.62
29 690.0 377.42 -395.60
30 690.0 339.28 -879.43
31 690.0 313.76 -397.17
32 690.0 316.75 -805.62
33 690.0 958.03 -508.67
34 690.0 536.89 -466.09
35 690.0 469.02 -368.54
6 691.0 608.29 -769.96
7 691.0 591.73 -775.12
8 691.0 245.27 -571.98
9 691.0 541.39 -468.46
10 691.0 537.57 -457.31
11 691.0 534.99 -448.98
12 691.0 594.73 -903.54
13 691.0 577.95 -908.69
14 691.0 379.80 -667.22
15 691.0 416.85 -788.95
16 691.0 372.01 -641.21
17 691.0 421.12 -803.33
18 691.0 299.13 -414.89
19 691.0 928.83 -653.70
20 691.0 299.40 -418.14
21 691.0 374.63 -674.18
22 691.0 367.28 -676.43
23 691.0 359.58 -678.78
24 691.0 376.68 -656.93
25 691.0 374.15 -648.40
26 691.0 550.04 -477.86
27 691.0 427.70 -384.62
28 691.0 408.32 -387.98
29 691.0 387.15 -394.19
30 691.0 341.57 -886.89
31 691.0 304.67 -400.03
32 691.0 319.17 -813.88
33 691.0 960.24 -514.37
34 691.0 537.60 -469.72
35 691.0 478.63 -365.70
6 692.0 616.20 -767.57
7 692.0 599.31 -772.75
8 692.0 247.47 -579.20
9 692.0 544.21 -474.16
10 692.0 538.61 -460.61
11 692.0 535.30 -449.99
12 692.0 602.01 -901.31
13 692.0 585.10 -906.50
14 692.0 381.29 -671.94
15 692.0 418.49 -794.46
16 692.0 372.01 -641.21
17 692.0 423.19 -810.30
18 692.0 304.90 -413.27
19 692.0 923.28 -648.56
20 692.0 305.70 -416.37
21 692.0 374.67 -674.17
22 692.0 367.39 -676.39
23 692.0 359.85 -678.70
24 692.0 377.25 -658.86
25 692.0 374.54 -649.72
26 692.0 549.15 -476.94
27 692.0 436.31 -381.59
28 692.0 417.93 -388.05
29 692.0 396.84 -391.43
30 692.0 343.71 -893.89
31 692.0 295.46 -402.96
32 692.0 321.70 -822.33
33 692.0 962.12 -520.94
34 692.0 536.02 -474.46
35 692.0 487.38 -363.12
6 693.0 624.37 -765.11
7 693.0 607.34 -770.24
8 693.0 249.58 -586.14
9 693.0 547.62 -479.75
10 693.0 540.52 -466.25
11 693.0 536.29 -453.22
12 693.0 609.07 -899.15
13 693.0 593.12 -904.04
14 693.0 383.49 -678.95
15 693.0 420.74 -802.05
16 693.0 372.34 -642.32
17 693.0 424.52 -814.78
18 693.0 312.62 -411.09
19 693.0 917.58 -643.27
20 693.0 313.40 -414.20
21 693.0 374.68 -674.16
22 693.0 367.47 -676.37
23 693.0 360.22 -678.59
24 693.0 378.51 -663.11
25 693.0 374.89 -650.90
26 693.0 548.88 -476.74
27 693.0 445.09 -378.95
28 693.0 426.91 -384.89
29 693.0 405.74 -388.69
30 693.0 345.96 -901.24
31 693.0 286.25 -405.75
32 693.0 324.46 -831.06
33 693.0 964.03 -527.61
34 693.0 531.75 -475.99
35 693.0 497.25 -360.20
6 694.0 628.23 -763.95
7 694.0 615.60 -767.75
8 694.0 251.85 -593.63
9 694.0 550.59 -486.81
10 694.0 542.97 -471.96
11 694.0 537.98 -458.60
12 694.0 616.07 -897.00
13 694.0 600.93 -901.64
14 694.0 385.59 -685.78
15 694.0 422.14 -806.74
16 694.0 372.71 -643.57
17 694.0 424.92 -819.70
18 694.0 322.22 -408.30
19 694.0 912.40 -638.47
20 694.0 319.20 -412.52
21 694.0 374.69 -674.16
22 694.0 367.50 -676.36
23 694.0 360.27 -678.57
24 694.0 377.56 -669.25
25 694.0 375.84 -654.10
26 694.0 548.79 -476.67
27 694.0 453.55 -376.45
28 694.0 436.19 -381.63
29 694.0 415.91 -388.62
30 694.0 347.97 -907.79
31 694.0 276.44 -408.73
32 694.0 327.13 -839.70
33 694.0 965.94 -534.30
34 694.0 523.16 -478.61
35 694.0 506.64 -357.58
6 695.0 633.90 -760.93
7 695.0 619.55 -766.57
8 695.0 254.15 -601.19
9 695.0 552.88 -493.77
10 695.0 546.98 -478.70
11 695.0 539.74 -464.26
12 695.0 623.18 -894.82
13 695.0 607.88 -899.51
14 695.0 387.67 -692.55
15 695.0 423.37 -810.90
16 695.0 373.48 -646.16
17 695.0 421.55 -822.74
18 695.0 333.06 -405.15
19 695.0 906.95 -633.42
20 695.0 326.87 -410.29
21 695.0 374.69 -674.16
22 695.0 367.51 -676.36
23 695.0 360.32 -678.55
24 695.0 371.88 -671.67
25 695.0 377.23 -658.78
26 695.0 548.78 -476.66
27 695.0 462.16 -373.90
28 695.0 444.38 -379.16
29 695.0 425.40 -385.42
30 695.0 349.91 -914.15
31 695.0 267.26 -411.51
32 695.0 329.78 -848.39
33 695.0 967.71 -540.42
34 695.0 514.58 -481.22
35 695.0 515.73 -355.48
6 696.0 635.31 -753.17
7 696.0 624.75 -765.00
8 696.0 256.54 -609.04
9 696.0 554.43 -498.98
10 696.0 550.01 -485.16
11 696.0 542.46 -471.07
12 696.0 630.27 -892.63
13 696.0 614.92 -897.36
14 696.0 390.04 -700.29
15 696.0 424.59 -815.00
16 696.0 374.73 -650.37
17 696.0 417.09 -824.15
18 696.0 344.00 -401.97
19 696.0 901.45 -628.33
20 696.0 331.78 -405.52
21 696.0 374.69 -674.16
22 696.0 367.51 -676.36
23 696.0 360.33 -678.55
24 696.0 363.68 -674.18
25 696.0 378.72 -663.88
26 696.0 548.78 -476.66
27 696.0 470.42 -371.46
28 696.0 453.09 -376.59
29 696.0 434.24 -382.31
30 696.0 351.92 -920.70
31 696.0 258.39 -414.20
32 696.0 332.48 -857.22
33 696.0 969.41 -546.27
34 696.0 506.20 -483.57
35 696.0 525.53 -353.34
6 697.0 632.97 -745.17
7 697.0 628.88 -763.77
8 697.0 258.89 -616.78
9 697.0 556.28 -505.24
10 697.0 552.38 -492.25
11 697.0 546.28 -477.61
12 697.0 637.57 -890.38
13 697.0 622.08 -895.16
14 697.0 392.24 -707.46
15 697.0 424.75 -820.36
16 697.0 376.29 -655.64
17 697.0 411.16 -825.92
18 697.0 354.79 -398.84
19 697.0 895.60 -622.90
20 697.0 338.96 -403.44
21 697.0 374.69 -674.16
22 697.0 367.52 -676.35
23 697.0 360.33 -678.55
24 697.0 355.80 -676.59
25 697.0 377.83 -668.96
26 697.0 548.78 -476.66
27 697.0 479.40 -368.81
28 697.0 460.89 -374.28
29 697.0 442.72 -379.65
30 697.0 353.92 -927.22
31 697.0 249.22 -416.98
32 697.0 334.87 -865.01
33 697.0 971.19 -552.39
34 697.0 497.82 -485.74
35 697.0 534.84 -349.72
6 698.0 630.74 -737.86
7 698.0 634.18 -760.63
8 698.0 261.06 -623.93
9 698.0 558.44 -512.56
10 698.0 554.01 -497.56
11 698.0 549.79 -484.53
12 698.0 645.57 -887.91
13 698.0 628.76 -893.10
14 698.0 394.55 -714.97
15 698.0 418.96 -823.59
16 698.0 377.86 -660.91
17 698.0 405.24 -827.70
18 698.0 365.40 -395.76
19 698.0 890.37 -617.64
20 698.0 347.02 -401.10
21 698.0 374.69 -674.16
22 698.0 367.52 -676.35
23 698.0 360.34 -678.55
24 698.0 348.65 -678.78
25 698.0 373.96 -671.04
26 698.0 548.78 -476.66
27 698.0 488.66 -366.07
28 698.0 470.04 -371.58
29 698.0 451.04 -377.19
30 698.0 355.99 -933.98
31 698.0 240.43 -419.65
32 698.0 337.44 -873.40
33 698.0 972.99 -558.58
34 698.0 489.85 -488.28
35 698.0 543.31 -346.54
6 699.0 628.21 -729.52
7 699.0 635.36 -753.49
8 699.0 263.43 -631.65
9 699.0 560.64 -519.99
10 699.0 555.96 -504.16
11 699.0 551.77 -490.36
12 699.0 653.34 -885.51
13 699.0 636.65 -890.66
14 699.0 396.63 -721.77
15 699.0 413.68 -825.17
16 699.0 379.47 -665.43
17 699.0 398.22 -829.81
18 699.0 375.50 -392.83
19 699.0 885.12 -612.30
20 699.0 355.20 -398.72
21 699.0 374.69 -674.16
22 699.0 367.52 -676.35
23 699.0 360.34 -678.55
24 699.0 341.60 -680.94
25 699.0 367.21 -673.10
26 699.0 546.82 -475.19
27 699.0 497.23 -363.54
28 699.0 478.96 -368.94
29 699.0 460.14 -374.50
30 699.0 358.16 -941.08
31 699.0 231.64 -422.31
32 699.0 339.88 -881.38
33 699.0 974.88 -565.07
34 699.0 481.16 -491.14
35 699.0 552.56 -345.12
6 700.0 625.70 -721.22
7 700.0 633.29 -746.25
8 700.0 265.88 -639.61
9 700.0 562.69 -526.91
10 700.0 557.99 -511.03
11 700.0 553.53 -495.95
12 700.0 660.31 -883.36
13 700.0 644.49 -888.24
14 700.0 398.91 -729.17
15 700.0 406.51 -827.32
16 700.0 383.98 -669.84
17 700.0 391.16 -831.93
18 700.0 385.97 -391.18
19 700.0 879.53 -606.61
20 700.0 363.42 -396.34
21 700.0 374.69 -674.16
22 700.0 367.52 -676.35
23 700.0 360.34 -678.55
24 700.0 333.31 -683.46
25 700.0 360.52 -675.15
26 700.0 542.87 -474.10
27 700.0 505.63 -361.14
28 700.0 488.21 -366.21
29 700.0 469.56 -371.72
30 700.0 360.33 -948.16
31 700.0 222.52 -425.08
32 700.0 342.45 -889.78
33 700.0 976.58 -570.92
34 700.0 472.72 -493.70
35 700.0 562.27 -343.96
6 701.0 623.49 -713.86
7 701.0 630.80 -738.04
8 701.0 268.08 -646.72
9 701.0 564.82 -533.91
10 701.0 560.26 -518.70
11 701.0 555.67 -503.19
12 701.0 667.00 -879.77
13 701.0 652.16 -885.87
14 701.0 401.01 -736.03
15 701.0 399.98 -829.28
16 701.0 391.58 -669.19
17 701.0 384.45 -833.94
18 701.0 396.31 -388.25
19 701.0 873.86 -600.82
20 701.0 371.72 -393.93
21 701.0 374.69 -674.16
22 701.0 367.52 -676.35
23 701.0 360.34 -678.55
24 701.0 325.54 -685.81
25 701.0 353.75 -677.22
26 701.0 536.82 -474.63
27 701.0 510.43 -359.93
28 701.0 496.75 -363.68
29 701.0 478.49 -369.08
30 701.0 362.46 -955.12
31 701.0 215.65 -427.06
32 701.0 345.10 -898.44
33 701.0 978.50 -577.52
34 701.0 464.21 -496.28
35 701.0 571.90 -343.72
6 702.0 620.95 -705.42
7 702.0 628.27 -729.71
8 702.0 270.39 -654.19
9 702.0 567.11 -541.23
10 702.0 562.35 -525.75
11 702.0 557.85 -510.55
12 702.0 670.23 -873.41
13 702.0 658.73 -883.84
14 702.0 403.30 -743.49
15 702.0 393.64 -831.18
16 702.0 400.29 -666.55
17 702.0 378.44 -835.74
18 702.0 407.14 -384.95
19 702.0 870.53 -594.40
20 702.0 379.93 -391.54
21 702.0 374.69 -674.16
22 702.0 367.52 -676.35
23 702.0 360.34 -678.55
24 702.0 318.14 -688.06
25 702.0 347.33 -679.18
26 702.0 533.02 -475.60
27 702.0 514.76 -359.72
28 702.0 501.70 -362.23
29 702.0 486.92 -366.59
30 702.0 364.12 -960.54
31 702.0 208.13 -427.15
32 702.0 347.68 -906.87
33 702.0 980.36 -583.93
34 702.0 455.41 -498.94
35 702.0 581.47 -344.94
6 703.0 618.61 -697.66
7 703.0 625.70 -721.22
8 703.0 272.68 -661.57
9 703.0 569.12 -547.67
10 703.0 564.67 -533.42
11 703.0 559.94 -517.63
12 703.0 669.23 -866.42
13 703.0 665.28 -881.04
14 703.0 405.63 -751.15
15 703.0 387.48 -833.03
16 703.0 408.03 -664.21
17 703.0 372.42 -837.54
18 703.0 417.22 -384.91
19 703.0 868.39 -587.17
20 703.0 387.82 -390.82
21 703.0 374.69 -674.16
22 703.0 367.52 -676.35
23 703.0 360.34 -678.55
24 703.0 310.86 -690.26
25 703.0 340.69 -681.21
26 703.0 526.65 -477.55
27 703.0 519.97 -363.43
28 703.0 505.58 -361.16
29 703.0 492.30 -365.00
30 703.0 365.16 -963.75
31 703.0 202.78 -422.25
32 703.0 350.31 -915.45
33 703.0 982.22 -590.31
34 703.0 447.20 -501.42
35 703.0 590.94 -346.93
6 704.0 616.39 -690.30
7 704.0 623.40 -713.58
8 704.0 275.06 -669.18
9 704.0 571.37 -554.86
10 704.0 566.59 -539.57
11 704.0 562.12 -524.98
12 704.0 667.14 -859.28
13 704.0 669.87 -875.34
14 704.0 407.92 -758.85
15 704.0 380.90 -835.00
16 704.0 416.55 -661.63
17 704.0 365.86 -839.50
18 704.0 427.50 -381.30
19 704.0 866.24 -579.94
20 704.0 395.89 -388.37
21 704.0 374.69 -674.16
22 704.0 367.52 -676.35
23 704.0 360.34 -678.55
24 704.0 303.30 -692.56
25 704.0 334.29 -683.16
26 704.0 519.40 -479.76
27 704.0 520.29 -367.82
28 704.0 510.10 -360.01
29 704.0 497.16 -363.56
30 704.0 367.76 -964.00
31 704.0 199.48 -414.99
32 704.0 352.91 -923.93
33 704.0 984.15 -596.95
34 704.0 438.21 -504.14
35 704.0 600.83 -349.14
6 705.0 614.24 -683.06
7 705.0 620.84 -705.08
8 705.0 277.38 -676.59
9 705.0 573.32 -561.10
10 705.0 568.89 -546.93
11 705.0 563.90 -530.95
12 705.0 665.00 -851.95
13 705.0 669.75 -868.35
14 705.0 410.14 -766.35
15 705.0 374.06 -837.05
16 705.0 424.61 -659.19
17 705.0 359.41 -841.44
18 705.0 438.16 -377.66
19 705.0 864.13 -572.82
20 705.0 404.38 -385.76
21 705.0 374.69 -674.16
22 705.0 367.52 -676.35
23 705.0 360.34 -678.55
24 705.0 297.09 -694.44
25 705.0 327.38 -685.25
26 705.0 512.88 -481.70
27 705.0 520.62 -373.94
28 705.0 514.49 -359.65
29 705.0 501.24 -362.36
30 705.0 367.80 -961.62
31 705.0 196.49 -407.79
32 705.0 355.61 -932.76
33 705.0 986.08 -603.60
34 705.0 430.17 -506.55
35 705.0 610.32 -351.26
6 706.0 611.88 -675.09
7 706.0 618.38 -696.91
8 706.0 279.63 -683.93
9 706.0 575.44 -567.89
10 706.0 570.87 -553.27
11 706.0 566.07 -537.91
12 706.0 662.66 -843.97
13 706.0 667.44 -860.31
14 706.0 412.27 -773.49
15 706.0 368.28 -838.78
16 706.0 433.46 -656.51
17 706.0 352.97 -843.37
18 706.0 448.79 -374.52
19 706.0 862.11 -566.02
20 706.0 412.46 -385.68
21 706.0 374.69 -674.16
22 706.0 367.52 -676.35
23 706.0 360.34 -678.55
24 706.0 293.44 -695.55
25 706.0 321.15 -687.14
26 706.0 505.84 -483.66
27 706.0 520.98 -380.42
28 706.0 519.96 -363.62
29 706.0 506.10 -361.03
30 706.0 366.49 -957.34
31 706.0 193.96 -401.47
32 706.0 358.09 -940.84
33 706.0 987.81 -609.56
34 706.0 421.63 -509.13
35 706.0 620.19 -353.47
6 707.0 609.39 -666.70
7 707.0 615.78 -688.25
8 707.0 281.83 -691.06
9 707.0 577.64 -574.93
10 707.0 572.94 -559.89
11 707.0 568.24 -544.86
12 707.0 660.36 -836.32
13 707.0 665.24 -852.77
14 707.0 414.43 -780.79
15 707.0 361.43 -840.83
16 707.0 442.34 -653.83
17 707.0 346.32 -845.36
18 707.0 458.84 -371.55
19 707.0 860.15 -559.42
20 707.0 420.26 -383.84
21 707.0 374.69 -674.16
22 707.0 367.52 -676.35
23 707.0 360.34 -678.55
24 707.0 293.00 -695.68
25 707.0 314.46 -689.17
26 707.0 499.55 -485.29
27 707.0 521.32 -386.74
28 707.0 520.31 -368.26
29 707.0 510.52 -359.91
30 707.0 364.80 -951.81
31 707.0 191.51 -395.35
32 707.0 360.70 -949.38
33 707.0 989.66 -615.72
34 707.0 412.92 -511.73
35 707.0 629.70 -355.69
6 708.0 607.22 -659.40
7 708.0 613.42 -680.30
8 708.0 284.03 -698.21
9 708.0 579.81 -581.87
10 708.0 575.13 -566.89
11 708.0 570.40 -551.77
12 708.0 657.98 -828.43
13 708.0 662.91 -844.82
14 708.0 416.41 -787.45
15 708.0 354.32 -842.96
16 708.0 450.85 -651.26
17 708.0 340.89 -846.99
18 708.0 469.09 -368.52
19 708.0 857.93 -551.94
20 708.0 428.79 -380.84
21 708.0 374.69 -674.16
22 708.0 367.52 -676.35
23 708.0 360.34 -678.55
24 708.0 292.89 -695.72
25 708.0 308.26 -691.05
26 708.0 492.96 -487.24
27 708.0 521.69 -393.41
28 708.0 520.72 -375.78
29 708.0 514.87 -359.75
30 708.0 362.63 -944.74
31 708.0 189.48 -391.12
32 708.0 363.42 -958.26
33 708.0 991.79 -622.44
34 708.0 404.30 -514.32
35 708.0 639.17 -357.90
6 709.0 604.86 -651.64
7 709.0 611.15 -672.63
8 709.0 286.29 -705.56
9 709.0 581.88 -588.50
10 709.0 577.30 -573.83
11 709.0 572.45 -558.34
12 709.0 655.65 -820.70
13 709.0 660.44 -836.59
14 709.0 418.43 -794.26
15 709.0 349.19 -844.50
16 709.0 458.91 -648.83
17 709.0 336.36 -847.99
18 709.0 478.84 -365.64
19 709.0 856.17 -546.03
20 709.0 437.37 -377.89
21 709.0 374.69 -674.16
22 709.0 367.52 -676.35
23 709.0 360.34 -678.55
24 709.0 292.84 -695.73
25 709.0 302.48 -692.81
26 709.0 485.95 -489.59
27 709.0 522.57 -400.59
28 709.0 521.13 -383.18
29 709.0 520.01 -362.74
30 709.0 360.68 -938.36
31 709.0 186.81 -390.61
32 709.0 364.82 -962.83
33 709.0 995.08 -627.43
34 709.0 396.17 -516.76
35 709.0 649.08 -360.21
6 710.0 602.57 -644.25
7 710.0 608.70 -664.39
8 710.0 288.41 -712.50
9 710.0 584.10 -595.61
10 710.0 579.36 -580.44
11 710.0 574.76 -565.73
12 710.0 653.46 -813.41
13 710.0 658.22 -829.20
14 710.0 420.63 -801.67
15 710.0 344.60 -845.88
16 710.0 466.82 -646.43
17 710.0 332.49 -845.45
18 710.0 488.61 -362.75
19 710.0 854.21 -538.35
20 710.0 445.75 -375.42
21 710.0 374.69 -674.16
22 710.0 367.52 -676.35
23 710.0 360.34 -678.55
24 710.0 291.59 -696.29
25 710.0 300.57 -693.39
26 710.0 479.55 -491.63
27 710.0 524.84 -407.48
28 710.0 521.54 -390.76
29 710.0 520.39 -369.66
30 710.0 358.43 -931.03
31 710.0 183.93 -394.32
32 710.0 367.02 -964.74
33 710.0 997.25 -633.05
34 710.0 386.98 -519.52
35 710.0 659.01 -362.53
6 711.0 600.03 -636.04
7 711.0 606.35 -656.49
8 711.0 290.72 -720.11
9 711.0 585.69 -600.69
10 711.0 581.59 -587.57
11 711.0 576.87 -572.46
12 711.0 651.26 -806.12
13 711.0 655.99 -821.80
14 711.0 422.68 -808.56
15 711.0 339.95 -847.27
16 711.0 474.61 -644.08
17 711.0 330.56 -839.99
18 711.0 499.27 -359.60
19 711.0 853.88 -532.04
20 711.0 454.00 -372.98
21 711.0 374.69 -674.16
22 711.0 367.52 -676.35
23 711.0 360.34 -678.55
24 711.0 288.62 -697.98
25 711.0 299.32 -693.77
26 711.0 473.09 -493.59
27 711.0 526.94 -413.72
28 711.0 521.94 -397.54
29 711.0 520.77 -376.56
30 711.0 356.22 -923.83
31 711.0 185.68 -398.01
32 711.0 367.76 -961.48
33 711.0 999.01 -639.73
34 711.0 378.03 -522.22
35 711.0 668.72 -364.81
6 712.0 597.42 -627.64
7 712.0 603.85 -648.38
8 712.0 292.99 -727.57
9 712.0 585.49 -605.96
10 712.0 582.95 -591.93
11 712.0 579.02 -579.36
12 712.0 648.92 -798.40
13 712.0 653.79 -814.51
14 712.0 424.81 -815.77
15 712.0 334.25 -847.41
16 712.0 483.19 -641.48
17 712.0 328.67 -833.76
18 712.0 509.37 -356.89
19 712.0 853.51 -526.49
20 712.0 462.37 -370.51
21 712.0 374.69 -674.16
22 712.0 367.52 -676.35
23 712.0 360.34 -678.55
24 712.0 286.27 -702.16
25 712.0 296.71 -694.56
26 712.0 466.15 -495.69
27 712.0 528.93 -419.55
28 712.0 523.81 -404.35
29 712.0 521.14 -383.48
30 712.0 354.31 -917.57
31 712.0 187.89 -403.53
32 712.0 366.13 -956.18
33 712.0 998.43 -646.72
34 712.0 369.50 -524.84
35 712.0 678.69 -367.18
6 713.0 594.82 -619.27
7 713.0 601.18 -639.75
8 713.0 295.20 -734.82
9 713.0 580.68 -608.66
10 713.0 584.69 -597.48
11 713.0 580.26 -583.32
12 713.0 646.58 -790.69
13 713.0 651.40 -806.61
14 713.0 427.10 -823.31
15 713.0 331.07 -841.67
16 713.0 491.87 -638.86
17 713.0 326.56 -827.09
18 713.0 520.02 -354.54
19 713.0 848.42 -523.16
20 713.0 471.12 -367.92
21 713.0 374.69 -674.16
22 713.0 367.52 -676.35
23 713.0 360.34 -678.55
24 713.0 287.36 -709.05
25 713.0 292.62 -695.81
26 713.0 460.02 -497.54
27 713.0 531.06 -425.78
28 713.0 525.90 -410.69
29 713.0 521.52 -390.31
30 713.0 352.31 -911.06
31 713.0 190.58 -410.25
32 713.0 364.07 -949.43
33 713.0 995.29 -651.89
34 713.0 361.32 -527.41
35 713.0 687.79 -369.35
6 714.0 592.41 -611.52
7 714.0 598.87 -632.31
8 714.0 297.44 -742.17
9 714.0 574.37 -610.56
10 714.0 586.08 -602.57
11 714.0 581.90 -588.56
12 714.0 644.22 -782.86
13 714.0 649.23 -799.43
14 714.0 429.40 -830.89
15 714.0 329.09 -835.15
16 714.0 499.72 -636.48
17 714.0 324.43 -820.36
18 714.0 530.92 -352.13
19 714.0 845.42 -517.89
20 714.0 479.40 -365.47
21 714.0 374.69 -674.16
22 714.0 367.52 -676.35
23 714.0 360.34 -678.55
24 714.0 289.88 -717.34
25 714.0 287.57 -699.11
26 714.0 453.10 -499.64
27 714.0 530.39 -432.64
28 714.0 528.18 -417.36
29 714.0 522.03 -398.16
30 714.0 350.26 -904.37
31 714.0 193.29 -416.78
32 714.0 361.42 -940.78
33 714.0 989.21 -653.08
34 714.0 353.69 -529.86
35 714.0 696.99 -371.55
6 715.0 590.16 -604.28
7 715.0 596.47 -624.58
8 715.0 299.61 -749.31
9 715.0 567.11 -612.76
10 715.0 583.31 -607.67
11 715.0 583.52 -593.74
12 715.0 641.88 -775.11
13 715.0 646.72 -791.13
14 715.0 431.56 -837.85
15 715.0 327.03 -828.58
16 715.0 507.75 -634.06
17 715.0 322.41 -813.58
18 715.0 539.93 -347.62
19 715.0 843.00 -510.28
20 715.0 487.44 -363.10
21 715.0 374.69 -674.16
22 715.0 367.52 -676.35
23 715.0 360.34 -678.55
24 715.0 292.04 -724.44
25 715.0 286.35 -704.74
26 715.0 446.78 -501.55
27 715.0 531.84 -438.74
28 715.0 530.46 -424.02
29 715.0 524.16 -405.41
30 715.0 348.10 -897.29
31 715.0 195.32 -421.30
32 715.0 358.96 -932.75
33 715.0 983.05 -655.35
34 715.0 349.33 -531.22
35 715.0 706.54 -373.83
6 716.0 587.59 -596.01
7 716.0 593.91 -616.32
8 716.0 301.75 -756.35
9 716.0 560.70 -614.70
10 716.0 578.12 -609.43
11 716.0 585.62 -600.44
12 716.0 639.80 -768.01
13 716.0 644.55 -783.98
14 716.0 433.82 -845.17
15 716.0 324.87 -821.75
16 716.0 516.57 -631.39
17 716.0 320.50 -806.92
18 716.0 549.31 -345.65
19 716.0 840.86 -503.32
20 716.0 495.31 -360.77
21 716.0 374.69 -674.16
22 716.0 367.52 -676.35
23 716.0 360.34 -678.55
24 716.0 294.26 -731.72
25 716.0 287.93 -710.94
26 716.0 440.23 -503.53
27 716.0 533.96 -445.62
28 716.0 531.19 -429.62
29 716.0 526.59 -412.72
30 716.0 346.17 -891.01
31 716.0 197.61 -427.29
32 716.0 356.52 -924.79
33 716.0 977.19 -657.26
34 716.0 343.46 -532.93
35 716.0 715.51 -375.97
6 717.0 585.23 -588.47
7 717.0 591.42 -608.34
8 717.0 304.01 -763.76
9 717.0 553.59 -616.85
10 717.0 571.47 -611.44
11 717.0 585.91 -605.09
12 717.0 637.46 -760.19
13 717.0 642.16 -776.08
14 717.0 436.05 -852.37
15 717.0 322.95 -815.50
16 717.0 524.82 -628.89
17 717.0 318.49 -800.32
18 717.0 559.74 -344.16
19 717.0 838.61 -495.99
20 717.0 503.03 -358.51
21 717.0 374.69 -674.16
22 717.0 367.52 -676.35
23 717.0 360.34 -678.55
24 717.0 296.57 -739.31
25 717.0 290.04 -717.87
26 717.0 433.07 -505.68
27 717.0 535.90 -451.95
28 717.0 531.04 -436.14
29 717.0 528.95 -419.62
30 717.0 344.22 -884.63
31 717.0 200.57 -435.30
32 717.0 353.92 -916.31
33 717.0 971.13 -659.09
34 717.0 336.12 -535.06
35 717.0 724.89 -378.20
6 718.0 582.89 -580.98
7 718.0 588.91 -600.23
8 718.0 306.32 -771.37
9 718.0 546.54 -618.98
10 718.0 564.08 -613.68
11 718.0 581.07 -608.54
12 718.0 635.43 -753.36
13 718.0 639.94 -768.48
14 718.0 438.23 -859.43
15 718.0 321.11 -808.98
16 718.0 532.91 -626.44
17 718.0 316.41 -793.49
18 718.0 570.50 -343.58
19 718.0 836.36 -488.63
20 718.0 511.12 -356.48
21 718.0 374.69 -674.16
22 718.0 367.52 -676.35
23 718.0 360.34 -678.55
24 718.0 298.95 -747.14
25 718.0 291.87 -723.87
26 718.0 426.13 -507.77
27 718.0 537.89 -458.32
28 718.0 532.98 -442.44
29 718.0 531.21 -426.23
30 718.0 342.01 -877.43
31 718.0 203.14 -441.85
32 718.0 351.25 -907.60
33 718.0 964.62 -660.90
34 718.0 327.10 -537.76
35 718.0 734.01 -380.38
6 719.0 580.47 -573.23
7 719.0 586.29 -591.87
8 719.0 308.46 -778.47
9 719.0 539.14 -621.22
10 719.0 556.12 -616.08
11 719.0 573.49 -610.83
12 719.0 633.17 -745.85
13 719.0 637.94 -761.80
14 719.0 440.61 -867.17
15 719.0 318.93 -801.76
16 719.0 540.91 -624.02
17 719.0 314.48 -787.19
18 719.0 580.95 -344.83
19 719.0 834.10 -481.27
20 719.0 519.93 -354.56
21 719.0 374.69 -674.16
22 719.0 367.52 -676.35
23 719.0 360.34 -678.55
24 719.0 301.36 -755.05
25 719.0 293.81 -730.24
26 719.0 419.60 -509.74
27 719.0 539.70 -464.15
28 719.0 535.12 -449.41
29 719.0 530.48 -433.61
30 719.0 340.04 -870.98
31 719.0 206.97 -449.50
32 719.0 348.64 -899.09
33 719.0 959.07 -662.44
34 719.0 318.03 -540.40
35 719.0 742.88 -384.05
6 720.0 578.09 -565.63
7 720.0 583.97 -584.42
8 720.0 310.88 -786.35
9 720.0 531.89 -623.41
10 720.0 548.74 -618.31
11 720.0 566.52 -612.94
12 720.0 630.89 -738.32
13 720.0 635.68 -754.21
14 720.0 442.79 -874.33
15 720.0 316.95 -795.24
16 720.0 549.20 -621.51
17 720.0 312.40 -780.40
18 720.0 591.80 -347.12
19 720.0 831.74 -473.55
20 720.0 528.93 -352.60
21 720.0 374.69 -674.16
22 720.0 367.52 -676.35
23 720.0 360.34 -678.55
24 720.0 303.63 -762.51
25 720.0 295.65 -736.31
26 720.0 413.21 -511.65
27 720.0 542.20 -470.49
28 720.0 537.15 -455.97
29 720.0 532.48 -440.81
30 720.0 337.94 -864.16
31 720.0 210.81 -456.55
32 720.0 345.92 -890.19
33 720.0 953.11 -664.05
34 720.0 309.87 -542.80
35 720.0 752.22 -386.09
6 721.0 575.84 -558.43
7 721.0 581.39 -576.17
8 721.0 313.30 -794.25
9 721.0 525.32 -625.41
10 721.0 541.24 -620.58
11 721.0 559.70 -615.00
12 721.0 628.67 -731.02
13 721.0 633.62 -747.30
14 721.0 445.05 -881.79
15 721.0 314.87 -788.44
16 721.0 557.46 -619.02
17 721.0 310.41 -773.87
18 721.0 601.91 -349.38
19 721.0 827.32 -467.17
20 721.0 536.86 -348.67
21 721.0 374.69 -674.16
22 721.0 367.52 -676.35
23 721.0 360.34 -678.55
24 721.0 305.82 -769.72
25 721.0 297.48 -742.31
26 721.0 406.56 -513.64
27 721.0 545.75 -476.77
28 721.0 539.16 -462.38
29 721.0 534.56 -447.60
30 721.0 336.19 -858.42
31 721.0 213.13 -463.91
32 721.0 343.46 -882.15
33 721.0 947.29 -664.57
34 721.0 300.75 -545.53
35 721.0 762.20 -388.26
6 722.0 573.37 -550.51
7 722.0 578.89 -568.17
8 722.0 315.71 -802.19
9 722.0 518.78 -627.38
10 722.0 534.57 -622.60
11 722.0 552.70 -617.12
12 722.0 626.41 -723.57
13 722.0 631.32 -739.75
14 722.0 447.36 -889.34
15 722.0 312.98 -782.31
16 722.0 565.84 -616.48
17 722.0 308.57 -767.75
18 722.0 612.81 -351.82
19 722.0 820.59 -464.75
20 722.0 543.90 -346.44
21 722.0 374.69 -674.16
22 722.0 367.52 -676.35
23 722.0 360.34 -678.55
24 722.0 308.08 -777.23
25 722.0 299.34 -748.43
26 722.0 399.39 -515.79
27 722.0 549.23 -482.99
28 722.0 541.58 -468.92
29 722.0 536.72 -454.59
30 722.0 335.98 -853.59
31 722.0 215.70 -473.36
32 722.0 340.73 -873.25
33 722.0 940.58 -662.89
34 722.0 292.26 -548.03
35 722.0 771.09 -390.20
6 723.0 570.93 -542.73
7 723.0 576.23 -559.68
8 723.0 317.87 -809.30
9 723.0 511.50 -629.59
10 723.0 527.20 -624.83
11 723.0 545.25 -619.37
12 723.0 624.32 -716.63
13 723.0 628.94 -731.93
14 723.0 449.51 -896.38
15 723.0 311.18 -776.42
16 723.0 574.44 -613.88
17 723.0 306.72 -761.68
18 723.0 623.78 -354.30
19 723.0 812.60 -465.14
20 723.0 551.92 -345.23
21 723.0 374.69 -674.16
22 723.0 367.52 -676.35
23 723.0 360.34 -678.55
24 723.0 310.52 -785.19
25 723.0 301.23 -754.63
26 723.0 393.31 -517.62
27 723.0 551.25 -488.79
28 723.0 545.16 -475.84
29 723.0 538.61 -460.62
30 723.0 340.50 -850.44
31 723.0 218.40 -482.74
32 723.0 338.11 -864.71
33 723.0 935.54 -659.65
34 723.0 282.85 -549.27
35 723.0 780.34 -392.21
6 724.0 568.38 -534.57
7 724.0 573.55 -551.10
8 724.0 320.00 -816.80
9 724.0 504.34 -631.75
10 724.0 520.45 -626.88
11 724.0 538.28 -621.48
12 724.0 622.27 -709.80
13 724.0 626.96 -725.38
14 724.0 451.59 -903.40
15 724.0 309.36 -770.38
16 724.0 579.91 -612.23
17 724.0 304.85 -755.53
18 724.0 633.98 -356.69
19 724.0 805.01 -467.30
20 724.0 560.10 -344.14
21 724.0 374.69 -674.16
22 724.0 367.52 -676.35
23 724.0 360.34 -678.55
24 724.0 312.86 -792.81
25 724.0 303.09 -760.74
26 724.0 387.20 -519.45
27 724.0 552.91 -493.84
28 724.0 548.06 -480.64
29 724.0 539.17 -462.41
30 724.0 347.13 -848.46
31 724.0 220.82 -491.06
32 724.0 336.08 -858.08
33 724.0 930.27 -655.04
34 724.0 273.79 -550.13
35 724.0 789.49 -394.21
6 725.0 566.13 -527.24
7 725.0 571.11 -543.29
8 725.0 322.45 -824.71
9 725.0 496.92 -633.99
10 725.0 513.44 -629.00
11 725.0 530.83 -623.73
12 725.0 620.18 -702.87
13 725.0 624.74 -718.03
14 725.0 453.79 -910.85
15 725.0 307.48 -764.16
16 725.0 583.14 -611.19
17 725.0 302.80 -748.79
18 725.0 644.29 -359.10
19 725.0 797.71 -469.56
20 725.0 568.74 -343.66
21 725.0 374.69 -674.16
22 725.0 367.52 -676.35
23 725.0 360.34 -678.55
24 725.0 315.10 -800.17
25 725.0 305.18 -767.59
26 725.0 380.00 -521.61
27 725.0 554.99 -500.90
28 725.0 550.59 -486.79
29 725.0 539.33 -462.94
30 725.0 354.27 -846.31
31 725.0 222.67 -497.33
32 725.0 337.15 -852.05
33 725.0 926.05 -651.13
34 725.0 264.93 -552.75
35 725.0 799.04 -396.39
6 726.0 563.74 -519.16
7 726.0 568.61 -535.31
8 726.0 324.98 -832.72
9 726.0 490.63 -635.89
10 726.0 506.29 -631.16
11 726.0 523.97 -625.81
12 726.0 617.98 -695.57
13 726.0 622.71 -711.27
14 726.0 455.79 -917.40
15 726.0 305.42 -757.42
16 726.0 583.51 -608.62
17 726.0 300.84 -742.36
18 726.0 655.31 -361.67
19 726.0 790.00 -471.95
20 726.0 577.74 -344.30
21 726.0 374.69 -674.16
22 726.0 367.52 -676.35
23 726.0 360.34 -678.55
24 726.0 317.31 -807.47
25 726.0 306.97 -773.54
26 726.0 372.87 -523.80
27 726.0 556.75 -506.84
28 726.0 552.64 -493.03
29 726.0 539.41 -463.19
30 726.0 361.44 -844.16
31 726.0 224.54 -503.58
32 726.0 343.28 -849.61
33 726.0 920.98 -646.42
34 726.0 256.60 -555.21
35 726.0 808.11 -398.47
6 727.0 561.37 -511.17
7 727.0 566.07 -527.04
8 727.0 327.25 -840.11
9 727.0 483.69 -637.99
10 727.0 500.04 -633.05
11 727.0 517.01 -627.92
12 727.0 615.77 -688.20
13 727.0 620.43 -703.70
14 727.0 457.94 -924.14
15 727.0 303.62 -751.48
16 727.0 580.20 -608.80
17 727.0 298.74 -735.48
18 727.0 666.26 -360.94
19 727.0 782.42 -474.30
20 727.0 586.08 -345.85
21 727.0 374.69 -674.16
22 727.0 367.52 -676.35
23 727.0 360.34 -678.55
24 727.0 319.54 -815.16
25 727.0 308.93 -779.99
26 727.0 366.49 -525.76
27 727.0 558.75 -513.60
28 727.0 554.18 -498.14
29 727.0 539.44 -463.28
30 727.0 368.69 -841.99
31 727.0 226.56 -510.26
32 727.0 351.31 -847.20
33 727.0 916.58 -642.34
34 727.0 252.13 -556.52
35 727.0 818.07 -400.71
6 728.0 558.97 -503.06
7 728.0 563.67 -518.92
8 728.0 329.59 -847.76
9 728.0 476.38 -640.20
10 728.0 492.15 -635.43
11 728.0 510.19 -629.98
12 728.0 613.51 -680.58
13 728.0 618.22 -696.37
14 728.0 460.32 -931.64
15 728.0 301.47 -744.43
16 728.0 575.29 -610.29
17 728.0 296.84 -729.20
18 728.0 677.26 -363.55
19 728.0 775.06 -476.58
20 728.0 594.86 -347.80
21 728.0 374.69 -674.16
22 728.0 367.52 -676.35
23 728.0 360.34 -678.55
24 728.0 321.84 -822.79
25 728.0 311.06 -786.95
26 728.0 359.55 -527.98
27 728.0 560.62 -519.93
28 728.0 556.33 -505.43
29 728.0 539.44 -463.30
30 728.0 375.89 -839.84
31 728.0 228.61 -517.03
32 728.0 359.50 -844.74
33 728.0 911.88 -637.99
34 728.0 246.03 -557.12
35 728.0 827.51 -402.65
6 729.0 556.75 -495.56
7 729.0 561.27 -510.83
8 729.0 331.81 -855.02
9 729.0 469.03 -642.42
10 729.0 484.53 -637.74
11 729.0 502.41 -632.33
12 729.0 611.47 -673.70
13 729.0 615.85 -688.48
14 729.0 462.86 -938.36
15 729.0 299.30 -737.32
16 729.0 568.55 -612.32
17 729.0 295.03 -723.26
18 729.0 687.60 -366.02
19 729.0 767.98 -478.81
20 729.0 603.03 -349.63
21 729.0 374.69 -674.16
22 729.0 367.52 -676.35
23 729.0 360.34 -678.55
24 729.0 324.45 -831.05
25 729.0 312.88 -792.88
26 729.0 352.80 -530.15
27 729.0 562.58 -526.55
28 729.0 558.10 -511.38
29 729.0 539.45 -463.31
30 729.0 382.33 -837.91
31 729.0 230.79 -524.22
32 729.0 367.48 -842.35
33 729.0 907.39 -633.83
34 729.0 242.39 -551.44
35 729.0 832.53 -406.78
6 730.0 556.65 -488.73
7 730.0 559.06 -503.35
8 730.0 334.13 -862.60
9 730.0 461.59 -644.67
10 730.0 476.78 -640.08
11 730.0 495.52 -634.42
12 730.0 609.43 -666.86
13 730.0 613.74 -681.38
14 730.0 469.13 -941.54
15 730.0 297.72 -732.12
16 730.0 560.03 -614.90
17 730.0 293.24 -717.39
18 730.0 697.73 -368.44
19 730.0 760.37 -481.19
20 730.0 610.98 -351.41
21 730.0 374.69 -674.16
22 730.0 367.52 -676.35
23 730.0 360.34 -678.55
24 730.0 326.84 -838.74
25 730.0 314.86 -799.39
26 730.0 346.42 -532.44
27 730.0 564.42 -532.63
28 730.0 559.92 -517.54
29 730.0 539.45 -463.31
30 730.0 389.39 -835.79
31 730.0 232.89 -531.15
32 730.0 373.90 -840.43
33 730.0 902.79 -629.57
34 730.0 239.67 -542.48
35 730.0 834.49 -413.80
6 731.0 556.48 -484.27
7 731.0 556.71 -495.41
8 731.0 336.28 -869.64
9 731.0 455.15 -646.61
10 731.0 469.17 -642.38
11 731.0 487.95 -636.70
12 731.0 607.24 -659.47
13 731.0 611.85 -674.99
14 731.0 476.40 -939.77
15 731.0 295.98 -726.40
16 731.0 551.77 -617.40
17 731.0 291.11 -710.41
18 731.0 707.91 -370.86
19 731.0 753.07 -482.71
20 731.0 619.54 -353.32
21 731.0 374.69 -674.16
22 731.0 367.52 -676.35
23 731.0 360.34 -678.55
24 731.0 329.05 -845.98
25 731.0 316.97 -806.34
26 731.0 342.39 -537.28
27 731.0 566.43 -539.07
28 731.0 561.82 -523.97
29 731.0 539.45 -463.31
30 731.0 395.90 -833.84
31 731.0 234.82 -537.50
32 731.0 380.69 -838.40
33 731.0 897.81 -624.95
34 731.0 237.00 -533.68
35 731.0 833.06 -420.22
6 732.0 556.05 -483.03
7 732.0 556.02 -493.07
8 732.0 338.60 -877.19
9 732.0 447.85 -648.82
10 732.0 463.51 -644.09
11 732.0 480.93 -638.83
12 732.0 605.01 -652.12
13 732.0 609.57 -667.31
14 732.0 483.72 -937.50
15 732.0 293.93 -719.66
16 732.0 543.41 -619.93
17 732.0 289.28 -704.39
18 732.0 718.90 -373.48
19 732.0 745.94 -481.83
20 732.0 628.19 -355.34
21 732.0 374.69 -674.16
22 732.0 367.52 -676.35
23 732.0 360.34 -678.55
24 732.0 331.46 -853.89
25 732.0 318.92 -813.01
26 732.0 343.14 -544.36
27 732.0 568.43 -545.46
28 732.0 563.73 -530.42
29 732.0 539.45 -463.31
30 732.0 402.46 -831.88
31 732.0 237.07 -544.92
32 732.0 386.89 -836.54
33 732.0 892.91 -620.23
34 732.0 234.29 -524.74
35 732.0 831.56 -426.97
6 733.0 555.69 -482.02
7 733.0 555.90 -491.71
8 733.0 340.78 -884.33
9 733.0 440.51 -651.04
10 733.0 456.70 -646.15
11 733.0 474.19 -640.87
12 733.0 602.85 -645.14
13 733.0 607.29 -659.63
14 733.0 490.41 -935.43
15 733.0 291.88 -712.92
16 733.0 535.32 -622.37
17 733.0 287.44 -698.42
18 733.0 728.88 -375.87
19 733.0 739.72 -478.83
20 733.0 636.22 -357.21
21 733.0 374.69 -674.16
22 733.0 367.52 -676.35
23 733.0 360.34 -678.55
24 733.0 333.92 -861.91
25 733.0 320.89 -819.77
26 733.0 345.13 -551.41
27 733.0 570.56 -552.29
28 733.0 565.84 -537.17
29 733.0 539.45 -463.31
30 733.0 409.17 -829.86
31 733.0 239.09 -551.59
32 733.0 393.17 -834.66
33 733.0 888.29 -615.52
34 733.0 231.74 -516.33
35 733.0 830.06 -433.72
6 734.0 555.67 -481.97
7 734.0 556.27 -489.68
8 734.0 343.13 -891.99
9 734.0 433.22 -653.25
10 734.0 449.13 -648.44
11 734.0 466.46 -643.20
12 734.0 600.59 -637.85
13 734.0 605.16 -652.62
14 734.0 497.91 -933.11
15 734.0 289.94 -706.56
16 734.0 526.39 -625.08
17 734.0 285.33 -691.53
18 734.0 739.58 -379.46
19 734.0 735.32 -472.62
20 734.0 644.25 -359.09
21 734.0 374.69 -674.16
22 734.0 367.52 -676.35
23 734.0 360.34 -678.55
24 734.0 336.14 -869.17
25 734.0 322.92 -826.18
26 734.0 346.88 -557.56
27 734.0 572.65 -558.96
28 734.0 567.80 -543.45
29 734.0 539.45 -463.31
30 734.0 416.50 -827.66
31 734.0 241.06 -558.09
32 734.0 400.37 -832.50
33 734.0 883.39 -610.54
34 734.0 228.94 -507.11
35 734.0 828.38 -441.26
6 735.0 555.67 -481.95
7 735.0 556.35 -489.49
8 735.0 345.24 -898.90
9 735.0 426.17 -655.38
10 735.0 441.31 -650.80
11 735.0 459.46 -645.31
12 735.0 598.46 -631.00
13 735.0 603.08 -645.90
14 735.0 504.95 -930.93
15 735.0 288.05 -700.39
16 735.0 518.20 -627.56
17 735.0 283.34 -685.11
18 735.0 749.45 -382.21
19 735.0 732.76 -465.31
20 735.0 652.72 -361.06
21 735.0 376.58 -673.73
22 735.0 367.52 -676.35
23 735.0 360.34 -678.55
24 735.0 338.41 -876.60
25 735.0 324.87 -832.37
26 735.0 348.75 -564.19
27 735.0 574.62 -565.27
28 735.0 570.02 -550.55
29 735.0 539.45 -463.31
30 735.0 421.23 -826.24
31 735.0 243.08 -564.75
32 735.0 407.64 -830.32
33 735.0 878.77 -605.84
34 735.0 226.40 -498.63
35 735.0 826.81 -448.28
6 736.0 555.67 -481.95
7 736.0 556.38 -489.41
8 736.0 347.67 -906.82
9 736.0 419.78 -657.31
10 736.0 434.77 -652.78
11 736.0 452.06 -647.55
12 736.0 596.11 -623.43
13 736.0 601.18 -639.77
14 736.0 512.12 -928.72
15 736.0 285.99 -693.68
16 736.0 510.36 -629.93
17 736.0 281.46 -678.97
18 736.0 760.18 -384.55
19 736.0 730.28 -457.52
20 736.0 661.32 -363.07
21 736.0 380.42 -674.07
22 736.0 369.13 -675.86
23 736.0 360.34 -678.55
24 736.0 340.73 -884.16
25 736.0 326.99 -839.25
26 736.0 350.97 -571.40
27 736.0 576.68 -571.87
28 736.0 571.92 -556.65
29 736.0 539.45 -463.31
30 736.0 427.38 -822.38
31 736.0 245.27 -571.97
32 736.0 412.99 -828.71
33 736.0 874.49 -601.47
34 736.0 225.28 -490.58
35 736.0 825.09 -455.79
6 737.0 555.67 -481.95
7 737.0 556.40 -489.37
8 737.0 350.09 -914.73
9 737.0 412.50 -659.51
10 737.0 427.83 -654.88
11 737.0 444.59 -649.81
12 737.0 593.76 -615.86
13 737.0 598.95 -632.57
14 737.0 519.10 -926.59
15 737.0 284.02 -687.29
16 737.0 502.16 -632.41
17 737.0 279.41 -672.28
18 737.0 771.33 -386.98
19 737.0 727.99 -450.69
20 737.0 670.15 -365.15
21 737.0 383.16 -677.87
22 737.0 372.13 -674.94
23 737.0 361.30 -678.25
24 737.0 342.95 -891.41
25 737.0 328.78 -845.12
26 737.0 353.16 -578.50
27 737.0 578.86 -578.82
28 737.0 573.93 -563.06
29 737.0 539.45 -463.31
30 737.0 428.08 -815.97
31 737.0 247.21 -578.33
32 737.0 418.88 -826.95
33 737.0 871.08 -596.23
34 737.0 224.43 -480.55
35 737.0 824.04 -462.93
6 738.0 555.67 -481.95
7 738.0 556.40 -489.36
8 738.0 352.35 -922.11
9 738.0 406.04 -661.47
10 738.0 420.64 -657.05
11 738.0 436.75 -652.18
12 738.0 591.57 -608.80
13 738.0 596.39 -624.32
14 738.0 526.72 -924.27
15 738.0 282.04 -680.87
16 738.0 493.31 -635.08
17 738.0 277.20 -665.31
18 738.0 781.75 -389.25
19 738.0 724.95 -443.54
20 738.0 678.89 -367.22
21 738.0 385.04 -683.97
22 738.0 376.77 -673.70
23 738.0 364.48 -677.28
24 738.0 345.26 -898.95
25 738.0 330.72 -851.45
26 738.0 355.12 -584.80
27 738.0 580.75 -584.89
28 738.0 576.06 -569.86
29 738.0 539.45 -463.31
30 738.0 426.08 -808.81
31 738.0 249.29 -585.20
32 738.0 425.41 -824.45
33 738.0 869.23 -590.00
34 738.0 221.07 -468.73
35 738.0 826.55 -469.90
6 739.0 555.67 -481.95
7 739.0 556.40 -489.36
8 739.0 354.78 -930.05
9 739.0 399.42 -663.48
10 739.0 414.02 -659.06
11 739.0 429.64 -654.33
12 739.0 589.23 -601.27
13 739.0 594.33 -617.70
14 739.0 533.91 -922.08
15 739.0 279.85 -673.73
16 739.0 485.25 -637.52
17 739.0 275.07 -658.45
18 739.0 791.95 -391.49
19 739.0 719.83 -437.55
20 739.0 687.48 -369.28
21 739.0 387.03 -690.47
22 739.0 381.90 -675.35
23 739.0 368.72 -675.99
24 739.0 347.65 -906.76
25 739.0 332.53 -857.37
26 739.0 357.33 -591.97
27 739.0 582.70 -591.12
28 739.0 578.04 -576.20
29 739.0 539.45 -463.31
30 739.0 424.00 -801.78
31 739.0 251.36 -592.02
32 739.0 428.27 -817.29
33 739.0 867.49 -584.13
34 739.0 217.87 -457.29
35 739.0 829.29 -476.48
6 740.0 555.67 -481.95
7 740.0 556.40 -489.36
8 740.0 357.16 -937.80
9 740.0 392.57 -665.55
10 740.0 407.66 -660.98
11 740.0 423.24 -656.26
12 740.0 587.10 -594.44
13 740.0 591.75 -609.39
14 740.0 541.33 -919.85
15 740.0 277.78 -667.18
16 740.0 476.31 -640.22
17 740.0 273.03 -651.88
18 740.0 802.23 -393.84
19 740.0 713.50 -434.29
20 740.0 695.17 -371.12
21 740.0 388.88 -696.50
22 740.0 384.11 -680.96
23 740.0 374.44 -674.24
24 740.0 350.14 -914.90
25 740.0 334.31 -863.19
26 740.0 359.43 -598.86
27 740.0 584.70 -597.50
28 740.0 579.84 -581.96
29 740.0 539.45 -463.31
30 740.0 421.93 -794.83
31 740.0 253.51 -599.09
32 740.0 426.40 -809.87
33 740.0 865.57 -577.68
34 740.0 216.67 -448.19
35 740.0 831.39 -483.33
6 741.0 555.67 -481.95
7 741.0 556.40 -489.36
8 741.0 359.54 -945.57
9 741.0 387.20 -666.92
10 741.0 401.06 -662.98
11 741.0 416.78 -658.22
12 741.0 584.71 -586.79
13 741.0 589.62 -602.52
14 741.0 548.73 -917.66
15 741.0 275.71 -660.50
16 741.0 467.82 -642.79
17 741.0 271.10 -645.68
18 741.0 813.37 -396.39
19 741.0 705.74 -432.23
20 741.0 703.77 -369.88
21 741.0 390.77 -702.67
22 741.0 386.20 -687.75
23 741.0 379.77 -673.85
24 741.0 352.39 -922.23
25 741.0 336.21 -869.39
26 741.0 361.48 -605.76
27 741.0 586.76 -604.12
28 741.0 582.13 -589.30
29 741.0 539.45 -463.31
30 741.0 419.85 -787.82
31 741.0 255.42 -605.36
32 741.0 424.40 -803.15
33 741.0 863.57 -570.95
34 741.0 223.00 -440.98
35 741.0 833.48 -490.16
6 742.0 555.67 -481.95
7 742.0 556.40 -489.36
8 742.0 361.83 -953.06
9 742.0 382.43 -664.27
10 742.0 396.33 -664.41
11 742.0 409.60 -660.39
12 742.0 582.52 -579.81
13 742.0 587.10 -594.43
14 742.0 555.34 -915.65
15 742.0 273.89 -654.65
16 742.0 459.80 -645.21
17 742.0 268.92 -638.64
18 742.0 823.30 -398.52
19 742.0 697.66 -430.57
20 742.0 711.62 -371.75
21 742.0 392.76 -709.15
22 742.0 387.95 -693.48
23 742.0 383.22 -678.07
24 742.0 354.76 -929.98
25 742.0 338.06 -875.44
26 742.0 363.43 -612.29
27 742.0 588.82 -610.71
28 742.0 584.29 -596.19
29 742.0 539.45 -463.31
30 742.0 417.87 -781.14
31 742.0 257.63 -612.66
32 742.0 422.30 -796.07
33 742.0 861.58 -564.25
34 742.0 233.96 -437.05
35 742.0 835.45 -496.60
6 743.0 555.67 -481.95
7 743.0 556.40 -489.36
8 743.0 363.98 -960.08
9 743.0 380.77 -659.45
10 743.0 389.95 -666.34
11 743.0 404.99 -661.79
12 743.0 580.32 -572.77
13 743.0 584.99 -587.69
14 743.0 562.36 -913.48
15 743.0 271.65 -647.42
16 743.0 451.36 -647.76
17 743.0 266.86 -631.93
18 743.0 833.51 -401.59
19 743.0 690.47 -429.09
20 743.0 719.78 -373.69
21 743.0 394.63 -715.24
22 743.0 389.95 -699.98
23 743.0 385.04 -683.98
24 743.0 357.28 -938.19
25 743.0 339.94 -881.59
26 743.0 365.45 -619.10
27 743.0 590.68 -616.72
28 743.0 586.09 -601.96
29 743.0 539.45 -463.31
30 743.0 415.94 -774.63
31 743.0 259.84 -619.91
32 743.0 420.31 -789.37
33 743.0 859.83 -558.33
34 743.0 244.42 -430.58
35 743.0 837.60 -503.61
6 744.0 555.67 -481.95
7 744.0 556.40 -489.36
8 744.0 367.01 -967.49
9 744.0 378.59 -652.13
10 744.0 385.24 -666.76
11 744.0 398.58 -663.73
12 744.0 577.99 -565.30
13 744.0 582.72 -580.43
14 744.0 568.90 -911.46
15 744.0 269.58 -640.76
16 744.0 442.80 -650.35
17 744.0 264.93 -625.64
18 744.0 843.22 -404.17
19 744.0 683.23 -427.60
20 744.0 728.35 -375.74
21 744.0 396.58 -721.60
22 744.0 392.10 -706.99
23 744.0 386.88 -689.97
24 744.0 359.60 -945.77
25 744.0 341.76 -887.53
26 744.0 367.50 -626.00
27 744.0 592.87 -623.76
28 744.0 588.03 -608.19
29 744.0 539.45 -463.31
30 744.0 413.95 -767.95
31 744.0 262.01 -627.03
32 744.0 418.54 -783.40
33 744.0 857.89 -551.80
34 744.0 255.65 -427.32
35 744.0 839.78 -510.72
6 745.0 555.67 -481.95
7 745.0 556.40 -489.36
8 745.0 373.11 -970.06
9 745.0 376.66 -645.61
10 745.0 381.80 -662.90
11 745.0 394.31 -665.02
12 745.0 575.56 -557.54
13 745.0 580.57 -573.56
14 745.0 576.31 -909.19
15 745.0 267.53 -634.12
16 745.0 434.15 -652.96
17 745.0 262.90 -618.96
18 745.0 854.33 -406.59
19 745.0 675.37 -426.08
20 745.0 736.49 -377.82
21 745.0 398.48 -727.77
22 745.0 394.13 -713.62
23 745.0 389.00 -696.90
24 745.0 361.92 -953.36
25 745.0 343.88 -894.44
26 745.0 369.39 -632.37
27 745.0 595.01 -630.66
28 745.0 590.16 -615.03
29 745.0 539.45 -463.31
30 745.0 412.03 -761.49
31 745.0 264.10 -633.84
32 745.0 416.58 -776.79
33 745.0 856.06 -545.73
34 745.0 267.33 -423.94
35 745.0 841.66 -516.68
6 746.0 555.67 -481.95
7 746.0 556.40 -489.36
8 746.0 380.14 -968.41
9 746.0 374.70 -639.01
10 746.0 380.05 -657.05
11 746.0 389.36 -666.52
12 746.0 573.22 -550.04
13 746.0 578.18 -565.91
14 746.0 583.37 -907.03
15 746.0 265.53 -627.58
16 746.0 426.45 -655.30
17 746.0 260.89 -612.34
18 746.0 864.38 -408.96
19 746.0 668.12 -426.09
20 746.0 744.41 -381.11
21 746.0 400.41 -734.09
22 746.0 396.14 -720.15
23 746.0 390.76 -702.63
24 746.0 364.31 -961.17
25 746.0 345.93 -901.13
26 746.0 371.39 -639.12
27 746.0 597.11 -637.43
28 746.0 592.47 -622.50
29 746.0 539.45 -463.31
30 746.0 409.87 -754.19
31 746.0 266.21 -640.69
32 746.0 414.46 -769.67
33 746.0 855.32 -543.18
34 746.0 279.49 -420.45
35 746.0 842.53 -523.74
6 747.0 555.67 -481.95
7 747.0 556.40 -489.36
8 747.0 387.04 -966.36
9 747.0 372.51 -631.66
10 747.0 377.95 -649.98
11 747.0 383.40 -665.66
12 747.0 570.77 -542.21
13 747.0 576.01 -558.96
14 747.0 590.85 -904.73
15 747.0 263.31 -620.31
16 747.0 418.58 -657.67
17 747.0 258.97 -606.04
18 747.0 875.23 -411.49
19 747.0 660.50 -427.69
20 747.0 753.03 -382.98
21 747.0 402.39 -740.54
22 747.0 398.06 -726.42
23 747.0 392.84 -709.40
24 747.0 367.38 -967.83
25 747.0 347.89 -907.53
26 747.0 373.36 -645.75
27 747.0 599.27 -644.40
28 747.0 594.38 -628.63
29 747.0 539.45 -463.31
30 747.0 407.93 -747.66
31 747.0 268.28 -647.36
32 747.0 412.20 -762.06
33 747.0 855.25 -542.79
34 747.0 291.82 -416.91
35 747.0 841.00 -529.25
6 748.0 555.67 -481.95
7 748.0 556.40 -489.36
8 748.0 394.09 -964.27
9 748.0 370.29 -624.17
10 748.0 375.84 -642.87
11 748.0 381.08 -660.52
12 748.0 568.51 -534.97
13 748.0 573.58 -551.19
14 748.0 598.23 -902.47
15 748.0 261.37 -613.93
16 748.0 410.69 -660.06
17 748.0 257.15 -600.03
18 748.0 885.26 -413.81
19 748.0 653.44 -430.58
20 748.0 761.85 -384.91
21 748.0 404.32 -746.78
22 748.0 399.89 -732.38
23 748.0 394.62 -715.21
24 748.0 373.91 -969.94
25 748.0 349.74 -913.58
26 748.0 375.17 -651.84
27 748.0 601.17 -650.54
28 748.0 596.61 -635.84
29 748.0 539.45 -463.31
30 748.0 405.86 -740.92
31 748.0 270.34 -654.02
32 748.0 410.42 -756.06
33 748.0 855.21 -542.53
34 748.0 303.78 -413.58
35 748.0 842.16 -534.58
6 749.0 555.67 -481.95
7 749.0 556.40 -489.36
8 749.0 402.03 -961.91
9 749.0 368.41 -617.84
10 749.0 373.44 -634.79
11 749.0 379.02 -653.56
12 749.0 566.34 -527.96
13 749.0 571.27 -543.79
14 749.0 605.85 -900.14
15 749.0 259.44 -607.56
16 749.0 402.25 -662.62
17 749.0 255.26 -593.83
18 749.0 896.14 -416.33
19 749.0 647.49 -434.20
20 749.0 769.92 -386.67
21 749.0 406.00 -752.38
22 749.0 401.72 -738.33
23 749.0 396.75 -722.16
24 749.0 381.49 -968.01
25 749.0 351.83 -920.39
26 749.0 377.00 -658.01
27 749.0 603.19 -657.07
28 749.0 598.46 -641.79
29 749.0 539.45 -463.31
30 749.0 403.84 -734.34
31 749.0 272.49 -660.95
32 749.0 408.44 -749.37
33 749.0 855.21 -542.51
34 749.0 315.79 -410.16
35 749.0 847.01 -536.95
6 750.0 555.67 -481.95
7 750.0 556.40 -489.36
8 750.0 409.22 -959.78
9 750.0 366.32 -610.80
10 750.0 371.08 -626.83
11 750.0 376.92 -646.50
12 750.0 564.17 -520.62
13 750.0 568.82 -535.98
14 750.0 613.24 -897.87
15 750.0 257.59 -601.50
16 750.0 394.45 -664.98
17 750.0 253.43 -587.82
18 750.0 907.00 -418.84
19 750.0 641.60 -438.09
20 750.0 777.75 -388.38
21 750.0 407.66 -757.97
22 750.0 403.49 -744.09
23 750.0 398.79 -728.80
24 750.0 388.75 -965.85
25 750.0 353.69 -926.48
26 750.0 378.16 -661.93
27 750.0 605.16 -663.70
28 750.0 600.41 -648.08
29 750.0 539.45 -463.31
30 750.0 401.76 -727.57
31 750.0 274.46 -667.30
32 750.0 406.50 -742.99
33 750.0 855.21 -542.49
34 750.0 327.19 -406.86
35 750.0 852.64 -535.30
6 751.0 555.67 -481.95
7 751.0 556.40 -489.36
8 751.0 416.86 -957.51
9 751.0 364.13 -603.45
10 751.0 368.96 -619.71
11 751.0 374.64 -638.82
12 751.0 561.99 -513.26
13 751.0 566.57 -528.74
14 751.0 620.60 -895.61
15 751.0 256.06 -596.46
16 751.0 388.05 -667.04
17 751.0 251.64 -581.92
18 751.0 917.17 -421.95
19 751.0 635.03 -441.99
20 751.0 785.53 -390.07
21 751.0 409.39 -763.80
22 751.0 405.13 -749.44
23 751.0 400.57 -734.60
24 751.0 396.41 -963.58
25 751.0 355.59 -932.70
26 751.0 378.41 -662.75
27 751.0 607.20 -670.58
28 751.0 602.61 -655.18
29 751.0 539.45 -463.31
30 751.0 399.80 -721.16
31 751.0 276.52 -673.76
32 751.0 404.27 -735.73
33 751.0 855.21 -542.49
34 751.0 338.67 -403.52
35 751.0 855.29 -529.87
6 752.0 555.67 -481.95
7 752.0 556.40 -489.36
8 752.0 424.39 -955.27
9 752.0 361.93 -596.11
10 752.0 366.64 -611.88
11 752.0 372.42 -631.35
12 752.0 559.88 -506.14
13 752.0 564.44 -521.55
14 752.0 627.17 -893.59
15 752.0 254.40 -591.01
16 752.0 382.61 -673.01
17 752.0 249.78 -575.80
18 752.0 920.74 -423.13
19 752.0 628.15 -444.62
20 752.0 793.74 -391.90
21 752.0 411.16 -769.79
22 752.0 406.95 -755.59
23 752.0 402.27 -740.14
24 752.0 404.13 -961.29
25 752.0 357.54 -939.05
26 752.0 378.41 -662.77
27 752.0 609.10 -676.96
28 752.0 604.81 -662.51
29 752.0 539.45 -463.31
30 752.0 397.63 -714.11
31 752.0 278.62 -680.64
32 752.0 402.20 -729.00
33 752.0 854.69 -540.15
34 752.0 349.93 -400.25
35 752.0 860.36 -527.66
6 753.0 555.67 -481.95
7 753.0 556.40 -489.36
8 753.0 432.23 -952.95
9 753.0 359.87 -589.30
10 753.0 364.38 -604.29
11 753.0 370.20 -623.88
12 753.0 557.80 -499.09
13 753.0 562.27 -514.20
14 753.0 634.33 -891.38
15 753.0 252.62 -585.16
16 753.0 384.30 -681.58
17 753.0 248.24 -570.73
18 753.0 929.80 -427.24
19 753.0 620.63 -447.29
20 753.0 801.50 -393.67
21 753.0 412.98 -775.91
22 753.0 408.66 -761.36
23 753.0 404.22 -746.47
24 753.0 412.06 -958.93
25 753.0 359.53 -945.55
26 753.0 378.41 -662.78
27 753.0 610.95 -683.21
28 753.0 606.74 -669.02
29 753.0 539.45 -463.31
30 753.0 395.68 -707.74
31 753.0 280.79 -687.68
32 753.0 399.97 -721.73
33 753.0 853.64 -535.35
34 753.0 361.46 -396.91
35 753.0 867.26 -525.54
6 754.0 555.67 -481.95
7 754.0 556.40 -489.36
8 754.0 440.08 -950.62
9 754.0 357.93 -583.05
10 754.0 362.33 -597.41
11 754.0 368.18 -617.05
12 754.0 556.75 -495.55
13 754.0 560.33 -507.64
14 754.0 641.75 -889.09
15 754.0 250.76 -579.03
16 754.0 386.70 -689.41
17 754.0 248.60 -565.38
18 754.0 937.90 -433.38
19 754.0 612.88 -449.94
20 754.0 810.21 -395.66
21 754.0 414.76 -781.88
22 754.0 410.33 -766.98
23 754.0 406.09 -752.70
24 754.0 419.34 -956.77
25 754.0 361.60 -952.29
26 754.0 378.41 -662.78
27 754.0 612.79 -689.40
28 754.0 608.61 -675.31
29 754.0 539.45 -463.31
30 754.0 393.65 -701.14
31 754.0 283.04 -694.98
32 754.0 398.22 -716.04
33 754.0 853.98 -530.41
34 754.0 373.36 -393.45
35 754.0 874.41 -523.33
6 755.0 555.67 -481.95
7 755.0 556.40 -489.36
8 755.0 447.27 -948.48
9 755.0 355.80 -576.20
10 755.0 360.49 -591.37
11 755.0 365.89 -609.34
12 755.0 556.75 -495.53
13 755.0 559.10 -503.49
14 755.0 649.16 -886.80
15 755.0 249.31 -574.24
16 755.0 389.22 -697.60
17 755.0 252.53 -563.07
18 755.0 944.71 -440.11
19 755.0 605.51 -452.42
20 755.0 819.04 -397.64
21 755.0 416.39 -787.38
22 755.0 412.23 -773.39
23 755.0 407.73 -758.22
24 755.0 427.19 -954.45
25 755.0 363.70 -959.15
26 755.0 378.42 -662.78
27 755.0 614.90 -696.43
28 755.0 610.30 -681.00
29 755.0 539.45 -463.31
30 755.0 391.59 -694.42
31 755.0 285.07 -701.60
32 755.0 396.36 -709.97
33 755.0 852.67 -525.34
34 755.0 385.66 -391.20
35 755.0 881.55 -521.13
6 756.0 555.67 -481.95
7 756.0 556.40 -489.36
8 756.0 454.50 -946.33
9 756.0 353.57 -568.99
10 756.0 358.32 -584.32
11 756.0 363.80 -602.36
12 756.0 556.74 -495.53
13 756.0 558.93 -502.91
14 756.0 655.80 -884.75
15 756.0 248.03 -569.88
16 756.0 391.95 -706.51
17 756.0 258.97 -561.17
18 756.0 952.46 -447.98
19 756.0 597.78 -454.92
20 756.0 827.60 -399.41
21 756.0 418.30 -793.82
22 756.0 413.80 -778.66
23 756.0 409.54 -764.30
24 756.0 434.33 -952.33
25 756.0 365.86 -965.37
26 756.0 378.42 -662.78
27 756.0 616.92 -703.14
28 756.0 612.38 -688.00
29 756.0 539.45 -463.31
30 756.0 389.42 -687.35
31 756.0 287.34 -708.99
32 756.0 394.16 -702.79
33 756.0 848.47 -523.20
34 756.0 397.02 -388.03
35 756.0 888.08 -519.12
6 757.0 555.67 -481.95
7 757.0 556.40 -489.36
8 757.0 461.42 -943.81
9 757.0 351.59 -562.50
10 757.0 356.31 -577.83
11 757.0 361.56 -594.87
12 757.0 556.74 -495.53
13 757.0 558.88 -502.75
14 757.0 663.23 -882.14
15 757.0 249.40 -564.52
16 757.0 394.38 -714.43
17 757.0 265.66 -559.20
18 757.0 958.23 -453.83
19 757.0 590.59 -457.25
20 757.0 835.34 -402.43
21 757.0 420.23 -800.31
22 757.0 415.78 -785.35
23 757.0 411.22 -769.98
24 757.0 442.35 -949.95
25 757.0 369.59 -969.52
26 757.0 378.42 -662.78
27 757.0 618.91 -709.75
28 757.0 614.33 -694.52
29 757.0 539.45 -463.31
30 757.0 387.63 -681.53
31 757.0 289.27 -715.34
32 757.0 391.97 -695.65
33 757.0 845.59 -518.44
34 757.0 408.62 -384.81
35 757.0 895.17 -516.95
6 758.0 555.67 -481.95
7 758.0 556.40 -489.36
8 758.0 464.95 -937.60
9 758.0 349.52 -555.16
10 758.0 354.40 -571.67
11 758.0 359.38 -587.72
12 758.0 556.74 -495.53
13 758.0 558.87 -502.72
14 758.0 669.17 -877.21
15 758.0 254.94 -562.36
16 758.0 396.99 -722.94
17 758.0 272.57 -557.17
18 758.0 963.49 -459.18
19 758.0 584.10 -459.37
20 758.0 843.51 -404.23
21 758.0 422.01 -806.31
22 758.0 417.60 -791.47
23 758.0 413.03 -776.08
24 758.0 450.01 -947.67
25 758.0 376.28 -969.55
26 758.0 378.42 -662.78
27 758.0 620.82 -716.09
28 758.0 616.28 -700.99
29 758.0 539.45 -463.31
30 758.0 386.78 -678.74
31 758.0 291.32 -722.07
32 758.0 390.34 -690.37
33 758.0 843.43 -511.68
34 758.0 420.58 -383.73
35 758.0 902.03 -514.87
6 759.0 555.67 -481.95
7 759.0 556.40 -489.36
8 759.0 463.33 -930.55
9 759.0 347.61 -548.43
10 759.0 352.20 -564.58
11 759.0 357.35 -581.18
12 759.0 556.74 -495.53
13 759.0 558.87 -502.72
14 759.0 670.05 -869.69
15 759.0 262.01 -560.28
16 759.0 399.42 -730.83
17 759.0 278.69 -555.36
18 759.0 969.11 -464.89
19 759.0 577.15 -461.64
20 759.0 851.97 -406.04
21 759.0 423.88 -812.63
22 759.0 419.31 -797.23
23 759.0 414.79 -781.99
24 759.0 457.33 -945.49
25 759.0 383.09 -967.53
26 759.0 378.42 -662.78
27 759.0 622.90 -722.99
28 759.0 618.31 -707.76
29 759.0 539.45 -463.31
30 759.0 386.59 -678.15
31 759.0 293.38 -728.84
32 759.0 389.14 -686.46
33 759.0 841.50 -505.41
34 759.0 432.29 -379.61
35 759.0 908.33 -512.97
6 760.0 555.67 -481.95
7 760.0 556.40 -489.36
8 760.0 460.83 -922.68
9 760.0 346.35 -543.94
10 760.0 350.09 -557.19
11 760.0 354.89 -573.25
12 760.0 556.74 -495.53
13 760.0 558.87 -502.72
14 760.0 668.10 -862.54
15 760.0 269.79 -557.99
16 760.0 402.10 -739.59
17 760.0 285.52 -553.35
18 760.0 974.98 -470.62
19 760.0 569.39 -464.02
20 760.0 860.60 -408.07
21 760.0 425.57 -817.47
22 760.0 421.15 -803.42
23 760.0 416.62 -788.15
24 760.0 465.42 -943.09
25 760.0 389.83 -965.53
26 760.0 378.42 -662.78
27 760.0 625.03 -730.06
28 760.0 620.48 -714.94
29 760.0 539.45 -463.31
30 760.0 386.47 -677.75
31 760.0 295.46 -735.68
32 760.0 388.80 -685.33
33 760.0 839.43 -498.66
34 760.0 444.34 -375.84
35 760.0 915.48 -510.84
6 761.0 555.67 -481.95
7 761.0 556.40 -489.36
8 761.0 458.55 -915.51
9 761.0 344.07 -537.92
10 761.0 348.64 -552.04
11 761.0 352.44 -565.35
12 761.0 556.74 -495.53
13 761.0 558.87 -502.72
14 761.0 666.12 -855.81
15 761.0 277.13 -555.82
16 761.0 404.63 -747.79
17 761.0 291.69 -551.53
18 761.0 980.49 -476.00
19 761.0 561.87 -466.50
20 761.0 869.50 -410.16
21 761.0 429.31 -821.77
22 761.0 422.87 -809.22
23 761.0 418.44 -794.29
24 761.0 472.58 -940.96
25 761.0 396.25 -963.63
26 761.0 378.42 -662.78
27 761.0 626.89 -736.18
28 761.0 622.70 -722.34
29 761.0 539.45 -463.31
30 761.0 386.46 -677.70
31 761.0 297.51 -742.41
32 761.0 388.70 -685.02
33 761.0 837.64 -492.82
34 761.0 456.12 -372.35
35 761.0 922.76 -508.66
6 762.0 555.67 -481.95
7 762.0 556.40 -489.36
8 762.0 456.28 -908.01
9 762.0 337.76 -535.00
10 762.0 346.88 -545.83
11 762.0 350.94 -560.20
12 762.0 556.74 -495.53
13 762.0 558.87 -502.72
14 762.0 663.98 -848.48
15 762.0 283.69 -553.89
16 762.0 407.18 -756.38
17 762.0 298.80 -549.44
18 762.0 986.09 -481.47
19 762.0 554.46 -468.89
20 762.0 877.29 -411.97
21 762.0 434.64 -822.04
22 762.0 424.48 -814.64
23 762.0 420.21 -800.25
24 762.0 480.04 -938.64
25 762.0 402.35 -961.82
26 762.0 378.42 -662.78
27 762.0 628.81 -742.49
28 762.0 624.33 -727.72
29 762.0 539.45 -463.31
30 762.0 386.45 -677.69
31 762.0 299.61 -749.32
32 762.0 388.66 -684.87
33 762.0 835.72 -486.56
34 762.0 468.10 -368.81
35 762.0 929.66 -506.60
6 763.0 555.67 -481.95
7 763.0 556.40 -489.36
8 763.0 453.99 -900.28
9 763.0 330.82 -536.64
10 763.0 345.83 -542.13
11 763.0 349.28 -554.33
12 763.0 556.74 -495.53
13 763.0 558.87 -502.72
14 763.0 661.91 -841.45
15 763.0 290.43 -551.90
16 763.0 409.65 -764.70
17 763.0 305.72 -547.40
18 763.0 992.34 -486.84
19 763.0 546.64 -471.35
20 763.0 886.11 -414.01
21 763.0 440.80 -820.37
22 763.0 426.12 -818.65
23 763.0 421.93 -806.05
24 763.0 488.14 -936.14
25 763.0 409.05 -959.83
26 763.0 378.42 -662.78
27 763.0 630.70 -748.70
28 763.0 626.23 -734.00
29 763.0 539.45 -463.31
30 763.0 386.45 -677.69
31 763.0 301.72 -756.24
32 763.0 388.66 -684.87
33 763.0 833.65 -479.79
34 763.0 479.94 -365.31
35 763.0 936.36 -504.59
6 764.0 555.67 -481.95
7 764.0 556.40 -489.36
8 764.0 451.61 -892.31
9 764.0 324.14 -538.62
10 764.0 342.98 -536.89
11 764.0 348.29 -550.82
12 764.0 556.74 -495.53
13 764.0 558.87 -502.72
14 764.0 659.62 -833.85
15 764.0 297.29 -549.88
16 764.0 411.99 -772.58
17 764.0 312.01 -545.49
18 764.0 996.95 -492.97
19 764.0 539.49 -473.59
20 764.0 894.92 -416.05
21 764.0 447.09 -818.48
22 764.0 431.53 -822.32
23 764.0 423.05 -809.83
24 764.0 495.99 -933.70
25 764.0 415.74 -957.84
26 764.0 378.42 -662.78
27 764.0 632.25 -754.16
28 764.0 628.17 -740.39
29 764.0 539.45 -463.31
30 764.0 386.45 -677.69
31 764.0 303.67 -762.66
32 764.0 388.65 -684.86
33 764.0 831.74 -473.56
34 764.0 491.48 -361.90
35 764.0 942.98 -502.62
6 765.0 555.67 -481.95
7 765.0 556.40 -489.36
8 765.0 449.26 -884.61
9 765.0 317.02 -540.69
10 765.0 336.59 -535.18
11 765.0 346.78 -545.49
12 765.0 556.74 -495.53
13 765.0 558.87 -502.72
14 765.0 657.55 -826.97
15 765.0 303.26 -548.12
16 765.0 414.54 -781.15
17 765.0 317.92 -543.76
18 765.0 1003.63 -497.86
19 765.0 534.75 -475.07
20 765.0 903.00 -417.92
21 765.0 453.55 -816.53
22 765.0 437.67 -821.31
23 765.0 424.69 -815.35
24 765.0 503.80 -931.28
25 765.0 422.59 -955.81
26 765.0 378.42 -662.78
27 765.0 631.02 -759.17
28 765.0 629.65 -745.26
29 765.0 539.45 -463.31
30 765.0 386.45 -677.68
31 765.0 305.86 -769.85
32 765.0 388.65 -684.86
33 765.0 828.88 -468.03
34 765.0 502.80 -358.57
35 765.0 949.33 -501.07
6 766.0 555.67 -481.95
7 766.0 556.40 -489.36
8 766.0 446.97 -877.09
9 766.0 309.74 -542.84
10 766.0 329.15 -537.15
11 766.0 344.24 -538.31
12 766.0 556.74 -495.53
13 766.0 558.87 -502.72
14 766.0 655.39 -819.82
15 766.0 309.26 -546.33
16 766.0 417.10 -789.76
17 766.0 324.85 -541.75
18 766.0 1009.90 -502.59
19 766.0 526.88 -477.48
20 766.0 910.95 -419.89
21 766.0 459.43 -814.76
22 766.0 444.31 -819.31
23 766.0 426.31 -819.07
24 766.0 511.56 -928.88
25 766.0 429.08 -953.88
26 766.0 378.42 -662.78
27 766.0 626.70 -761.07
28 766.0 631.31 -750.71
29 766.0 539.45 -463.31
30 766.0 386.45 -677.68
31 766.0 308.00 -776.96
32 766.0 388.65 -684.86
33 766.0 827.13 -462.28
34 766.0 514.10 -355.83
35 766.0 955.44 -503.79
6 767.0 555.67 -481.95
7 767.0 556.40 -489.36
8 767.0 444.58 -869.20
9 767.0 303.46 -544.73
10 767.0 321.96 -539.26
11 767.0 337.55 -535.03
12 767.0 556.74 -495.53
13 767.0 558.87 -502.72
14 767.0 653.33 -812.99
15 767.0 316.17 -544.26
16 767.0 419.42 -797.60
17 767.0 331.08 -539.90
18 767.0 1013.17 -511.90
19 767.0 520.17 -479.52
20 767.0 919.23 -422.65
21 767.0 465.11 -813.04
22 767.0 450.33 -817.50
23 767.0 431.46 -822.30
24 767.0 519.28 -926.53
25 767.0 435.85 -951.88
26 767.0 378.42 -662.78
27 767.0 620.07 -763.07
28 767.0 632.38 -755.07
29 767.0 539.45 -463.31
30 767.0 386.45 -677.68
31 767.0 310.26 -784.33
32 767.0 388.65 -684.86
33 767.0 828.35 -455.89
34 767.0 526.35 -353.17
35 767.0 958.67 -510.20
6 768.0 555.67 -481.95
7 768.0 556.40 -489.36
8 768.0 442.38 -862.01
9 768.0 296.32 -546.83
10 768.0 314.00 -541.56
11 768.0 330.45 -536.75
12 768.0 556.74 -495.53
13 768.0 558.87 -502.72
14 768.0 651.30 -806.27
15 768.0 321.91 -542.61
16 768.0 421.95 -806.12
17 768.0 336.20 -538.44
18 768.0 1016.29 -523.15
19 768.0 512.56 -481.80
20 768.0 919.93 -422.79
21 768.0 471.02 -811.24
22 768.0 456.80 -815.55
23 768.0 437.71 -821.30
24 768.0 526.86 -924.22
25 768.0 442.81 -949.81
26 768.0 378.42 -662.78
27 768.0 613.18 -765.14
28 768.0 630.64 -759.58
29 768.0 539.45 -463.31
30 768.0 386.45 -677.68
31 768.0 312.38 -791.26
32 768.0 388.65 -684.86
33 768.0 829.83 -449.45
34 768.0 537.57 -348.38
35 768.0 961.03 -517.13
6 769.0 555.67 -481.95
7 769.0 556.40 -489.36
8 769.0 440.09 -854.62
9 769.0 289.25 -548.91
10 769.0 305.89 -544.01
11 769.0 323.55 -538.80
12 769.0 556.74 -495.53
13 769.0 558.87 -502.72
14 769.0 649.16 -799.21
15 769.0 326.97 -541.13
16 769.0 424.26 -813.90
17 769.0 341.04 -539.58
18 769.0 1021.37 -535.91
19 769.0 504.81 -483.93
20 769.0 919.42 -422.59
21 769.0 476.52 -809.58
22 769.0 462.04 -813.98
23 769.0 444.17 -819.36
24 769.0 534.84 -921.79
25 769.0 449.19 -947.91
26 769.0 378.42 -662.78
27 769.0 606.35 -767.20
28 769.0 625.99 -761.29
29 769.0 539.45 -463.31
30 769.0 386.45 -677.68
31 769.0 314.64 -798.68
32 769.0 388.65 -684.86
33 769.0 831.19 -443.40
34 769.0 548.35 -345.81
35 769.0 962.94 -523.80
6 770.0 555.67 -481.95
7 770.0 556.40 -489.36
8 770.0 437.59 -846.52
9 770.0 281.63 -548.85
10 770.0 298.22 -546.27
11 770.0 316.54 -540.83
12 770.0 556.74 -495.53
13 770.0 558.87 -502.72
14 770.0 646.93 -791.82
15 770.0 333.04 -539.31
16 770.0 424.65 -820.50
17 770.0 343.19 -544.55
18 770.0 1023.94 -549.07
19 770.0 497.41 -485.85
20 770.0 919.36 -422.57
21 770.0 482.93 -807.65
22 770.0 467.57 -812.29
23 770.0 450.78 -817.36
24 770.0 542.72 -919.44
25 770.0 455.55 -946.02
26 770.0 378.42 -662.78
27 770.0 599.31 -769.39
28 770.0 619.87 -763.13
29 770.0 539.45 -463.31
30 770.0 386.45 -677.68
31 770.0 316.63 -805.23
32 770.0 388.65 -684.86
33 770.0 832.46 -437.70
34 770.0 560.16 -344.13
35 770.0 965.07 -531.24
6 771.0 555.67 -481.95
7 771.0 556.40 -489.36
8 771.0 435.46 -839.63
9 771.0 274.85 -549.82
10 771.0 290.24 -548.62
11 771.0 308.96 -543.08
12 771.0 556.74 -495.53
13 771.0 558.87 -502.72
14 771.0 644.88 -785.06
15 771.0 338.70 -538.32
16 771.0 419.51 -823.43
17 771.0 344.99 -550.92
18 771.0 1027.88 -562.13
19 771.0 490.18 -488.17
20 771.0 919.36 -422.57
21 771.0 488.76 -805.89
22 771.0 474.07 -810.32
23 771.0 457.11 -815.46
24 771.0 550.44 -917.15
25 771.0 462.21 -944.04
26 771.0 378.42 -662.78
27 771.0 592.39 -771.57
28 771.0 613.48 -765.05
29 771.0 539.45 -463.31
30 771.0 386.45 -677.68
31 771.0 318.63 -811.98
32 771.0 388.65 -684.86
33 771.0 833.95 -430.97
34 771.0 572.34 -343.76
35 771.0 967.18 -538.59
6 772.0 555.67 -481.95
7 772.0 556.40 -489.36
8 772.0 433.15 -832.17
9 772.0 268.26 -551.77
10 772.0 283.82 -549.60
11 772.0 301.45 -545.32
12 772.0 556.74 -495.53
13 772.0 558.87 -502.72
14 772.0 642.62 -777.58
15 772.0 342.77 -543.05
16 772.0 412.20 -825.61
17 772.0 346.72 -557.03
18 772.0 1031.89 -575.28
19 772.0 483.00 -490.58
20 772.0 919.36 -422.57
21 772.0 494.52 -804.15
22 772.0 479.80 -808.59
23 772.0 463.58 -813.51
24 772.0 557.89 -914.86
25 772.0 468.11 -942.29
26 772.0 378.42 -662.78
27 772.0 586.08 -773.49
28 772.0 607.10 -766.97
29 772.0 539.45 -463.31
30 772.0 386.45 -677.68
31 772.0 320.48 -818.48
32 772.0 388.65 -684.86
33 772.0 835.30 -424.87
34 772.0 584.26 -345.48
35 772.0 969.27 -545.77
6 773.0 555.67 -481.95
7 773.0 556.40 -489.36
8 773.0 431.82 -826.06
9 773.0 261.39 -553.80
10 773.0 276.48 -549.34
11 773.0 293.49 -547.67
12 773.0 556.74 -495.53
13 773.0 558.87 -502.72
14 773.0 640.56 -770.52
15 773.0 344.26 -548.33
16 773.0 404.20 -828.02
17 773.0 348.57 -563.53
18 773.0 1036.05 -588.79
19 773.0 475.95 -492.72
20 773.0 919.36 -422.57
21 773.0 499.97 -802.50
22 773.0 486.36 -806.61
23 773.0 470.50 -811.40
24 773.0 565.91 -912.38
25 773.0 473.94 -940.54
26 773.0 378.42 -662.78
27 773.0 580.19 -775.27
28 773.0 600.64 -768.97
29 773.0 539.45 -463.31
30 773.0 386.45 -677.68
31 773.0 322.48 -824.79
32 773.0 388.65 -684.86
33 773.0 836.81 -418.05
34 773.0 595.57 -347.96
35 773.0 971.40 -553.10
6 774.0 555.67 -481.95
7 774.0 556.40 -489.36
8 774.0 435.37 -822.10
9 774.0 254.60 -555.80
10 774.0 269.40 -551.43
11 774.0 286.64 -549.62
12 774.0 556.74 -495.53
13 774.0 558.87 -502.72
14 774.0 638.47 -763.58
15 774.0 346.09 -554.78
16 774.0 396.27 -830.40
17 774.0 350.60 -570.20
18 774.0 1040.21 -602.32
19 774.0 468.11 -495.09
20 774.0 919.36 -422.57
21 774.0 505.59 -800.81
22 774.0 492.12 -804.87
23 774.0 476.75 -809.51
24 774.0 573.71 -909.99
25 774.0 480.26 -938.58
26 774.0 378.42 -662.78
27 774.0 574.25 -777.03
28 774.0 593.85 -771.11
29 774.0 539.45 -463.31
30 774.0 386.45 -677.68
31 774.0 324.54 -831.34
32 774.0 388.65 -684.86
33 774.0 838.95 -412.42
34 774.0 607.77 -350.69
35 774.0 973.42 -560.04
6 775.0 555.67 -481.95
7 775.0 556.40 -489.36
8 775.0 441.65 -820.12
9 775.0 250.99 -556.86
10 775.0 262.71 -553.41
11 775.0 279.14 -548.72
12 775.0 556.74 -495.53
13 775.0 558.87 -502.72
14 775.0 636.47 -756.86
15 775.0 347.89 -561.13
16 775.0 388.48 -832.73
17 775.0 352.65 -576.85
18 775.0 1044.34 -615.72
19 775.0 460.27 -497.47
20 775.0 919.36 -422.57
21 775.0 511.32 -799.08
22 775.0 497.34 -803.30
23 775.0 482.60 -807.75
24 775.0 581.32 -907.66
25 775.0 486.05 -936.78
26 775.0 378.42 -662.78
27 775.0 567.65 -778.96
28 775.0 586.35 -773.41
29 775.0 539.45 -463.31
30 775.0 386.45 -677.68
31 775.0 326.74 -838.41
32 775.0 388.65 -684.86
33 775.0 843.86 -407.58
34 775.0 620.14 -353.46
35 775.0 975.40 -566.86
6 776.0 555.67 -481.95
7 776.0 556.40 -489.36
8 776.0 449.37 -817.79
9 776.0 246.07 -557.13
10 776.0 258.65 -554.60
11 776.0 272.13 -550.62
12 776.0 556.74 -495.53
13 776.0 558.87 -502.72
14 776.0 634.33 -749.64
15 776.0 349.84 -567.73
16 776.0 379.97 -835.28
17 776.0 354.61 -583.15
18 776.0 1047.31 -625.38
19 776.0 452.68 -499.77
20 776.0 919.36 -422.57
21 776.0 517.34 -797.26
22 776.0 502.80 -801.65
23 776.0 488.80 -805.87
24 776.0 588.52 -905.45
25 776.0 492.37 -934.82
26 776.0 378.42 -662.78
27 776.0 561.31 -780.82
28 776.0 579.28 -775.55
29 776.0 539.45 -463.31
30 776.0 386.45 -677.68
31 776.0 328.85 -845.34
32 776.0 388.65 -684.86
33 776.0 850.00 -402.29
34 776.0 632.55 -356.35
35 776.0 977.54 -574.23
6 777.0 555.67 -481.95
7 777.0 556.40 -489.36
8 777.0 457.34 -815.39
9 777.0 242.73 -552.58
10 777.0 254.55 -555.81
11 777.0 268.02 -551.84
12 777.0 556.74 -495.53
13 777.0 558.87 -502.72
14 777.0 632.08 -742.25
15 777.0 351.73 -573.88
16 777.0 371.13 -837.93
17 777.0 356.44 -589.05
18 777.0 1048.81 -630.77
19 777.0 445.46 -501.95
20 777.0 919.36 -422.57
21 777.0 523.22 -795.48
22 777.0 508.92 -799.80
23 777.0 494.61 -804.12
24 777.0 596.26 -903.07
25 777.0 499.08 -932.75
26 777.0 378.42 -662.78
27 777.0 554.26 -782.89
28 777.0 571.78 -777.75
29 777.0 539.45 -463.31
30 777.0 386.45 -677.68
31 777.0 330.96 -852.24
32 777.0 388.65 -684.86
33 777.0 858.78 -401.06
34 777.0 644.72 -359.20
35 777.0 979.57 -581.18
6 778.0 555.67 -481.95
7 778.0 556.40 -489.36
8 778.0 464.58 -813.21
9 778.0 240.55 -545.38
10 778.0 251.34 -556.75
11 778.0 262.93 -553.34
12 778.0 556.74 -495.53
13 778.0 558.87 -502.72
14 778.0 629.82 -734.83
15 778.0 353.79 -580.52
16 778.0 362.35 -840.55
17 778.0 358.33 -595.25
18 778.0 1046.43 -636.01
19 778.0 438.38 -504.09
20 778.0 919.36 -422.57
21 778.0 529.06 -793.72
22 778.0 514.22 -798.20
23 778.0 501.01 -802.19
24 778.0 604.47 -900.56
25 778.0 506.03 -930.59
26 778.0 378.42 -662.78
27 778.0 547.60 -784.84
28 778.0 565.28 -779.66
29 778.0 539.45 -463.31
30 778.0 386.45 -677.68
31 778.0 333.20 -859.56
32 778.0 388.65 -684.86
33 778.0 868.12 -399.98
34 778.0 657.14 -362.10
35 778.0 981.50 -587.82
6 779.0 555.67 -481.95
7 779.0 556.40 -489.36
8 779.0 471.90 -810.97
9 779.0 238.55 -538.79
10 779.0 246.76 -557.30
11 779.0 258.95 -554.52
12 779.0 556.74 -495.53
13 779.0 558.87 -502.72
14 779.0 627.46 -727.06
15 779.0 355.87 -587.21
16 779.0 353.41 -843.24
17 779.0 360.27 -601.70
18 779.0 1040.82 -637.94
19 779.0 430.53 -506.45
20 779.0 919.36 -422.57
21 779.0 535.22 -791.86
22 779.0 519.91 -796.48
23 779.0 506.16 -800.63
24 779.0 612.74 -898.02
25 779.0 512.61 -928.56
26 779.0 378.42 -662.78
27 779.0 541.61 -786.59
28 779.0 558.74 -781.58
29 779.0 539.45 -463.31
30 779.0 386.45 -677.68
31 779.0 335.48 -867.00
32 779.0 388.65 -684.86
33 779.0 877.30 -402.11
34 779.0 669.37 -364.96
35 779.0 983.31 -594.07
6 780.0 555.02 -479.69
7 780.0 556.40 -489.36
8 780.0 478.94 -808.85
9 780.0 236.42 -531.76
10 780.0 243.12 -553.69
11 780.0 254.70 -555.77
12 780.0 556.74 -495.53
13 780.0 558.87 -502.72
14 780.0 625.13 -719.32
15 780.0 357.97 -594.06
16 780.0 345.22 -845.69
17 780.0 362.06 -607.68
18 780.0 1032.80 -640.36
19 780.0 422.84 -508.77
20 780.0 919.36 -422.57
21 780.0 541.20 -790.06
22 780.0 526.85 -794.39
23 780.0 511.82 -798.93
24 780.0 620.95 -895.50
25 780.0 518.80 -926.68
26 780.0 378.88 -664.99
27 780.0 535.30 -788.50
28 780.0 551.43 -783.72
29 780.0 539.85 -464.56
30 780.0 385.90 -675.93
31 780.0 337.57 -873.84
32 780.0 388.65 -684.86
33 780.0 885.97 -404.12
34 780.0 681.67 -367.89
35 780.0 985.14 -600.35
6 781.0 554.54 -475.18
7 781.0 557.10 -487.54
8 781.0 486.07 -806.70
9 781.0 234.37 -525.01
10 781.0 241.21 -547.56
11 781.0 251.00 -556.85
12 781.0 556.74 -495.53
13 781.0 558.87 -502.72
14 781.0 623.07 -712.46
15 781.0 359.70 -599.79
16 781.0 341.14 -846.92
17 781.0 364.01 -614.24
18 781.0 1024.81 -642.77
19 781.0 416.12 -510.78
20 781.0 919.36 -422.57
21 781.0 546.77 -788.41
22 781.0 533.27 -792.45
23 781.0 518.24 -796.99
24 781.0 629.10 -892.99
25 781.0 525.56 -924.62
26 781.0 378.03 -668.74
27 781.0 529.30 -790.31
28 781.0 544.05 -785.88
29 781.0 541.26 -468.12
30 781.0 384.85 -672.60
31 781.0 339.51 -880.18
32 781.0 388.19 -683.35
33 781.0 894.46 -406.08
34 781.0 694.08 -370.85
35 781.0 987.27 -607.70
6 782.0 558.30 -471.04
7 782.0 556.19 -483.45
8 782.0 493.35 -804.50
9 782.0 232.26 -518.06
10 782.0 238.90 -539.94
11 782.0 245.07 -556.57
12 782.0 556.34 -494.17
13 782.0 558.87 -502.72
14 782.0 621.04 -705.74
15 782.0 361.58 -606.07
16 782.0 335.23 -847.71
17 782.0 366.02 -621.04
18 782.0 1017.58 -644.95
19 782.0 408.68 -513.01
20 782.0 919.36 -422.57
21 782.0 552.71 -786.68
22 782.0 538.10 -790.99
23 782.0 524.35 -795.14
24 782.0 636.35 -890.75
25 782.0 531.41 -922.84
26 782.0 373.76 -671.10
27 782.0 523.21 -792.14
28 782.0 537.86 -787.73
29 782.0 543.85 -473.53
30 782.0 383.13 -667.13
31 782.0 341.42 -886.41
32 782.0 387.18 -680.06
33 782.0 902.75 -408.00
34 782.0 705.55 -373.60
35 782.0 989.32 -614.59
6 783.0 565.41 -468.70
7 783.0 554.58 -477.93
8 783.0 500.96 -802.20
9 783.0 230.13 -511.03
10 783.0 236.53 -532.12
11 783.0 242.27 -551.04
12 783.0 555.73 -492.20
13 783.0 558.51 -501.51
14 783.0 619.07 -699.18
15 783.0 363.45 -612.36
16 783.0 331.22 -842.15
17 783.0 367.81 -627.06
18 783.0 1009.48 -647.40
19 783.0 401.25 -515.23
20 783.0 919.36 -422.57
21 783.0 558.24 -785.06
22 783.0 544.51 -789.07
23 783.0 528.97 -793.75
24 783.0 643.61 -888.51
25 783.0 537.83 -920.89
26 783.0 366.84 -673.22
27 783.0 516.33 -794.22
28 783.0 532.10 -789.46
29 783.0 547.37 -479.32
30 783.0 381.01 -660.28
31 783.0 343.45 -893.06
32 783.0 385.66 -675.17
33 783.0 912.08 -410.22
34 783.0 717.06 -376.34
35 783.0 991.26 -621.00
6 784.0 573.33 -466.15
7 784.0 556.51 -471.98
8 784.0 508.57 -799.91
9 784.0 228.18 -504.60
10 784.0 234.28 -524.69
11 784.0 239.93 -543.32
12 784.0 554.04 -487.04
13 784.0 557.53 -498.19
14 784.0 616.88 -691.93
15 784.0 365.17 -618.14
16 784.0 328.76 -834.05
17 784.0 369.90 -634.11
18 784.0 1003.92 -649.09
19 784.0 393.58 -517.54
20 784.0 919.36 -422.57
21 784.0 564.83 -783.13
22 784.0 549.36 -787.65
23 784.0 534.79 -791.99
24 784.0 651.82 -885.98
25 784.0 544.51 -918.91
26 784.0 359.66 -675.41
27 784.0 510.30 -796.04
28 784.0 525.43 -791.47
29 784.0 550.09 -485.38
30 784.0 379.08 -653.76
31 784.0 345.38 -899.34
32 784.0 383.61 -668.68
33 784.0 920.57 -412.97
34 784.0 729.50 -379.31
35 784.0 995.17 -627.56
6 785.0 580.92 -463.79
7 785.0 562.99 -469.50
8 785.0 516.36 -797.55
9 785.0 225.96 -497.16
10 785.0 232.05 -517.35
11 785.0 237.55 -535.48
12 785.0 551.58 -479.85
13 785.0 555.94 -492.82
14 785.0 614.82 -685.01
15 785.0 367.26 -625.19
16 785.0 325.97 -825.23
17 785.0 371.64 -639.97
18 785.0 996.85 -651.30
19 785.0 386.67 -519.61
20 785.0 919.36 -422.57
21 785.0 570.61 -781.44
22 785.0 555.59 -785.83
23 785.0 540.88 -790.15
24 785.0 660.08 -883.43
25 785.0 551.33 -916.89
26 785.0 352.94 -677.47
27 785.0 504.41 -797.81
28 785.0 518.45 -793.58
29 785.0 552.21 -491.73
30 785.0 377.08 -647.03
31 785.0 347.53 -906.36
32 785.0 381.68 -662.54
33 785.0 923.85 -414.03
34 785.0 740.37 -383.32
35 785.0 997.62 -634.27
6 786.0 588.86 -461.18
7 786.0 570.72 -466.96
8 786.0 524.41 -795.12
9 786.0 225.32 -490.46
10 786.0 229.82 -510.01
11 786.0 235.33 -528.16
12 786.0 549.34 -473.01
13 786.0 554.14 -487.32
14 786.0 612.65 -677.69
15 786.0 369.05 -631.23
16 786.0 323.22 -816.43
17 786.0 373.44 -646.01
18 786.0 989.24 -653.07
19 786.0 379.12 -521.88
20 786.0 919.36 -422.57
21 786.0 576.80 -779.62
22 786.0 561.58 -784.08
23 786.0 547.68 -788.15
24 786.0 666.75 -879.99
25 786.0 557.36 -915.03
26 786.0 346.35 -679.48
27 786.0 497.69 -799.84
28 786.0 512.09 -795.50
29 786.0 553.92 -497.28
30 786.0 375.16 -640.58
31 786.0 349.55 -912.96
32 786.0 379.73 -655.96
33 786.0 922.99 -413.69
34 786.0 751.96 -386.03
35 786.0 999.06 -641.63
6 787.0 596.55 -458.68
7 787.0 578.98 -464.42
8 787.0 531.94 -792.85
9 787.0 224.88 -482.11
10 787.0 227.57 -502.54
11 787.0 233.16 -521.02
12 787.0 546.77 -465.18
13 787.0 552.10 -481.42
14 787.0 610.60 -670.79
15 787.0 371.04 -637.93
16 787.0 320.83 -808.01
17 787.0 375.50 -652.95
18 787.0 981.54 -655.85
19 787.0 371.88 -524.11
20 787.0 919.36 -422.57
21 787.0 582.67 -777.86
22 787.0 568.41 -782.08
23 787.0 553.15 -786.55
24 787.0 670.29 -872.81
25 787.0 563.76 -913.05
26 787.0 339.86 -681.47
27 787.0 490.90 -801.89
28 787.0 505.75 -797.41
29 787.0 556.04 -504.43
30 787.0 373.07 -633.54
31 787.0 351.82 -920.36
32 787.0 377.56 -648.65
33 787.0 922.82 -413.62
34 787.0 763.42 -388.53
35 787.0 997.76 -648.46
6 788.0 604.72 -456.04
7 788.0 586.75 -461.87
8 788.0 539.37 -790.61
9 788.0 222.14 -472.61
10 788.0 225.19 -494.62
11 788.0 230.79 -513.19
12 788.0 544.53 -458.08
13 788.0 549.42 -473.23
14 788.0 608.42 -663.45
15 788.0 372.91 -644.22
16 788.0 318.48 -800.29
17 788.0 377.49 -659.65
18 788.0 973.86 -658.33
19 788.0 364.47 -526.40
20 788.0 919.36 -422.57
21 788.0 588.76 -776.02
22 788.0 573.79 -780.51
23 788.0 559.62 -784.65
24 788.0 668.96 -865.50
25 788.0 570.26 -911.04
26 788.0 332.80 -683.61
27 788.0 483.91 -804.01
28 788.0 498.94 -799.46
29 788.0 558.14 -511.52
30 788.0 371.01 -626.58
31 788.0 353.75 -926.69
32 788.0 375.56 -641.91
33 788.0 922.78 -413.60
34 788.0 776.00 -391.27
35 788.0 993.37 -652.12
6 789.0 612.03 -453.62
7 789.0 594.94 -459.20
8 789.0 547.33 -788.25
9 789.0 219.71 -463.78
10 789.0 226.08 -487.68
11 789.0 228.35 -505.16
12 789.0 542.22 -450.70
13 789.0 546.96 -465.75
14 789.0 606.36 -656.51
15 789.0 375.05 -651.44
16 789.0 316.11 -792.52
17 789.0 379.13 -664.68
18 789.0 965.97 -660.52
19 789.0 357.32 -528.70
20 789.0 919.36 -422.57
21 789.0 595.03 -774.10
22 789.0 580.59 -778.49
23 789.0 565.50 -782.93
24 789.0 666.83 -858.21
25 789.0 577.19 -908.92
26 789.0 326.24 -685.60
27 789.0 477.63 -805.91
28 789.0 491.53 -801.70
29 789.0 560.12 -518.23
30 789.0 369.06 -620.01
31 789.0 355.72 -933.10
32 789.0 373.41 -634.68
33 789.0 922.74 -413.59
34 789.0 787.97 -393.88
35 789.0 987.04 -653.96
6 790.0 619.99 -450.88
7 790.0 603.21 -456.53
8 790.0 554.48 -786.16
9 790.0 217.32 -455.47
10 790.0 223.74 -478.17
11 790.0 226.28 -498.23
12 790.0 540.08 -443.76
13 790.0 544.76 -458.83
14 790.0 604.18 -649.42
15 790.0 376.59 -656.64
16 790.0 313.69 -784.62
17 790.0 383.27 -669.66
18 790.0 958.39 -662.63
19 790.0 351.26 -530.65
20 790.0 919.36 -422.57
21 790.0 601.30 -772.12
22 790.0 586.83 -776.60
23 790.0 571.66 -781.13
24 790.0 664.41 -849.94
25 790.0 583.18 -907.09
26 790.0 320.03 -687.48
27 790.0 471.30 -807.82
28 790.0 485.50 -803.53
29 790.0 562.07 -524.81
30 790.0 366.92 -612.83
31 790.0 357.64 -939.36
32 790.0 371.58 -628.52
33 790.0 922.74 -413.59
34 790.0 799.72 -396.55
35 790.0 980.73 -656.11
6 791.0 627.28 -448.33
7 791.0 611.43 -453.83
8 791.0 561.46 -784.12
9 791.0 216.62 -448.55
10 791.0 220.73 -467.51
11 791.0 225.29 -490.57
12 791.0 537.97 -436.88
13 791.0 542.44 -451.42
14 791.0 602.08 -642.66
15 791.0 378.33 -662.49
16 791.0 311.14 -776.27
17 791.0 389.96 -669.68
18 791.0 950.99 -664.36
19 791.0 344.99 -533.14
20 791.0 919.36 -422.57
21 791.0 607.55 -770.18
22 791.0 593.46 -774.59
23 791.0 577.95 -779.28
24 791.0 662.01 -841.77
25 791.0 590.04 -904.98
26 791.0 313.94 -689.33
27 791.0 465.33 -809.64
28 791.0 479.08 -805.46
29 791.0 564.04 -531.40
30 791.0 364.97 -606.26
31 791.0 359.84 -946.56
32 791.0 369.30 -620.85
33 791.0 922.74 -413.59
34 791.0 811.58 -399.26
35 791.0 974.08 -658.27
6 792.0 635.20 -445.41
7 792.0 618.51 -451.39
8 792.0 568.85 -781.95
9 792.0 220.02 -442.64
10 792.0 218.15 -458.21
11 792.0 224.69 -481.44
12 792.0 536.84 -429.02
13 792.0 540.58 -445.37
14 792.0 599.77 -635.22
15 792.0 380.16 -666.91
16 792.0 308.68 -768.11
17 792.0 396.80 -667.61
18 792.0 942.95 -663.92
19 792.0 342.25 -539.95
20 792.0 919.36 -422.57
21 792.0 613.92 -768.26
22 792.0 599.99 -772.53
23 792.0 584.52 -777.30
24 792.0 659.61 -833.83
25 792.0 596.80 -902.91
26 792.0 307.66 -691.24
27 792.0 458.98 -811.56
28 792.0 473.30 -807.21
29 792.0 566.29 -538.62
30 792.0 362.88 -599.26
31 792.0 361.98 -953.56
32 792.0 367.26 -613.98
33 792.0 922.74 -413.59
34 792.0 822.94 -401.71
35 792.0 966.92 -660.26
6 793.0 642.07 -441.60
7 793.0 626.39 -448.65
8 793.0 575.46 -780.02
9 793.0 226.55 -439.71
10 793.0 216.54 -451.39
11 793.0 221.65 -470.86
12 793.0 536.16 -420.89
13 793.0 538.16 -437.50
14 793.0 597.51 -627.93
15 793.0 385.33 -670.19
16 793.0 306.01 -759.35
17 793.0 403.20 -665.67
18 793.0 936.45 -660.30
19 793.0 343.97 -547.29
20 793.0 919.36 -422.57
21 793.0 619.74 -766.51
22 793.0 606.23 -770.58
23 793.0 590.96 -775.35
24 793.0 657.24 -825.97
25 793.0 603.65 -900.81
26 793.0 301.43 -693.13
27 793.0 452.76 -813.43
28 793.0 467.32 -809.03
29 793.0 568.29 -545.01
30 793.0 360.75 -592.21
31 793.0 363.81 -959.53
32 793.0 365.11 -606.74
33 793.0 922.74 -413.59
34 793.0 831.08 -404.58
35 793.0 959.95 -662.20
6 794.0 649.38 -436.78
7 794.0 634.20 -445.78
8 794.0 582.42 -777.94
9 794.0 235.62 -436.47
10 794.0 218.47 -444.08
11 794.0 219.18 -461.81
12 794.0 533.67 -413.61
13 794.0 536.68 -429.52
14 794.0 595.41 -621.15
15 794.0 392.84 -668.81
16 794.0 303.51 -751.12
17 794.0 409.22 -663.85
18 794.0 930.52 -655.27
19 794.0 346.00 -554.48
20 794.0 919.36 -422.57
21 794.0 625.46 -764.78
22 794.0 611.70 -768.93
23 794.0 597.70 -773.25
24 794.0 655.08 -818.79
25 794.0 610.32 -898.77
26 794.0 294.98 -695.08
27 794.0 446.19 -815.41
28 794.0 460.63 -811.07
29 794.0 570.63 -552.49
30 794.0 358.72 -585.62
31 794.0 364.86 -962.97
32 794.0 363.06 -599.87
33 794.0 922.74 -413.59
34 794.0 834.56 -412.88
35 794.0 953.78 -663.90
6 795.0 656.83 -432.42
7 795.0 641.89 -441.72
8 795.0 589.59 -775.77
9 795.0 244.73 -433.82
10 795.0 225.67 -440.02
11 795.0 217.14 -454.51
12 795.0 531.07 -405.94
13 795.0 536.51 -421.92
14 795.0 593.35 -614.55
15 795.0 399.24 -666.87
16 795.0 300.99 -742.84
17 795.0 415.44 -661.97
18 795.0 925.04 -650.19
19 795.0 348.05 -561.70
20 795.0 919.36 -422.57
21 795.0 629.91 -763.59
22 795.0 617.16 -767.29
23 795.0 603.62 -771.39
24 795.0 652.93 -811.66
25 795.0 616.51 -896.87
26 795.0 289.16 -697.43
27 795.0 440.19 -817.22
28 795.0 454.92 -812.78
29 795.0 572.74 -559.24
30 795.0 356.56 -578.64
31 795.0 367.08 -964.75
32 795.0 361.33 -594.13
33 795.0 922.74 -413.59
34 795.0 832.85 -421.15
35 795.0 947.15 -664.55
6 796.0 664.56 -429.95
7 796.0 649.33 -436.82
8 796.0 595.94 -773.81
9 796.0 253.57 -431.25
10 796.0 235.06 -436.66
11 796.0 217.06 -446.11
12 796.0 528.28 -398.50
13 796.0 533.74 -413.83
14 796.0 591.29 -607.90
15 796.0 405.78 -664.89
16 796.0 298.58 -734.95
17 796.0 421.43 -660.15
18 796.0 919.12 -644.70
19 796.0 350.21 -568.94
20 796.0 919.36 -422.57
21 796.0 634.45 -764.54
22 796.0 621.17 -766.08
23 796.0 609.00 -769.74
24 796.0 650.74 -804.40
25 796.0 622.92 -894.90
26 796.0 286.20 -703.75
27 796.0 436.61 -818.30
28 796.0 449.18 -814.51
29 796.0 574.87 -566.08
30 796.0 354.60 -572.34
31 796.0 368.12 -962.69
32 796.0 359.06 -586.69
33 796.0 922.74 -413.59
34 796.0 830.81 -430.35
35 796.0 940.65 -662.93
6 797.0 672.66 -429.16
7 797.0 656.36 -432.63
8 797.0 600.57 -772.35
9 797.0 262.72 -428.60
10 797.0 243.64 -434.14
11 797.0 222.81 -441.06
12 797.0 525.29 -391.59
13 797.0 531.24 -406.46
14 797.0 589.07 -600.76
15 797.0 412.88 -662.74
16 797.0 296.11 -726.82
17 797.0 427.57 -658.29
18 797.0 913.21 -639.23
19 797.0 352.58 -576.61
20 797.0 919.36 -422.57
21 797.0 636.74 -768.97
22 797.0 626.31 -764.53
23 797.0 613.11 -768.51
24 797.0 648.45 -796.84
25 797.0 629.18 -892.97
26 797.0 287.72 -710.25
27 797.0 431.28 -818.86
28 797.0 445.23 -815.70
29 797.0 577.02 -572.93
30 797.0 352.43 -565.33
31 797.0 366.94 -958.81
32 797.0 357.30 -581.04
33 797.0 922.74 -413.59
34 797.0 828.98 -438.60
35 797.0 934.65 -659.03
6 798.0 680.37 -430.28
7 798.0 663.85 -430.11
8 798.0 604.93 -770.97
9 798.0 272.67 -425.74
10 798.0 252.63 -431.53
11 798.0 230.21 -438.40
12 798.0 521.76 -384.77
13 798.0 528.73 -399.54
14 798.0 586.89 -593.76
15 798.0 418.69 -660.98
16 798.0 293.48 -718.18
17 798.0 433.97 -656.36
18 798.0 907.23 -633.69
19 798.0 354.89 -584.07
20 798.0 919.36 -422.57
21 798.0 638.52 -774.99
22 798.0 630.61 -763.50
23 798.0 618.68 -766.83
24 798.0 646.05 -788.91
25 798.0 635.21 -891.11
26 798.0 289.82 -717.15
27 798.0 427.92 -814.97
28 798.0 439.83 -817.33
29 798.0 579.27 -580.16
30 798.0 350.41 -558.31
31 798.0 365.14 -952.94
32 798.0 355.11 -573.97
33 798.0 922.74 -413.59
34 798.0 827.94 -443.26
35 798.0 929.89 -654.68
6 799.0 688.18 -431.88
7 799.0 672.01 -429.13
8 799.0 610.31 -769.35
9 799.0 282.27 -422.98
10 799.0 263.42 -428.40
11 799.0 239.63 -435.30
12 799.0 518.93 -377.72
13 799.0 525.70 -392.40
14 799.0 584.69 -586.72
15 799.0 425.24 -659.00
16 799.0 290.77 -709.28
17 799.0 440.35 -654.43
18 799.0 901.83 -628.67
19 799.0 357.23 -591.63
20 799.0 919.36 -422.57
21 799.0 640.30 -780.94
22 799.0 635.28 -765.34
23 799.0 622.07 -765.81
24 799.0 643.71 -781.18
25 799.0 640.98 -889.33
26 799.0 291.98 -724.25
27 799.0 425.82 -807.91
28 799.0 435.85 -818.53
29 799.0 581.35 -586.79
30 799.0 348.30 -550.87
31 799.0 363.12 -946.34
32 799.0 352.90 -566.85
33 799.0 922.74 -413.59
34 799.0 826.50 -449.62
35 799.0 924.76 -649.93
6 800.0 696.56 -433.61
7 800.0 679.93 -430.19
8 800.0 613.65 -768.34
9 800.0 291.96 -420.20
10 800.0 272.74 -425.72
11 800.0 249.60 -432.41
12 800.0 518.64 -369.55
13 800.0 522.43 -386.07
14 800.0 582.54 -579.87
15 800.0 432.21 -656.89
16 800.0 288.18 -700.80
17 800.0 446.71 -652.50
18 800.0 895.87 -623.15
19 800.0 359.31 -598.49
20 800.0 919.36 -422.57
21 800.0 642.22 -787.28
22 800.0 637.27 -770.71
23 800.0 627.64 -764.13
24 800.0 641.25 -772.91
25 800.0 647.24 -887.39
26 800.0 294.16 -731.41
27 800.0 424.00 -801.80
28 800.0 430.83 -818.75
29 800.0 583.40 -593.36
30 800.0 346.49 -544.45
31 800.0 360.91 -939.11
32 800.0 350.59 -558.97
33 800.0 922.74 -413.59
34 800.0 825.02 -456.06
35 800.0 919.62 -645.17
6 801.0 704.21 -435.18
7 801.0 688.38 -431.93
8 801.0 618.66 -766.83
9 801.0 301.82 -417.46
10 801.0 282.98 -422.78
11 801.0 259.83 -429.43
12 801.0 520.55 -363.54
13 801.0 519.13 -378.24
14 801.0 580.42 -573.07
15 801.0 438.86 -654.88
16 801.0 285.64 -692.54
17 801.0 453.77 -650.38
18 801.0 890.53 -617.80
19 801.0 361.65 -606.32
20 801.0 919.36 -422.57
21 801.0 644.02 -793.25
22 801.0 639.09 -776.95
23 801.0 633.15 -763.73
24 801.0 638.88 -764.95
25 801.0 654.04 -885.29
26 801.0 296.07 -737.66
27 801.0 422.18 -795.65
28 801.0 427.71 -814.29
29 801.0 585.43 -599.86
30 801.0 344.64 -538.09
31 801.0 358.82 -932.30
32 801.0 348.76 -552.50
33 801.0 922.74 -413.59
34 801.0 824.32 -464.22
35 801.0 914.18 -640.12
6 802.0 712.52 -437.33
7 802.0 696.05 -433.50
8 802.0 624.79 -764.99
9 802.0 311.01 -414.87
10 802.0 293.31 -419.81
11 802.0 269.79 -426.57
12 802.0 522.91 -356.53
13 802.0 518.58 -372.68
14 802.0 578.23 -566.08
15 802.0 445.15 -652.98
16 802.0 283.24 -684.77
17 802.0 460.23 -648.43
18 802.0 885.10 -612.28
19 802.0 363.92 -613.95
20 802.0 919.36 -422.57
21 802.0 645.86 -799.31
22 802.0 641.14 -783.74
23 802.0 636.19 -767.27
24 802.0 636.60 -757.31
25 802.0 660.02 -883.44
26 802.0 298.24 -744.80
27 802.0 420.44 -789.79
28 802.0 425.63 -807.27
29 802.0 587.77 -607.35
30 802.0 342.68 -531.45
31 802.0 356.77 -925.60
32 802.0 346.96 -546.13
33 802.0 922.74 -413.59
34 802.0 827.97 -472.81
35 802.0 909.33 -635.62
6 803.0 719.82 -441.82
7 803.0 703.99 -435.13
8 803.0 628.45 -763.89
9 803.0 320.03 -412.27
10 803.0 302.18 -417.36
11 803.0 279.48 -423.78
12 803.0 525.20 -349.73
13 803.0 519.79 -365.84
14 803.0 575.97 -558.83
15 803.0 451.20 -651.15
16 803.0 280.80 -676.84
17 803.0 467.01 -646.38
18 803.0 879.82 -606.91
19 803.0 365.92 -620.70
20 803.0 919.36 -422.57
21 803.0 647.59 -805.03
22 803.0 642.97 -789.77
23 803.0 637.71 -772.17
24 803.0 634.44 -750.03
25 803.0 665.78 -880.74
26 803.0 300.19 -751.22
27 803.0 418.56 -783.47
28 803.0 423.58 -800.39
29 803.0 590.01 -614.56
30 803.0 340.49 -524.21
31 803.0 354.75 -919.01
32 803.0 345.76 -541.86
33 803.0 922.74 -413.59
34 803.0 830.91 -481.78
35 803.0 904.51 -631.16
6 804.0 724.01 -448.89
7 804.0 712.35 -437.27
8 804.0 633.91 -760.93
9 804.0 329.91 -409.40
10 804.0 311.50 -414.74
11 804.0 289.73 -420.84
12 804.0 527.26 -343.65
13 804.0 521.23 -361.48
14 804.0 573.57 -551.16
15 804.0 457.80 -649.16
16 804.0 278.25 -668.62
17 804.0 472.94 -644.58
18 804.0 874.14 -601.11
19 804.0 368.07 -627.91
20 804.0 919.36 -422.57
21 804.0 649.39 -810.97
22 804.0 644.83 -795.91
23 804.0 639.55 -778.46
24 804.0 632.04 -742.12
25 804.0 669.89 -875.29
26 804.0 302.37 -758.38
27 804.0 416.59 -776.82
28 804.0 421.40 -793.03
29 804.0 592.16 -621.50
30 804.0 338.33 -517.21
31 804.0 352.72 -912.38
32 804.0 344.10 -536.25
33 804.0 922.74 -413.59
34 804.0 833.65 -490.71
35 804.0 899.07 -626.12
6 805.0 726.66 -456.76
7 805.0 719.14 -441.10
8 805.0 635.49 -754.42
9 805.0 338.79 -406.82
10 805.0 321.60 -411.82
11 805.0 299.78 -418.03
12 805.0 528.69 -338.91
13 805.0 523.27 -355.45
14 805.0 571.45 -544.39
15 805.0 464.51 -647.14
16 805.0 275.57 -660.06
17 805.0 479.79 -642.51
18 805.0 870.48 -594.21
19 805.0 370.21 -635.15
20 805.0 919.36 -422.57
21 805.0 651.06 -816.52
22 805.0 646.85 -802.57
23 805.0 641.53 -785.02
24 805.0 629.78 -734.70
25 805.0 669.95 -869.24
26 805.0 304.38 -764.98
27 805.0 414.63 -770.23
28 805.0 419.46 -786.49
29 805.0 594.42 -628.76
30 805.0 336.11 -510.06
31 805.0 350.78 -906.05
32 805.0 341.94 -528.95
33 805.0 922.74 -413.59
34 805.0 836.38 -499.64
35 805.0 893.56 -620.88
6 806.0 729.30 -464.93
7 806.0 723.83 -448.37
8 806.0 633.74 -747.72
9 806.0 348.63 -403.96
10 806.0 330.42 -409.25
11 806.0 309.76 -415.22
12 806.0 527.50 -335.10
13 806.0 525.44 -349.04
14 806.0 569.04 -536.68
15 806.0 471.88 -644.90
16 806.0 273.07 -652.00
17 806.0 486.42 -640.51
18 806.0 868.13 -586.31
19 806.0 372.35 -642.34
20 806.0 919.36 -422.57
21 806.0 653.01 -822.99
22 806.0 648.49 -808.00
23 806.0 643.34 -790.99
24 806.0 627.48 -727.10
25 806.0 668.29 -863.20
26 806.0 306.36 -771.50
27 806.0 412.55 -763.21
28 806.0 417.23 -778.98
29 806.0 596.53 -635.58
30 806.0 333.82 -502.63
31 806.0 348.79 -899.55
32 806.0 339.46 -520.87
33 806.0 922.74 -413.59
34 806.0 839.16 -508.72
35 806.0 888.37 -615.61
6 807.0 731.99 -473.02
7 807.0 726.66 -456.76
8 807.0 631.47 -740.26
9 807.0 357.88 -401.28
10 807.0 340.13 -406.43
11 807.0 319.16 -412.53
12 807.0 520.82 -337.70
13 807.0 527.16 -343.93
14 807.0 566.95 -530.00
15 807.0 478.86 -642.79
16 807.0 270.35 -643.26
17 807.0 493.05 -638.50
18 807.0 865.84 -578.59
19 807.0 374.63 -650.02
20 807.0 919.36 -422.57
21 807.0 654.92 -829.32
22 807.0 650.39 -814.29
23 807.0 645.43 -797.89
24 807.0 625.04 -719.03
25 807.0 666.37 -856.65
26 807.0 308.30 -777.94
27 807.0 410.72 -757.06
28 807.0 415.04 -771.63
29 807.0 598.84 -643.03
30 807.0 331.56 -495.31
31 807.0 346.69 -892.71
32 807.0 336.71 -512.00
33 807.0 922.74 -413.59
34 807.0 841.52 -516.23
35 807.0 883.63 -610.78
6 808.0 735.83 -479.45
7 808.0 729.36 -465.12
8 808.0 629.34 -733.23
9 808.0 367.34 -398.53
10 808.0 349.48 -403.72
11 808.0 329.93 -409.40
12 808.0 512.36 -341.02
13 808.0 528.62 -339.18
14 808.0 564.82 -522.84
15 808.0 485.07 -640.92
16 808.0 267.69 -634.63
17 808.0 500.02 -636.39
18 808.0 863.44 -570.51
19 808.0 376.82 -657.42
20 808.0 919.36 -422.57
21 808.0 656.61 -834.92
22 808.0 652.39 -820.93
23 808.0 647.45 -804.58
24 808.0 622.66 -711.13
25 808.0 664.60 -850.60
26 808.0 310.52 -785.18
27 808.0 408.96 -751.13
28 808.0 413.26 -765.61
29 808.0 600.89 -649.63
30 808.0 329.45 -488.50
31 808.0 344.77 -886.43
32 808.0 334.19 -503.84
33 808.0 922.74 -413.59
34 808.0 842.07 -524.68
35 808.0 878.34 -605.40
6 809.0 741.87 -483.83
7 809.0 731.65 -472.27
8 809.0 627.08 -725.81
9 809.0 377.33 -395.63
10 809.0 358.50 -401.10
11 809.0 340.27 -406.39
12 809.0 502.27 -343.95
13 809.0 528.36 -335.15
14 809.0 562.53 -515.07
15 809.0 491.78 -638.89
16 809.0 264.96 -625.71
17 809.0 505.90 -634.62
18 809.0 861.20 -562.96
19 809.0 378.65 -663.57
20 809.0 919.36 -422.57
21 809.0 658.58 -841.48
22 809.0 654.16 -826.82
23 809.0 649.31 -810.73
24 809.0 620.40 -703.61
25 809.0 662.84 -844.59
26 809.0 312.57 -791.87
27 809.0 407.07 -744.85
28 809.0 411.39 -759.33
29 809.0 602.85 -655.96
30 809.0 327.43 -481.78
31 809.0 342.74 -879.80
32 809.0 331.90 -496.44
33 809.0 922.74 -413.59
34 809.0 841.12 -532.27
35 809.0 873.39 -600.35
6 810.0 749.20 -485.68
7 810.0 735.34 -478.94
8 810.0 624.79 -718.19
9 810.0 387.33 -394.15
10 810.0 368.25 -398.26
11 810.0 349.71 -403.65
12 810.0 492.41 -347.00
13 810.0 524.50 -336.26
14 810.0 560.36 -507.76
15 810.0 497.87 -637.04
16 810.0 262.30 -616.97
17 810.0 512.27 -632.69
18 810.0 859.03 -555.65
19 810.0 377.35 -669.48
20 810.0 919.36 -422.57
21 810.0 660.43 -847.75
22 810.0 656.24 -833.73
23 810.0 651.29 -817.29
24 810.0 618.19 -696.25
25 810.0 660.85 -837.94
26 810.0 314.53 -798.30
27 810.0 405.02 -738.17
28 810.0 409.63 -753.40
29 810.0 605.10 -663.49
30 810.0 325.41 -475.13
31 810.0 340.72 -873.22
32 810.0 330.01 -490.30
33 810.0 922.74 -413.59
34 810.0 846.62 -536.92
35 810.0 870.46 -594.15
6 811.0 757.11 -485.38
7 811.0 741.25 -483.54
8 811.0 622.65 -711.07
9 811.0 396.95 -391.39
10 811.0 377.93 -395.45
11 811.0 359.29 -400.87
12 811.0 482.89 -349.94
13 811.0 518.43 -338.64
14 811.0 558.25 -500.62
15 811.0 504.21 -635.13
16 811.0 259.75 -608.59
17 811.0 518.62 -630.77
18 811.0 856.85 -548.32
19 811.0 372.10 -671.61
20 811.0 919.36 -422.57
21 811.0 662.19 -853.74
22 811.0 658.07 -839.80
23 811.0 653.23 -823.72
24 811.0 615.76 -688.18
25 811.0 659.07 -832.04
26 811.0 316.58 -805.06
27 811.0 403.11 -731.97
28 811.0 407.66 -746.78
29 811.0 607.23 -670.67
30 811.0 323.37 -468.51
31 811.0 338.55 -866.13
32 811.0 327.84 -483.14
33 811.0 922.74 -413.59
34 811.0 852.96 -534.97
35 811.0 868.54 -587.68
6 812.0 764.49 -483.26
7 812.0 748.20 -485.62
8 812.0 620.45 -703.76
9 812.0 406.35 -388.50
10 812.0 387.83 -394.06
11 812.0 369.35 -397.95
12 812.0 473.03 -352.99
13 812.0 510.86 -341.44
14 812.0 556.30 -494.02
15 812.0 510.05 -633.36
16 812.0 257.39 -600.84
17 812.0 525.64 -628.65
18 812.0 855.17 -542.29
19 812.0 365.35 -673.67
20 812.0 919.36 -422.57
21 812.0 663.94 -859.72
22 812.0 659.80 -845.59
23 812.0 655.11 -829.96
24 812.0 613.46 -680.41
25 812.0 657.12 -825.56
26 812.0 318.46 -811.38
27 812.0 401.31 -726.10
28 812.0 405.69 -740.37
29 812.0 609.27 -677.53
30 812.0 321.24 -461.59
31 812.0 336.57 -859.66
32 812.0 325.79 -476.36
33 812.0 922.74 -413.59
34 812.0 857.06 -528.82
35 812.0 866.43 -580.59
6 813.0 771.90 -480.94
7 813.0 755.62 -485.67
8 813.0 618.29 -696.60
9 813.0 416.41 -388.55
10 813.0 397.08 -391.35
11 813.0 379.20 -395.08
12 813.0 463.46 -355.95
13 813.0 501.43 -344.21
14 813.0 554.37 -488.04
15 813.0 517.25 -631.19
16 813.0 254.69 -591.97
17 813.0 531.65 -626.82
18 813.0 853.67 -534.95
19 813.0 358.44 -675.79
20 813.0 919.36 -422.57
21 813.0 665.57 -865.28
22 813.0 661.45 -851.20
23 813.0 656.91 -835.93
24 813.0 611.13 -672.57
25 813.0 655.26 -819.38
26 813.0 320.50 -818.53
27 813.0 399.32 -719.60
28 813.0 404.08 -735.12
29 813.0 611.34 -684.50
30 813.0 319.04 -454.39
31 813.0 335.91 -853.88
32 813.0 323.80 -469.90
33 813.0 922.74 -413.59
34 813.0 863.43 -526.72
35 813.0 864.31 -573.42
6 814.0 779.81 -478.46
7 814.0 762.91 -483.75
8 814.0 616.00 -688.98
9 814.0 425.32 -385.46
10 814.0 406.15 -388.56
11 814.0 388.95 -393.83
12 814.0 452.90 -355.87
13 814.0 490.72 -347.52
14 814.0 553.01 -484.05
15 814.0 523.03 -629.44
16 814.0 252.19 -583.72
17 814.0 537.86 -624.94
18 814.0 853.92 -528.31
19 814.0 351.24 -677.99
20 814.0 919.36 -422.57
21 814.0 667.02 -870.78
22 814.0 662.97 -856.40
23 814.0 658.63 -841.65
24 814.0 608.93 -665.15
25 814.0 653.39 -813.19
26 814.0 322.77 -825.72
27 814.0 397.26 -712.91
28 814.0 401.89 -728.00
29 814.0 613.24 -690.89
30 814.0 317.04 -447.86
31 814.0 340.28 -850.51
32 814.0 321.45 -462.28
33 814.0 922.74 -413.59
34 814.0 871.10 -524.35
35 814.0 862.24 -566.45
6 815.0 788.10 -475.89
7 815.0 771.35 -481.11
8 815.0 613.95 -682.08
9 815.0 434.06 -382.38
10 815.0 415.93 -388.62
11 815.0 397.74 -391.15
12 815.0 442.41 -358.98
13 815.0 479.65 -350.94
14 815.0 552.65 -483.03
15 815.0 529.73 -627.41
16 815.0 249.74 -575.66
17 815.0 544.18 -623.03
18 815.0 850.18 -524.03
19 815.0 343.41 -678.00
20 815.0 919.36 -422.57
21 815.0 665.16 -877.13
22 815.0 664.55 -861.80
23 815.0 660.51 -848.00
24 815.0 606.64 -657.47
25 815.0 651.39 -806.57
26 815.0 324.90 -832.48
27 815.0 395.25 -706.35
28 815.0 399.82 -721.25
29 815.0 615.22 -697.47
30 815.0 314.79 -440.50
31 815.0 347.23 -848.43
32 815.0 319.58 -456.16
33 815.0 922.74 -413.59
34 815.0 879.73 -521.70
35 815.0 860.31 -559.95
6 816.0 796.03 -473.43
7 816.0 778.99 -478.72
8 816.0 611.88 -675.11
9 816.0 443.87 -379.31
10 816.0 424.57 -385.72
11 816.0 407.27 -388.22
12 816.0 431.70 -362.15
13 816.0 468.65 -354.34
14 816.0 552.65 -483.01
15 816.0 535.62 -625.62
16 816.0 247.94 -569.26
17 816.0 550.84 -621.02
18 816.0 845.90 -519.28
19 816.0 335.80 -679.36
20 816.0 919.36 -422.57
21 816.0 660.28 -879.98
22 816.0 666.63 -869.04
23 816.0 661.93 -852.87
24 816.0 604.19 -649.47
25 816.0 649.39 -799.94
26 816.0 327.08 -839.54
27 816.0 393.41 -700.35
28 816.0 397.75 -714.49
29 816.0 617.26 -704.25
30 816.0 312.80 -434.01
31 816.0 353.89 -846.43
32 816.0 317.52 -449.43
33 816.0 922.74 -413.59
34 816.0 886.56 -519.59
35 816.0 858.48 -553.78
6 817.0 804.46 -470.82
7 817.0 787.51 -476.07
8 817.0 609.56 -667.27
9 817.0 453.67 -376.42
10 817.0 434.60 -382.19
11 817.0 415.75 -388.65
12 817.0 421.88 -365.06
13 817.0 458.68 -357.43
14 817.0 552.65 -483.01
15 817.0 542.31 -623.60
16 817.0 250.69 -563.80
17 817.0 556.91 -619.18
18 817.0 843.63 -512.35
19 817.0 328.28 -681.64
20 817.0 919.36 -422.57
21 817.0 653.73 -882.03
22 817.0 666.94 -874.02
23 817.0 663.78 -859.18
24 817.0 601.83 -641.85
25 817.0 647.44 -793.53
26 817.0 328.97 -845.75
27 817.0 391.41 -693.84
28 817.0 395.92 -708.52
29 817.0 619.21 -710.73
30 817.0 310.97 -428.13
31 817.0 360.44 -844.46
32 817.0 315.38 -442.43
33 817.0 922.74 -413.59
34 817.0 890.01 -518.52
35 817.0 856.31 -546.48
6 818.0 811.12 -468.71
7 818.0 795.83 -473.50
8 818.0 607.28 -659.61
9 818.0 463.38 -373.54
10 818.0 444.42 -379.15
11 818.0 424.94 -385.59
12 818.0 411.76 -368.05
13 818.0 447.58 -360.79
14 818.0 552.65 -483.01
15 818.0 548.57 -621.70
16 818.0 257.04 -561.74
17 818.0 563.18 -617.29
18 818.0 841.19 -504.39
19 818.0 321.01 -683.85
20 818.0 919.36 -422.57
21 818.0 647.63 -883.92
22 818.0 661.96 -879.20
23 818.0 665.39 -864.67
24 818.0 599.44 -634.15
25 818.0 645.61 -787.47
26 818.0 330.90 -852.04
27 818.0 389.28 -686.89
28 818.0 393.90 -701.96
29 818.0 621.18 -717.27
30 818.0 309.35 -422.23
31 818.0 367.22 -842.43
32 818.0 313.51 -436.32
33 818.0 922.74 -413.59
34 818.0 895.72 -516.79
35 818.0 854.63 -539.87
6 819.0 815.76 -467.80
7 819.0 802.37 -471.47
8 819.0 605.16 -652.60
9 819.0 472.73 -370.78
10 819.0 454.83 -376.07
11 819.0 435.23 -381.97
12 819.0 401.76 -371.01
13 819.0 437.57 -363.75
14 819.0 552.65 -483.01
15 819.0 554.26 -619.98
16 819.0 264.91 -559.42
17 819.0 569.50 -615.38
18 819.0 838.84 -496.73
19 819.0 313.45 -686.14
20 819.0 919.36 -422.57
21 819.0 642.01 -885.65
22 819.0 656.47 -881.18
23 819.0 666.98 -870.64
24 819.0 596.86 -625.83
25 819.0 643.71 -781.21
26 819.0 332.75 -858.11
27 819.0 387.33 -680.55
28 819.0 391.87 -695.34
29 819.0 623.40 -724.66
30 819.0 309.99 -416.41
31 819.0 374.03 -840.39
32 819.0 311.60 -430.13
33 819.0 922.74 -413.59
34 819.0 903.40 -514.46
35 819.0 853.84 -532.43
6 820.0 815.99 -467.75
7 820.0 807.19 -469.98
8 820.0 602.79 -644.95
9 820.0 481.47 -368.20
10 820.0 463.46 -373.52
11 820.0 445.67 -378.78
12 820.0 392.70 -375.34
13 820.0 427.34 -366.77
14 820.0 552.65 -483.01
15 820.0 561.09 -617.92
16 820.0 272.86 -557.08
17 820.0 575.94 -613.43
18 820.0 836.61 -489.46
19 820.0 305.72 -688.48
20 820.0 919.36 -422.57
21 820.0 636.59 -887.33
22 820.0 650.19 -883.13
23 820.0 665.21 -877.09
24 820.0 594.39 -617.88
25 820.0 641.73 -774.59
26 820.0 334.94 -865.25
27 820.0 385.39 -674.33
28 820.0 389.81 -688.64
29 820.0 625.58 -731.84
30 820.0 314.30 -410.60
31 820.0 380.45 -838.47
32 820.0 310.14 -425.48
33 820.0 922.74 -413.59
34 820.0 912.13 -511.84
35 820.0 853.63 -526.88
6 821.0 816.00 -467.75
7 821.0 808.00 -469.73
8 821.0 600.58 -637.83
9 821.0 490.60 -365.50
10 821.0 472.24 -370.93
11 821.0 454.56 -376.15
12 821.0 382.28 -378.44
13 821.0 417.08 -369.81
14 821.0 552.65 -483.01
15 821.0 567.35 -616.03
16 821.0 280.80 -554.74
17 821.0 581.18 -611.85
18 821.0 834.34 -482.03
19 821.0 297.88 -690.86
20 821.0 919.36 -422.57
21 821.0 630.90 -889.09
22 821.0 645.38 -884.61
23 821.0 658.85 -880.45
24 821.0 592.03 -610.29
25 821.0 639.73 -767.81
26 821.0 336.95 -871.80
27 821.0 383.39 -667.96
28 821.0 387.90 -682.40
29 821.0 627.77 -739.06
30 821.0 321.53 -405.17
31 821.0 387.69 -836.30
32 821.0 309.13 -419.05
33 821.0 922.74 -413.59
34 821.0 920.43 -509.36
35 821.0 848.99 -523.58
6 822.0 816.01 -467.75
7 822.0 808.58 -469.54
8 822.0 598.20 -630.14
9 822.0 499.56 -362.85
10 822.0 481.70 -368.13
11 822.0 463.87 -373.40
12 822.0 371.63 -381.59
13 822.0 405.11 -370.02
14 822.0 552.65 -483.01
15 822.0 572.24 -614.55
16 822.0 288.91 -552.35
17 822.0 583.20 -611.13
18 822.0 831.97 -474.33
19 822.0 292.88 -692.38
20 822.0 919.36 -422.57
21 822.0 624.82 -890.96
22 822.0 639.91 -886.30
23 822.0 653.33 -882.15
24 822.0 589.67 -602.67
25 822.0 637.94 -761.81
26 822.0 339.09 -878.81
27 822.0 381.54 -662.06
28 822.0 386.72 -678.58
29 822.0 629.93 -746.17
30 822.0 330.71 -402.50
31 822.0 394.59 -834.23
32 822.0 312.75 -411.05
33 822.0 922.74 -413.59
34 822.0 928.76 -506.86
35 822.0 845.45 -518.00
6 823.0 816.01 -467.75
7 823.0 808.69 -469.51
8 823.0 595.88 -622.68
9 823.0 508.64 -360.38
10 823.0 490.51 -365.53
11 823.0 473.60 -370.52
12 823.0 361.97 -384.45
13 823.0 395.05 -374.28
14 823.0 552.65 -483.01
15 823.0 575.44 -613.58
16 823.0 297.68 -549.77
17 823.0 583.46 -608.61
18 823.0 830.39 -470.47
19 823.0 287.42 -692.66
20 823.0 919.36 -422.57
21 823.0 618.61 -892.87
22 823.0 633.99 -888.13
23 823.0 648.17 -883.75
24 823.0 587.18 -594.70
25 823.0 635.97 -755.17
26 823.0 341.16 -885.56
27 823.0 379.48 -655.11
28 823.0 386.55 -678.02
29 823.0 631.97 -752.96
30 823.0 339.58 -399.93
31 823.0 400.89 -832.35
32 823.0 320.26 -405.54
33 823.0 922.74 -413.59
34 823.0 937.16 -504.35
35 823.0 843.33 -511.37
6 824.0 816.01 -467.75
7 824.0 808.72 -469.50
8 824.0 593.69 -615.64
9 824.0 513.71 -359.45
10 824.0 499.21 -362.96
11 824.0 482.38 -367.93
12 824.0 352.44 -387.27
13 824.0 384.22 -377.87
14 824.0 552.65 -483.01
15 824.0 578.57 -612.63
16 824.0 305.86 -547.36
17 824.0 580.72 -608.65
18 824.0 825.94 -466.37
19 824.0 284.14 -687.68
20 824.0 919.91 -422.80
21 824.0 612.47 -894.76
22 824.0 627.92 -890.01
23 824.0 642.90 -885.38
24 824.0 584.71 -586.79
25 824.0 634.24 -749.37
26 824.0 343.27 -892.45
27 824.0 377.65 -648.96
28 824.0 386.48 -677.79
29 824.0 631.70 -758.46
30 824.0 349.38 -397.08
31 824.0 407.53 -830.35
32 824.0 329.47 -402.86
33 824.0 922.88 -413.72
34 824.0 944.80 -502.07
35 824.0 841.27 -504.65
6 825.0 816.01 -467.75
7 825.0 808.73 -469.49
8 825.0 591.43 -608.34
9 825.0 516.69 -362.70
10 825.0 504.31 -361.48
11 825.0 490.72 -365.47
12 825.0 342.52 -390.20
13 825.0 374.02 -380.88
14 825.0 552.65 -483.01
15 825.0 581.35 -611.79
16 825.0 314.69 -544.68
17 825.0 576.61 -609.89
18 825.0 818.66 -464.61
19 825.0 281.94 -680.55
20 825.0 923.79 -424.38
21 825.0 605.89 -896.77
22 825.0 621.57 -891.97
23 825.0 636.48 -887.36
24 825.0 582.18 -578.70
25 825.0 632.19 -742.62
26 825.0 345.22 -898.81
27 825.0 375.60 -642.04
28 825.0 386.46 -677.70
29 825.0 627.01 -760.98
30 825.0 358.83 -394.33
31 825.0 413.99 -828.41
32 825.0 339.91 -399.83
33 825.0 925.81 -415.22
34 825.0 952.67 -501.56
35 825.0 839.03 -497.35
6 826.0 816.01 -467.75
7 826.0 808.73 -469.49
8 826.0 589.08 -600.80
9 826.0 520.16 -365.34
10 826.0 509.40 -360.19
11 826.0 495.95 -363.92
12 826.0 332.38 -393.20
13 826.0 363.74 -383.93
14 826.0 552.65 -483.01
15 826.0 584.08 -609.69
16 826.0 323.38 -542.18
17 826.0 571.00 -611.58
18 826.0 810.30 -465.62
19 826.0 279.79 -673.52
20 826.0 928.77 -426.68
21 826.0 599.41 -898.76
22 826.0 615.11 -893.95
23 826.0 629.63 -889.48
24 826.0 579.92 -571.48
25 826.0 630.16 -735.94
26 826.0 347.45 -906.10
27 826.0 373.76 -635.85
28 826.0 386.45 -677.69
29 826.0 620.46 -762.95
30 826.0 368.02 -391.66
31 826.0 419.34 -826.81
32 826.0 349.15 -397.15
33 826.0 930.60 -417.84
34 826.0 957.58 -507.57
35 826.0 836.89 -490.36
6 827.0 816.01 -467.75
7 827.0 808.73 -469.49
8 827.0 586.69 -593.12
9 827.0 520.53 -372.19
10 827.0 513.89 -359.50
11 827.0 500.75 -362.51
12 827.0 322.53 -395.26
13 827.0 353.41 -386.98
14 827.0 552.65 -483.01
15 827.0 581.20 -608.50
16 827.0 332.23 -539.55
17 827.0 564.45 -613.56
18 827.0 803.18 -467.87
19 827.0 277.69 -666.88
20 827.0 935.20 -431.00
21 827.0 593.69 -900.51
22 827.0 607.78 -896.20
23 827.0 623.15 -891.48
24 827.0 577.55 -563.88
25 827.0 628.08 -729.08
26 827.0 349.66 -913.30
27 827.0 371.79 -629.24
28 827.0 386.45 -677.69
29 827.0 613.21 -765.13
30 827.0 377.64 -388.87
31 827.0 425.34 -824.48
32 827.0 358.21 -394.51
33 827.0 936.66 -421.96
34 827.0 960.65 -515.80
35 827.0 834.71 -483.25
6 828.0 816.01 -467.75
7 828.0 808.73 -469.49
8 828.0 584.43 -585.89
9 828.0 520.93 -379.62
10 828.0 516.75 -363.14
11 828.0 504.75 -361.37
12 828.0 311.98 -397.72
13 828.0 343.33 -389.96
14 828.0 552.65 -483.01
15 828.0 575.27 -610.29
16 828.0 338.78 -538.34
17 828.0 557.82 -615.57
18 828.0 795.32 -470.30
19 828.0 275.30 -659.19
20 828.0 941.26 -436.63
21 828.0 588.08 -902.23
22 828.0 602.04 -897.96
23 828.0 616.41 -893.55
24 828.0 574.97 -555.63
25 828.0 626.02 -722.28
26 828.0 351.68 -919.91
27 828.0 369.72 -622.25
28 828.0 386.45 -677.69
29 828.0 605.78 -767.37
30 828.0 386.76 -387.78
31 828.0 428.50 -818.92
32 828.0 367.56 -391.80
33 828.0 944.48 -424.45
34 828.0 963.22 -524.78
35 828.0 832.79 -476.99
6 829.0 816.01 -467.75
7 829.0 808.73 -469.49
8 829.0 582.17 -578.67
9 829.0 521.31 -386.48
10 829.0 520.20 -366.11
11 829.0 509.93 -360.06
12 829.0 301.93 -400.91
13 829.0 332.32 -393.22
14 829.0 552.65 -483.01
15 829.0 566.90 -612.82
16 829.0 342.79 -543.14
17 829.0 551.95 -617.35
18 829.0 788.11 -472.54
19 829.0 273.04 -651.90
20 829.0 947.18 -442.64
21 829.0 582.41 -903.97
22 829.0 595.87 -899.85
23 829.0 610.71 -895.30
24 829.0 572.38 -547.37
25 829.0 624.20 -716.21
26 829.0 353.61 -926.20
27 829.0 367.99 -616.42
28 829.0 386.45 -677.68
29 829.0 598.79 -769.56
30 829.0 396.43 -384.86
31 829.0 426.99 -811.86
32 829.0 377.39 -388.94
33 829.0 948.49 -425.06
34 829.0 965.62 -533.16
35 829.0 830.37 -470.44
6 830.0 816.01 -467.75
7 830.0 808.73 -469.49
8 830.0 579.78 -571.02
9 830.0 521.67 -393.10
10 830.0 520.58 -373.21
11 830.0 514.79 -359.73
12 830.0 292.30 -403.92
13 830.0 321.47 -395.23
14 830.0 552.65 -483.01
15 830.0 560.64 -614.72
16 830.0 345.24 -551.77
17 830.0 545.60 -619.26
18 830.0 780.72 -474.82
19 830.0 270.66 -644.26
20 830.0 953.14 -448.66
21 830.0 576.02 -905.93
22 830.0 590.54 -901.48
23 830.0 604.59 -897.17
24 830.0 569.90 -539.41
25 830.0 622.22 -709.66
26 830.0 355.79 -933.32
27 830.0 366.21 -610.44
28 830.0 386.45 -677.68
29 830.0 592.21 -771.63
30 830.0 406.17 -381.82
31 830.0 424.95 -805.00
32 830.0 387.18 -387.70
33 830.0 952.36 -425.09
34 830.0 968.12 -541.83
35 830.0 827.36 -464.15
6 831.0 817.35 -467.40
7 831.0 808.73 -469.49
8 831.0 577.51 -563.78
9 831.0 522.47 -400.22
10 831.0 520.99 -380.62
11 831.0 519.99 -363.00
12 831.0 282.31 -406.95
13 831.0 310.78 -398.10
14 831.0 552.65 -483.01
15 831.0 553.71 -616.81
16 831.0 347.61 -560.15
17 831.0 539.35 -621.15
18 831.0 772.58 -477.36
19 831.0 268.52 -637.33
20 831.0 957.94 -453.54
21 831.0 570.08 -907.75
22 831.0 583.80 -903.55
23 831.0 599.65 -898.69
24 831.0 567.41 -531.46
25 831.0 620.41 -703.63
26 831.0 357.90 -940.22
27 831.0 364.46 -604.57
28 831.0 386.45 -677.68
29 831.0 585.51 -773.66
30 831.0 414.13 -375.83
31 831.0 422.82 -797.81
32 831.0 396.63 -384.80
33 831.0 955.63 -425.31
34 831.0 970.69 -550.66
35 831.0 828.04 -457.23
6 832.0 820.59 -466.54
7 832.0 809.40 -469.27
8 832.0 575.34 -556.84
9 832.0 524.68 -407.00
10 832.0 521.38 -387.87
11 832.0 520.39 -369.64
12 832.0 272.76 -409.84
13 832.0 300.89 -401.25
14 832.0 552.65 -483.01
15 832.0 548.16 -618.49
16 832.0 350.21 -568.94
17 832.0 532.49 -623.23
18 832.0 765.60 -479.56
19 832.0 266.44 -630.57
20 832.0 962.39 -458.07
21 832.0 564.20 -909.56
22 832.0 577.97 -905.33
23 832.0 593.52 -900.57
24 832.0 564.94 -523.24
25 832.0 618.35 -696.81
26 832.0 360.00 -947.09
27 832.0 362.52 -598.06
28 832.0 386.45 -677.68
29 832.0 578.07 -775.91
30 832.0 422.92 -372.73
31 832.0 420.95 -791.53
32 832.0 407.08 -381.32
33 832.0 963.89 -427.93
34 832.0 973.08 -558.88
35 832.0 829.61 -450.38
6 833.0 824.86 -464.06
7 833.0 812.54 -468.40
8 833.0 573.08 -549.60
9 833.0 527.03 -413.99
10 833.0 521.79 -395.35
11 833.0 520.84 -377.94
12 833.0 262.45 -412.97
13 833.0 289.88 -404.65
14 833.0 552.65 -483.01
15 833.0 540.81 -620.71
16 833.0 352.74 -577.13
17 833.0 526.20 -625.14
18 833.0 757.47 -482.06
19 833.0 264.30 -623.55
20 833.0 966.47 -462.21
21 833.0 557.96 -911.49
22 833.0 572.59 -906.98
23 833.0 586.62 -902.68
24 833.0 562.78 -515.92
25 833.0 616.41 -690.36
26 833.0 361.96 -953.48
27 833.0 360.52 -591.44
28 833.0 386.45 -677.68
29 833.0 571.24 -777.91
30 833.0 431.62 -369.67
31 833.0 419.03 -785.07
32 833.0 414.03 -375.86
33 833.0 970.57 -432.11
34 833.0 975.63 -567.64
35 833.0 831.06 -443.98
6 834.0 827.74 -459.25
7 834.0 817.14 -467.46
8 834.0 570.61 -541.70
9 834.0 529.19 -420.31
10 834.0 523.18 -402.43
11 834.0 521.26 -385.61
12 834.0 251.75 -416.21
13 834.0 279.68 -407.74
14 834.0 552.65 -483.01
15 834.0 533.96 -622.79
16 834.0 355.18 -585.01
17 834.0 520.18 -626.96
18 834.0 749.54 -482.50
19 834.0 262.17 -616.57
20 834.0 971.16 -466.89
21 834.0 552.22 -913.27
22 834.0 566.08 -908.98
23 834.0 581.29 -904.32
24 834.0 560.57 -508.45
25 834.0 614.66 -684.46
26 834.0 363.96 -960.00
27 834.0 358.35 -584.43
28 834.0 386.45 -677.68
29 834.0 564.53 -779.88
30 834.0 440.62 -366.92
31 834.0 417.02 -778.29
32 834.0 423.00 -372.70
33 834.0 974.10 -434.63
34 834.0 978.00 -575.81
35 834.0 832.72 -436.52
6 835.0 832.52 -455.98
7 835.0 822.01 -465.85
8 835.0 568.41 -534.64
9 835.0 531.27 -426.76
10 835.0 525.51 -409.50
11 835.0 521.70 -393.60
12 835.0 241.45 -419.34
13 835.0 269.62 -410.80
14 835.0 552.65 -483.01
15 835.0 528.64 -624.40
16 835.0 357.72 -593.24
17 835.0 513.13 -629.09
18 835.0 741.97 -480.34
19 835.0 260.11 -609.77
20 835.0 976.02 -471.64
21 835.0 545.81 -915.19
22 835.0 560.39 -910.74
23 835.0 574.52 -906.39
24 835.0 558.33 -500.89
25 835.0 612.64 -677.65
26 835.0 366.20 -966.12
27 835.0 356.40 -578.14
28 835.0 386.45 -677.68
29 835.0 557.49 -781.94
30 835.0 449.65 -364.25
31 835.0 414.93 -771.25
32 835.0 431.94 -369.56
33 835.0 976.17 -435.28
34 835.0 980.51 -584.43
35 835.0 834.19 -429.87
6 836.0 838.24 -457.08
7 836.0 826.82 -461.44
8 836.0 566.09 -527.11
9 836.0 530.52 -434.03
10 836.0 527.89 -416.50
11 836.0 522.87 -401.51
12 836.0 230.97 -422.52
13 836.0 259.29 -413.93
14 836.0 552.65 -483.01
15 836.0 521.62 -626.53
16 836.0 360.34 -601.93
17 836.0 506.29 -631.16
18 836.0 736.57 -475.05
19 836.0 257.82 -602.25
20 836.0 980.16 -475.68
21 836.0 539.53 -917.05
22 836.0 553.77 -912.79
23 836.0 568.86 -908.13
24 836.0 556.22 -493.74
25 836.0 610.80 -671.46
26 836.0 371.03 -969.89
27 836.0 354.27 -571.26
28 836.0 386.45 -677.68
29 836.0 550.87 -783.88
30 836.0 459.35 -361.38
31 836.0 412.90 -764.40
32 836.0 441.14 -366.77
33 836.0 977.31 -434.13
34 836.0 983.03 -593.09
35 836.0 835.67 -423.18
6 837.0 845.48 -458.67
7 837.0 829.83 -456.45
8 837.0 563.88 -519.64
9 837.0 532.49 -440.84
10 837.0 530.59 -424.39
11 837.0 525.28 -408.81
12 837.0 220.32 -425.75
13 837.0 248.58 -417.18
14 837.0 552.65 -483.01
15 837.0 514.26 -628.75
16 837.0 362.68 -609.76
17 837.0 499.62 -633.18
18 837.0 733.65 -468.18
19 837.0 255.72 -595.35
20 837.0 984.59 -480.01
21 837.0 533.29 -918.92
22 837.0 548.34 -914.44
23 837.0 562.46 -910.10
24 837.0 555.33 -490.98
25 837.0 608.83 -664.82
26 837.0 377.42 -969.22
27 837.0 352.29 -564.86
28 837.0 386.45 -677.68
29 837.0 543.30 -786.10
30 837.0 468.49 -358.68
31 837.0 411.04 -758.15
32 837.0 450.48 -364.01
33 837.0 978.40 -429.84
34 837.0 985.43 -601.35
35 837.0 837.34 -415.69
6 838.0 855.10 -460.79
7 838.0 836.51 -456.70
8 838.0 561.61 -511.97
9 838.0 534.74 -448.16
10 838.0 530.35 -432.19
11 838.0 527.79 -416.21
12 838.0 212.83 -427.51
13 838.0 238.02 -420.38
14 838.0 552.65 -483.01
15 838.0 508.31 -630.55
16 838.0 365.33 -618.71
17 838.0 492.85 -635.22
18 838.0 731.42 -460.97
19 838.0 253.39 -587.67
20 838.0 988.89 -484.18
21 838.0 526.70 -920.93
22 838.0 541.70 -916.41
23 838.0 557.35 -911.68
24 838.0 555.09 -490.22
25 838.0 606.89 -658.29
26 838.0 383.85 -967.31
27 838.0 350.42 -558.36
28 838.0 386.45 -677.68
29 838.0 536.30 -788.20
30 838.0 477.65 -355.98
31 838.0 409.00 -751.28
32 838.0 459.21 -361.43
33 838.0 975.00 -427.42
34 838.0 987.88 -609.77
35 838.0 839.08 -412.28
6 839.0 866.21 -463.24
7 839.0 844.85 -458.53
8 839.0 559.27 -504.05
9 839.0 536.94 -455.30
10 839.0 532.09 -439.54
11 839.0 530.12 -423.04
12 839.0 205.32 -425.54
13 839.0 227.90 -423.45
14 839.0 552.65 -483.01
15 839.0 501.38 -632.65
16 839.0 367.86 -627.22
17 839.0 486.06 -637.27
18 839.0 728.81 -453.13
19 839.0 251.08 -580.06
20 839.0 994.19 -487.44
21 839.0 520.63 -922.78
22 839.0 535.00 -918.40
23 839.0 550.98 -913.66
24 839.0 555.01 -489.99
25 839.0 604.88 -651.71
26 839.0 391.06 -965.17
27 839.0 348.47 -551.47
28 839.0 386.45 -677.68
29 839.0 529.02 -790.39
30 839.0 487.27 -353.13
31 839.0 406.95 -744.48
32 839.0 468.35 -358.73
33 839.0 969.94 -423.97
34 839.0 990.40 -618.16
35 839.0 843.68 -407.74
6 840.0 879.31 -466.12
7 840.0 855.53 -460.88
8 840.0 557.74 -498.88
9 840.0 538.74 -461.03
10 840.0 534.46 -447.24
11 840.0 530.95 -430.36
12 840.0 201.21 -418.82
13 840.0 216.95 -426.78
14 840.0 552.65 -483.01
15 840.0 495.12 -634.54
16 840.0 370.43 -635.88
17 840.0 479.45 -639.27
18 840.0 726.38 -445.91
19 840.0 248.80 -572.58
20 840.0 997.55 -493.41
21 840.0 515.10 -924.46
22 840.0 528.51 -920.38
23 840.0 544.67 -915.53
24 840.0 554.99 -489.92
25 840.0 602.81 -645.01
26 840.0 397.98 -963.11
27 840.0 346.64 -544.97
28 840.0 386.45 -677.68
29 840.0 522.07 -792.49
30 840.0 496.53 -350.40
31 840.0 404.72 -737.20
32 840.0 478.42 -355.75
33 840.0 962.16 -421.27
34 840.0 993.92 -625.67
35 840.0 850.34 -402.37
6 841.0 884.40 -476.95
7 841.0 867.95 -463.62
8 841.0 556.87 -495.97
9 841.0 539.19 -462.47
10 841.0 536.24 -453.04
11 841.0 531.49 -437.60
12 841.0 197.40 -410.01
13 841.0 209.09 -427.30
14 841.0 552.65 -483.01
15 841.0 488.55 -636.52
16 841.0 372.86 -644.07
17 841.0 472.40 -641.40
18 841.0 722.05 -439.52
19 841.0 246.62 -565.38
20 841.0 1002.91 -497.33
21 841.0 508.61 -926.44
22 841.0 523.08 -922.03
23 841.0 538.15 -917.46
24 841.0 554.97 -489.88
25 841.0 601.02 -639.24
26 841.0 405.21 -960.97
27 841.0 344.90 -538.95
28 841.0 386.45 -677.68
29 841.0 514.80 -794.68
30 841.0 505.80 -347.90
31 841.0 402.44 -729.77
32 841.0 487.66 -353.02
33 841.0 953.68 -421.60
34 841.0 997.34 -633.31
35 841.0 859.67 -401.27
6 842.0 888.29 -489.97
7 842.0 881.20 -466.61
8 842.0 556.76 -495.60
9 842.0 539.42 -463.23
10 842.0 536.77 -454.76
11 842.0 533.64 -444.59
12 842.0 194.30 -402.33
13 842.0 202.50 -421.79
14 842.0 552.65 -483.01
15 842.0 481.77 -638.57
16 842.0 375.16 -651.81
17 842.0 465.40 -643.52
18 842.0 715.26 -434.95
19 842.0 244.42 -558.15
20 842.0 1007.66 -500.81
21 842.0 502.55 -928.32
22 842.0 516.93 -923.90
23 842.0 531.96 -919.33
24 842.0 554.97 -489.87
25 842.0 598.99 -632.70
26 842.0 411.61 -959.07
27 842.0 343.04 -532.68
28 842.0 386.45 -677.68
29 842.0 508.43 -796.60
30 842.0 514.60 -345.93
31 842.0 400.29 -722.78
32 842.0 496.66 -350.36
33 842.0 951.91 -421.67
34 842.0 999.06 -641.49
35 842.0 870.40 -400.51
6 843.0 891.93 -502.17
7 843.0 885.11 -479.32
8 843.0 556.75 -495.56
9 843.0 539.43 -463.27
10 843.0 537.18 -456.05
11 843.0 534.47 -447.29
12 843.0 191.29 -394.80
13 843.0 199.11 -414.11
14 843.0 552.65 -483.01
15 843.0 474.59 -640.74
16 843.0 377.31 -659.04
17 843.0 459.14 -645.41
18 843.0 707.17 -432.52
19 843.0 242.28 -551.08
20 843.0 1011.42 -505.39
21 843.0 496.59 -930.17
22 843.0 510.96 -925.72
23 843.0 525.21 -921.38
24 843.0 554.97 -489.86
25 843.0 597.14 -626.73
26 843.0 418.26 -957.09
27 843.0 341.17 -526.41
28 843.0 386.45 -677.68
29 843.0 501.86 -798.58
30 843.0 522.42 -344.25
31 843.0 398.17 -715.86
32 843.0 505.77 -347.90
33 843.0 945.87 -418.30
34 843.0 997.45 -649.25
35 843.0 879.82 -402.70
6 844.0 894.54 -509.96
7 844.0 889.04 -492.49
8 844.0 556.75 -495.54
9 844.0 539.44 -463.29
10 844.0 537.19 -456.10
11 844.0 534.94 -448.82
12 844.0 189.63 -391.41
13 844.0 196.09 -406.81
14 844.0 552.65 -483.01
15 844.0 468.47 -642.59
16 844.0 378.17 -661.96
17 844.0 452.15 -647.52
18 844.0 699.90 -431.03
19 844.0 240.01 -543.60
20 844.0 1013.54 -513.18
21 844.0 490.99 -931.90
22 844.0 505.49 -927.40
23 844.0 519.01 -923.27
24 844.0 554.97 -489.86
25 844.0 594.99 -619.79
26 844.0 425.56 -954.93
27 844.0 339.06 -519.57
28 844.0 386.45 -677.68
29 844.0 494.97 -800.66
30 844.0 527.06 -343.26
31 844.0 396.14 -709.24
32 844.0 514.00 -346.06
33 844.0 939.90 -411.93
34 844.0 990.19 -652.68
35 844.0 888.90 -404.80
6 845.0 900.22 -514.51
7 845.0 891.69 -501.36
8 845.0 556.74 -495.53
9 845.0 539.45 -463.31
10 845.0 537.20 -456.13
11 845.0 534.97 -448.92
12 845.0 186.88 -390.52
13 845.0 193.55 -400.46
14 845.0 552.65 -483.01
15 845.0 461.17 -644.80
16 845.0 378.33 -662.49
17 845.0 446.26 -649.30
18 845.0 692.50 -429.51
19 845.0 237.80 -536.30
20 845.0 1016.20 -522.83
21 845.0 484.89 -933.79
22 845.0 499.28 -929.33
23 845.0 514.10 -924.76
24 845.0 554.97 -489.86
25 845.0 593.05 -613.55
26 845.0 431.71 -953.10
27 845.0 336.91 -512.63
28 845.0 386.45 -677.68
29 845.0 488.31 -802.68
30 845.0 528.12 -341.05
31 845.0 393.92 -702.01
32 845.0 518.35 -345.12
33 845.0 932.00 -408.89
34 845.0 981.42 -655.88
35 845.0 898.60 -407.04
6 846.0 907.30 -513.28
7 846.0 893.95 -508.65
8 846.0 556.74 -495.53
9 846.0 539.45 -463.31
10 846.0 537.21 -456.15
11 846.0 534.98 -448.95
12 846.0 187.12 -393.51
13 846.0 191.85 -396.20
14 846.0 552.65 -483.01
15 846.0 455.04 -646.65
16 846.0 378.37 -662.64
17 846.0 440.33 -651.10
18 846.0 684.38 -427.84
19 846.0 235.47 -528.61
20 846.0 1020.33 -532.28
21 846.0 478.58 -935.74
22 846.0 493.76 -931.04
23 846.0 507.56 -926.76
24 846.0 554.97 -489.86
25 846.0 591.22 -607.68
26 846.0 437.90 -951.27
27 846.0 335.03 -506.54
28 846.0 386.45 -677.68
29 846.0 481.87 -804.62
30 846.0 529.02 -336.60
31 846.0 391.81 -695.14
32 846.0 521.50 -344.45
33 846.0 923.26 -405.53
34 846.0 973.09 -658.55
35 846.0 907.89 -409.19
6 847.0 915.06 -510.96
7 847.0 898.33 -514.02
8 847.0 556.74 -495.53
9 847.0 539.45 -463.31
10 847.0 537.21 -456.15
11 847.0 534.99 -448.97
12 847.0 189.05 -397.82
13 847.0 190.33 -392.72
14 847.0 552.65 -483.01
15 847.0 448.48 -648.63
16 847.0 378.41 -662.75
17 847.0 433.92 -653.04
18 847.0 676.94 -426.25
19 847.0 233.26 -521.36
20 847.0 1022.71 -542.40
21 847.0 472.05 -937.77
22 847.0 487.38 -933.02
23 847.0 502.48 -928.34
24 847.0 554.97 -489.86
25 847.0 589.41 -601.84
26 847.0 444.11 -949.42
27 847.0 333.22 -500.71
28 847.0 386.45 -677.68
29 847.0 475.25 -806.62
30 847.0 525.87 -335.72
31 847.0 389.84 -688.73
32 847.0 525.59 -343.57
33 847.0 914.44 -402.68
34 847.0 964.94 -660.81
35 847.0 917.60 -411.96
6 848.0 922.57 -508.72
7 848.0 906.41 -513.55
8 848.0 556.74 -495.53
9 848.0 539.45 -463.31
10 848.0 537.21 -456.15
11 848.0 534.99 -448.98
12 848.0 191.37 -403.62
13 848.0 188.79 -390.52
14 848.0 552.65 -483.01
15 848.0 442.66 -650.39
16 848.0 378.41 -662.78
17 848.0 427.39 -655.01
18 848.0 669.52 -426.01
19 848.0 230.98 -513.84
20 848.0 1024.95 -552.43
21 848.0 467.56 -937.99
22 848.0 480.88 -935.03
23 848.0 495.88 -930.38
24 848.0 554.97 -489.86
25 848.0 587.58 -595.99
26 848.0 451.25 -947.30
27 848.0 331.23 -494.25
28 848.0 386.45 -677.68
29 848.0 467.81 -808.88
30 848.0 519.44 -338.25
31 848.0 388.73 -685.12
32 848.0 528.09 -341.16
33 848.0 905.63 -400.36
34 848.0 955.86 -663.33
35 848.0 924.13 -414.17
6 849.0 930.21 -506.43
7 849.0 913.89 -511.31
8 849.0 556.74 -495.53
9 849.0 539.45 -463.31
10 849.0 537.21 -456.15
11 849.0 534.99 -448.98
12 849.0 194.24 -410.74
13 849.0 186.61 -390.94
14 849.0 552.65 -483.01
15 849.0 435.86 -652.45
16 849.0 378.41 -662.78
17 849.0 420.82 -657.00
18 849.0 661.22 -427.49
19 849.0 228.66 -506.18
20 849.0 1028.23 -563.28
21 849.0 464.46 -934.17
22 849.0 476.58 -936.36
23 849.0 489.94 -932.22
24 849.0 554.97 -489.86
25 849.0 585.49 -589.29
26 849.0 457.87 -945.33
27 849.0 329.10 -487.33
28 849.0 386.45 -677.68
29 849.0 461.03 -810.95
30 849.0 510.77 -341.47
31 849.0 388.68 -684.96
32 849.0 529.02 -336.16
33 849.0 897.46 -398.44
34 849.0 946.88 -664.54
35 849.0 923.29 -413.80
6 850.0 938.19 -504.05
7 850.0 922.17 -508.83
8 850.0 556.74 -495.53
9 850.0 539.45 -463.31
10 850.0 537.21 -456.15
11 850.0 534.99 -448.98
12 850.0 197.21 -417.73
13 850.0 187.35 -393.94
14 850.0 552.65 -483.01
15 850.0 429.23 -654.45
16 850.0 378.42 -662.78
17 850.0 414.24 -658.99
18 850.0 653.57 -430.51
19 850.0 226.65 -499.48
20 850.0 1031.23 -573.12
21 850.0 462.90 -929.18
22 850.0 471.87 -937.82
23 850.0 485.55 -933.59
24 850.0 554.97 -489.86
25 850.0 583.46 -582.80
26 850.0 464.51 -943.36
27 850.0 327.16 -480.89
28 850.0 386.45 -677.68
29 850.0 454.55 -812.90
30 850.0 500.94 -344.36
31 850.0 388.67 -684.90
32 850.0 524.85 -336.12
33 850.0 888.33 -396.09
34 850.0 938.79 -661.84
35 850.0 922.95 -413.67
6 851.0 945.45 -501.88
7 851.0 929.82 -506.55
8 851.0 556.74 -495.53
9 851.0 539.45 -463.31
10 851.0 537.21 -456.15
11 851.0 534.99 -448.98
12 851.0 199.09 -422.10
13 851.0 189.64 -399.28
14 851.0 552.65 -483.01
15 851.0 423.17 -656.29
16 851.0 378.42 -662.78
17 851.0 408.33 -660.78
18 851.0 646.42 -434.90
19 851.0 224.87 -491.81
20 851.0 1034.59 -584.04
21 851.0 461.14 -923.63
22 851.0 466.28 -937.18
23 851.0 480.59 -935.12
24 851.0 554.97 -489.86
25 851.0 581.62 -576.92
26 851.0 470.94 -941.45
27 851.0 325.03 -473.90
28 851.0 386.45 -677.68
29 851.0 447.85 -814.91
30 851.0 491.41 -347.31
31 851.0 388.65 -684.86
32 851.0 518.36 -338.67
33 851.0 879.39 -393.90
34 851.0 931.63 -656.29
35 851.0 922.80 -413.61
6 852.0 951.89 -497.24
7 852.0 937.58 -504.23
8 852.0 556.74 -495.53
9 852.0 539.45 -463.31
10 852.0 537.21 -456.15
11 852.0 534.99 -448.98
12 852.0 201.22 -427.82
13 852.0 192.48 -406.38
14 852.0 552.65 -483.01
15 852.0 416.86 -658.20
16 852.0 378.42 -662.78
17 852.0 401.52 -662.84
18 852.0 640.24 -438.97
19 852.0 225.26 -483.43
20 852.0 1037.79 -594.44
21 852.0 459.39 -918.13
22 852.0 463.87 -932.23
23 852.0 474.64 -936.97
24 852.0 554.97 -489.86
25 852.0 579.81 -571.12
26 852.0 478.07 -939.26
27 852.0 322.92 -467.05
28 852.0 386.45 -677.68
29 852.0 440.57 -817.10
30 852.0 482.26 -350.14
31 852.0 388.65 -684.86
32 852.0 509.96 -341.69
33 852.0 871.21 -392.02
34 852.0 925.31 -650.44
35 852.0 922.74 -413.59
6 853.0 951.61 -490.00
7 853.0 945.27 -501.93
8 853.0 556.74 -495.53
9 853.0 539.45 -463.31
10 853.0 537.21 -456.15
11 853.0 534.99 -448.98
12 853.0 203.85 -434.93
13 853.0 195.38 -413.49
14 853.0 552.65 -483.01
15 853.0 409.61 -660.39
16 853.0 378.42 -662.78
17 853.0 395.12 -664.78
18 853.0 633.74 -442.55
19 853.0 222.32 -473.23
20 853.0 1041.03 -604.98
21 853.0 457.39 -911.74
22 853.0 461.98 -926.29
23 853.0 470.42 -938.12
24 853.0 554.97 -489.86
25 853.0 577.82 -564.76
26 853.0 485.34 -937.00
27 853.0 320.80 -460.15
28 853.0 386.45 -677.68
29 853.0 435.89 -818.51
30 853.0 471.60 -350.08
31 853.0 388.65 -684.86
32 853.0 499.71 -344.74
33 853.0 862.58 -390.04
34 853.0 918.88 -644.47
35 853.0 922.74 -413.59
6 854.0 948.89 -481.92
7 854.0 951.05 -498.47
8 854.0 556.74 -495.53
9 854.0 539.45 -463.31
10 854.0 537.21 -456.15
11 854.0 534.99 -448.98
12 854.0 209.15 -438.33
13 854.0 197.81 -419.07
14 854.0 552.65 -483.01
15 854.0 403.50 -662.24
16 854.0 378.42 -662.78
17 854.0 388.97 -666.63
18 854.0 626.02 -445.39
19 854.0 219.70 -463.74
20 854.0 1044.34 -615.72
21 854.0 455.49 -905.35
22 854.0 459.88 -919.69
23 854.0 466.34 -937.23
24 854.0 554.97 -489.86
25 854.0 575.70 -557.96
26 854.0 492.19 -934.88
27 854.0 318.96 -454.13
28 854.0 386.45 -677.68
29 854.0 430.32 -818.50
30 854.0 462.47 -352.91
31 854.0 388.65 -684.86
32 854.0 488.49 -348.21
33 854.0 853.31 -387.91
34 854.0 911.97 -638.08
35 854.0 922.74 -413.59
6 855.0 946.22 -473.63
7 855.0 951.87 -490.80
8 855.0 556.74 -495.53
9 855.0 539.45 -463.31
10 855.0 537.21 -456.15
11 855.0 534.99 -448.98
12 855.0 216.18 -436.50
13 855.0 200.87 -426.89
14 855.0 552.65 -483.01
15 855.0 397.92 -663.93
16 855.0 378.42 -662.78
17 855.0 383.93 -669.84
18 855.0 618.53 -448.00
19 855.0 217.48 -456.01
20 855.0 1047.02 -624.42
21 855.0 453.68 -899.22
22 855.0 457.77 -913.00
23 855.0 464.10 -932.95
24 855.0 554.97 -489.86
25 855.0 573.72 -551.63
26 855.0 498.73 -932.85
27 855.0 316.97 -447.63
28 855.0 386.45 -677.68
29 855.0 427.66 -814.10
30 855.0 452.71 -355.93
31 855.0 388.65 -684.86
32 855.0 476.64 -351.87
33 855.0 844.86 -385.97
34 855.0 905.78 -632.34
35 855.0 922.74 -413.59
6 856.0 944.04 -466.33
7 856.0 949.32 -483.18
8 856.0 556.74 -495.53
9 856.0 539.45 -463.31
10 856.0 537.21 -456.15
11 856.0 534.99 -448.98
12 856.0 224.59 -437.01
13 856.0 203.75 -434.65
14 856.0 552.65 -483.01
15 856.0 391.37 -665.91
16 856.0 378.42 -662.78
17 856.0 382.77 -675.86
18 856.0 611.14 -450.54
19 856.0 216.56 -448.94
20 856.0 1048.48 -629.20
21 856.0 452.07 -893.81
22 856.0 456.02 -907.11
23 856.0 462.20 -926.98
24 856.0 554.97 -489.86
25 856.0 571.53 -544.65
26 856.0 505.62 -930.72
27 856.0 314.85 -440.71
28 856.0 386.45 -677.68
29 856.0 425.74 -807.64
30 856.0 442.85 -358.85
31 856.0 388.65 -684.86
32 856.0 464.63 -355.59
33 856.0 836.26 -384.00
34 856.0 899.01 -626.06
35 856.0 922.74 -413.59
6 857.0 941.64 -458.13
7 857.0 946.79 -475.45
8 857.0 556.74 -495.53
9 857.0 539.45 -463.31
10 857.0 537.21 -456.15
11 857.0 534.99 -448.98
12 857.0 233.48 -433.83
13 857.0 209.24 -438.31
14 857.0 552.65 -483.01
15 857.0 386.59 -667.72
16 857.0 378.42 -662.78
17 857.0 384.59 -682.52
18 857.0 603.25 -453.15
19 857.0 221.00 -442.09
20 857.0 1048.53 -634.18
21 857.0 450.37 -888.24
22 857.0 454.56 -902.20
23 857.0 460.21 -920.71
24 857.0 554.97 -489.86
25 857.0 569.39 -537.80
26 857.0 511.74 -928.83
27 857.0 313.03 -434.74
28 857.0 386.45 -677.68
29 857.0 423.74 -800.91
30 857.0 433.66 -361.57
31 857.0 388.65 -684.86
32 857.0 453.82 -358.93
33 857.0 827.30 -381.94
34 857.0 892.54 -619.84
35 857.0 922.74 -413.59
6 858.0 939.36 -449.84
7 858.0 944.35 -467.39
8 858.0 556.74 -495.53
9 858.0 539.45 -463.31
10 858.0 537.21 -456.15
11 858.0 534.99 -448.98
12 858.0 244.86 -433.78
13 858.0 217.04 -436.21
14 858.0 552.65 -483.01
15 858.0 382.54 -673.30
16 858.0 378.42 -662.78
17 858.0 386.53 -688.85
18 858.0 595.91 -455.53
19 858.0 228.02 -439.18
20 858.0 1045.05 -636.65
21 858.0 448.37 -881.68
22 858.0 452.80 -896.25
23 858.0 458.30 -914.71
24 858.0 554.97 -489.86
25 858.0 567.44 -531.56
26 858.0 518.57 -926.75
27 858.0 311.21 -428.89
28 858.0 386.45 -677.68
29 858.0 421.85 -794.54
30 858.0 423.70 -364.52
31 858.0 388.65 -684.86
32 858.0 442.97 -362.15
33 858.0 818.77 -379.99
34 858.0 886.53 -613.74
35 858.0 922.74 -413.59
6 859.0 937.18 -441.60
7 859.0 942.05 -459.55
8 859.0 556.74 -495.53
9 859.0 539.45 -463.31
10 859.0 537.21 -456.15
11 859.0 534.99 -448.98
12 859.0 256.11 -433.85
13 859.0 226.71 -436.25
14 859.0 552.65 -483.01
15 859.0 383.69 -679.58
16 859.0 378.42 -662.78
17 859.0 388.59 -695.54
18 859.0 589.08 -457.74
19 859.0 237.20 -436.01
20 859.0 1041.03 -637.88
21 859.0 446.44 -875.32
22 859.0 451.04 -890.43
23 859.0 456.37 -908.31
24 859.0 554.97 -489.86
25 859.0 565.34 -524.57
26 859.0 525.53 -924.63
27 859.0 310.09 -425.35
28 859.0 386.45 -677.68
29 859.0 419.85 -787.82
30 859.0 414.77 -367.16
31 859.0 388.65 -684.86
32 859.0 431.81 -365.45
33 859.0 810.20 -378.02
34 859.0 880.17 -607.26
35 859.0 922.74 -413.59
6 860.0 936.25 -432.95
7 860.0 939.96 -452.02
8 860.0 556.74 -495.53
9 860.0 539.45 -463.31
10 860.0 537.21 -456.15
11 860.0 534.99 -448.98
12 860.0 266.24 -430.92
13 860.0 236.61 -432.86
14 860.0 552.65 -483.01
15 860.0 385.95 -686.94
16 860.0 378.42 -662.78
17 860.0 390.43 -701.55
18 860.0 581.68 -460.17
19 860.0 247.65 -432.98
20 860.0 1035.07 -639.68
21 860.0 444.66 -869.49
22 860.0 449.21 -884.47
23 860.0 454.37 -901.56
24 860.0 554.97 -489.86
25 860.0 563.53 -518.46
26 860.0 531.72 -922.74
27 860.0 309.10 -419.47
28 860.0 386.45 -677.68
29 860.0 417.69 -780.53
30 860.0 405.07 -370.03
31 860.0 388.65 -684.86
32 860.0 420.10 -368.91
33 860.0 801.41 -376.05
34 860.0 874.16 -601.13
35 860.0 922.74 -413.59
6 861.0 935.33 -422.67
7 861.0 937.89 -444.53
8 861.0 556.74 -495.53
9 861.0 539.45 -463.31
10 861.0 537.21 -456.15
11 861.0 534.99 -448.98
12 861.0 276.02 -428.10
13 861.0 245.37 -433.64
14 861.0 552.65 -483.01
15 861.0 387.75 -692.81
16 861.0 378.42 -662.78
17 861.0 392.25 -707.49
18 861.0 574.43 -462.47
19 861.0 256.57 -427.05
20 861.0 1029.07 -641.49
21 861.0 442.69 -863.03
22 861.0 447.36 -878.35
23 861.0 452.57 -895.48
24 861.0 554.97 -489.86
25 861.0 561.64 -512.07
26 861.0 538.31 -920.74
27 861.0 311.90 -414.83
28 861.0 386.45 -677.68
29 861.0 415.51 -773.20
30 861.0 396.25 -373.42
31 861.0 388.65 -684.86
32 861.0 408.14 -372.45
33 861.0 792.93 -374.17
34 861.0 870.28 -593.53
35 861.0 922.74 -413.59
6 862.0 934.73 -415.84
7 862.0 936.55 -436.32
8 862.0 556.74 -495.53
9 862.0 539.45 -463.31
10 862.0 537.21 -456.15
11 862.0 534.99 -448.98
12 862.0 286.36 -425.13
13 862.0 256.43 -433.76
14 862.0 552.65 -483.01
15 862.0 389.79 -699.47
16 862.0 378.42 -662.78
17 862.0 394.05 -713.36
18 862.0 566.76 -464.88
19 862.0 266.47 -424.19
20 862.0 1023.38 -643.21
21 862.0 440.85 -857.05
22 862.0 445.30 -871.58
23 862.0 450.61 -889.03
24 862.0 554.97 -489.86
25 862.0 559.74 -505.65
26 862.0 544.62 -918.88
27 862.0 316.95 -413.17
28 862.0 386.45 -677.68
29 862.0 413.37 -766.00
30 862.0 387.78 -376.81
31 862.0 388.65 -684.86
32 862.0 396.56 -376.91
33 862.0 784.45 -372.30
34 862.0 867.90 -585.53
35 862.0 922.74 -413.59
6 863.0 930.83 -408.53
7 863.0 935.74 -427.22
8 863.0 556.74 -495.53
9 863.0 539.45 -463.31
10 863.0 537.21 -456.15
11 863.0 534.99 -448.98
12 863.0 292.42 -423.39
13 863.0 266.69 -430.79
14 863.0 552.65 -483.01
15 863.0 391.39 -704.69
16 863.0 378.42 -662.78
17 863.0 395.87 -719.27
18 863.0 560.35 -467.00
19 863.0 276.06 -421.43
20 863.0 1017.76 -644.90
21 863.0 439.00 -851.09
22 863.0 443.34 -865.11
23 863.0 448.64 -882.58
24 863.0 554.97 -489.86
25 863.0 558.98 -503.09
26 863.0 551.43 -916.86
27 863.0 324.03 -411.11
28 863.0 386.45 -677.68
29 863.0 411.25 -758.84
30 863.0 378.29 -379.62
31 863.0 388.65 -684.86
32 863.0 385.77 -380.75
33 863.0 775.43 -373.50
34 863.0 865.41 -577.15
35 863.0 922.74 -413.59
6 864.0 921.01 -404.75
7 864.0 934.95 -418.39
8 864.0 556.74 -495.53
9 864.0 539.45 -463.31
10 864.0 537.21 -456.15
11 864.0 534.99 -448.98
12 864.0 294.20 -422.88
13 864.0 276.78 -427.89
14 864.0 552.65 -483.01
15 864.0 393.33 -710.99
16 864.0 378.42 -662.78
17 864.0 397.90 -725.90
18 864.0 558.10 -467.74
19 864.0 285.12 -418.83
20 864.0 1011.48 -646.80
21 864.0 437.07 -844.82
22 864.0 441.53 -859.25
23 864.0 446.73 -876.31
24 864.0 554.97 -489.86
25 864.0 558.89 -502.80
26 864.0 558.70 -914.61
27 864.0 332.80 -408.56
28 864.0 386.45 -677.68
29 864.0 409.22 -752.02
30 864.0 368.96 -382.38
31 864.0 388.65 -684.86
32 864.0 374.78 -384.00
33 864.0 767.38 -370.14
34 864.0 862.93 -568.79
35 864.0 922.74 -413.59
6 865.0 909.91 -401.48
7 865.0 934.55 -413.91
8 865.0 556.74 -495.53
9 865.0 539.45 -463.31
10 865.0 537.21 -456.15
11 865.0 534.99 -448.98
12 865.0 294.35 -422.84
13 865.0 283.01 -426.09
14 865.0 552.65 -483.01
15 865.0 395.15 -716.94
16 865.0 378.42 -662.78
17 865.0 399.81 -732.12
18 865.0 557.88 -467.81
19 865.0 290.83 -417.18
20 865.0 1005.79 -648.52
21 865.0 435.28 -839.04
22 865.0 439.69 -853.31
23 865.0 444.69 -869.59
24 865.0 554.97 -489.86
25 865.0 558.88 -502.74
26 865.0 565.67 -912.46
27 865.0 341.34 -406.08
28 865.0 386.45 -677.68
29 865.0 407.17 -745.18
30 865.0 359.32 -385.23
31 865.0 388.65 -684.86
32 865.0 362.99 -387.48
33 865.0 758.50 -368.12
34 865.0 860.38 -560.20
35 865.0 922.74 -413.59
6 866.0 899.43 -398.90
7 866.0 931.09 -408.66
8 866.0 556.74 -495.53
9 866.0 539.45 -463.31
10 866.0 537.21 -456.15
11 866.0 534.99 -448.98
12 866.0 294.41 -422.82
13 866.0 286.11 -425.20
14 866.0 552.65 -483.01
15 866.0 396.99 -722.91
16 866.0 378.42 -662.78
17 866.0 401.72 -738.35
18 866.0 557.86 -467.82
19 866.0 292.57 -416.69
20 866.0 1001.84 -649.72
21 866.0 433.50 -833.29
22 866.0 437.88 -847.46
23 866.0 442.75 -863.22
24 866.0 554.97 -489.86
25 866.0 558.87 -502.72
26 866.0 572.12 -910.47
27 866.0 350.20 -403.51
28 866.0 386.45 -677.68
29 866.0 404.93 -737.88
30 866.0 349.57 -388.12
31 866.0 388.65 -684.86
32 866.0 353.08 -390.42
33 866.0 750.10 -366.21
34 866.0 858.03 -552.28
35 866.0 922.74 -413.59
6 867.0 888.13 -396.04
7 867.0 922.81 -405.35
8 867.0 556.74 -495.53
9 867.0 539.45 -463.31
10 867.0 537.21 -456.15
11 867.0 534.99 -448.98
12 867.0 294.45 -422.81
13 867.0 286.87 -424.98
14 867.0 552.65 -483.01
15 867.0 399.02 -729.56
16 867.0 378.42 -662.78
17 867.0 403.55 -744.30
18 867.0 557.86 -467.82
19 867.0 292.69 -416.66
20 867.0 995.78 -651.72
21 867.0 431.62 -827.79
22 867.0 436.27 -842.26
23 867.0 440.89 -857.19
24 867.0 554.97 -489.86
25 867.0 558.87 -502.72
26 867.0 578.60 -908.49
27 867.0 359.63 -400.77
28 867.0 386.45 -677.68
29 867.0 402.93 -731.37
30 867.0 340.11 -390.92
31 867.0 388.65 -684.86
32 867.0 345.03 -392.80
33 867.0 741.86 -364.33
34 867.0 856.29 -546.43
35 867.0 922.74 -413.59
6 868.0 877.47 -393.46
7 868.0 912.18 -402.08
8 868.0 556.74 -495.53
9 868.0 539.45 -463.31
10 868.0 537.21 -456.15
11 868.0 534.99 -448.98
12 868.0 294.45 -422.81
13 868.0 287.29 -424.86
14 868.0 552.65 -483.01
15 868.0 400.79 -735.32
16 868.0 378.42 -662.78
17 868.0 405.60 -751.05
18 868.0 557.86 -467.82
19 868.0 292.69 -416.66
20 868.0 989.37 -653.02
21 868.0 427.68 -823.07
22 868.0 434.29 -835.84
23 868.0 439.10 -851.41
24 868.0 554.97 -489.86
25 868.0 558.87 -502.72
26 868.0 585.29 -906.44
27 868.0 367.97 -398.35
28 868.0 386.45 -677.68
29 868.0 400.65 -723.94
30 868.0 330.52 -393.75
31 868.0 388.65 -684.86
32 868.0 338.84 -394.63
33 868.0 732.62 -365.48
34 868.0 854.47 -539.23
35 868.0 922.74 -413.59
6 869.0 867.00 -391.06
7 869.0 900.87 -399.24
8 869.0 556.74 -495.53
9 869.0 539.45 -463.31
10 869.0 537.21 -456.15
11 869.0 534.99 -448.98
12 869.0 294.45 -422.81
13 869.0 287.30 -424.86
14 869.0 552.65 -483.01
15 869.0 403.14 -742.95
16 869.0 378.42 -662.78
17 869.0 407.45 -757.28
18 869.0 557.86 -467.82
19 869.0 292.70 -416.66
20 869.0 984.04 -655.03
21 869.0 421.93 -822.82
22 869.0 432.29 -829.39
23 869.0 437.18 -845.21
24 869.0 554.97 -489.86
25 869.0 558.87 -502.72
26 869.0 592.42 -904.25
27 869.0 376.82 -395.78
28 869.0 386.45 -677.68
29 869.0 398.40 -716.63
30 869.0 320.74 -395.25
31 869.0 388.65 -684.86
32 869.0 333.61 -392.84
33 869.0 723.98 -363.48
34 869.0 853.88 -532.03
35 869.0 922.74 -413.59
6 870.0 856.75 -388.70
7 870.0 890.27 -396.59
8 870.0 556.74 -495.53
9 870.0 540.18 -465.38
10 870.0 537.21 -456.15
11 870.0 534.99 -448.98
12 870.0 295.81 -422.42
13 870.0 287.30 -424.86
14 870.0 552.00 -481.12
15 870.0 405.02 -749.08
16 870.0 378.94 -664.26
17 870.0 409.31 -763.55
18 870.0 557.86 -467.82
19 870.0 294.91 -416.04
20 870.0 978.54 -656.82
21 870.0 415.60 -824.59
22 870.0 430.51 -825.46
23 870.0 435.22 -838.85
24 870.0 554.97 -489.86
25 870.0 558.87 -502.72
26 870.0 599.71 -902.02
27 870.0 385.92 -394.24
28 870.0 385.91 -675.98
29 870.0 396.38 -710.04
30 870.0 310.89 -398.06
31 870.0 388.65 -684.86
32 870.0 326.95 -394.81
33 870.0 715.83 -361.58
34 870.0 852.68 -525.35
35 870.0 922.74 -413.59
6 871.0 846.53 -386.36
7 871.0 879.65 -393.96
8 871.0 556.74 -495.53
9 871.0 541.66 -469.13
10 871.0 537.64 -457.52
11 871.0 534.99 -448.98
12 871.0 299.55 -421.42
13 871.0 288.56 -424.50
14 871.0 550.89 -477.73
15 871.0 406.72 -754.80
16 871.0 380.25 -667.12
17 871.0 411.13 -769.68
18 871.0 557.86 -467.82
19 871.0 299.09 -414.90
20 871.0 972.59 -658.68
21 871.0 409.73 -826.35
22 871.0 424.61 -822.42
23 871.0 433.68 -833.87
24 871.0 554.45 -488.29
25 871.0 558.87 -502.72
26 871.0 606.26 -900.01
27 871.0 395.02 -391.99
28 871.0 384.66 -672.00
29 871.0 394.21 -702.97
30 871.0 301.84 -400.94
31 871.0 388.23 -683.47
32 871.0 318.00 -395.85
33 871.0 707.26 -359.61
34 871.0 846.68 -521.08
35 871.0 922.74 -413.59
6 872.0 836.41 -380.75
7 872.0 868.53 -391.41
8 872.0 556.31 -494.07
9 872.0 544.25 -474.25
10 872.0 538.74 -461.02
11 872.0 535.31 -450.04
12 872.0 304.87 -422.31
13 872.0 291.69 -423.60
14 872.0 549.37 -473.11
15 872.0 408.43 -760.57
16 872.0 380.44 -667.42
17 872.0 412.88 -775.56
18 872.0 557.86 -467.82
19 872.0 304.77 -413.31
20 872.0 966.45 -660.39
21 872.0 403.49 -828.23
22 872.0 418.85 -823.63
23 872.0 431.48 -827.50
24 872.0 553.38 -485.10
25 872.0 558.87 -502.72
26 872.0 612.80 -898.01
27 872.0 403.32 -389.43
28 872.0 382.77 -666.00
29 872.0 392.08 -696.03
30 872.0 292.73 -403.79
31 872.0 387.30 -680.46
32 872.0 309.50 -398.49
33 872.0 699.20 -357.76
34 872.0 844.06 -513.66
35 872.0 922.74 -413.59
6 873.0 825.49 -378.25
7 873.0 857.70 -388.92
8 873.0 555.91 -491.86
9 873.0 547.81 -480.14
10 873.0 540.62 -466.49
11 873.0 536.34 -453.38
12 873.0 307.60 -428.11
13 873.0 296.45 -422.25
14 873.0 547.25 -466.63
15 873.0 410.44 -767.36
16 873.0 380.47 -667.44
17 873.0 414.64 -781.48
18 873.0 557.86 -467.82
19 873.0 311.81 -411.33
20 873.0 960.20 -662.13
21 873.0 396.87 -830.22
22 873.0 411.82 -825.72
23 873.0 427.14 -822.94
24 873.0 551.74 -481.01
25 873.0 558.45 -501.29
26 873.0 619.52 -895.95
27 873.0 412.96 -388.55
28 873.0 380.50 -658.55
29 873.0 390.37 -690.45
30 873.0 283.89 -406.47
31 873.0 385.80 -675.62
32 873.0 301.04 -401.20
33 873.0 690.74 -355.82
34 873.0 841.23 -504.51
35 873.0 922.74 -413.59
6 874.0 814.30 -375.68
7 874.0 846.24 -386.29
8 874.0 556.99 -486.60
9 874.0 550.70 -487.13
10 874.0 543.07 -472.15
11 874.0 537.77 -457.95
12 874.0 309.82 -435.21
13 874.0 298.36 -421.74
14 874.0 545.13 -460.03
15 874.0 412.00 -772.60
16 874.0 380.48 -667.45
17 874.0 416.73 -788.52
18 874.0 557.86 -467.82
19 874.0 321.32 -408.56
20 874.0 954.80 -663.62
21 874.0 390.70 -832.07
22 874.0 405.54 -827.62
23 874.0 421.04 -822.96
24 874.0 549.94 -477.68
25 874.0 557.46 -497.94
26 874.0 626.78 -893.71
27 874.0 421.96 -386.64
28 874.0 378.32 -651.21
29 874.0 388.66 -684.90
30 874.0 274.78 -409.23
31 874.0 383.84 -669.41
32 874.0 292.47 -403.87
33 874.0 682.63 -353.96
34 874.0 838.70 -496.28
35 874.0 922.74 -413.59
6 875.0 803.38 -373.21
7 875.0 834.52 -383.60
8 875.0 554.98 -479.54
9 875.0 552.73 -493.33
10 875.0 547.31 -479.24
11 875.0 539.45 -463.33
12 875.0 312.24 -443.10
13 875.0 298.62 -421.67
14 875.0 542.81 -452.62
15 875.0 414.24 -780.15
16 875.0 380.49 -667.46
17 875.0 418.52 -794.55
18 875.0 557.86 -467.82
19 875.0 331.09 -405.72
20 875.0 949.09 -664.51
21 875.0 385.22 -833.71
22 875.0 399.34 -829.48
23 875.0 415.28 -824.69
24 875.0 548.83 -476.69
25 875.0 556.30 -494.03
26 875.0 633.51 -891.63
27 875.0 430.58 -383.60
28 875.0 376.11 -643.76
29 875.0 386.69 -678.45
30 875.0 266.00 -411.89
31 875.0 381.60 -662.27
32 875.0 283.41 -406.61
33 875.0 674.39 -352.07
34 875.0 836.04 -487.60
35 875.0 922.74 -413.59
6 876.0 792.18 -370.74
7 876.0 823.75 -381.13
8 876.0 555.03 -473.67
9 876.0 554.55 -499.41
10 876.0 549.80 -484.55
11 876.0 542.04 -470.11
12 876.0 314.35 -450.01
13 876.0 300.17 -421.31
14 876.0 540.50 -445.11
15 876.0 415.89 -785.70
16 876.0 380.49 -667.46
17 876.0 420.41 -800.93
18 876.0 557.86 -467.82
19 876.0 340.95 -402.86
20 876.0 943.38 -664.04
21 876.0 378.60 -835.69
22 876.0 393.58 -831.20
23 876.0 408.82 -826.63
24 876.0 548.80 -476.67
25 876.0 554.76 -489.24
26 876.0 639.70 -889.72
27 876.0 439.47 -380.61
28 876.0 373.92 -636.38
29 876.0 384.36 -671.04
30 876.0 256.78 -414.69
31 876.0 379.63 -655.61
32 876.0 274.97 -409.17
33 876.0 665.64 -350.06
34 876.0 833.24 -478.46
35 876.0 922.74 -413.59
6 877.0 781.63 -368.41
7 877.0 812.72 -378.60
8 877.0 559.94 -470.51
9 877.0 556.48 -505.93
10 877.0 552.23 -491.78
11 877.0 545.40 -476.22
12 877.0 316.50 -457.04
13 877.0 304.14 -421.63
14 877.0 538.29 -437.94
15 877.0 417.68 -791.73
16 877.0 380.49 -667.46
17 877.0 422.23 -807.07
18 877.0 557.86 -467.82
19 877.0 350.80 -400.00
20 877.0 938.16 -661.48
21 877.0 372.85 -837.41
22 877.0 386.42 -833.35
23 877.0 402.43 -828.55
24 877.0 548.79 -476.67
25 877.0 553.08 -484.25
26 877.0 646.73 -887.55
27 877.0 448.26 -378.01
28 877.0 371.84 -629.40
29 877.0 382.38 -664.77
30 877.0 247.58 -417.48
31 877.0 377.52 -648.53
32 877.0 265.65 -412.00
33 877.0 656.48 -347.95
34 877.0 830.38 -470.46
35 877.0 922.74 -413.59
6 878.0 771.14 -364.54
7 878.0 801.55 -376.08
8 878.0 567.07 -468.15
9 878.0 558.43 -512.52
10 878.0 553.81 -496.88
11 878.0 549.29 -483.10
12 878.0 318.61 -463.91
13 878.0 307.13 -426.58
14 878.0 536.55 -431.20
15 878.0 419.57 -798.10
16 878.0 380.49 -667.46
17 878.0 424.32 -814.09
18 878.0 557.86 -467.82
19 878.0 360.79 -397.10
20 878.0 933.32 -657.87
21 878.0 366.59 -839.28
22 878.0 381.57 -834.80
23 878.0 396.41 -830.35
24 878.0 548.78 -476.66
25 878.0 552.66 -483.06
26 878.0 653.20 -885.55
27 878.0 457.58 -375.26
28 878.0 369.92 -622.92
29 878.0 380.10 -657.21
30 878.0 238.01 -420.38
31 878.0 375.32 -641.11
32 878.0 256.00 -414.93
33 878.0 647.43 -345.87
34 878.0 827.30 -463.77
35 878.0 922.74 -413.59
6 879.0 760.39 -361.98
7 879.0 790.77 -373.70
8 879.0 574.02 -465.94
9 879.0 560.40 -519.16
10 879.0 555.91 -503.99
11 879.0 551.45 -489.38
12 879.0 320.85 -471.19
13 879.0 309.62 -434.53
14 879.0 536.96 -423.23
15 879.0 421.83 -805.71
16 879.0 381.92 -668.77
17 879.0 425.10 -818.96
18 879.0 557.86 -467.82
19 879.0 370.77 -394.20
20 879.0 928.42 -653.32
21 879.0 360.07 -841.24
22 879.0 374.66 -836.87
23 879.0 391.20 -831.92
24 879.0 546.72 -475.11
25 879.0 552.63 -482.97
26 879.0 659.97 -883.46
27 879.0 466.66 -372.58
28 879.0 367.94 -616.25
29 879.0 377.88 -649.72
30 879.0 228.49 -423.27
31 879.0 373.28 -634.25
32 879.0 246.94 -417.67
33 879.0 638.74 -343.91
34 879.0 828.49 -455.27
35 879.0 922.74 -413.59
6 880.0 749.54 -359.51
7 880.0 780.03 -371.33
8 880.0 581.93 -463.46
9 880.0 562.33 -525.67
10 880.0 558.04 -511.20
11 880.0 553.47 -495.74
12 880.0 322.99 -478.15
13 880.0 311.86 -441.86
14 880.0 534.61 -416.36
15 880.0 423.37 -810.90
16 880.0 385.32 -670.19
17 880.0 422.13 -822.47
18 880.0 557.86 -467.82
19 880.0 380.78 -391.37
20 880.0 923.49 -648.76
21 880.0 354.27 -842.98
22 880.0 368.72 -838.65
23 880.0 385.24 -833.70
24 880.0 542.46 -474.03
25 880.0 551.83 -481.17
26 880.0 666.11 -880.53
27 880.0 475.76 -369.89
28 880.0 365.95 -609.56
29 880.0 375.72 -642.45
30 880.0 218.61 -426.27
31 880.0 371.35 -627.76
32 880.0 238.03 -420.38
33 880.0 629.54 -341.84
34 880.0 830.46 -446.70
35 880.0 922.74 -413.59
6 881.0 739.26 -357.17
7 881.0 769.73 -367.41
8 881.0 589.83 -460.86
9 881.0 564.22 -532.00
10 881.0 559.89 -517.45
11 881.0 555.74 -503.41
12 881.0 325.06 -484.99
13 881.0 314.20 -449.52
14 881.0 532.37 -409.81
15 881.0 424.76 -815.59
16 881.0 390.57 -669.49
17 881.0 417.67 -823.98
18 881.0 557.86 -467.82
19 881.0 390.54 -390.02
20 881.0 918.72 -644.33
21 881.0 348.17 -844.81
22 881.0 363.02 -840.35
23 881.0 379.47 -835.43
24 881.0 536.37 -474.71
25 881.0 549.88 -477.58
26 881.0 670.05 -874.76
27 881.0 484.82 -367.21
28 881.0 363.97 -602.92
29 881.0 373.92 -636.38
30 881.0 212.11 -427.63
31 881.0 369.42 -621.24
32 881.0 228.31 -423.32
33 881.0 620.28 -339.76
34 881.0 832.29 -438.46
35 881.0 922.74 -413.59
6 882.0 728.92 -354.77
7 882.0 758.63 -364.86
8 882.0 597.42 -458.40
9 882.0 566.42 -539.04
10 882.0 561.56 -523.10
11 882.0 557.53 -509.46
12 882.0 327.15 -491.91
13 882.0 316.74 -457.82
14 882.0 530.10 -402.99
15 882.0 424.85 -819.97
16 882.0 397.45 -667.41
17 882.0 411.58 -825.80
18 882.0 557.86 -467.82
19 882.0 400.02 -387.10
20 882.0 914.39 -640.32
21 882.0 342.62 -846.47
22 882.0 356.40 -842.34
23 882.0 373.52 -837.21
24 882.0 531.30 -476.13
25 882.0 545.13 -474.50
26 882.0 669.62 -867.75
27 882.0 493.89 -364.53
28 882.0 362.04 -596.47
29 882.0 371.94 -629.72
30 882.0 204.40 -424.89
31 882.0 367.28 -614.03
32 882.0 221.01 -425.54
33 882.0 612.25 -337.96
34 882.0 834.27 -429.54
35 882.0 922.74 -413.59
6 883.0 718.61 -352.37
7 883.0 747.34 -362.29
8 883.0 604.77 -456.02
9 883.0 568.73 -546.41
10 883.0 563.59 -529.96
11 883.0 559.01 -514.47
12 883.0 329.56 -499.70
13 883.0 318.92 -464.94
14 883.0 527.42 -396.47
15 883.0 419.27 -823.50
16 883.0 406.13 -664.78
17 883.0 405.09 -827.75
18 883.0 557.86 -467.82
19 883.0 410.31 -385.01
20 883.0 909.43 -635.72
21 883.0 338.40 -847.67
22 883.0 351.10 -843.93
23 883.0 367.73 -838.94
24 883.0 523.07 -478.64
25 883.0 538.02 -474.42
26 883.0 667.73 -861.29
27 883.0 502.68 -361.94
28 883.0 359.80 -589.07
29 883.0 370.00 -623.19
30 883.0 200.82 -417.95
31 883.0 365.19 -607.00
32 883.0 213.28 -427.44
33 883.0 603.77 -336.07
34 883.0 836.18 -420.91
35 883.0 922.74 -413.59
6 884.0 707.95 -349.92
7 884.0 736.03 -359.70
8 884.0 612.43 -453.48
9 884.0 570.91 -553.39
10 884.0 565.85 -537.20
11 884.0 560.92 -520.91
12 884.0 331.99 -507.55
13 884.0 321.17 -472.25
14 884.0 524.44 -389.94
15 884.0 413.58 -825.20
16 884.0 414.20 -662.34
17 884.0 399.17 -829.53
18 884.0 557.86 -467.82
19 884.0 419.92 -383.96
20 884.0 904.72 -631.35
21 884.0 334.17 -847.33
22 884.0 347.43 -845.03
23 884.0 361.85 -840.71
24 884.0 515.96 -480.81
25 884.0 533.88 -475.34
26 884.0 665.59 -853.98
27 884.0 510.06 -360.02
28 884.0 357.52 -581.75
29 884.0 368.01 -616.50
30 884.0 197.22 -409.59
31 884.0 363.30 -600.65
32 884.0 205.50 -425.67
33 884.0 594.71 -334.04
34 884.0 837.85 -414.00
35 884.0 922.74 -413.59
6 885.0 697.21 -347.45
7 885.0 725.46 -357.25
8 885.0 620.12 -450.84
9 885.0 573.06 -560.29
10 885.0 568.29 -545.02
11 885.0 563.23 -528.74
12 885.0 334.22 -514.76
13 885.0 323.41 -479.49
14 885.0 521.05 -383.21
15 885.0 407.23 -827.11
16 885.0 422.58 -659.80
17 885.0 392.13 -831.64
18 885.0 557.86 -467.82
19 885.0 429.60 -380.56
20 885.0 900.44 -627.38
21 885.0 331.51 -843.12
22 885.0 342.56 -846.49
23 885.0 356.82 -842.21
24 885.0 508.21 -483.03
25 885.0 527.32 -477.34
26 885.0 663.63 -847.27
27 885.0 514.19 -359.58
28 885.0 355.50 -575.23
29 885.0 365.79 -609.01
30 885.0 194.40 -402.58
31 885.0 361.24 -593.82
32 885.0 201.14 -418.67
33 885.0 585.65 -332.01
34 885.0 844.00 -407.46
35 885.0 922.74 -413.59
6 886.0 686.76 -345.05
7 886.0 714.73 -354.76
8 886.0 627.16 -448.37
9 886.0 575.12 -566.86
10 886.0 570.37 -551.67
11 886.0 565.41 -535.78
12 886.0 336.64 -522.61
13 886.0 325.72 -487.21
14 886.0 518.52 -375.50
15 886.0 399.91 -829.30
16 886.0 430.49 -657.41
17 886.0 386.09 -833.45
18 886.0 557.86 -467.82
19 886.0 439.75 -377.19
20 886.0 895.66 -622.96
21 886.0 329.64 -836.94
22 886.0 337.36 -847.83
23 886.0 351.99 -843.66
24 886.0 500.00 -485.18
25 886.0 520.93 -479.29
26 886.0 661.76 -840.95
27 886.0 516.64 -362.29
28 886.0 353.22 -567.89
29 886.0 363.92 -602.75
30 886.0 191.95 -396.44
31 886.0 359.17 -587.07
32 886.0 197.93 -411.27
33 886.0 577.09 -330.09
34 886.0 852.55 -402.89
35 886.0 922.74 -413.59
6 887.0 675.96 -342.57
7 887.0 703.66 -352.22
8 887.0 634.88 -445.53
9 887.0 577.28 -573.76
10 887.0 572.44 -558.30
11 887.0 567.52 -542.55
12 887.0 338.05 -527.17
13 887.0 328.03 -494.74
14 887.0 519.01 -368.25
15 887.0 394.38 -830.96
16 887.0 438.88 -654.87
17 887.0 379.42 -835.44
18 887.0 557.86 -467.82
19 887.0 449.06 -374.44
20 887.0 891.18 -618.47
21 887.0 327.62 -830.46
22 887.0 333.01 -846.30
23 887.0 346.52 -845.30
24 887.0 492.77 -487.30
25 887.0 514.89 -481.13
26 887.0 659.85 -834.60
27 887.0 520.13 -364.88
28 887.0 351.12 -560.83
29 887.0 362.00 -596.34
30 887.0 190.00 -392.10
31 887.0 356.87 -579.63
32 887.0 195.09 -404.31
33 887.0 567.98 -328.05
34 887.0 863.38 -402.14
35 887.0 922.74 -413.59
6 888.0 664.85 -340.02
7 888.0 693.58 -346.62
8 888.0 642.24 -441.50
9 888.0 579.42 -580.64
10 888.0 574.57 -565.12
11 888.0 569.84 -549.98
12 888.0 339.83 -533.12
13 888.0 330.59 -503.04
14 888.0 520.92 -362.41
15 888.0 387.59 -833.00
16 888.0 446.70 -652.51
17 888.0 373.43 -837.24
18 888.0 557.86 -467.82
19 888.0 458.72 -371.58
20 888.0 886.51 -613.71
21 888.0 325.65 -824.24
22 888.0 330.84 -840.89
23 888.0 341.13 -846.92
24 888.0 485.23 -489.83
25 888.0 507.96 -483.10
26 888.0 657.83 -827.92
27 888.0 520.47 -371.10
28 888.0 349.08 -553.63
29 888.0 359.87 -589.31
30 888.0 188.58 -390.41
31 888.0 354.93 -573.38
32 888.0 193.16 -399.49
33 888.0 559.79 -330.90
34 888.0 876.61 -401.96
35 888.0 922.74 -413.59
6 889.0 653.88 -337.50
7 889.0 682.51 -344.08
8 889.0 648.41 -437.42
9 889.0 581.72 -587.97
10 889.0 576.73 -572.01
11 889.0 572.13 -557.29
12 889.0 342.10 -540.78
13 889.0 333.16 -511.34
14 889.0 521.59 -360.42
15 889.0 381.15 -834.92
16 889.0 455.61 -649.83
17 889.0 366.76 -839.23
18 889.0 557.86 -467.82
19 889.0 469.04 -368.54
20 889.0 882.36 -609.49
21 889.0 323.86 -818.55
22 889.0 328.61 -833.59
23 889.0 335.90 -847.88
24 889.0 477.08 -492.38
25 889.0 501.68 -484.74
26 889.0 655.70 -820.83
27 889.0 520.86 -378.19
28 889.0 347.04 -546.41
29 889.0 357.64 -582.11
30 889.0 186.69 -390.78
31 889.0 352.71 -566.22
32 889.0 192.20 -397.09
33 889.0 552.41 -331.96
34 889.0 888.89 -404.79
35 889.0 922.74 -413.59
6 890.0 643.00 -335.03
7 890.0 671.18 -341.48
8 890.0 654.52 -433.62
9 890.0 583.85 -594.80
10 890.0 579.18 -579.85
11 890.0 574.32 -564.32
12 890.0 344.41 -548.87
13 890.0 335.69 -519.51
14 890.0 522.74 -357.02
15 890.0 375.04 -836.75
16 890.0 463.50 -647.44
17 890.0 360.87 -841.00
18 890.0 557.86 -467.82
19 890.0 478.55 -365.73
20 890.0 877.71 -604.76
21 890.0 322.21 -812.85
22 890.0 326.85 -828.02
23 890.0 332.30 -845.04
24 890.0 469.19 -494.77
25 890.0 495.51 -486.38
26 890.0 653.68 -814.15
27 890.0 521.21 -384.76
28 890.0 346.06 -542.94
29 890.0 355.32 -574.65
30 890.0 184.08 -394.60
31 890.0 350.63 -559.11
32 890.0 191.59 -395.55
33 890.0 544.17 -333.67
34 890.0 901.22 -407.64
35 890.0 922.74 -413.59
6 891.0 632.22 -332.61
7 891.0 659.96 -338.90
8 891.0 662.07 -430.58
9 891.0 585.56 -600.26
10 891.0 581.25 -586.49
11 891.0 576.76 -572.10
12 891.0 346.42 -555.94
13 891.0 337.68 -525.95
14 891.0 524.34 -352.30
15 891.0 369.75 -838.34
16 891.0 471.61 -644.98
17 891.0 354.71 -842.84
18 891.0 557.86 -467.82
19 891.0 488.67 -362.73
20 891.0 873.76 -600.72
21 891.0 320.51 -806.97
22 891.0 325.03 -822.26
23 891.0 330.79 -840.72
24 891.0 461.87 -496.98
25 891.0 489.71 -488.33
26 891.0 651.77 -807.80
27 891.0 521.59 -391.66
28 891.0 344.36 -537.14
29 891.0 353.01 -567.20
30 891.0 186.10 -399.06
31 891.0 348.88 -552.92
32 891.0 190.42 -392.90
33 891.0 535.84 -336.05
34 891.0 911.35 -410.01
35 891.0 922.74 -413.59
6 892.0 621.24 -330.15
7 892.0 648.78 -336.33
8 892.0 670.31 -429.16
9 892.0 585.59 -605.85
10 892.0 582.89 -591.71
11 892.0 578.71 -578.34
12 892.0 348.58 -563.58
13 892.0 339.92 -533.41
14 892.0 526.69 -345.32
15 892.0 363.99 -840.06
16 892.0 480.15 -642.40
17 892.0 347.99 -844.86
18 892.0 557.86 -467.82
19 892.0 498.21 -359.92
20 892.0 870.87 -595.55
21 892.0 318.87 -801.56
22 892.0 323.03 -815.76
23 892.0 328.74 -833.99
24 892.0 453.93 -499.39
25 892.0 483.95 -490.26
26 892.0 649.89 -801.62
27 892.0 522.13 -398.85
28 892.0 342.29 -530.13
29 892.0 351.25 -561.31
30 892.0 188.44 -404.92
31 892.0 347.01 -546.30
32 892.0 188.02 -390.12
33 892.0 529.41 -337.88
34 892.0 917.93 -412.07
35 892.0 922.74 -413.59
6 893.0 610.14 -327.66
7 893.0 638.00 -333.91
8 893.0 677.77 -429.71
9 893.0 580.53 -608.70
10 893.0 584.75 -597.67
11 893.0 580.19 -583.09
12 893.0 350.93 -571.26
13 893.0 342.13 -540.88
14 893.0 527.63 -342.55
15 893.0 357.27 -842.08
16 893.0 488.82 -639.78
17 893.0 341.83 -846.71
18 893.0 557.86 -467.82
19 893.0 508.33 -357.16
20 893.0 869.29 -590.20
21 893.0 316.91 -795.13
22 893.0 321.38 -809.93
23 893.0 326.61 -827.27
24 893.0 446.82 -501.54
25 893.0 477.33 -492.30
26 893.0 647.86 -794.89
27 893.0 524.06 -405.13
28 893.0 340.21 -523.32
29 893.0 349.51 -555.15
30 893.0 191.32 -412.05
31 893.0 346.08 -543.01
32 893.0 186.51 -391.97
33 893.0 523.83 -339.59
34 893.0 919.91 -412.74
35 893.0 922.74 -413.59
6 894.0 599.49 -325.28
7 894.0 626.56 -331.34
8 894.0 685.43 -431.32
9 894.0 574.16 -610.63
10 894.0 586.18 -603.20
11 894.0 582.00 -588.87
12 894.0 353.06 -578.17
13 894.0 344.27 -548.35
14 894.0 527.88 -341.80
15 894.0 350.46 -844.12
16 894.0 496.74 -637.38
17 894.0 336.20 -847.95
18 894.0 557.86 -467.82
19 894.0 518.68 -354.83
20 894.0 867.57 -584.42
21 894.0 315.18 -789.48
22 894.0 319.28 -802.93
23 894.0 324.73 -821.32
24 894.0 439.67 -503.70
25 894.0 471.29 -494.13
26 894.0 645.93 -788.51
27 894.0 526.21 -411.60
28 894.0 338.19 -516.76
29 894.0 348.21 -550.55
30 894.0 194.43 -419.36
31 894.0 344.65 -538.12
32 894.0 184.83 -396.01
33 894.0 520.30 -341.39
34 894.0 919.93 -412.75
35 894.0 922.74 -413.59
6 895.0 588.66 -322.85
7 895.0 615.99 -328.97
8 895.0 693.59 -433.00
9 895.0 567.03 -612.78
10 895.0 582.80 -607.91
11 895.0 583.75 -594.48
12 895.0 355.31 -585.41
13 895.0 346.46 -556.08
14 895.0 528.77 -338.63
15 895.0 344.71 -845.85
16 895.0 505.08 -634.86
17 895.0 332.22 -844.88
18 895.0 557.86 -467.82
19 895.0 529.33 -352.52
20 895.0 865.73 -578.23
21 895.0 313.29 -783.30
22 895.0 317.55 -797.24
23 895.0 322.87 -815.19
24 895.0 432.23 -505.94
25 895.0 464.39 -496.22
26 895.0 643.73 -781.25
27 895.0 528.42 -418.05
28 895.0 336.20 -510.34
29 895.0 347.09 -546.59
30 895.0 195.92 -422.80
31 895.0 342.62 -531.24
32 895.0 186.72 -400.62
33 895.0 517.10 -341.12
34 895.0 919.93 -412.75
35 895.0 922.74 -413.59
6 896.0 577.92 -320.45
7 896.0 605.18 -326.55
8 896.0 701.85 -434.69
9 896.0 560.50 -614.76
10 896.0 576.47 -609.93
11 896.0 585.79 -601.00
12 896.0 357.67 -593.10
13 896.0 348.56 -563.49
14 896.0 527.44 -335.12
15 896.0 340.34 -847.16
16 896.0 513.65 -632.27
17 896.0 330.49 -839.74
18 896.0 557.86 -467.82
19 896.0 538.23 -348.17
20 896.0 863.92 -572.13
21 896.0 311.37 -777.05
22 896.0 315.86 -791.68
23 896.0 321.17 -809.20
24 896.0 423.99 -508.42
25 896.0 458.54 -497.99
26 896.0 641.85 -775.02
27 896.0 530.68 -424.66
28 896.0 334.15 -503.71
29 896.0 346.07 -542.95
30 896.0 198.02 -428.39
31 896.0 340.63 -524.65
32 896.0 189.41 -407.33
33 896.0 516.83 -343.83
34 896.0 919.93 -412.75
35 896.0 922.74 -413.59
6 897.0 567.31 -318.57
7 897.0 593.97 -324.04
8 897.0 709.88 -436.49
9 897.0 553.65 -616.83
10 897.0 569.78 -611.95
11 897.0 585.02 -606.47
12 897.0 359.97 -600.67
13 897.0 350.92 -571.24
14 897.0 521.27 -337.53
15 897.0 334.84 -847.61
16 897.0 522.09 -629.72
17 897.0 328.67 -833.78
18 897.0 557.86 -467.82
19 897.0 547.35 -345.97
20 897.0 862.33 -566.75
21 897.0 309.55 -771.02
22 897.0 313.87 -785.19
23 897.0 319.36 -803.18
24 897.0 416.54 -510.65
25 897.0 452.15 -499.92
26 897.0 639.98 -768.61
27 897.0 530.70 -431.12
28 897.0 332.02 -496.81
29 897.0 344.44 -537.40
30 897.0 200.57 -435.29
31 897.0 338.34 -517.27
32 897.0 192.59 -415.09
33 897.0 516.44 -347.85
34 897.0 919.93 -412.75
35 897.0 922.74 -413.59
6 898.0 556.46 -321.74
7 898.0 583.14 -321.62
8 898.0 717.35 -439.67
9 898.0 546.77 -618.91
10 898.0 562.67 -614.10
11 898.0 579.34 -609.06
12 898.0 362.00 -607.49
13 898.0 353.38 -579.20
14 898.0 513.81 -340.45
15 898.0 331.24 -842.21
16 898.0 530.13 -627.28
17 898.0 326.78 -827.80
18 898.0 557.86 -467.82
19 898.0 557.26 -344.40
20 898.0 860.60 -560.96
21 898.0 307.80 -765.23
22 898.0 312.16 -779.61
23 898.0 317.42 -796.80
24 898.0 408.46 -513.07
25 898.0 445.78 -501.85
26 898.0 638.08 -762.27
27 898.0 531.41 -437.32
28 898.0 329.76 -489.50
29 898.0 342.33 -530.27
30 898.0 203.39 -442.47
31 898.0 336.29 -510.62
32 898.0 195.13 -420.89
33 898.0 516.58 -353.84
34 898.0 919.93 -412.75
35 898.0 922.74 -413.59
6 899.0 544.76 -323.54
7 899.0 571.91 -319.10
8 899.0 722.67 -445.90
9 899.0 539.39 -621.14
10 899.0 556.00 -616.12
11 899.0 571.52 -611.43
12 899.0 364.05 -614.40
13 899.0 355.93 -587.42
14 899.0 504.29 -343.32
15 899.0 329.45 -836.33
16 899.0 538.73 -624.68
17 899.0 324.90 -821.85
18 899.0 557.86 -467.82
19 899.0 567.66 -343.70
20 899.0 859.01 -555.57
21 899.0 306.08 -759.58
22 899.0 310.34 -773.63
23 899.0 315.53 -790.61
24 899.0 400.89 -515.35
25 899.0 439.49 -503.75
26 899.0 636.27 -756.19
27 899.0 533.50 -444.14
28 899.0 327.49 -481.99
29 899.0 340.31 -523.63
30 899.0 207.19 -449.90
31 899.0 334.31 -504.23
32 899.0 198.04 -428.46
33 899.0 516.77 -360.42
34 899.0 919.93 -412.75
35 899.0 922.74 -413.59
6 900.0 533.93 -326.60
7 900.0 560.67 -321.44
8 900.0 725.48 -453.28
9 900.0 532.29 -623.29
10 900.0 548.88 -618.27
11 900.0 564.24 -613.63
12 900.0 366.42 -622.38
13 900.0 358.13 -594.60
14 900.0 494.90 -346.22
15 900.0 327.68 -830.66
16 900.0 547.56 -622.01
17 900.0 322.93 -815.39
18 900.0 557.86 -467.82
19 900.0 578.18 -344.34
20 900.0 857.40 -550.15
21 900.0 304.37 -753.95
22 900.0 308.50 -767.54
23 900.0 313.49 -783.94
24 900.0 392.98 -517.71
25 900.0 433.19 -505.65
26 900.0 634.17 -749.14
27 900.0 535.65 -451.12
28 900.0 325.23 -474.55
29 900.0 338.07 -516.37
30 900.0 211.26 -457.56
31 900.0 332.30 -497.72
32 900.0 201.33 -437.35
33 900.0 516.96 -365.63
34 900.0 919.93 -412.75
35 900.0 922.74 -413.59
6 901.0 523.49 -329.81
7 901.0 547.78 -322.89
8 901.0 727.95 -460.61
9 901.0 525.15 -625.46
10 901.0 540.79 -620.72
11 901.0 556.72 -615.90
12 901.0 368.60 -629.70
13 901.0 360.43 -602.23
14 901.0 485.10 -349.26
15 901.0 325.48 -823.67
16 901.0 555.97 -619.47
17 901.0 321.14 -809.07
18 901.0 557.86 -467.82
19 901.0 588.90 -346.48
20 901.0 855.40 -543.69
21 901.0 302.52 -747.89
22 901.0 307.05 -762.76
23 901.0 311.58 -777.71
24 901.0 385.84 -519.86
25 901.0 426.53 -507.65
26 901.0 632.29 -742.93
27 901.0 537.69 -457.68
28 901.0 323.25 -468.11
29 901.0 335.76 -508.90
30 901.0 213.95 -466.95
31 901.0 330.00 -490.29
32 901.0 204.97 -445.92
33 901.0 517.29 -371.62
34 901.0 919.93 -412.75
35 901.0 922.74 -413.59
6 902.0 513.36 -333.80
7 902.0 535.99 -326.02
8 902.0 730.39 -468.47
9 902.0 517.85 -627.67
10 902.0 533.37 -622.96
11 902.0 549.27 -618.15
12 902.0 370.77 -637.01
13 902.0 362.90 -610.52
14 902.0 475.62 -352.19
15 902.0 323.52 -817.48
16 902.0 564.04 -617.03
17 902.0 319.13 -802.42
18 902.0 557.86 -467.82
19 902.0 598.35 -348.58
20 902.0 854.04 -537.76
21 902.0 300.51 -741.28
22 902.0 305.25 -756.83
23 902.0 310.04 -772.66
24 902.0 378.13 -522.19
25 902.0 420.73 -509.40
26 902.0 630.38 -736.67
27 902.0 539.73 -464.25
28 902.0 321.18 -461.36
29 902.0 333.45 -501.45
30 902.0 216.70 -476.84
31 902.0 327.89 -483.29
32 902.0 210.33 -455.50
33 902.0 517.64 -378.07
34 902.0 919.93 -412.75
35 902.0 922.74 -413.59
6 903.0 502.42 -337.20
7 903.0 525.35 -329.07
8 903.0 733.34 -475.87
9 903.0 510.48 -629.89
10 903.0 526.43 -625.07
11 903.0 542.12 -620.32
12 903.0 372.81 -643.91
13 903.0 365.05 -617.74
14 903.0 465.51 -351.97
15 903.0 321.63 -810.81
16 903.0 572.77 -614.39
17 903.0 317.20 -796.06
18 903.0 557.86 -467.82
19 903.0 608.19 -350.79
20 903.0 853.82 -532.66
21 903.0 298.80 -735.66
22 903.0 303.16 -749.99
23 903.0 308.17 -766.45
24 903.0 369.89 -524.72
25 903.0 414.91 -511.14
26 903.0 628.53 -730.58
27 903.0 542.09 -470.24
28 903.0 319.13 -454.68
29 903.0 331.22 -494.23
30 903.0 219.45 -486.37
31 903.0 325.73 -476.19
32 903.0 213.25 -464.35
33 903.0 517.98 -384.23
34 903.0 919.93 -412.75
35 903.0 922.74 -413.59
6 904.0 491.64 -340.53
7 904.0 514.44 -333.37
8 904.0 738.61 -481.96
9 904.0 503.84 -631.90
10 904.0 518.55 -627.45
11 904.0 535.10 -622.44
12 904.0 374.94 -651.06
13 904.0 367.41 -625.72
14 904.0 456.00 -354.91
15 904.0 319.68 -804.24
16 904.0 579.80 -612.26
17 904.0 315.23 -789.64
18 904.0 557.86 -467.82
19 904.0 618.45 -353.08
20 904.0 853.90 -528.24
21 904.0 297.00 -729.75
22 904.0 301.44 -744.34
23 904.0 306.19 -759.93
24 904.0 362.12 -527.16
25 904.0 409.15 -512.87
26 904.0 626.42 -723.60
27 904.0 545.44 -476.28
28 904.0 317.03 -447.82
29 904.0 329.08 -487.26
30 904.0 221.86 -494.60
31 904.0 323.63 -469.36
32 904.0 216.07 -474.67
33 904.0 518.36 -391.11
34 904.0 919.93 -412.75
35 904.0 922.74 -413.59
6 905.0 480.52 -343.97
7 905.0 503.17 -336.96
8 905.0 745.90 -485.12
9 905.0 497.36 -633.86
10 905.0 512.58 -629.26
11 905.0 527.78 -624.66
12 905.0 377.15 -658.52
13 905.0 369.71 -633.47
14 905.0 446.60 -357.74
15 905.0 317.73 -797.83
16 905.0 583.47 -610.81
17 905.0 313.33 -783.44
18 905.0 557.86 -467.82
19 905.0 629.10 -355.55
20 905.0 850.95 -524.31
21 905.0 295.30 -724.15
22 905.0 299.47 -737.86
23 905.0 304.08 -752.99
24 905.0 354.74 -529.53
25 905.0 402.87 -514.75
26 905.0 624.36 -716.75
27 905.0 548.81 -482.15
28 905.0 315.05 -441.34
29 905.0 326.87 -479.90
30 905.0 223.94 -501.56
31 905.0 321.54 -462.56
32 905.0 218.89 -484.42
33 905.0 518.71 -397.36
34 905.0 919.93 -412.75
35 905.0 922.74 -413.59
6 906.0 470.02 -347.22
7 906.0 492.25 -340.34
8 906.0 754.15 -485.96
9 906.0 490.09 -636.06
10 906.0 505.92 -631.27
11 906.0 521.09 -626.69
12 906.0 379.47 -666.19
13 906.0 372.19 -641.82
14 906.0 436.82 -360.64
15 906.0 315.89 -791.79
16 906.0 582.36 -608.27
17 906.0 311.39 -777.10
18 906.0 557.86 -467.82
19 906.0 639.59 -358.00
20 906.0 846.89 -521.40
21 906.0 293.59 -718.54
22 906.0 297.90 -732.71
23 906.0 302.26 -747.03
24 906.0 350.13 -530.98
25 906.0 396.52 -516.65
26 906.0 622.36 -710.10
27 906.0 551.00 -488.02
28 906.0 312.94 -434.45
29 906.0 324.81 -473.17
30 906.0 225.82 -507.82
31 906.0 319.61 -456.25
32 906.0 221.30 -492.68
33 906.0 520.42 -404.28
34 906.0 919.93 -412.75
35 906.0 922.74 -413.59
6 907.0 459.21 -350.57
7 907.0 481.09 -343.80
8 907.0 762.10 -484.00
9 907.0 482.74 -638.28
10 907.0 498.23 -633.60
11 907.0 514.11 -628.80
12 907.0 381.91 -673.94
13 907.0 374.43 -649.36
14 907.0 427.19 -363.49
15 907.0 313.93 -785.39
16 907.0 579.46 -609.03
17 907.0 309.30 -770.19
18 907.0 557.86 -467.82
19 907.0 649.29 -360.26
20 907.0 844.74 -515.80
21 907.0 291.83 -712.75
22 907.0 296.24 -727.24
23 907.0 300.52 -741.31
24 907.0 344.56 -533.61
25 907.0 390.18 -518.56
26 907.0 620.37 -703.51
27 907.0 552.79 -493.47
28 907.0 310.99 -428.21
29 907.0 322.54 -465.80
30 907.0 227.77 -514.26
31 907.0 317.48 -449.30
32 907.0 223.39 -499.71
33 907.0 522.68 -411.15
34 907.0 919.93 -412.75
35 907.0 922.74 -413.59
6 908.0 448.23 -353.92
7 908.0 470.67 -347.02
8 908.0 769.36 -481.74
9 908.0 476.46 -640.18
10 908.0 491.03 -635.77
11 908.0 506.21 -631.18
12 908.0 384.08 -680.85
13 908.0 376.78 -657.26
14 908.0 417.51 -366.35
15 908.0 311.78 -778.37
16 908.0 574.73 -610.46
17 908.0 307.44 -764.05
18 908.0 557.86 -467.82
19 908.0 659.72 -362.70
20 908.0 842.90 -509.97
21 908.0 289.83 -706.20
22 908.0 294.25 -720.71
23 908.0 298.74 -735.46
24 908.0 342.33 -540.55
25 908.0 383.50 -520.56
26 908.0 618.38 -696.90
27 908.0 554.65 -499.74
28 908.0 309.25 -421.74
29 908.0 320.52 -459.24
30 908.0 229.88 -521.22
31 908.0 315.57 -443.04
32 908.0 225.18 -505.71
33 908.0 524.94 -417.76
34 908.0 919.93 -412.75
35 908.0 922.74 -413.59
6 909.0 438.21 -360.22
7 909.0 459.98 -350.33
8 909.0 777.15 -479.29
9 909.0 470.04 -642.12
10 909.0 484.91 -637.62
11 909.0 499.32 -633.27
12 909.0 386.35 -688.26
13 909.0 379.14 -665.15
14 909.0 408.02 -369.16
15 909.0 309.91 -772.21
16 909.0 568.35 -612.39
17 909.0 305.31 -757.05
18 909.0 557.86 -467.82
19 909.0 670.12 -365.14
20 909.0 841.09 -504.05
21 909.0 289.74 -701.88
22 909.0 292.44 -714.75
23 909.0 296.86 -729.28
24 909.0 344.04 -547.55
25 909.0 377.65 -522.33
26 909.0 616.24 -689.80
27 909.0 556.64 -506.45
28 909.0 310.19 -416.07
29 909.0 318.32 -452.03
30 909.0 232.09 -528.51
31 909.0 313.45 -436.11
32 909.0 227.13 -512.13
33 909.0 527.00 -423.79
34 909.0 919.93 -412.75
35 909.0 922.74 -413.59
6 910.0 427.90 -363.28
7 910.0 448.92 -353.72
8 910.0 784.79 -476.91
9 910.0 462.88 -644.28
10 910.0 477.95 -639.73
11 910.0 493.55 -635.01
12 910.0 388.56 -695.44
13 910.0 381.38 -672.23
14 910.0 398.18 -372.26
15 910.0 307.73 -765.00
16 910.0 559.82 -614.96
17 910.0 303.29 -750.40
18 910.0 557.86 -467.82
19 910.0 680.31 -364.28
20 910.0 839.18 -497.83
21 910.0 292.72 -699.24
22 910.0 290.95 -709.87
23 910.0 294.88 -722.80
24 910.0 346.39 -555.84
25 910.0 371.82 -524.12
26 910.0 614.26 -683.11
27 910.0 558.64 -513.22
28 910.0 315.89 -413.48
29 910.0 316.03 -444.56
30 910.0 234.13 -535.22
31 910.0 311.26 -429.04
32 910.0 229.60 -520.30
33 910.0 528.28 -430.20
34 910.0 919.93 -412.75
35 910.0 922.74 -413.59
6 911.0 416.93 -366.52
7 911.0 438.35 -360.18
8 911.0 791.84 -474.73
9 911.0 456.15 -646.31
10 911.0 471.46 -641.69
11 911.0 486.78 -637.06
12 911.0 390.90 -703.07
13 911.0 383.68 -679.57
14 911.0 389.56 -376.29
15 911.0 305.63 -758.11
16 911.0 551.09 -617.60
17 911.0 301.25 -743.70
18 911.0 557.86 -467.82
19 911.0 690.09 -366.61
20 911.0 837.54 -492.47
21 911.0 297.19 -697.75
22 911.0 289.90 -706.40
23 911.0 293.42 -717.99
24 911.0 348.64 -563.78
25 911.0 365.74 -526.00
26 911.0 612.39 -676.82
27 911.0 560.43 -519.27
28 911.0 323.51 -411.26
29 911.0 314.01 -437.95
30 911.0 236.23 -542.15
31 911.0 310.22 -425.75
32 911.0 231.43 -526.32
33 911.0 527.74 -436.28
34 911.0 919.93 -412.75
35 911.0 922.74 -413.59
6 912.0 405.65 -369.86
7 912.0 427.90 -363.28
8 912.0 799.06 -472.49
9 912.0 449.14 -648.43
10 912.0 464.38 -643.83
11 912.0 479.76 -639.18
12 912.0 393.30 -710.90
13 912.0 386.03 -687.20
14 912.0 380.37 -379.00
15 912.0 303.88 -752.35
16 912.0 542.16 -620.31
17 912.0 299.17 -736.86
18 912.0 557.86 -467.82
19 912.0 700.53 -369.11
20 912.0 835.68 -486.40
21 912.0 303.29 -695.90
22 912.0 289.70 -702.03
23 912.0 292.33 -714.39
24 912.0 350.96 -571.36
25 912.0 359.49 -528.00
26 912.0 610.39 -670.08
27 912.0 562.21 -525.28
28 912.0 333.37 -408.40
29 912.0 312.75 -433.85
30 912.0 238.28 -548.90
31 912.0 309.03 -420.48
32 912.0 233.76 -534.00
33 912.0 529.50 -442.01
34 912.0 919.93 -412.75
35 912.0 922.74 -413.59
6 913.0 395.84 -373.71
7 913.0 417.10 -366.47
8 913.0 806.18 -470.29
9 913.0 441.70 -650.68
10 913.0 456.98 -646.06
11 913.0 472.49 -641.38
12 913.0 395.65 -718.55
13 913.0 388.48 -695.20
14 913.0 370.43 -381.94
15 913.0 301.65 -745.04
16 913.0 534.39 -622.65
17 913.0 297.13 -730.19
18 913.0 557.86 -467.82
19 913.0 710.09 -371.38
20 913.0 833.77 -480.18
21 913.0 309.65 -693.97
22 913.0 293.79 -698.79
23 913.0 291.15 -710.54
24 913.0 353.23 -578.73
25 913.0 352.73 -530.17
26 913.0 608.38 -663.29
27 913.0 564.11 -531.65
28 913.0 342.69 -405.69
29 913.0 311.26 -429.06
30 913.0 240.45 -556.08
31 913.0 310.77 -415.45
32 913.0 235.86 -540.93
33 913.0 531.47 -448.43
34 913.0 919.93 -412.75
35 913.0 922.74 -413.59
6 914.0 385.88 -377.37
7 914.0 406.39 -369.64
8 914.0 812.82 -468.35
9 914.0 435.22 -652.64
10 914.0 449.27 -648.39
11 914.0 464.91 -643.67
12 914.0 397.99 -726.19
13 914.0 390.72 -702.48
14 914.0 360.92 -384.76
15 914.0 299.48 -737.88
16 914.0 525.84 -625.25
17 914.0 295.05 -723.34
18 914.0 557.86 -467.82
19 914.0 720.43 -373.84
20 914.0 831.98 -474.34
21 914.0 315.48 -692.21
22 914.0 300.59 -696.72
23 914.0 289.70 -705.75
24 914.0 355.79 -586.97
25 914.0 347.05 -532.15
26 914.0 606.28 -656.25
27 914.0 565.99 -537.65
28 914.0 351.67 -403.08
29 914.0 310.26 -425.88
30 914.0 242.72 -563.54
31 914.0 316.16 -410.06
32 914.0 238.09 -548.29
33 914.0 533.44 -454.82
34 914.0 919.93 -412.75
35 914.0 923.04 -413.80
6 915.0 375.64 -380.40
7 915.0 395.47 -373.98
8 915.0 815.20 -467.90
9 915.0 427.83 -654.88
10 915.0 442.97 -650.30
11 915.0 457.36 -645.95
12 915.0 400.27 -733.63
13 915.0 393.20 -710.59
14 915.0 351.44 -387.57
15 915.0 297.58 -731.66
16 915.0 518.12 -627.58
17 915.0 293.20 -717.25
18 915.0 555.83 -468.47
19 915.0 729.91 -376.11
20 915.0 830.44 -470.55
21 915.0 321.08 -690.51
22 915.0 307.10 -694.75
23 915.0 289.98 -701.29
24 915.0 358.06 -594.35
25 915.0 342.52 -536.82
26 915.0 604.36 -650.00
27 915.0 567.87 -543.67
28 915.0 360.89 -400.40
29 915.0 309.04 -420.32
30 915.0 244.63 -569.84
31 915.0 323.06 -404.72
32 915.0 240.30 -555.59
33 915.0 535.44 -461.21
34 915.0 920.88 -413.07
35 915.0 926.17 -415.41
6 916.0 365.08 -383.53
7 916.0 384.62 -377.75
8 916.0 815.80 -467.79
9 916.0 420.47 -657.10
10 916.0 435.85 -652.45
11 916.0 450.77 -647.94
12 916.0 402.58 -741.14
13 916.0 395.39 -717.71
14 916.0 342.05 -390.34
15 916.0 295.91 -726.15
16 916.0 509.72 -630.12
17 916.0 291.48 -711.61
18 916.0 551.46 -469.84
19 916.0 739.62 -379.48
20 916.0 825.87 -466.32
21 916.0 327.65 -688.51
22 916.0 312.84 -693.00
23 916.0 293.76 -698.80
24 916.0 360.40 -602.12
25 916.0 342.70 -542.80
26 916.0 602.18 -642.97
27 916.0 569.92 -550.23
28 916.0 369.89 -397.79
29 916.0 310.96 -415.34
30 916.0 246.72 -576.72
31 916.0 331.90 -402.16
32 916.0 242.14 -561.64
33 916.0 536.11 -463.34
34 916.0 923.57 -413.98
35 916.0 930.44 -417.73
6 917.0 354.57 -386.64
7 917.0 374.50 -380.74
8 917.0 816.69 -467.58
9 917.0 413.08 -659.34
10 917.0 428.59 -654.65
11 917.0 444.24 -649.92
12 917.0 404.91 -748.72
13 917.0 397.63 -725.02
14 917.0 331.86 -393.36
15 917.0 294.04 -720.01
16 917.0 501.72 -632.54
17 917.0 289.93 -706.51
18 917.0 545.34 -471.76
19 917.0 750.03 -382.33
20 917.0 820.13 -464.72
21 917.0 334.06 -686.57
22 917.0 318.76 -691.21
23 917.0 300.32 -696.80
24 917.0 362.68 -609.77
25 917.0 344.68 -549.80
26 917.0 599.95 -635.81
27 917.0 571.89 -556.54
28 917.0 379.61 -394.96
29 917.0 316.46 -413.31
30 917.0 248.71 -583.29
31 917.0 341.03 -399.51
32 917.0 244.13 -568.20
33 917.0 536.39 -464.26
34 917.0 922.32 -413.42
35 917.0 936.09 -421.65
6 918.0 344.17 -389.72
7 918.0 364.04 -383.84
8 918.0 817.39 -467.40
9 918.0 406.29 -661.39
10 918.0 421.97 -656.65
11 918.0 436.97 -652.11
12 918.0 407.27 -756.66
13 918.0 399.98 -732.67
14 918.0 322.25 -395.25
15 918.0 292.46 -714.82
16 918.0 493.04 -635.17
17 918.0 287.96 -700.10
18 918.0 537.24 -474.30
19 918.0 759.58 -384.41
20 918.0 814.55 -464.77
21 918.0 340.06 -684.75
22 918.0 325.29 -689.23
23 918.0 306.94 -694.79
24 918.0 364.85 -617.08
25 918.0 346.66 -556.79
26 918.0 597.69 -628.52
27 918.0 573.96 -563.16
28 918.0 388.89 -393.85
29 918.0 323.41 -411.29
30 918.0 250.65 -589.66
31 918.0 350.33 -396.80
32 918.0 246.09 -574.67
33 918.0 536.39 -464.26
34 918.0 927.58 -416.14
35 918.0 944.24 -424.42
6 919.0 333.19 -392.97
7 919.0 352.97 -387.11
8 919.0 819.23 -466.91
9 919.0 400.01 -663.30
10 919.0 414.48 -658.92
11 919.0 430.06 -654.20
12 919.0 409.62 -764.58
13 919.0 402.22 -739.97
14 919.0 312.77 -397.47
15 919.0 290.42 -708.13
16 919.0 484.64 -637.70
17 919.0 285.89 -693.35
18 919.0 531.73 -475.99
19 919.0 769.36 -386.55
20 919.0 808.55 -466.18
21 919.0 345.83 -682.99
22 919.0 331.73 -687.27
23 919.0 313.54 -692.79
24 919.0 367.10 -624.66
25 919.0 348.53 -563.42
26 919.0 595.80 -622.40
27 919.0 575.83 -569.15
28 919.0 397.74 -391.15
29 919.0 332.74 -408.58
30 919.0 252.78 -596.69
31 919.0 360.18 -393.94
32 919.0 248.14 -581.40
33 919.0 536.39 -464.26
34 919.0 934.53 -420.65
35 919.0 949.41 -425.11
6 920.0 323.20 -395.28
7 920.0 341.72 -390.44
8 920.0 822.23 -465.75
9 920.0 392.88 -665.46
10 920.0 408.23 -660.81
11 920.0 422.29 -656.55
12 920.0 411.86 -772.12
13 920.0 404.55 -747.53
14 920.0 302.64 -400.68
15 920.0 288.53 -701.95
16 920.0 475.90 -640.35
17 920.0 284.07 -687.47
18 920.0 524.58 -478.18
19 920.0 779.59 -388.78
20 920.0 802.12 -468.20
21 920.0 351.84 -681.15
22 920.0 337.38 -685.56
23 920.0 319.39 -691.02
24 920.0 369.39 -632.39
25 920.0 350.31 -569.28
26 920.0 593.63 -615.45
27 920.0 577.67 -575.01
28 920.0 406.59 -388.43
29 920.0 342.85 -405.64
30 920.0 254.90 -603.64
31 920.0 369.94 -391.11
32 920.0 250.21 -588.21
33 920.0 536.39 -464.26
34 920.0 943.00 -424.28
35 920.0 950.25 -424.84
6 921.0 312.53 -397.55
7 921.0 331.78 -393.38
8 921.0 826.14 -462.88
9 921.0 388.11 -666.78
10 921.0 400.93 -663.02
11 921.0 416.81 -658.21
12 921.0 414.21 -780.05
13 921.0 406.89 -755.39
14 921.0 292.41 -403.88
15 921.0 286.57 -695.57
16 921.0 467.93 -642.76
17 921.0 281.89 -680.39
18 921.0 517.02 -480.49
19 921.0 790.06 -391.06
20 921.0 796.74 -469.86
21 921.0 357.54 -679.40
22 921.0 343.25 -683.77
23 921.0 326.30 -688.92
24 921.0 371.69 -640.11
25 921.0 352.12 -575.14
26 921.0 591.56 -608.78
27 921.0 579.48 -580.83
28 921.0 416.84 -388.44
29 921.0 351.73 -403.06
30 921.0 257.08 -610.84
31 921.0 379.09 -388.45
32 921.0 252.18 -594.71
33 921.0 536.39 -464.26
34 921.0 949.05 -425.09
35 921.0 958.79 -425.79
6 922.0 302.15 -400.84
7 922.0 321.82 -395.24
8 922.0 828.40 -457.81
9 922.0 382.91 -665.22
10 922.0 396.77 -664.28
11 922.0 409.70 -660.36
12 922.0 416.43 -787.53
13 922.0 409.33 -763.60
14 922.0 282.61 -406.86
15 922.0 284.51 -688.89
16 922.0 459.47 -645.31
17 922.0 279.97 -674.10
18 922.0 509.70 -482.61
19 922.0 799.81 -393.29
20 922.0 791.16 -471.59
21 922.0 363.64 -677.54
22 922.0 348.62 -682.13
23 922.0 332.61 -687.01
24 922.0 374.12 -648.30
25 922.0 354.17 -581.75
26 922.0 589.37 -601.71
27 922.0 581.65 -587.76
28 922.0 426.57 -385.01
29 922.0 361.41 -400.25
30 922.0 259.02 -617.24
31 922.0 389.16 -387.10
32 922.0 254.34 -601.82
33 922.0 536.39 -464.26
34 922.0 950.89 -424.92
35 922.0 967.45 -429.92
6 923.0 292.01 -404.01
7 923.0 310.96 -398.04
8 923.0 834.09 -456.13
9 923.0 380.89 -659.87
10 923.0 390.92 -666.05
11 923.0 405.37 -661.67
12 923.0 418.83 -795.59
13 923.0 411.73 -771.71
14 923.0 273.24 -409.70
15 923.0 282.53 -682.48
16 923.0 451.30 -647.78
17 923.0 277.81 -667.30
18 923.0 502.49 -484.53
19 923.0 810.02 -395.62
20 923.0 785.43 -473.36
21 923.0 369.06 -675.88
22 923.0 355.27 -680.10
23 923.0 338.92 -685.09
24 923.0 376.57 -656.58
25 923.0 356.03 -587.72
26 923.0 587.29 -595.06
27 923.0 583.82 -594.68
28 923.0 436.14 -381.65
29 923.0 371.46 -397.33
30 923.0 260.96 -623.60
31 923.0 398.26 -384.30
32 923.0 256.45 -608.76
33 923.0 536.39 -464.26
34 923.0 957.78 -425.52
35 923.0 972.55 -433.53
6 924.0 282.41 -406.92
7 924.0 300.67 -401.32
8 924.0 840.50 -457.58
9 924.0 378.98 -653.42
10 924.0 385.43 -666.81
11 924.0 399.86 -663.34
12 924.0 421.16 -803.45
13 924.0 413.88 -778.92
14 924.0 263.65 -412.61
15 924.0 280.46 -675.70
16 924.0 443.36 -650.18
17 924.0 275.78 -660.75
18 924.0 494.67 -486.66
19 924.0 819.56 -397.75
20 924.0 779.74 -475.13
21 924.0 374.57 -674.20
22 924.0 360.88 -678.38
23 924.0 345.86 -682.98
24 924.0 378.11 -661.76
25 924.0 358.11 -594.54
26 924.0 585.40 -589.01
27 924.0 585.89 -601.33
28 924.0 446.10 -378.65
29 924.0 380.96 -394.57
30 924.0 262.87 -629.84
31 924.0 406.97 -381.38
32 924.0 258.33 -614.95
33 924.0 536.39 -464.26
34 924.0 964.03 -428.00
35 924.0 975.06 -435.24
6 925.0 273.20 -409.71
7 925.0 291.54 -404.15
8 925.0 848.71 -459.38
9 925.0 376.80 -646.10
10 925.0 381.69 -662.56
11 925.0 394.76 -664.89
12 925.0 423.55 -811.50
13 925.0 416.32 -787.15
14 925.0 253.77 -415.60
15 925.0 278.47 -669.23
16 925.0 435.34 -652.61
17 925.0 273.92 -654.75
18 925.0 487.69 -489.01
19 925.0 829.15 -399.74
20 925.0 774.12 -476.88
21 925.0 379.43 -673.76
22 925.0 365.66 -676.92
23 925.0 352.43 -680.97
24 925.0 378.37 -662.62
25 925.0 359.89 -600.43
26 925.0 583.28 -582.22
27 925.0 588.00 -608.09
28 925.0 455.31 -375.93
29 925.0 391.05 -393.21
30 925.0 264.96 -636.63
31 925.0 414.23 -375.79
32 925.0 260.42 -621.81
33 925.0 536.39 -464.26
34 925.0 968.01 -430.29
35 925.0 977.09 -434.92
6 926.0 263.75 -412.57
7 926.0 282.28 -406.96
8 926.0 858.19 -461.47
9 926.0 374.85 -639.54
10 926.0 379.46 -655.05
11 926.0 389.56 -666.46
12 926.0 425.82 -819.09
13 926.0 418.75 -795.34
14 926.0 244.20 -418.51
15 926.0 276.67 -663.62
16 926.0 427.09 -655.10
17 926.0 271.90 -648.24
18 926.0 479.74 -491.57
19 926.0 838.85 -403.33
20 926.0 768.74 -478.57
21 926.0 382.84 -677.19
22 926.0 370.87 -675.33
23 926.0 357.16 -679.52
24 926.0 378.41 -662.77
25 926.0 361.76 -606.69
26 926.0 581.29 -575.85
27 926.0 589.84 -614.01
28 926.0 465.25 -372.99
29 926.0 399.92 -390.48
30 926.0 266.94 -643.04
31 926.0 423.05 -372.69
32 926.0 262.35 -628.14
33 926.0 536.39 -464.26
34 926.0 970.34 -431.95
35 926.0 978.26 -429.74
6 927.0 253.65 -415.64
7 927.0 272.35 -409.97
8 927.0 869.19 -463.89
9 927.0 372.72 -632.37
10 927.0 377.31 -647.82
11 927.0 383.43 -665.69
12 927.0 428.04 -826.39
13 927.0 421.12 -803.33
14 927.0 234.78 -421.36
15 927.0 274.60 -656.96
16 927.0 419.34 -657.45
17 927.0 270.04 -642.25
18 927.0 471.57 -494.05
19 927.0 849.40 -405.43
20 927.0 763.21 -480.30
21 927.0 384.49 -682.20
22 927.0 375.77 -673.85
23 927.0 362.11 -678.01
24 927.0 378.41 -662.78
25 927.0 363.76 -613.42
26 927.0 579.34 -569.62
27 927.0 591.92 -620.71
28 927.0 474.87 -370.15
29 927.0 408.96 -387.92
30 927.0 269.18 -650.26
31 927.0 432.57 -369.33
32 927.0 264.27 -634.39
33 927.0 536.39 -464.26
34 927.0 972.52 -433.51
35 927.0 974.56 -427.10
6 928.0 244.50 -418.41
7 928.0 262.39 -412.99
8 928.0 882.15 -467.17
9 928.0 370.86 -626.10
10 928.0 375.17 -640.59
11 928.0 381.14 -660.70
12 928.0 430.17 -833.36
13 928.0 423.31 -810.69
14 928.0 224.54 -424.47
15 928.0 272.63 -650.59
16 928.0 410.98 -659.98
17 928.0 268.02 -635.72
18 928.0 464.33 -496.24
19 928.0 859.99 -407.93
20 928.0 757.33 -482.09
21 928.0 386.43 -688.51
22 928.0 381.11 -674.67
23 928.0 367.68 -676.31
24 928.0 378.41 -662.78
25 928.0 365.74 -620.08
26 928.0 577.17 -562.66
27 928.0 593.75 -626.61
28 928.0 484.53 -367.30
29 928.0 418.43 -387.88
30 928.0 271.18 -656.71
31 928.0 442.11 -366.48
32 928.0 266.42 -641.35
33 928.0 536.39 -464.26
34 928.0 975.58 -435.26
35 928.0 969.31 -423.60
6 929.0 233.74 -421.68
7 929.0 253.78 -415.60
8 929.0 885.40 -480.29
9 929.0 368.99 -619.79
10 929.0 373.17 -633.87
11 929.0 379.18 -654.11
12 929.0 432.38 -840.52
13 929.0 425.61 -818.41
14 929.0 216.41 -426.95
15 929.0 270.60 -644.05
16 929.0 402.05 -662.68
17 929.0 265.95 -628.95
18 929.0 456.51 -498.61
19 929.0 870.36 -410.36
20 929.0 751.47 -482.62
21 929.0 388.10 -693.95
22 929.0 383.71 -679.65
23 929.0 372.76 -674.75
24 929.0 378.42 -662.78
25 929.0 367.66 -626.53
26 929.0 574.96 -555.60
27 929.0 595.68 -632.84
28 929.0 494.16 -364.45
29 929.0 428.32 -384.40
30 929.0 273.17 -663.13
31 929.0 451.61 -363.67
32 929.0 268.45 -647.92
33 929.0 536.39 -464.26
34 929.0 976.86 -432.77
35 929.0 961.13 -421.35
6 930.0 225.52 -424.17
7 930.0 243.21 -418.81
8 930.0 889.21 -493.07
9 930.0 367.04 -613.23
10 930.0 371.54 -628.36
11 930.0 376.92 -646.51
12 930.0 434.75 -848.19
13 930.0 428.03 -826.37
14 930.0 209.56 -427.38
15 930.0 268.41 -636.98
16 930.0 394.05 -665.10
17 930.0 263.92 -622.32
18 930.0 449.26 -500.80
19 930.0 880.22 -412.65
20 930.0 745.09 -481.63
21 930.0 390.10 -700.49
22 930.0 385.31 -684.87
23 930.0 377.79 -673.54
24 930.0 378.42 -662.78
25 930.0 369.44 -632.53
26 930.0 572.77 -548.59
27 930.0 597.80 -639.66
28 930.0 503.10 -361.81
29 930.0 438.10 -381.01
30 930.0 275.22 -669.65
31 930.0 460.38 -361.08
32 930.0 270.32 -653.93
33 930.0 536.39 -464.26
34 930.0 976.22 -428.29
35 930.0 951.70 -420.74
6 931.0 217.81 -426.52
7 931.0 235.14 -421.25
8 931.0 892.49 -504.04
9 931.0 365.06 -606.56
10 931.0 369.61 -621.89
11 931.0 374.69 -638.98
12 931.0 436.94 -855.25
13 931.0 430.26 -833.66
14 931.0 202.95 -422.53
15 931.0 266.59 -631.05
16 931.0 388.44 -666.86
17 931.0 261.81 -615.38
18 931.0 442.06 -502.98
19 931.0 890.63 -415.05
20 931.0 739.80 -478.89
21 931.0 391.95 -706.50
22 931.0 387.51 -692.02
23 931.0 381.92 -675.38
24 931.0 378.42 -662.78
25 931.0 371.18 -638.39
26 931.0 570.64 -541.80
27 931.0 599.78 -646.05
28 931.0 509.92 -360.06
29 931.0 447.27 -378.31
30 931.0 277.53 -677.08
31 931.0 469.63 -358.35
32 931.0 272.43 -660.74
33 931.0 536.39 -464.26
34 931.0 971.96 -425.25
35 931.0 950.93 -420.97
6 932.0 210.22 -427.49
7 932.0 226.56 -423.85
8 932.0 895.01 -511.01
9 932.0 363.10 -600.00
10 932.0 367.51 -614.79
11 932.0 372.49 -631.59
12 932.0 439.26 -862.77
13 932.0 432.57 -841.11
14 932.0 199.43 -414.86
15 932.0 264.32 -623.63
16 932.0 385.03 -668.61
17 932.0 260.01 -609.47
18 932.0 433.88 -505.44
19 932.0 900.76 -417.40
20 932.0 736.24 -474.48
21 932.0 393.68 -712.14
22 932.0 389.51 -698.55
23 932.0 384.01 -680.63
24 932.0 378.42 -662.78
25 932.0 373.07 -644.78
26 932.0 568.64 -535.40
27 932.0 601.69 -652.22
28 932.0 514.43 -359.64
29 932.0 456.56 -375.56
30 932.0 279.73 -684.26
31 932.0 478.75 -355.65
32 932.0 274.98 -668.95
33 932.0 536.39 -464.26
34 932.0 965.85 -422.21
35 932.0 942.65 -416.65
6 933.0 203.51 -423.44
7 933.0 220.10 -425.81
8 933.0 901.47 -514.55
9 933.0 360.89 -592.67
10 933.0 365.74 -608.86
11 933.0 370.35 -624.38
12 933.0 441.55 -870.25
13 933.0 435.04 -849.12
14 933.0 196.64 -408.17
15 933.0 262.48 -617.59
16 933.0 382.52 -673.40
17 933.0 257.94 -602.63
18 933.0 426.78 -507.58
19 933.0 910.28 -419.70
20 933.0 733.89 -468.95
21 933.0 395.37 -717.65
22 933.0 391.27 -704.30
23 933.0 385.82 -686.51
24 933.0 378.42 -662.78
25 933.0 375.02 -651.34
26 933.0 566.41 -528.21
27 933.0 603.49 -658.07
28 933.0 516.68 -362.60
29 933.0 465.64 -372.88
30 933.0 281.95 -691.46
31 933.0 488.03 -352.91
32 933.0 277.03 -675.45
33 933.0 536.39 -464.26
34 933.0 956.46 -421.68
35 933.0 933.50 -412.90
6 934.0 200.03 -416.21
7 934.0 216.36 -426.96
8 934.0 909.32 -512.68
9 934.0 358.65 -585.37
10 934.0 363.58 -601.61
11 934.0 368.48 -618.09
12 934.0 443.79 -877.62
13 934.0 437.30 -856.42
14 934.0 193.93 -401.40
15 934.0 260.39 -610.69
16 934.0 383.34 -678.44
17 934.0 256.03 -596.35
18 934.0 419.06 -509.90
19 934.0 918.66 -422.45
20 934.0 732.21 -463.52
21 934.0 397.14 -723.40
22 934.0 392.94 -709.73
23 934.0 387.69 -692.61
24 934.0 378.42 -662.78
25 934.0 376.28 -655.59
26 934.0 564.32 -521.12
27 934.0 605.48 -664.76
28 934.0 520.20 -366.16
29 934.0 474.73 -370.19
30 934.0 284.08 -698.36
31 934.0 497.19 -350.21
32 934.0 279.43 -683.28
33 934.0 536.39 -464.26
34 934.0 951.81 -421.61
35 934.0 925.47 -406.38
6 935.0 197.22 -409.57
7 935.0 211.95 -427.65
8 935.0 917.30 -510.29
9 935.0 356.69 -579.07
10 935.0 361.45 -594.51
11 935.0 366.23 -610.51
12 935.0 445.89 -884.55
13 935.0 439.54 -863.66
14 935.0 191.14 -394.44
15 935.0 258.51 -604.51
16 935.0 385.04 -684.00
17 935.0 253.96 -589.55
18 935.0 411.42 -512.18
19 935.0 920.10 -422.86
20 935.0 730.30 -457.56
21 935.0 399.02 -729.53
22 935.0 394.62 -715.19
23 935.0 389.70 -699.18
24 935.0 378.42 -662.78
25 935.0 376.28 -655.59
26 935.0 562.43 -514.73
27 935.0 607.23 -670.65
28 935.0 520.61 -373.65
29 935.0 484.50 -367.30
30 935.0 286.36 -705.77
31 935.0 506.39 -347.75
32 935.0 281.41 -689.69
33 935.0 536.39 -464.26
34 935.0 943.04 -416.84
35 935.0 916.18 -403.15
6 936.0 194.56 -402.97
7 936.0 205.17 -425.44
8 936.0 924.26 -508.21
9 936.0 354.57 -572.23
10 936.0 359.38 -587.74
11 936.0 364.13 -603.45
12 936.0 448.34 -892.54
13 936.0 441.88 -871.35
14 936.0 189.80 -391.72
15 936.0 256.43 -597.68
16 936.0 387.27 -691.25
17 936.0 251.92 -582.84
18 936.0 404.06 -514.39
19 936.0 919.70 -422.70
20 936.0 728.50 -452.20
21 936.0 400.73 -735.12
22 936.0 396.28 -720.60
23 936.0 391.58 -705.31
24 936.0 378.42 -662.78
25 936.0 376.28 -655.59
26 936.0 560.53 -508.34
27 936.0 609.32 -677.71
28 936.0 520.98 -380.46
29 936.0 494.15 -364.45
30 936.0 288.43 -712.58
31 936.0 516.08 -345.61
32 936.0 283.72 -697.20
33 936.0 536.39 -464.26
34 936.0 932.00 -412.32
35 936.0 906.82 -400.64
6 937.0 193.25 -399.70
7 937.0 200.42 -417.07
8 937.0 931.62 -506.01
9 937.0 352.59 -565.83
10 937.0 357.28 -580.97
11 937.0 362.21 -597.02
12 937.0 450.55 -899.90
13 937.0 444.09 -878.62
14 937.0 187.06 -390.26
15 937.0 254.29 -590.64
16 937.0 389.07 -697.11
17 937.0 249.80 -575.86
18 937.0 396.74 -516.59
19 937.0 919.49 -422.62
20 937.0 726.63 -446.65
21 937.0 402.48 -740.80
22 937.0 398.13 -726.65
23 937.0 393.39 -711.19
24 937.0 378.42 -662.78
25 937.0 376.28 -655.59
26 937.0 558.46 -501.34
27 937.0 611.15 -683.86
28 937.0 521.34 -387.09
29 937.0 503.96 -361.57
30 937.0 290.41 -719.10
31 937.0 522.96 -344.13
32 937.0 285.73 -703.75
33 937.0 536.39 -464.26
34 937.0 921.04 -408.12
35 937.0 897.02 -398.34
6 938.0 191.83 -396.15
7 938.0 197.75 -410.84
8 938.0 939.54 -503.64
9 938.0 350.60 -558.98
10 938.0 355.07 -573.84
11 938.0 360.09 -590.04
12 938.0 452.81 -907.52
13 938.0 446.40 -886.23
14 938.0 186.64 -392.60
15 938.0 252.28 -584.02
16 938.0 390.71 -702.47
17 938.0 248.28 -570.87
18 938.0 388.67 -519.01
19 938.0 919.37 -422.57
20 938.0 723.59 -441.36
21 938.0 404.32 -746.78
22 938.0 399.86 -732.27
23 938.0 395.15 -716.93
24 938.0 378.42 -662.78
25 938.0 376.28 -655.59
26 938.0 556.54 -494.84
27 938.0 613.16 -690.66
28 938.0 521.72 -394.05
29 938.0 510.18 -359.99
30 938.0 292.55 -726.12
31 938.0 526.53 -343.37
32 938.0 287.70 -710.17
33 938.0 536.39 -464.26
34 938.0 909.81 -404.76
35 938.0 887.04 -395.75
6 939.0 190.96 -393.98
7 939.0 195.41 -405.10
8 939.0 946.83 -501.33
9 939.0 348.71 -552.32
10 939.0 353.11 -567.51
11 939.0 357.90 -582.96
12 939.0 455.20 -915.53
13 939.0 448.93 -894.46
14 939.0 188.44 -396.31
15 939.0 250.98 -579.74
16 939.0 392.67 -708.84
17 939.0 248.12 -566.16
18 939.0 381.04 -521.30
19 939.0 919.36 -422.57
20 939.0 718.90 -436.84
21 939.0 406.02 -752.46
22 939.0 401.56 -737.81
23 939.0 396.94 -722.78
24 939.0 378.42 -662.78
25 939.0 376.28 -655.59
26 939.0 554.79 -489.31
27 939.0 615.07 -696.97
28 939.0 522.67 -400.88
29 939.0 515.36 -359.88
30 939.0 294.78 -733.43
31 939.0 528.10 -341.11
32 939.0 289.84 -717.22
33 939.0 536.39 -464.26
34 939.0 897.89 -401.83
35 939.0 877.35 -393.43
6 940.0 189.22 -390.75
7 940.0 194.16 -401.99
8 940.0 952.15 -496.16
9 940.0 346.76 -545.40
10 940.0 351.29 -561.44
11 940.0 355.82 -576.26
12 940.0 457.64 -923.19
13 940.0 451.09 -901.72
14 940.0 190.83 -402.25
15 940.0 249.56 -575.06
16 940.0 394.28 -714.10
17 940.0 252.27 -563.14
18 940.0 373.38 -523.64
19 940.0 919.36 -422.57
20 940.0 713.83 -434.41
21 940.0 407.97 -759.03
22 940.0 403.51 -744.17
23 940.0 398.89 -729.11
24 940.0 378.42 -662.78
25 940.0 376.28 -655.59
26 940.0 553.34 -485.00
27 940.0 616.94 -703.20
28 940.0 524.78 -407.31
29 940.0 519.97 -363.40
30 940.0 296.87 -740.30
31 940.0 529.02 -336.61
32 940.0 292.08 -724.58
33 940.0 536.39 -464.26
34 940.0 886.04 -398.80
35 940.0 868.39 -391.38
6 941.0 186.61 -391.01
7 941.0 192.49 -397.80
8 941.0 951.32 -489.15
9 941.0 345.69 -541.63
10 941.0 349.39 -554.71
11 941.0 353.92 -570.12
12 941.0 459.91 -930.34
13 941.0 453.51 -909.89
14 941.0 193.61 -409.21
15 941.0 247.96 -569.43
16 941.0 396.40 -721.02
17 941.0 258.57 -561.29
18 941.0 365.63 -526.03
19 941.0 919.36 -422.57
20 941.0 707.96 -432.68
21 941.0 409.88 -765.47
22 941.0 405.48 -750.64
23 941.0 400.89 -735.63
24 941.0 378.42 -662.78
25 941.0 376.28 -655.59
26 941.0 552.77 -483.37
27 941.0 618.94 -709.84
28 941.0 526.84 -413.45
29 941.0 520.33 -368.46
30 941.0 299.06 -747.50
31 941.0 526.29 -335.56
32 941.0 294.09 -731.17
33 941.0 536.39 -464.26
34 941.0 874.35 -396.03
35 941.0 858.36 -389.07
6 942.0 184.26 -394.95
7 942.0 191.32 -394.88
8 942.0 948.67 -481.24
9 942.0 345.68 -541.59
10 942.0 348.24 -550.64
11 942.0 351.81 -563.26
12 942.0 461.17 -934.35
13 942.0 455.84 -917.54
14 942.0 196.40 -415.94
15 942.0 250.10 -564.07
16 942.0 398.20 -726.87
17 942.0 265.33 -559.30
18 942.0 358.67 -528.26
19 942.0 919.36 -422.57
20 942.0 701.42 -431.34
21 942.0 411.61 -771.27
22 942.0 407.24 -756.58
23 942.0 402.99 -742.47
24 942.0 378.42 -662.78
25 942.0 376.28 -655.59
26 942.0 552.71 -483.19
27 942.0 620.70 -715.69
28 942.0 529.14 -420.17
29 942.0 520.71 -375.51
30 942.0 301.21 -754.57
31 942.0 520.88 -337.68
32 942.0 296.56 -739.30
33 942.0 536.39 -464.26
34 942.0 862.08 -393.21
35 942.0 849.00 -386.92
6 943.0 186.13 -399.15
7 943.0 190.61 -393.25
8 943.0 946.19 -473.52
9 943.0 345.68 -541.59
10 943.0 347.90 -549.45
11 943.0 350.75 -559.54
12 943.0 464.07 -939.66
13 943.0 457.96 -924.21
14 943.0 198.58 -420.84
15 943.0 256.45 -561.91
16 943.0 400.32 -733.78
17 943.0 271.20 -557.57
18 943.0 352.67 -530.19
19 943.0 919.36 -422.57
20 943.0 694.92 -430.00
21 943.0 413.34 -777.10
22 943.0 409.11 -762.88
23 943.0 404.90 -748.67
24 943.0 378.42 -662.78
25 943.0 376.28 -655.59
26 943.0 552.66 -483.05
27 943.0 622.80 -722.66
28 943.0 531.24 -426.52
29 943.0 521.13 -383.28
30 943.0 303.19 -761.06
31 943.0 513.63 -340.52
32 943.0 298.67 -746.22
33 943.0 536.39 -464.26
34 943.0 849.84 -390.40
35 943.0 839.18 -384.67
6 944.0 188.62 -405.35
7 944.0 188.89 -390.57
8 944.0 943.90 -465.87
9 944.0 345.68 -541.59
10 944.0 347.74 -548.87
11 944.0 350.13 -557.34
12 944.0 470.35 -941.34
13 944.0 459.93 -930.41
14 944.0 200.98 -427.18
15 944.0 263.08 -559.96
16 944.0 402.09 -739.53
17 944.0 277.96 -555.58
18 944.0 345.50 -532.86
19 944.0 919.36 -422.57
20 944.0 688.37 -428.66
21 944.0 415.03 -782.82
22 944.0 410.90 -768.89
23 944.0 406.64 -754.56
24 944.0 378.42 -662.78
25 944.0 376.28 -655.59
26 944.0 552.65 -483.01
27 944.0 624.82 -729.34
28 944.0 530.50 -433.82
29 944.0 521.54 -390.65
30 944.0 305.42 -768.39
31 944.0 504.24 -343.34
32 944.0 300.47 -752.13
33 944.0 536.39 -464.26
34 944.0 837.54 -387.58
35 944.0 829.30 -382.40
6 945.0 191.72 -413.01
7 945.0 186.50 -392.06
8 945.0 941.74 -458.47
9 945.0 345.44 -541.01
10 945.0 347.72 -548.82
11 945.0 349.80 -556.16
12 945.0 477.48 -939.44
13 945.0 461.32 -934.83
14 945.0 203.69 -434.51
15 945.0 269.88 -557.96
16 945.0 404.12 -746.15
17 945.0 284.56 -553.63
18 945.0 342.14 -539.16
19 945.0 919.36 -422.57
20 945.0 681.72 -427.29
21 945.0 416.72 -788.49
22 945.0 412.44 -774.08
23 945.0 408.23 -759.90
24 945.0 378.42 -662.78
25 945.0 376.28 -655.59
26 945.0 552.65 -483.01
27 945.0 626.94 -736.33
28 945.0 532.57 -441.11
29 945.0 521.92 -397.24
30 945.0 307.37 -774.87
31 945.0 495.49 -346.04
32 945.0 302.82 -759.85
33 945.0 536.39 -464.26
34 945.0 825.75 -384.87
35 945.0 819.42 -380.13
6 946.0 194.39 -419.28
7 946.0 185.07 -396.49
8 946.0 939.81 -451.48
9 946.0 345.11 -540.26
10 946.0 347.62 -548.47
11 946.0 349.77 -556.04
12 946.0 484.36 -937.31
13 946.0 464.36 -939.92
14 946.0 205.54 -438.01
15 946.0 276.67 -555.96
16 946.0 405.64 -751.17
17 946.0 290.54 -551.87
18 946.0 343.87 -546.95
19 946.0 919.36 -422.57
20 946.0 675.25 -426.08
21 946.0 418.68 -795.08
22 946.0 414.18 -779.95
23 946.0 409.94 -765.66
24 946.0 378.42 -662.78
25 946.0 376.28 -655.59
26 946.0 552.65 -483.01
27 946.0 629.00 -743.11
28 946.0 534.71 -448.06
29 946.0 523.61 -403.76
30 946.0 309.65 -782.34
31 946.0 485.30 -345.84
32 946.0 304.76 -766.21
33 946.0 536.39 -464.26
34 946.0 813.46 -382.05
35 946.0 809.88 -377.95
6 947.0 196.09 -423.22
7 947.0 186.86 -400.97
8 947.0 937.79 -444.16
9 947.0 343.75 -537.60
10 947.0 347.41 -547.71
11 947.0 349.70 -555.80
12 947.0 491.16 -935.20
13 947.0 471.06 -941.23
14 947.0 211.03 -437.91
15 947.0 282.20 -554.33
16 947.0 407.29 -756.73
17 947.0 297.15 -549.92
18 947.0 346.13 -554.93
19 947.0 919.36 -422.57
20 947.0 668.75 -426.05
21 947.0 420.50 -801.24
22 947.0 416.17 -786.66
23 947.0 411.70 -771.58
24 947.0 378.42 -662.78
25 947.0 376.28 -655.59
26 947.0 552.65 -483.01
27 947.0 630.95 -749.51
28 947.0 536.79 -454.81
29 947.0 525.92 -410.74
30 947.0 311.57 -788.61
31 947.0 475.67 -348.82
32 947.0 307.19 -774.27
33 947.0 536.39 -464.26
34 947.0 801.19 -379.27
35 947.0 799.99 -375.74
6 948.0 198.15 -428.74
7 948.0 189.28 -406.99
8 948.0 936.51 -435.95
9 948.0 339.00 -534.98
10 948.0 346.53 -544.59
11 948.0 349.51 -555.13
12 948.0 498.91 -932.80
13 948.0 477.91 -939.31
14 948.0 217.89 -435.94
15 948.0 288.69 -552.42
16 948.0 409.00 -762.51
17 948.0 303.62 -548.01
18 948.0 348.43 -563.05
19 948.0 919.36 -422.57
20 948.0 663.25 -426.95
21 948.0 422.38 -807.55
22 948.0 417.94 -792.60
23 948.0 413.56 -777.86
24 948.0 378.42 -662.78
25 948.0 376.28 -655.59
26 948.0 552.65 -483.01
27 948.0 632.22 -753.96
28 948.0 538.59 -460.55
29 948.0 528.05 -416.97
30 948.0 313.78 -795.86
31 948.0 466.55 -351.65
32 948.0 309.13 -780.64
33 948.0 536.39 -464.26
34 948.0 789.55 -376.70
35 948.0 790.67 -373.68
6 949.0 200.65 -435.50
7 949.0 192.24 -414.24
8 949.0 935.69 -426.67
9 949.0 332.42 -536.15
10 949.0 345.15 -540.36
11 949.0 348.86 -552.84
12 949.0 506.56 -930.43
13 949.0 485.02 -937.10
14 949.0 226.49 -436.33
15 949.0 295.01 -550.55
16 949.0 410.95 -769.08
17 949.0 310.29 -546.01
18 949.0 350.58 -570.13
19 949.0 919.36 -422.57
20 949.0 657.43 -428.76
21 949.0 424.26 -813.90
22 949.0 419.84 -799.00
23 949.0 415.46 -784.27
24 949.0 378.42 -662.78
25 949.0 376.28 -655.59
26 949.0 552.65 -483.01
27 949.0 631.50 -758.67
28 949.0 539.09 -462.14
29 949.0 530.56 -424.31
30 949.0 315.86 -802.68
31 949.0 456.80 -354.66
32 949.0 311.25 -787.58
33 949.0 536.39 -464.26
34 949.0 777.40 -374.03
35 949.0 780.60 -371.46
6 950.0 203.60 -442.99
7 950.0 195.10 -420.82
8 950.0 934.87 -417.45
9 950.0 325.04 -538.36
10 950.0 340.82 -535.46
11 950.0 347.70 -548.74
12 950.0 513.71 -928.23
13 950.0 492.93 -934.65
14 950.0 236.70 -436.16
15 950.0 302.36 -548.39
16 950.0 412.81 -775.32
17 950.0 317.36 -543.92
18 950.0 352.76 -577.19
19 950.0 919.36 -422.57
20 950.0 652.32 -431.19
21 950.0 426.12 -818.66
22 950.0 421.67 -805.17
23 950.0 417.47 -791.01
24 950.0 378.42 -662.78
25 950.0 376.28 -655.59
26 950.0 552.65 -483.01
27 950.0 626.61 -761.10
28 950.0 539.29 -462.81
29 950.0 530.72 -431.05
30 950.0 318.04 -809.90
31 950.0 447.19 -357.57
32 950.0 313.36 -794.45
33 950.0 536.39 -464.26
34 950.0 765.25 -372.94
35 950.0 772.07 -371.84
6 951.0 208.17 -451.52
7 951.0 198.30 -429.16
8 951.0 934.41 -412.29
9 951.0 318.75 -540.19
10 951.0 333.83 -535.73
11 951.0 346.20 -543.42
12 951.0 521.56 -925.84
13 951.0 500.48 -932.31
14 951.0 247.20 -436.44
15 951.0 309.49 -546.25
16 951.0 415.01 -782.74
17 951.0 323.80 -542.06
18 951.0 355.19 -585.03
19 951.0 919.36 -422.57
20 951.0 646.77 -434.68
21 951.0 431.03 -822.19
22 951.0 423.13 -810.07
23 951.0 419.12 -796.57
24 951.0 378.42 -662.78
25 951.0 376.28 -655.59
26 951.0 552.65 -483.01
27 951.0 620.12 -763.05
28 951.0 539.39 -463.13
29 951.0 531.84 -438.74
30 951.0 320.08 -817.09
31 951.0 437.74 -360.36
32 951.0 315.45 -801.35
33 951.0 536.39 -464.26
34 951.0 752.70 -370.08
35 951.0 762.19 -368.96
6 952.0 211.27 -457.59
7 952.0 201.28 -437.20
8 952.0 929.34 -407.86
9 952.0 311.64 -542.27
10 952.0 327.90 -537.53
11 952.0 343.34 -537.22
12 952.0 528.59 -923.70
13 952.0 507.78 -930.05
14 952.0 256.70 -433.68
15 952.0 316.10 -544.28
16 952.0 416.77 -788.68
17 952.0 330.48 -540.09
18 952.0 357.43 -592.30
19 952.0 919.36 -422.57
20 952.0 641.26 -438.31
21 952.0 436.54 -821.66
22 952.0 425.12 -816.49
23 952.0 420.52 -801.31
24 952.0 378.42 -662.78
25 952.0 376.28 -655.59
26 952.0 552.65 -483.01
27 952.0 613.21 -765.13
28 952.0 539.44 -463.29
29 952.0 534.14 -446.21
30 952.0 322.18 -823.86
31 952.0 428.70 -363.04
32 952.0 317.56 -808.29
33 952.0 536.39 -464.26
34 952.0 740.40 -367.27
35 952.0 753.28 -370.21
6 953.0 212.15 -460.47
7 953.0 204.45 -444.97
8 953.0 921.23 -404.82
9 953.0 305.09 -544.25
10 953.0 319.95 -539.84
11 953.0 337.07 -535.10
12 953.0 535.82 -921.49
13 953.0 515.93 -927.55
14 953.0 266.23 -430.92
15 953.0 322.92 -542.32
16 953.0 418.23 -793.58
17 953.0 334.91 -538.74
18 953.0 359.63 -599.55
19 953.0 919.36 -422.57
20 953.0 635.71 -441.63
21 953.0 442.74 -819.79
22 953.0 428.34 -821.16
23 953.0 422.51 -808.01
24 953.0 378.42 -662.78
25 953.0 376.28 -655.59
26 953.0 552.65 -483.01
27 953.0 607.17 -766.95
28 953.0 539.44 -463.31
29 953.0 536.28 -453.17
30 953.0 324.53 -831.30
31 953.0 419.76 -365.68
32 953.0 319.44 -814.84
33 953.0 536.39 -464.26
34 953.0 728.72 -364.58
35 953.0 743.60 -368.01
6 954.0 212.20 -460.64
7 954.0 208.00 -451.23
8 954.0 911.54 -401.91
9 954.0 297.62 -546.45
10 954.0 313.35 -541.75
11 954.0 330.16 -536.84
12 954.0 542.94 -919.37
13 954.0 523.64 -925.21
14 954.0 276.41 -427.99
15 954.0 326.57 -541.25
16 954.0 420.04 -799.68
17 954.0 339.52 -538.53
18 954.0 361.78 -606.75
19 954.0 919.36 -422.57
20 954.0 629.81 -444.00
21 954.0 448.51 -818.05
22 954.0 434.71 -822.03
23 954.0 424.06 -813.22
24 954.0 378.42 -662.78
25 954.0 376.28 -655.59
26 954.0 552.65 -483.01
27 954.0 600.57 -768.99
28 954.0 539.45 -463.31
29 954.0 537.11 -455.83
30 954.0 326.53 -837.71
31 954.0 410.83 -368.33
32 954.0 321.97 -823.19
33 954.0 536.39 -464.26
34 954.0 716.44 -361.73
35 954.0 734.71 -365.97
6 955.0 212.21 -460.65
7 955.0 209.59 -453.87
8 955.0 900.64 -399.19
9 955.0 290.38 -548.58
10 955.0 306.02 -543.97
11 955.0 322.24 -539.18
12 955.0 549.84 -917.33
13 955.0 531.92 -922.68
14 955.0 286.20 -425.17
15 955.0 331.52 -539.77
16 955.0 421.58 -804.87
17 955.0 342.47 -542.14
18 955.0 364.09 -614.53
19 955.0 919.36 -422.57
20 955.0 623.86 -446.16
21 955.0 454.08 -816.37
22 955.0 439.92 -820.64
23 955.0 425.84 -818.05
24 955.0 378.42 -662.78
25 955.0 376.28 -655.59
26 955.0 552.65 -483.01
27 955.0 593.75 -771.14
28 955.0 539.45 -463.31
29 955.0 537.20 -456.10
30 955.0 328.61 -844.56
31 955.0 401.48 -371.09
32 955.0 324.14 -830.07
33 955.0 536.39 -464.26
34 955.0 704.62 -359.01
35 955.0 725.29 -363.78
6 956.0 212.21 -460.65
7 956.0 209.70 -454.11
8 956.0 889.79 -396.47
9 956.0 282.68 -549.21
10 956.0 299.28 -545.96
11 956.0 315.03 -541.26
12 956.0 557.03 -915.13
13 956.0 539.50 -920.39
14 956.0 291.83 -423.56
15 956.0 335.92 -538.48
16 956.0 422.94 -809.44
17 956.0 343.99 -547.39
18 956.0 366.38 -622.24
19 956.0 919.36 -422.57
20 956.0 618.39 -448.05
21 956.0 459.82 -814.65
22 956.0 445.48 -818.96
23 956.0 430.58 -822.08
24 956.0 378.42 -662.78
25 956.0 376.28 -655.59
26 956.0 552.65 -483.01
27 956.0 587.94 -772.93
28 956.0 539.45 -463.31
29 956.0 537.21 -456.14
30 956.0 330.70 -851.40
31 956.0 393.24 -375.11
32 956.0 325.98 -835.92
33 956.0 536.39 -464.26
34 956.0 692.60 -356.25
35 956.0 715.46 -361.50
6 957.0 212.21 -460.65
7 957.0 209.78 -454.29
8 957.0 878.90 -393.79
9 957.0 275.94 -549.50
10 957.0 291.36 -548.29
11 957.0 308.30 -543.28
12 957.0 564.60 -912.79
13 957.0 547.67 -917.97
14 957.0 294.20 -422.88
15 957.0 341.35 -539.87
16 957.0 424.88 -816.01
17 957.0 345.75 -553.61
18 957.0 368.78 -630.31
19 957.0 919.36 -422.57
20 957.0 612.94 -449.92
21 957.0 465.88 -812.81
22 957.0 451.61 -817.12
23 957.0 436.86 -821.56
24 957.0 378.42 -662.78
25 957.0 376.28 -655.59
26 957.0 552.65 -483.01
27 957.0 581.64 -774.84
28 957.0 539.45 -463.31
29 957.0 537.21 -456.15
30 957.0 332.84 -858.39
31 957.0 384.31 -377.84
32 957.0 328.14 -843.01
33 957.0 536.39 -464.26
34 957.0 680.60 -353.49
35 957.0 705.93 -359.31
6 958.0 212.21 -460.65
7 958.0 209.78 -454.30
8 958.0 868.42 -391.38
9 958.0 268.56 -551.68
10 958.0 285.19 -549.75
11 958.0 300.35 -545.65
12 958.0 572.08 -910.49
13 958.0 555.94 -915.46
14 958.0 294.36 -422.84
15 958.0 343.32 -545.02
16 958.0 423.50 -821.75
17 958.0 347.69 -560.42
18 958.0 370.93 -637.55
19 958.0 919.36 -422.57
20 958.0 606.99 -451.94
21 958.0 471.65 -811.05
22 958.0 457.77 -815.26
23 958.0 442.93 -819.73
24 958.0 378.42 -662.78
25 958.0 376.28 -655.59
26 958.0 552.65 -483.01
27 958.0 575.64 -776.62
28 958.0 539.45 -463.31
29 958.0 537.21 -456.15
30 958.0 335.12 -865.83
31 958.0 375.51 -380.44
32 958.0 330.12 -849.49
33 958.0 536.39 -464.26
34 958.0 668.54 -350.72
35 958.0 696.91 -357.24
6 959.0 212.21 -460.65
7 959.0 209.78 -454.30
8 959.0 857.59 -388.90
9 959.0 261.67 -553.71
10 959.0 277.19 -549.13
11 959.0 293.74 -547.59
12 959.0 580.09 -908.03
13 959.0 563.98 -912.98
14 959.0 294.42 -422.82
15 959.0 345.28 -551.91
16 959.0 416.98 -824.18
17 959.0 349.60 -566.96
18 959.0 372.98 -644.48
19 959.0 919.36 -422.57
20 959.0 600.59 -454.01
21 959.0 478.01 -809.13
22 959.0 463.49 -813.54
23 959.0 449.53 -817.74
24 959.0 378.42 -662.78
25 959.0 376.28 -655.59
26 959.0 552.65 -483.01
27 959.0 569.48 -778.43
28 959.0 539.45 -463.31
29 959.0 537.21 -456.15
30 959.0 337.10 -872.30
31 959.0 366.72 -383.04
32 959.0 332.64 -857.73
33 959.0 536.39 -464.26
34 959.0 657.15 -348.11
35 959.0 687.56 -355.09
6 960.0 212.88 -463.01
7 960.0 209.78 -454.31
8 960.0 848.29 -383.48
9 960.0 254.72 -555.76
10 960.0 270.52 -551.10
11 960.0 285.99 -549.68
12 960.0 587.39 -905.79
13 960.0 572.25 -910.43
14 960.0 296.33 -422.28
15 960.0 347.01 -558.04
16 960.0 409.05 -826.56
17 960.0 351.48 -573.05
18 960.0 374.12 -648.32
19 960.0 919.36 -422.57
20 960.0 594.10 -456.11
21 960.0 484.63 -807.13
22 960.0 469.94 -811.57
23 960.0 454.67 -816.20
24 960.0 378.79 -664.35
25 960.0 376.28 -655.59
26 960.0 551.86 -481.23
27 960.0 563.62 -780.15
28 960.0 539.98 -464.88
29 960.0 537.21 -456.15
30 960.0 339.37 -879.73
31 960.0 357.58 -385.75
32 960.0 334.58 -864.07
33 960.0 536.88 -466.03
34 960.0 644.75 -345.27
35 960.0 677.87 -352.87
6 961.0 214.03 -467.23
7 961.0 210.68 -456.25
8 961.0 837.44 -380.99
9 961.0 251.48 -556.71
10 961.0 263.96 -553.04
11 961.0 279.36 -548.70
12 961.0 594.32 -903.67
13 961.0 579.02 -908.36
14 961.0 300.65 -421.26
15 961.0 348.75 -564.19
16 961.0 401.11 -828.94
17 961.0 353.30 -578.95
18 961.0 374.14 -648.37
19 961.0 919.36 -422.57
20 961.0 588.46 -457.95
21 961.0 490.08 -805.49
22 961.0 476.07 -809.72
23 961.0 460.56 -814.42
24 961.0 378.77 -667.30
25 961.0 376.53 -656.44
26 961.0 549.99 -477.77
27 961.0 557.59 -781.91
28 961.0 541.55 -468.85
29 961.0 537.65 -457.56
30 961.0 341.41 -886.37
31 961.0 347.72 -388.67
32 961.0 337.01 -872.02
33 961.0 537.59 -469.29
34 961.0 633.02 -342.62
35 961.0 668.97 -350.82
6 962.0 215.65 -473.16
7 962.0 211.67 -458.91
8 962.0 826.79 -378.54
9 962.0 246.51 -557.24
10 962.0 259.17 -554.45
11 962.0 272.02 -550.66
12 962.0 601.15 -901.58
13 962.0 585.68 -906.32
14 962.0 305.71 -423.13
15 962.0 350.63 -570.29
16 962.0 392.38 -831.56
17 962.0 355.17 -584.96
18 962.0 374.28 -648.85
19 962.0 919.36 -422.57
20 962.0 582.39 -459.94
21 962.0 496.47 -803.56
22 962.0 482.09 -807.90
23 962.0 466.36 -812.66
24 962.0 375.27 -670.58
25 962.0 377.40 -659.35
26 962.0 549.19 -476.97
27 962.0 551.70 -783.64
28 962.0 544.49 -474.67
29 962.0 538.79 -461.19
30 962.0 343.52 -893.27
31 962.0 338.76 -391.32
32 962.0 338.90 -878.18
33 962.0 535.95 -474.50
34 962.0 620.88 -339.90
35 962.0 659.02 -348.54
6 963.0 217.71 -480.36
7 963.0 213.30 -464.54
8 963.0 816.73 -376.24
9 963.0 243.10 -553.64
10 963.0 255.09 -555.65
11 963.0 267.00 -552.14
12 963.0 608.88 -899.21
13 963.0 593.09 -904.05
14 963.0 307.65 -428.27
15 963.0 352.68 -576.92
16 963.0 383.56 -834.20
17 963.0 357.30 -591.86
18 963.0 375.06 -651.49
19 963.0 919.36 -422.57
20 963.0 577.08 -461.66
21 963.0 502.21 -801.83
22 963.0 488.11 -806.08
23 963.0 472.11 -810.91
24 963.0 369.80 -672.31
25 963.0 378.81 -664.52
26 963.0 548.80 -476.68
27 963.0 545.34 -785.50
28 963.0 548.17 -480.86
29 963.0 540.46 -466.10
30 963.0 345.53 -899.84
31 963.0 329.08 -394.18
32 963.0 340.89 -884.67
33 963.0 532.88 -475.64
34 963.0 608.54 -337.13
35 963.0 649.87 -346.43
6 964.0 220.27 -489.18
7 964.0 215.45 -472.45
8 964.0 806.47 -373.89
9 964.0 241.42 -548.24
10 964.0 251.53 -556.70
11 964.0 262.85 -553.37
12 964.0 616.88 -896.75
13 964.0 600.12 -901.89
14 964.0 309.75 -434.97
15 964.0 354.82 -583.85
16 964.0 375.27 -836.68
17 964.0 359.39 -598.74
18 964.0 376.48 -656.26
19 964.0 919.36 -422.57
20 964.0 571.12 -463.49
21 964.0 507.78 -800.14
22 964.0 493.48 -804.46
23 964.0 478.63 -808.94
24 964.0 362.74 -674.47
25 964.0 377.48 -669.34
26 964.0 548.79 -476.66
27 964.0 538.62 -787.50
28 964.0 551.02 -488.08
29 964.0 543.26 -472.48
30 964.0 347.76 -907.12
31 964.0 320.07 -395.38
32 964.0 342.82 -891.00
33 964.0 526.18 -477.69
34 964.0 596.01 -334.33
35 964.0 641.01 -344.42
6 965.0 222.46 -496.63
7 965.0 217.89 -480.98
8 965.0 795.52 -371.47
9 965.0 239.24 -541.07
10 965.0 246.58 -557.26
11 965.0 259.55 -554.34
12 965.0 624.56 -894.39
13 965.0 607.76 -899.55
14 965.0 312.04 -442.44
15 965.0 356.87 -590.44
16 965.0 366.35 -839.35
17 965.0 361.15 -604.63
18 965.0 377.98 -661.32
19 965.0 919.36 -422.57
20 965.0 565.35 -465.35
21 965.0 513.74 -798.35
22 965.0 499.33 -802.70
23 965.0 484.04 -807.31
24 965.0 355.02 -676.83
25 965.0 373.48 -671.18
26 965.0 548.78 -476.66
27 965.0 532.53 -789.33
28 965.0 552.98 -494.09
29 965.0 546.76 -478.37
30 965.0 349.67 -913.36
31 965.0 311.14 -397.98
32 965.0 345.14 -898.56
33 965.0 520.18 -479.52
34 965.0 584.67 -331.79
35 965.0 630.99 -342.16
6 966.0 224.63 -503.86
7 966.0 220.05 -488.42
8 966.0 785.65 -369.30
9 966.0 237.14 -534.12
10 966.0 242.75 -552.65
11 966.0 255.18 -555.63
12 966.0 632.19 -892.04
13 966.0 615.21 -897.27
14 966.0 314.19 -449.48
15 966.0 358.68 -596.40
16 966.0 358.53 -841.70
17 966.0 363.20 -611.53
18 966.0 378.96 -665.51
19 966.0 919.36 -422.57
20 966.0 560.14 -467.07
21 966.0 520.25 -796.38
22 966.0 505.20 -800.92
23 966.0 489.98 -805.52
24 966.0 347.18 -679.23
25 966.0 366.81 -673.22
26 966.0 548.78 -476.66
27 966.0 526.13 -791.26
28 966.0 555.15 -501.44
29 966.0 549.92 -484.90
30 966.0 351.78 -920.24
31 966.0 301.44 -401.07
32 966.0 346.97 -904.52
33 966.0 513.57 -481.51
34 966.0 572.84 -329.14
35 966.0 621.11 -339.95
6 967.0 227.01 -511.75
7 967.0 222.11 -495.44
8 967.0 775.51 -366.82
9 967.0 235.22 -527.80
10 967.0 240.58 -545.48
11 967.0 251.69 -556.65
12 967.0 639.07 -889.91
13 967.0 622.49 -895.03
14 967.0 316.30 -456.38
15 967.0 360.80 -603.46
16 967.0 350.65 -844.07
17 967.0 365.02 -617.65
18 967.0 375.82 -670.32
19 967.0 919.36 -422.57
20 967.0 558.07 -467.75
21 967.0 525.98 -794.65
22 967.0 511.23 -799.10
23 967.0 495.90 -803.73
24 967.0 339.96 -681.43
25 967.0 360.34 -675.20
26 967.0 546.71 -475.11
27 967.0 519.15 -793.37
28 967.0 557.04 -507.81
29 967.0 552.43 -492.39
30 967.0 353.86 -927.04
31 967.0 291.61 -404.13
32 967.0 349.25 -911.99
33 967.0 506.75 -483.43
34 967.0 561.34 -330.36
35 967.0 611.53 -337.80
6 968.0 229.35 -519.46
7 968.0 224.56 -503.65
8 968.0 765.53 -363.16
9 968.0 232.99 -520.43
10 968.0 238.36 -538.15
11 968.0 246.20 -557.16
12 968.0 646.83 -887.52
13 968.0 630.29 -892.63
14 968.0 318.51 -463.58
15 968.0 362.57 -609.40
16 968.0 343.20 -846.30
17 968.0 366.82 -623.73
18 968.0 370.31 -672.15
19 968.0 919.36 -422.57
20 968.0 557.90 -467.81
21 968.0 532.59 -792.66
22 968.0 517.62 -797.17
23 968.0 501.99 -801.89
24 968.0 331.79 -683.92
25 968.0 353.92 -677.17
26 968.0 542.59 -474.05
27 968.0 513.03 -795.21
28 968.0 559.15 -514.95
29 968.0 554.32 -498.61
30 968.0 355.99 -933.97
31 968.0 282.26 -406.96
32 968.0 351.15 -918.19
33 968.0 500.46 -485.06
34 968.0 551.24 -332.12
35 968.0 601.50 -335.56
6 969.0 231.91 -527.91
7 969.0 226.82 -511.11
8 969.0 755.11 -360.78
9 969.0 231.07 -514.13
10 969.0 236.15 -530.87
11 969.0 242.79 -552.77
12 969.0 653.81 -885.36
13 969.0 638.04 -890.23
14 969.0 320.60 -470.39
15 969.0 364.46 -615.78
16 969.0 339.68 -847.35
17 969.0 368.70 -630.06
18 969.0 363.35 -674.28
19 969.0 919.36 -422.57
20 969.0 557.86 -467.82
21 969.0 538.67 -790.82
22 969.0 523.90 -795.28
23 969.0 508.88 -799.81
24 969.0 324.32 -686.18
25 969.0 348.10 -678.95
26 969.0 536.55 -474.68
27 969.0 506.61 -797.15
28 969.0 561.12 -521.60
29 969.0 556.45 -505.80
30 969.0 358.15 -941.03
31 969.0 272.87 -409.81
32 969.0 353.36 -925.39
33 969.0 494.35 -486.77
34 969.0 539.93 -334.87
35 969.0 592.30 -333.50
6 970.0 234.19 -535.44
7 970.0 229.41 -519.66
8 970.0 744.25 -358.31
9 970.0 228.97 -507.19
10 970.0 234.09 -524.09
11 970.0 240.67 -545.77
12 970.0 661.19 -883.09
13 970.0 644.91 -888.11
14 970.0 322.84 -477.65
15 970.0 366.17 -621.53
16 970.0 334.67 -847.57
17 970.0 370.59 -636.41
18 970.0 356.65 -676.33
19 970.0 919.36 -422.57
20 970.0 557.86 -467.82
21 970.0 544.07 -789.20
22 970.0 530.47 -793.30
23 970.0 514.99 -797.97
24 970.0 317.18 -688.35
25 970.0 342.60 -680.63
26 970.0 531.90 -475.94
27 970.0 499.79 -799.21
28 970.0 563.16 -528.49
29 970.0 558.60 -513.09
30 970.0 360.28 -947.98
31 970.0 263.89 -412.53
32 970.0 355.57 -932.61
33 970.0 488.34 -488.79
34 970.0 529.01 -338.00
35 970.0 582.21 -331.24
6 971.0 236.44 -542.84
7 971.0 231.76 -527.41
8 971.0 734.34 -356.03
9 971.0 227.04 -500.79
10 971.0 231.94 -516.99
11 971.0 238.25 -537.79
12 971.0 668.17 -878.61
13 971.0 652.55 -885.75
14 971.0 325.13 -485.25
15 971.0 368.03 -627.79
16 971.0 331.06 -841.63
17 971.0 372.38 -642.44
18 971.0 351.04 -678.05
19 971.0 919.36 -422.57
20 971.0 557.86 -467.82
21 971.0 550.14 -787.43
22 971.0 535.99 -791.63
23 971.0 520.80 -796.21
24 971.0 309.07 -690.81
25 971.0 336.06 -682.62
26 971.0 525.37 -477.94
27 971.0 493.53 -801.10
28 971.0 565.20 -535.11
29 971.0 560.80 -520.53
30 971.0 362.26 -954.46
31 971.0 254.89 -415.26
32 971.0 357.67 -939.48
33 971.0 481.67 -490.99
34 971.0 522.44 -340.14
35 971.0 572.95 -329.17
6 972.0 238.66 -550.18
7 972.0 234.07 -535.04
8 972.0 724.10 -353.64
9 972.0 225.09 -494.24
10 972.0 229.66 -509.47
11 972.0 235.99 -530.35
12 972.0 670.27 -871.27
13 972.0 659.64 -883.56
14 972.0 327.32 -492.45
15 972.0 369.84 -633.90
16 972.0 328.42 -832.98
17 972.0 374.46 -649.45
18 972.0 343.81 -678.13
19 972.0 919.36 -422.57
20 972.0 557.86 -467.82
21 972.0 556.58 -785.54
22 972.0 541.27 -790.04
23 972.0 526.65 -794.45
24 972.0 301.90 -692.98
25 972.0 330.27 -684.38
26 972.0 518.74 -479.96
27 972.0 487.30 -802.98
28 972.0 567.43 -542.25
29 972.0 562.79 -527.25
30 972.0 364.07 -960.37
31 972.0 245.92 -417.98
32 972.0 359.58 -945.70
33 972.0 475.33 -492.91
34 972.0 520.36 -341.34
35 972.0 563.88 -328.59
6 973.0 240.89 -557.52
7 973.0 236.13 -541.82
8 973.0 713.91 -351.29
9 973.0 226.01 -486.88
10 973.0 227.77 -503.22
11 973.0 233.69 -522.77
12 973.0 668.58 -864.19
13 973.0 666.89 -879.87
14 973.0 329.49 -499.46
15 973.0 372.07 -641.41
16 973.0 325.63 -824.17
17 973.0 376.42 -656.06
18 973.0 336.06 -679.28
19 973.0 919.36 -422.57
20 973.0 557.86 -467.82
21 973.0 562.05 -783.94
22 973.0 547.41 -788.22
23 973.0 532.22 -792.77
24 973.0 295.49 -694.93
25 973.0 323.42 -686.46
26 973.0 511.55 -482.08
27 973.0 481.24 -804.81
28 973.0 569.69 -549.50
29 973.0 564.94 -534.28
30 973.0 364.95 -963.26
31 973.0 237.02 -420.68
32 973.0 361.44 -951.80
33 973.0 469.65 -494.63
34 973.0 517.12 -341.00
35 973.0 555.96 -331.50
6 974.0 243.23 -565.23
7 974.0 238.36 -549.18
8 974.0 703.69 -348.94
9 974.0 223.97 -478.94
10 974.0 225.62 -496.04
11 974.0 231.58 -515.80
12 974.0 666.26 -856.27
13 974.0 670.28 -872.91
14 974.0 331.78 -506.89
15 974.0 374.05 -648.08
16 974.0 322.99 -815.61
17 974.0 378.41 -662.78
18 974.0 328.43 -681.60
19 974.0 919.36 -422.57
20 974.0 557.86 -467.82
21 974.0 568.06 -782.19
22 974.0 552.97 -786.60
23 974.0 538.80 -790.78
24 974.0 288.92 -697.66
25 974.0 316.89 -688.44
26 974.0 504.68 -483.97
27 974.0 475.33 -806.60
28 974.0 571.68 -555.85
29 974.0 567.28 -541.79
30 974.0 366.94 -964.73
31 974.0 228.17 -423.37
32 974.0 362.40 -954.91
33 974.0 462.95 -496.65
34 974.0 516.90 -343.10
35 974.0 547.44 -332.75
6 975.0 245.77 -573.60
7 975.0 240.86 -557.42
8 975.0 692.72 -346.42
9 975.0 221.24 -469.36
10 975.0 226.09 -488.31
11 975.0 229.45 -508.77
12 975.0 664.22 -849.30
13 975.0 668.76 -864.79
14 975.0 334.10 -514.37
15 975.0 375.84 -654.10
16 975.0 320.77 -807.82
17 975.0 379.81 -666.16
18 975.0 320.85 -683.89
19 975.0 919.36 -422.57
20 975.0 557.86 -467.82
21 975.0 573.60 -780.56
22 975.0 558.80 -784.89
23 975.0 544.36 -789.12
24 975.0 286.40 -705.10
25 975.0 311.03 -690.22
26 975.0 497.71 -485.77
27 975.0 468.32 -808.72
28 975.0 573.69 -562.29
29 975.0 569.09 -547.57
30 975.0 368.03 -962.38
31 975.0 218.72 -426.24
32 975.0 363.21 -957.57
33 975.0 457.24 -498.38
34 975.0 516.48 -347.44
35 975.0 538.33 -335.33
6 976.0 248.15 -581.44
7 976.0 243.27 -565.36
8 976.0 682.75 -344.13
9 976.0 218.67 -459.92
10 976.0 223.98 -479.00
11 976.0 227.15 -501.15
12 976.0 662.11 -842.11
13 976.0 666.88 -858.39
14 976.0 336.21 -521.22
15 976.0 376.92 -657.74
16 976.0 318.19 -799.34
17 976.0 383.50 -669.72
18 976.0 312.68 -686.37
19 976.0 919.36 -422.57
20 976.0 557.86 -467.82
21 976.0 579.17 -778.92
22 976.0 564.86 -783.12
23 976.0 550.45 -787.34
24 976.0 288.38 -712.42
25 976.0 304.03 -692.34
26 976.0 490.84 -487.95
27 976.0 461.88 -810.69
28 976.0 575.96 -569.57
29 976.0 571.15 -554.18
30 976.0 366.80 -958.35
31 976.0 212.92 -427.50
32 976.0 364.07 -960.37
33 976.0 450.74 -500.35
34 976.0 516.59 -354.12
35 976.0 528.55 -338.13
6 977.0 250.50 -589.18
7 977.0 245.49 -572.70
8 977.0 672.90 -341.87
9 977.0 216.90 -453.27
10 977.0 221.18 -469.14
11 977.0 225.04 -493.72
12 977.0 659.77 -834.36
13 977.0 664.81 -851.32
14 977.0 337.71 -526.07
15 977.0 378.47 -662.97
16 977.0 315.68 -791.09
17 977.0 389.25 -669.82
18 977.0 305.04 -688.69
19 977.0 919.36 -422.57
20 977.0 557.86 -467.82
21 977.0 585.23 -777.08
22 977.0 570.25 -781.54
23 977.0 556.66 -785.52
24 977.0 290.87 -720.61
25 977.0 297.71 -694.25
26 977.0 484.77 -489.98
27 977.0 456.05 -812.44
28 977.0 578.21 -576.74
29 977.0 573.24 -560.86
30 977.0 364.95 -952.33
31 977.0 205.64 -425.76
32 977.0 365.30 -963.87
33 977.0 444.70 -502.18
34 977.0 516.77 -362.64
35 977.0 522.89 -339.96
6 978.0 252.99 -597.38
7 978.0 248.06 -581.14
8 978.0 661.89 -339.34
9 978.0 217.12 -446.02
10 978.0 219.04 -461.31
11 978.0 225.92 -485.77
12 978.0 657.49 -826.78
13 978.0 662.42 -843.17
14 978.0 339.89 -533.29
15 978.0 380.05 -666.68
16 978.0 313.08 -782.62
17 978.0 394.90 -668.18
18 978.0 297.19 -691.07
19 978.0 919.36 -422.57
20 978.0 557.86 -467.82
21 978.0 591.16 -775.29
22 978.0 577.11 -779.53
23 978.0 561.48 -784.11
24 978.0 293.22 -728.30
25 978.0 294.04 -695.37
26 978.0 478.35 -491.99
27 978.0 449.91 -814.29
28 978.0 580.23 -583.21
29 978.0 575.25 -567.27
30 978.0 362.98 -945.88
31 978.0 201.31 -419.06
32 978.0 368.00 -963.22
33 978.0 438.89 -503.93
34 978.0 517.24 -370.75
35 978.0 517.11 -341.06
6 979.0 255.51 -605.66
7 979.0 250.46 -589.06
8 979.0 651.64 -336.99
9 979.0 222.52 -441.22
10 979.0 217.09 -454.23
11 979.0 223.51 -477.35
12 979.0 655.37 -819.75
13 979.0 659.93 -834.87
14 979.0 341.92 -540.17
15 979.0 384.19 -669.89
16 979.0 310.58 -774.42
17 979.0 400.80 -666.40
18 979.0 292.74 -692.42
19 979.0 919.36 -422.57
20 979.0 557.86 -467.82
21 979.0 596.78 -773.54
22 979.0 582.66 -777.86
23 979.0 567.40 -782.38
24 979.0 295.54 -735.93
25 979.0 288.57 -698.03
26 979.0 471.90 -493.95
27 979.0 443.39 -816.25
28 979.0 582.25 -589.68
29 979.0 577.51 -574.51
30 979.0 360.80 -938.76
31 979.0 197.35 -409.89
32 979.0 367.24 -959.79
33 979.0 433.23 -505.64
34 979.0 517.76 -380.16
35 979.0 516.66 -345.54
6 980.0 258.06 -614.06
7 980.0 253.03 -597.52
8 980.0 640.98 -334.58
9 980.0 230.15 -438.42
10 980.0 216.84 -447.01
11 980.0 220.64 -467.16
12 980.0 653.30 -812.89
13 980.0 657.95 -828.33
14 980.0 343.88 -546.98
15 980.0 391.70 -669.15
16 980.0 308.23 -766.65
17 980.0 406.78 -664.59
18 980.0 286.47 -691.96
19 980.0 919.36 -422.57
20 980.0 557.86 -467.82
21 980.0 602.25 -771.82
22 980.0 588.71 -776.03
23 980.0 573.82 -780.50
24 980.0 298.00 -744.01
25 980.0 286.27 -704.23
26 980.0 465.24 -495.96
27 980.0 438.31 -817.79
28 980.0 584.38 -596.48
29 980.0 579.70 -581.53
30 980.0 358.57 -931.48
31 980.0 194.83 -403.64
32 980.0 365.79 -955.06
33 980.0 426.52 -507.66
34 980.0 518.25 -389.17
35 980.0 516.49 -351.99
6 981.0 260.53 -622.18
7 981.0 255.40 -605.32
8 981.0 630.39 -332.19
9 981.0 239.24 -435.42
10 981.0 222.63 -441.16
11 981.0 218.21 -458.38
12 981.0 651.16 -805.79
13 981.0 655.95 -821.69
14 981.0 346.00 -554.47
15 981.0 398.44 -667.11
16 981.0 305.71 -758.35
17 981.0 412.87 -662.74
18 981.0 283.78 -686.51
19 981.0 919.36 -422.57
20 981.0 557.86 -467.82
21 981.0 608.45 -769.91
22 981.0 594.51 -774.26
23 981.0 580.01 -778.67
24 981.0 300.28 -751.50
25 981.0 287.83 -710.62
26 981.0 458.42 -498.03
27 981.0 433.69 -818.98
28 981.0 586.63 -603.70
29 981.0 581.83 -588.32
30 981.0 356.53 -924.82
31 981.0 192.26 -397.24
32 981.0 363.59 -947.88
33 981.0 420.84 -509.36
34 981.0 518.77 -398.04
35 981.0 516.78 -359.48
6 982.0 262.85 -629.76
7 982.0 257.73 -612.97
8 982.0 620.19 -329.91
9 982.0 249.11 -432.55
10 982.0 230.88 -438.16
11 982.0 216.38 -450.57
12 982.0 649.07 -798.89
13 982.0 653.82 -814.59
14 982.0 347.89 -561.14
15 982.0 404.16 -665.38
16 982.0 303.04 -749.59
17 982.0 419.13 -660.85
18 982.0 281.40 -678.80
19 982.0 919.36 -422.57
20 982.0 557.86 -467.82
21 982.0 614.55 -768.07
22 982.0 600.23 -772.46
23 982.0 585.80 -776.91
24 982.0 302.63 -759.23
25 982.0 289.74 -716.89
26 982.0 451.37 -500.16
27 982.0 429.17 -817.47
28 982.0 588.62 -610.09
29 982.0 583.88 -594.88
30 982.0 354.46 -918.06
31 982.0 190.40 -392.85
32 982.0 361.10 -939.75
33 982.0 415.00 -511.11
34 982.0 521.18 -406.58
35 982.0 516.94 -365.16
6 983.0 265.14 -637.20
7 983.0 260.22 -621.17
8 983.0 610.16 -327.67
9 983.0 258.61 -429.79
10 983.0 240.20 -435.14
11 983.0 219.11 -443.16
12 983.0 646.84 -791.53
13 983.0 651.60 -807.26
14 983.0 349.99 -568.23
15 983.0 410.37 -663.50
16 983.0 300.65 -741.72
17 983.0 425.95 -658.78
18 983.0 279.21 -671.62
19 983.0 919.36 -422.57
20 983.0 557.86 -467.82
21 983.0 620.03 -766.42
22 983.0 606.15 -770.60
23 983.0 592.05 -775.02
24 983.0 305.16 -767.54
25 983.0 291.62 -723.06
26 983.0 445.00 -502.09
27 983.0 427.30 -812.90
28 983.0 590.85 -617.26
29 983.0 586.01 -601.69
30 983.0 352.31 -911.06
31 983.0 188.77 -390.51
32 983.0 358.55 -931.44
33 983.0 409.28 -512.82
34 983.0 524.26 -415.79
35 983.0 517.31 -371.98
6 984.0 267.70 -645.48
7 984.0 262.64 -629.10
8 984.0 599.45 -325.27
9 984.0 268.13 -427.05
10 984.0 249.77 -432.36
11 984.0 227.17 -439.48
12 984.0 644.63 -784.24
13 984.0 649.21 -799.36
14 984.0 352.29 -575.68
15 984.0 416.78 -661.56
16 984.0 298.25 -733.85
17 984.0 432.50 -656.80
18 984.0 276.76 -663.90
19 984.0 919.36 -422.57
20 984.0 557.86 -467.82
21 984.0 625.90 -764.65
22 984.0 611.98 -768.84
23 984.0 597.33 -773.37
24 984.0 307.48 -775.25
25 984.0 293.54 -729.36
26 984.0 438.63 -504.01
27 984.0 425.42 -806.59
28 984.0 592.95 -624.03
29 984.0 588.11 -608.45
30 984.0 350.32 -904.54
31 984.0 186.61 -390.95
32 984.0 355.90 -922.78
33 984.0 402.99 -514.71
34 984.0 527.09 -424.06
35 984.0 517.73 -379.68
6 985.0 269.95 -652.74
7 985.0 265.09 -637.06
8 985.0 588.54 -322.83
9 985.0 277.12 -424.46
10 985.0 259.69 -429.48
11 985.0 237.07 -436.05
12 985.0 642.27 -776.43
13 985.0 647.01 -792.09
14 985.0 354.62 -583.19
15 985.0 423.17 -659.63
16 985.0 295.70 -725.47
17 985.0 438.73 -654.92
18 985.0 274.52 -656.68
19 985.0 919.36 -422.57
20 985.0 557.86 -467.82
21 985.0 630.11 -763.56
22 985.0 617.99 -767.03
23 985.0 603.96 -771.28
24 985.0 309.92 -783.21
25 985.0 295.64 -736.27
26 985.0 432.21 -505.94
27 985.0 423.48 -800.03
28 985.0 595.02 -630.70
29 985.0 590.29 -615.44
30 985.0 348.14 -897.44
31 985.0 184.14 -394.72
32 985.0 353.58 -915.18
33 985.0 396.57 -516.64
34 985.0 527.60 -432.26
35 985.0 518.12 -386.76
6 986.0 272.45 -660.81
7 986.0 267.38 -644.46
8 986.0 577.68 -320.39
9 986.0 286.46 -421.78
10 986.0 268.37 -426.98
11 986.0 246.72 -433.24
12 986.0 640.22 -769.39
13 986.0 644.71 -784.48
14 986.0 357.02 -590.94
15 986.0 429.30 -657.77
16 986.0 293.20 -717.26
17 986.0 445.06 -653.00
18 986.0 272.20 -649.22
19 986.0 919.36 -422.57
20 986.0 557.86 -467.82
21 986.0 635.02 -765.05
22 986.0 622.23 -765.76
23 986.0 610.12 -769.40
24 986.0 312.46 -791.52
25 986.0 297.49 -742.36
26 986.0 426.12 -507.78
27 986.0 421.72 -794.12
28 986.0 597.25 -637.89
29 986.0 592.48 -622.51
30 986.0 346.12 -890.84
31 986.0 185.89 -398.55
32 986.0 350.98 -906.71
33 986.0 390.41 -518.49
34 986.0 529.31 -441.41
35 986.0 518.54 -394.41
6 987.0 274.91 -668.75
7 987.0 269.98 -652.85
8 987.0 567.55 -318.57
9 987.0 295.76 -419.13
10 987.0 277.57 -424.33
11 987.0 256.81 -430.31
12 987.0 637.90 -761.67
13 987.0 642.80 -778.19
14 987.0 359.38 -598.70
15 987.0 435.96 -655.76
16 987.0 290.75 -709.22
17 987.0 452.01 -650.91
18 987.0 269.94 -641.93
19 987.0 919.36 -422.57
20 987.0 557.86 -467.82
21 987.0 636.98 -769.72
22 987.0 627.76 -764.09
23 987.0 614.29 -768.15
24 987.0 314.98 -799.80
25 987.0 299.29 -748.25
26 987.0 419.17 -509.87
27 987.0 419.74 -787.44
28 987.0 599.46 -645.01
29 987.0 594.49 -628.99
30 987.0 344.13 -884.34
31 987.0 187.97 -403.74
32 987.0 348.64 -899.07
33 987.0 384.16 -520.36
34 987.0 532.08 -450.40
35 987.0 519.36 -401.00
6 988.0 277.24 -676.13
7 988.0 272.30 -660.34
8 988.0 556.54 -321.73
9 988.0 304.61 -416.67
10 988.0 287.06 -421.60
11 988.0 267.16 -427.33
12 988.0 635.59 -753.90
13 988.0 640.44 -770.12
14 988.0 361.36 -605.33
15 988.0 442.90 -653.66
16 988.0 288.07 -700.47
17 988.0 458.80 -648.86
18 988.0 267.61 -634.38
19 988.0 919.36 -422.57
20 988.0 557.86 -467.82
21 988.0 638.86 -776.14
22 988.0 631.73 -763.36
23 988.0 620.19 -766.37
24 988.0 317.21 -807.14
25 988.0 301.32 -754.92
26 988.0 412.06 -511.99
27 988.0 417.94 -781.38
28 988.0 601.61 -651.94
29 988.0 596.68 -636.06
30 988.0 341.95 -877.22
31 988.0 190.42 -409.86
32 988.0 346.61 -892.43
33 988.0 377.67 -522.33
34 988.0 534.78 -459.08
35 988.0 521.63 -407.95
6 989.0 279.53 -683.60
7 989.0 274.44 -667.23
8 989.0 544.30 -323.67
9 989.0 313.51 -414.17
10 989.0 295.20 -419.28
11 989.0 277.29 -424.41
12 989.0 633.21 -745.97
13 989.0 638.21 -762.71
14 989.0 363.43 -612.30
15 989.0 449.47 -651.67
16 989.0 285.55 -692.27
17 989.0 465.85 -646.73
18 989.0 265.28 -626.78
19 989.0 919.36 -422.57
20 989.0 557.86 -467.82
21 989.0 640.64 -782.08
22 989.0 635.61 -766.03
23 989.0 623.68 -765.32
24 989.0 319.61 -815.41
25 989.0 303.39 -761.72
26 989.0 404.78 -514.18
27 989.0 415.97 -774.73
28 989.0 603.67 -658.69
29 989.0 598.75 -642.74
30 989.0 339.99 -870.85
31 989.0 193.08 -416.26
32 989.0 344.34 -885.04
33 989.0 371.98 -524.07
34 989.0 536.88 -466.05
35 989.0 524.08 -415.27
6 990.0 281.99 -691.57
7 990.0 276.88 -674.94
8 990.0 534.32 -326.49
9 990.0 323.06 -411.39
10 990.0 303.96 -416.86
11 990.0 286.09 -421.88
12 990.0 630.89 -738.33
13 990.0 635.90 -754.96
14 990.0 365.40 -618.94
15 990.0 456.46 -649.57
16 990.0 283.13 -684.44
17 990.0 472.81 -644.62
18 990.0 263.10 -619.61
19 990.0 919.36 -422.57
20 990.0 557.86 -467.82
21 990.0 642.46 -788.08
22 990.0 637.41 -771.16
23 990.0 627.82 -764.08
24 990.0 322.01 -823.32
25 990.0 305.15 -767.50
26 990.0 398.49 -516.06
27 990.0 414.07 -768.36
28 990.0 605.67 -665.41
29 990.0 600.73 -649.12
30 990.0 337.78 -863.62
31 990.0 195.26 -421.17
32 990.0 342.59 -879.32
33 990.0 365.45 -526.09
34 990.0 537.15 -473.28
35 990.0 526.36 -421.93
6 991.0 284.41 -699.44
7 991.0 279.46 -683.39
8 991.0 524.06 -329.58
9 991.0 332.16 -408.75
10 991.0 313.12 -414.28
11 991.0 294.49 -419.47
12 991.0 628.65 -730.96
13 991.0 633.57 -747.15
14 991.0 367.64 -626.47
15 991.0 463.66 -647.39
16 991.0 280.58 -676.11
17 991.0 479.64 -642.56
18 991.0 260.98 -612.64
19 991.0 919.36 -422.57
20 991.0 557.86 -467.82
21 991.0 644.23 -793.93
22 991.0 639.32 -777.70
23 991.0 633.34 -763.77
24 991.0 324.25 -830.41
25 991.0 307.17 -774.21
26 991.0 391.53 -518.15
27 991.0 412.16 -761.93
28 991.0 607.68 -672.17
29 991.0 602.91 -656.14
30 991.0 336.16 -858.35
31 991.0 197.95 -428.20
32 991.0 340.47 -872.39
33 991.0 359.60 -527.97
34 991.0 532.85 -475.65
35 991.0 528.30 -428.25
6 992.0 286.75 -707.06
7 992.0 281.93 -691.40
8 992.0 513.78 -333.63
9 992.0 341.54 -406.02
10 992.0 322.88 -411.45
11 992.0 304.20 -416.79
12 992.0 626.34 -723.32
13 992.0 631.35 -739.86
14 992.0 369.73 -633.53
15 992.0 470.30 -645.38
16 992.0 278.03 -668.00
17 992.0 485.62 -640.75
18 992.0 258.67 -605.06
19 992.0 919.36 -422.57
20 992.0 557.86 -467.82
21 992.0 645.93 -799.56
22 992.0 641.48 -784.85
23 992.0 636.19 -767.28
24 992.0 326.59 -837.93
25 992.0 309.19 -780.83
26 992.0 385.12 -520.07
27 992.0 410.38 -755.91
28 992.0 609.75 -679.16
29 992.0 604.99 -663.11
30 992.0 336.11 -853.18
31 992.0 200.79 -435.89
32 992.0 338.72 -866.68
33 992.0 353.23 -530.01
34 992.0 524.20 -478.29
35 992.0 527.46 -434.97
6 993.0 288.99 -714.43
7 993.0 284.34 -699.23
8 993.0 503.10 -336.99
9 993.0 351.21 -403.21
10 993.0 331.74 -408.87
11 993.0 313.95 -414.04
12 993.0 624.20 -716.22
13 993.0 628.85 -731.64
14 993.0 371.85 -640.68
15 993.0 476.13 -643.62
16 993.0 275.62 -660.24
17 993.0 492.51 -638.66
18 993.0 256.55 -598.06
19 993.0 919.36 -422.57
20 993.0 557.86 -467.82
21 993.0 647.57 -804.97
22 993.0 643.16 -790.40
23 993.0 637.61 -771.82
24 993.0 329.04 -845.97
25 993.0 311.33 -787.82
26 993.0 379.04 -521.91
27 993.0 408.31 -748.94
28 993.0 611.78 -685.99
29 993.0 607.06 -670.10
30 993.0 340.92 -850.32
31 993.0 203.62 -443.04
32 993.0 337.17 -861.62
33 993.0 349.77 -531.09
34 993.0 515.26 -481.02
35 993.0 529.33 -441.47
6 994.0 291.38 -722.27
7 994.0 286.46 -706.12
8 994.0 492.65 -340.22
9 994.0 360.08 -400.64
10 994.0 341.87 -405.93
11 994.0 323.11 -411.38
12 994.0 622.07 -709.16
13 994.0 626.62 -724.27
14 994.0 374.02 -647.98
15 994.0 483.08 -641.52
16 994.0 273.13 -652.21
17 994.0 499.01 -636.70
18 994.0 254.06 -589.89
19 994.0 919.36 -422.57
20 994.0 557.86 -467.82
21 994.0 649.56 -811.54
22 994.0 645.06 -796.69
23 994.0 639.41 -778.01
24 994.0 331.30 -853.36
25 994.0 313.19 -793.89
26 994.0 371.78 -524.14
27 994.0 406.44 -742.81
28 994.0 613.75 -692.60
29 994.0 609.28 -677.57
30 994.0 348.18 -848.14
31 994.0 207.53 -450.46
32 994.0 335.81 -856.74
33 994.0 343.83 -532.82
34 994.0 507.06 -483.35
35 994.0 531.27 -447.77
6 995.0 293.75 -730.05
7 995.0 288.75 -713.63
8 995.0 482.32 -343.42
9 995.0 369.21 -397.99
10 995.0 350.40 -403.45
11 995.0 333.04 -408.49
12 995.0 619.76 -701.46
13 995.0 624.64 -717.68
14 995.0 376.31 -655.68
15 995.0 490.04 -639.41
16 995.0 270.65 -644.22
17 995.0 505.30 -634.80
18 995.0 251.64 -581.92
19 995.0 919.36 -422.57
20 995.0 557.86 -467.82
21 995.0 651.36 -817.52
22 995.0 647.08 -803.37
23 995.0 641.15 -783.75
24 995.0 333.65 -861.03
25 995.0 315.15 -800.36
26 995.0 365.08 -526.21
27 995.0 404.33 -735.94
28 995.0 615.95 -699.92
29 995.0 611.40 -684.73
30 995.0 354.81 -846.15
31 995.0 211.34 -457.82
32 995.0 338.49 -851.24
33 995.0 337.15 -534.76
34 995.0 498.73 -485.51
35 995.0 533.35 -454.53
6 996.0 296.27 -738.33
7 996.0 291.23 -721.77
8 996.0 472.43 -346.48
9 996.0 378.16 -395.39
10 996.0 359.42 -400.83
11 996.0 341.18 -406.13
12 996.0 617.63 -694.39
13 996.0 622.18 -709.53
14 996.0 378.41 -662.76
15 996.0 496.95 -637.32
16 996.0 267.96 -635.51
17 996.0 511.19 -633.02
18 996.0 249.34 -574.36
19 996.0 919.36 -422.57
20 996.0 557.86 -467.82
21 996.0 653.05 -823.13
22 996.0 648.76 -808.89
23 996.0 643.16 -790.40
24 996.0 336.19 -869.34
25 996.0 317.20 -807.10
26 996.0 358.33 -528.38
27 996.0 402.20 -728.98
28 996.0 618.00 -706.71
29 996.0 613.40 -691.45
30 996.0 362.19 -843.94
31 996.0 214.12 -467.55
32 996.0 345.40 -848.97
33 996.0 330.48 -536.75
34 996.0 490.64 -488.02
35 996.0 535.21 -460.45
6 997.0 298.79 -746.60
7 997.0 293.64 -729.68
8 997.0 462.80 -349.46
9 997.0 387.93 -394.04
10 997.0 369.09 -398.02
11 997.0 350.87 -403.32
12 997.0 615.48 -687.22
13 997.0 620.08 -702.54
14 997.0 380.54 -669.58
15 997.0 503.11 -635.46
16 997.0 265.49 -627.46
17 997.0 517.68 -631.06
18 997.0 246.93 -566.43
19 997.0 919.36 -422.57
20 997.0 557.86 -467.82
21 997.0 654.99 -829.56
22 997.0 650.45 -814.49
23 997.0 644.99 -796.44
24 997.0 338.37 -876.45
25 997.0 319.10 -813.63
26 997.0 352.31 -530.31
27 997.0 400.33 -722.90
28 997.0 620.17 -713.93
29 997.0 615.28 -697.68
30 997.0 369.21 -841.84
31 997.0 216.84 -477.32
32 997.0 353.51 -846.54
33 997.0 324.30 -538.58
34 997.0 481.78 -490.96
35 997.0 536.22 -463.71
6 998.0 301.08 -754.14
7 998.0 296.23 -738.21
8 998.0 452.16 -352.75
9 998.0 397.74 -391.15
10 998.0 378.72 -395.22
11 998.0 360.93 -400.39
12 998.0 613.45 -680.39
13 998.0 617.83 -695.08
14 998.0 382.86 -676.94
15 998.0 509.68 -633.47
16 998.0 262.81 -618.67
17 998.0 524.34 -629.04
18 998.0 244.44 -558.22
19 998.0 919.36 -422.57
20 998.0 557.86 -467.82
21 998.0 656.71 -835.28
22 998.0 652.23 -820.42
23 998.0 647.01 -803.12
24 998.0 340.71 -884.08
25 998.0 320.85 -819.64
26 998.0 346.34 -532.47
27 998.0 398.51 -716.96
28 998.0 622.09 -720.31
29 998.0 617.53 -705.15
30 998.0 375.62 -839.92
31 998.0 219.64 -487.04
32 998.0 360.98 -844.30
33 998.0 318.43 -540.28
34 998.0 473.55 -493.45
35 998.0 536.35 -464.11
6 999.0 303.58 -762.34
7 999.0 298.66 -746.18
8 999.0 442.44 -355.64
9 999.0 406.55 -388.44
10 999.0 388.93 -393.84
11 999.0 370.81 -397.52
12 999.0 611.20 -672.81
13 999.0 615.96 -688.84
14 999.0 384.88 -683.46
15 999.0 516.71 -631.35
16 999.0 260.34 -610.52
17 999.0 531.16 -626.97
18 999.0 242.28 -551.08
19 999.0 919.36 -422.57
20 999.0 557.86 -467.82
21 999.0 658.55 -841.39
22 999.0 654.20 -826.94
23 999.0 648.95 -809.52
24 999.0 342.97 -891.46
25 999.0 322.94 -826.27
26 999.0 342.44 -537.09
27 999.0 396.63 -710.85
28 999.0 624.10 -726.97
29 999.0 619.66 -712.22
30 999.0 382.90 -837.74
31 999.0 221.81 -494.44
32 999.0 367.72 -842.28
33 999.0 311.75 -542.24
34 999.0 464.51 -496.18
35 999.0 536.38 -464.24
6 1000.0 305.91 -770.02
7 1000.0 300.94 -753.66
8 1000.0 432.07 -358.71
9 1000.0 416.32 -388.57
10 1000.0 398.06 -391.05
11 1000.0 380.73 -394.64
12 1000.0 609.07 -665.63
13 1000.0 613.75 -681.39
14 1000.0 386.98 -690.31
15 1000.0 522.84 -629.50
16 1000.0 257.79 -602.13
17 1000.0 537.92 -624.93
18 1000.0 240.07 -543.80
19 1000.0 919.36 -422.57
20 1000.0 557.86 -467.82
21 1000.0 660.42 -847.68
22 1000.0 655.92 -832.64
23 1000.0 650.94 -816.12
24 1000.0 345.35 -899.25
25 1000.0 325.08 -833.05
26 1000.0 342.90 -543.53
27 1000.0 394.56 -704.11
28 1000.0 626.35 -734.39
29 1000.0 621.62 -718.73
30 1000.0 389.74 -835.69
31 1000.0 223.92 -501.51
32 1000.0 374.63 -840.21
33 1000.0 305.01 -544.27
34 1000.0 456.28 -498.68
35 1000.0 536.39 -464.25
6 1001.0 308.20 -777.60
7 1001.0 303.47 -761.99
8 1001.0 423.18 -364.67
9 1001.0 425.93 -385.24
10 1001.0 406.90 -388.33
11 1001.0 389.31 -393.74
12 1001.0 606.72 -657.73
13 1001.0 611.61 -674.17
14 1001.0 389.13 -697.33
15 1001.0 529.02 -627.62
16 1001.0 255.21 -593.66
17 1001.0 543.90 -623.12
18 1001.0 237.94 -536.78
19 1001.0 919.36 -422.57
20 1001.0 557.86 -467.82
21 1001.0 662.09 -853.40
22 1001.0 657.94 -839.36
23 1001.0 652.96 -822.82
24 1001.0 347.53 -906.36
25 1001.0 327.06 -839.48
26 1001.0 344.85 -550.42
27 1001.0 392.64 -697.84
28 1001.0 628.61 -741.84
29 1001.0 623.71 -725.68
30 1001.0 396.26 -833.74
31 1001.0 226.00 -508.43
32 1001.0 381.61 -838.12
33 1001.0 298.64 -546.15
34 1001.0 447.56 -501.31
35 1001.0 536.39 -464.26
6 1002.0 310.49 -785.09
7 1002.0 305.66 -769.20
8 1002.0 413.40 -367.57
9 1002.0 435.15 -382.00
10 1002.0 416.86 -388.43
11 1002.0 398.09 -391.04
12 1002.0 604.37 -650.06
13 1002.0 609.16 -665.94
14 1002.0 391.47 -704.94
15 1002.0 534.95 -625.82
16 1002.0 252.49 -584.73
17 1002.0 549.86 -621.32
18 1002.0 235.70 -529.38
19 1002.0 919.36 -422.57
20 1002.0 557.86 -467.82
21 1002.0 663.99 -859.89
22 1002.0 659.56 -844.76
23 1002.0 655.00 -829.59
24 1002.0 350.01 -914.46
25 1002.0 329.07 -846.05
26 1002.0 346.63 -556.69
27 1002.0 390.53 -690.97
28 1002.0 630.56 -748.25
29 1002.0 625.92 -732.97
30 1002.0 402.86 -831.76
31 1002.0 227.89 -514.66
32 1002.0 388.25 -836.13
33 1002.0 292.08 -548.08
34 1002.0 438.43 -504.07
35 1002.0 536.39 -464.26
6 1003.0 312.74 -792.43
7 1003.0 307.99 -776.91
8 1003.0 403.27 -370.56
9 1003.0 444.42 -379.15
10 1003.0 425.62 -385.35
11 1003.0 407.49 -388.15
12 1003.0 602.18 -642.97
13 1003.0 606.96 -658.53
14 1003.0 393.61 -711.92
15 1003.0 540.80 -624.05
16 1003.0 249.89 -576.16
17 1003.0 556.80 -619.22
18 1003.0 233.40 -521.82
19 1003.0 919.36 -422.57
20 1003.0 557.86 -467.82
21 1003.0 665.92 -866.49
22 1003.0 661.64 -851.85
23 1003.0 656.75 -835.42
24 1003.0 352.37 -922.15
25 1003.0 331.01 -852.41
26 1003.0 348.44 -563.09
27 1003.0 388.38 -683.98
28 1003.0 632.13 -753.53
29 1003.0 627.87 -739.38
30 1003.0 409.32 -829.81
31 1003.0 229.81 -520.99
32 1003.0 394.44 -834.28
33 1003.0 285.66 -549.71
34 1003.0 429.80 -506.67
35 1003.0 536.39 -464.26
6 1004.0 315.10 -800.18
7 1004.0 310.18 -784.07
8 1004.0 394.13 -374.75
9 1004.0 454.09 -376.29
10 1004.0 434.74 -382.14
11 1004.0 416.53 -388.54
12 1004.0 599.90 -635.64
13 1004.0 604.76 -651.32
14 1004.0 395.91 -719.42
15 1004.0 548.20 -621.82
16 1004.0 248.01 -569.72
17 1004.0 563.05 -617.33
18 1004.0 231.03 -513.99
19 1004.0 919.08 -422.46
20 1004.0 557.86 -467.82
21 1004.0 667.12 -872.48
22 1004.0 663.66 -858.76
23 1004.0 658.72 -841.93
24 1004.0 354.71 -929.81
25 1004.0 333.03 -859.01
26 1004.0 350.44 -569.68
27 1004.0 386.99 -679.43
28 1004.0 631.90 -758.25
29 1004.0 629.46 -744.62
30 1004.0 415.88 -827.85
31 1004.0 231.74 -527.36
32 1004.0 401.51 -832.16
33 1004.0 278.86 -548.75
34 1004.0 421.76 -509.09
35 1004.0 536.39 -464.26
6 1005.0 317.54 -808.23
7 1005.0 312.44 -791.46
8 1005.0 384.45 -377.80
9 1005.0 462.94 -373.68
10 1005.0 444.15 -379.23
11 1005.0 425.12 -385.52
12 1005.0 597.41 -627.60
13 1005.0 602.32 -643.44
14 1005.0 398.01 -726.24
15 1005.0 553.99 -620.07
16 1005.0 250.47 -563.90
17 1005.0 569.87 -615.26
18 1005.0 228.65 -506.15
19 1005.0 921.78 -423.56
20 1005.0 556.48 -468.26
21 1005.0 664.53 -877.67
22 1005.0 665.28 -864.32
23 1005.0 660.49 -847.93
24 1005.0 357.14 -937.73
25 1005.0 335.00 -865.46
26 1005.0 352.66 -576.88
27 1005.0 386.55 -678.00
28 1005.0 627.71 -760.78
29 1005.0 631.08 -749.95
30 1005.0 420.77 -826.39
31 1005.0 233.71 -533.83
32 1005.0 408.34 -830.11
33 1005.0 272.58 -550.49
34 1005.0 413.59 -511.53
35 1005.0 536.39 -464.26
6 1006.0 319.89 -816.42
7 1006.0 314.78 -799.14
8 1006.0 373.83 -380.94
9 1006.0 472.49 -370.85
10 1006.0 452.76 -376.68
11 1006.0 434.28 -382.30
12 1006.0 595.10 -620.17
13 1006.0 599.92 -635.69
14 1006.0 400.17 -733.29
15 1006.0 561.58 -617.77
16 1006.0 257.32 -561.66
17 1006.0 576.25 -613.33
18 1006.0 226.35 -498.49
19 1006.0 926.74 -425.59
20 1006.0 552.78 -469.42
21 1006.0 658.67 -880.50
22 1006.0 666.70 -869.36
23 1006.0 662.25 -853.95
24 1006.0 359.48 -945.38
25 1006.0 336.86 -871.51
26 1006.0 354.74 -583.59
27 1006.0 386.46 -677.73
28 1006.0 621.07 -762.77
29 1006.0 632.34 -754.83
30 1006.0 426.99 -822.81
31 1006.0 235.71 -540.45
32 1006.0 413.12 -828.67
33 1006.0 266.07 -552.42
34 1006.0 404.46 -514.27
35 1006.0 536.39 -464.26
6 1007.0 322.35 -824.38
7 1007.0 317.16 -806.96
8 1007.0 363.03 -384.14
9 1007.0 481.99 -368.05
10 1007.0 462.42 -373.83
11 1007.0 442.94 -379.58
12 1007.0 592.70 -612.43
13 1007.0 597.61 -628.24
14 1007.0 402.46 -740.75
15 1007.0 568.51 -615.68
16 1007.0 266.17 -559.05
17 1007.0 581.50 -611.75
18 1007.0 225.16 -490.95
19 1007.0 933.18 -429.37
20 1007.0 546.96 -471.25
21 1007.0 652.44 -882.43
22 1007.0 666.37 -875.64
23 1007.0 663.84 -859.40
24 1007.0 361.99 -953.59
25 1007.0 338.91 -878.23
26 1007.0 356.97 -590.79
27 1007.0 386.45 -677.69
28 1007.0 613.76 -764.97
29 1007.0 630.57 -759.63
30 1007.0 428.06 -815.87
31 1007.0 237.63 -546.77
32 1007.0 419.15 -826.87
33 1007.0 259.80 -554.27
34 1007.0 396.36 -516.70
35 1007.0 536.39 -464.26
6 1008.0 324.66 -831.70
7 1008.0 319.63 -815.50
8 1008.0 352.54 -387.24
9 1008.0 491.64 -365.20
10 1008.0 471.85 -371.04
11 1008.0 452.82 -376.67
12 1008.0 590.57 -605.59
13 1008.0 595.43 -621.22
14 1008.0 404.63 -747.79
15 1008.0 573.15 -614.27
16 1008.0 274.30 -556.66
17 1008.0 583.59 -610.65
18 1008.0 224.75 -481.64
19 1008.0 939.91 -435.32
20 1008.0 541.58 -472.94
21 1008.0 646.94 -884.13
22 1008.0 661.04 -879.63
23 1008.0 665.76 -865.96
24 1008.0 364.43 -961.55
25 1008.0 340.86 -884.57
26 1008.0 358.87 -597.03
27 1008.0 386.45 -677.68
28 1008.0 606.96 -767.01
29 1008.0 624.79 -761.65
30 1008.0 426.33 -809.65
31 1008.0 239.70 -553.59
32 1008.0 425.62 -824.31
33 1008.0 253.06 -556.25
34 1008.0 387.76 -519.28
35 1008.0 536.39 -464.26
6 1009.0 327.25 -840.10
7 1009.0 321.99 -823.25
8 1009.0 342.05 -390.34
9 1009.0 501.08 -362.41
10 1009.0 482.49 -367.90
11 1009.0 462.59 -373.78
12 1009.0 588.29 -598.24
13 1009.0 593.07 -613.64
14 1009.0 406.60 -754.40
15 1009.0 576.37 -613.30
16 1009.0 283.17 -554.04
17 1009.0 583.83 -608.94
18 1009.0 221.61 -470.69
19 1009.0 946.35 -441.81
20 1009.0 535.94 -474.71
21 1009.0 641.03 -885.95
22 1009.0 655.53 -881.48
23 1009.0 667.12 -872.33
24 1009.0 367.61 -968.04
25 1009.0 342.62 -890.33
26 1009.0 360.88 -603.73
27 1009.0 386.45 -677.68
28 1009.0 600.24 -769.10
29 1009.0 617.95 -763.71
30 1009.0 424.32 -802.88
31 1009.0 241.85 -560.69
32 1009.0 428.49 -818.96
33 1009.0 248.27 -557.39
34 1009.0 378.82 -521.97
35 1009.0 536.39 -464.26
6 1010.0 329.67 -848.04
7 1010.0 324.47 -831.12
8 1010.0 332.39 -393.20
9 1010.0 509.82 -360.08
10 1010.0 492.04 -365.08
11 1010.0 472.67 -370.80
12 1010.0 585.85 -590.43
13 1010.0 590.68 -605.94
14 1010.0 408.56 -761.03
15 1010.0 577.64 -612.92
16 1010.0 290.91 -551.76
17 1010.0 581.13 -608.52
18 1010.0 218.83 -460.51
19 1010.0 953.82 -449.35
20 1010.0 531.83 -475.96
21 1010.0 634.87 -887.86
22 1010.0 649.38 -883.38
23 1010.0 664.44 -877.75
24 1010.0 375.07 -969.77
25 1010.0 344.50 -896.48
26 1010.0 362.80 -610.18
27 1010.0 386.45 -677.68
28 1010.0 593.88 -771.10
29 1010.0 611.60 -765.62
30 1010.0 422.18 -795.65
31 1010.0 243.95 -567.60
32 1010.0 426.93 -811.66
33 1010.0 243.79 -555.12
34 1010.0 370.03 -524.67
35 1010.0 536.39 -464.26
6 1011.0 332.16 -856.19
7 1011.0 326.99 -839.24
8 1011.0 322.31 -395.25
9 1011.0 514.56 -359.67
10 1011.0 501.27 -362.35
11 1011.0 482.41 -367.92
12 1011.0 583.54 -583.06
13 1011.0 588.20 -597.96
14 1011.0 410.84 -768.69
15 1011.0 581.29 -611.81
16 1011.0 299.34 -549.28
17 1011.0 576.28 -609.99
18 1011.0 216.80 -452.75
19 1011.0 959.35 -454.98
20 1011.0 525.54 -477.89
21 1011.0 628.34 -889.88
22 1011.0 643.00 -885.35
23 1011.0 658.85 -880.45
24 1011.0 381.92 -967.88
25 1011.0 346.58 -903.25
26 1011.0 364.97 -617.50
27 1011.0 386.45 -677.68
28 1011.0 587.52 -773.05
29 1011.0 604.09 -767.88
30 1011.0 420.05 -788.48
31 1011.0 245.92 -574.10
32 1011.0 424.85 -804.66
33 1011.0 241.93 -549.93
34 1011.0 361.67 -527.30
35 1011.0 536.39 -464.26
6 1012.0 334.63 -864.25
7 1012.0 329.29 -846.79
8 1012.0 312.28 -397.63
9 1012.0 519.97 -363.51
10 1012.0 506.00 -361.05
11 1012.0 492.38 -364.98
12 1012.0 581.12 -575.32
13 1012.0 586.16 -591.42
14 1012.0 413.01 -776.00
15 1012.0 584.03 -609.99
16 1012.0 307.34 -546.91
17 1012.0 569.91 -611.91
18 1012.0 217.81 -445.03
19 1012.0 965.06 -460.78
20 1012.0 519.84 -479.62
21 1012.0 622.18 -891.78
22 1012.0 637.03 -887.19
23 1012.0 652.45 -882.43
24 1012.0 389.18 -965.73
25 1012.0 348.65 -910.03
26 1012.0 366.78 -623.58
27 1012.0 386.45 -677.68
28 1012.0 580.42 -775.20
29 1012.0 596.63 -770.24
30 1012.0 418.17 -782.16
31 1012.0 247.92 -580.70
32 1012.0 422.77 -797.66
33 1012.0 239.91 -543.27
34 1012.0 353.44 -529.94
35 1012.0 536.39 -464.26
6 1013.0 337.10 -872.31
7 1013.0 331.59 -854.30
8 1013.0 301.66 -401.00
9 1013.0 520.34 -368.81
10 1013.0 510.04 -360.03
11 1013.0 498.05 -363.30
12 1013.0 578.96 -568.39
13 1013.0 583.83 -583.99
14 1013.0 415.07 -782.94
15 1013.0 582.24 -608.23
16 1013.0 315.06 -544.58
17 1013.0 563.27 -613.92
18 1013.0 224.58 -440.41
19 1013.0 970.76 -466.50
20 1013.0 513.65 -481.49
21 1013.0 616.47 -893.53
22 1013.0 630.86 -889.10
23 1013.0 646.31 -884.32
24 1013.0 396.81 -963.46
25 1013.0 350.49 -916.02
26 1013.0 368.81 -630.44
27 1013.0 386.45 -677.68
28 1013.0 574.05 -777.09
29 1013.0 590.27 -772.22
30 1013.0 416.13 -775.29
31 1013.0 249.95 -587.35
32 1013.0 420.82 -791.07
33 1013.0 237.93 -536.73
34 1013.0 349.49 -531.17
35 1013.0 536.39 -464.26
6 1014.0 339.49 -880.11
7 1014.0 334.00 -862.20
8 1014.0 291.37 -404.20
9 1014.0 520.76 -376.44
10 1014.0 515.20 -359.84
11 1014.0 502.04 -362.13
12 1014.0 576.49 -560.52
13 1014.0 581.77 -577.39
14 1014.0 417.24 -790.27
15 1014.0 579.06 -609.15
16 1014.0 323.06 -542.28
17 1014.0 557.40 -615.70
18 1014.0 234.12 -437.00
19 1014.0 976.24 -471.85
20 1014.0 507.05 -483.35
21 1014.0 609.90 -895.55
22 1014.0 624.63 -891.02
23 1014.0 639.57 -886.41
24 1014.0 404.36 -961.22
25 1014.0 352.29 -921.92
26 1014.0 370.75 -636.97
27 1014.0 386.45 -677.68
28 1014.0 566.82 -779.21
29 1014.0 583.33 -774.32
30 1014.0 414.11 -768.48
31 1014.0 251.98 -594.03
32 1014.0 418.81 -784.31
33 1014.0 236.15 -530.87
34 1014.0 343.26 -532.98
35 1014.0 536.39 -464.26
6 1015.0 341.84 -887.77
7 1015.0 336.54 -870.47
8 1015.0 281.37 -407.23
9 1015.0 521.13 -383.23
10 1015.0 520.03 -362.99
11 1015.0 507.34 -360.71
12 1015.0 574.19 -553.14
13 1015.0 579.38 -569.76
14 1015.0 419.40 -797.54
15 1015.0 573.91 -610.70
16 1015.0 331.40 -539.81
17 1015.0 551.19 -617.57
18 1015.0 244.51 -433.89
19 1015.0 981.27 -476.76
20 1015.0 501.63 -484.75
21 1015.0 604.45 -897.22
22 1015.0 618.22 -893.00
23 1015.0 633.32 -888.34
24 1015.0 411.68 -959.05
25 1015.0 354.17 -928.03
26 1015.0 372.88 -644.13
27 1015.0 386.45 -677.68
28 1015.0 559.87 -781.24
29 1015.0 576.78 -776.29
30 1015.0 411.96 -761.23
31 1015.0 253.94 -600.51
32 1015.0 416.61 -776.89
33 1015.0 234.43 -525.19
34 1015.0 334.54 -535.52
35 1015.0 536.39 -464.26
6 1016.0 344.30 -895.81
7 1016.0 338.95 -878.34
8 1016.0 271.44 -410.24
9 1016.0 521.51 -390.26
10 1016.0 520.44 -370.57
11 1016.0 512.79 -359.54
12 1016.0 571.91 -545.84
13 1016.0 576.81 -561.52
14 1016.0 421.59 -804.90
15 1016.0 566.39 -612.98
16 1016.0 337.56 -538.24
17 1016.0 545.06 -619.43
18 1016.0 254.43 -431.00
19 1016.0 986.88 -482.24
20 1016.0 495.45 -486.40
21 1016.0 598.47 -899.05
22 1016.0 612.89 -894.63
23 1016.0 627.14 -890.25
24 1016.0 419.22 -956.81
25 1016.0 356.31 -935.03
26 1016.0 374.99 -651.26
27 1016.0 386.45 -677.68
28 1016.0 552.67 -783.35
29 1016.0 569.34 -778.47
30 1016.0 410.10 -754.97
31 1016.0 256.20 -607.95
32 1016.0 414.49 -769.75
33 1016.0 232.51 -518.87
34 1016.0 325.34 -538.27
35 1016.0 536.39 -464.26
6 1017.0 346.71 -903.70
7 1017.0 341.47 -886.57
8 1017.0 260.66 -413.51
9 1017.0 521.92 -397.33
10 1017.0 520.84 -377.83
11 1017.0 516.53 -361.53
12 1017.0 569.65 -538.61
13 1017.0 574.68 -554.71
14 1017.0 423.82 -812.43
15 1017.0 558.91 -615.24
16 1017.0 342.21 -541.53
17 1017.0 538.33 -621.46
18 1017.0 263.85 -424.94
19 1017.0 993.20 -487.13
20 1017.0 489.00 -488.57
21 1017.0 592.69 -900.82
22 1017.0 606.47 -896.60
23 1017.0 621.78 -891.90
24 1017.0 427.46 -954.37
25 1017.0 358.17 -941.10
26 1017.0 376.80 -657.35
27 1017.0 386.45 -677.68
28 1017.0 545.25 -785.53
29 1017.0 562.66 -780.43
30 1017.0 408.19 -748.53
31 1017.0 258.22 -614.59
32 1017.0 412.45 -762.88
33 1017.0 230.63 -512.68
34 1017.0 316.13 -540.95
35 1017.0 536.39 -464.26
6 1018.0 349.23 -911.93
7 1018.0 343.92 -894.58
8 1018.0 250.84 -416.49
9 1018.0 523.60 -403.73
10 1018.0 521.25 -385.51
11 1018.0 520.15 -365.19
12 1018.0 567.34 -531.24
13 1018.0 572.23 -546.88
14 1018.0 426.11 -820.04
15 1018.0 551.28 -617.55
16 1018.0 344.27 -548.37
17 1018.0 532.05 -623.36
18 1018.0 274.32 -421.93
19 1018.0 998.28 -493.95
20 1018.0 483.56 -490.39
21 1018.0 587.23 -902.49
22 1018.0 601.42 -898.15
23 1018.0 614.89 -894.02
24 1018.0 434.86 -952.17
25 1018.0 359.96 -946.96
26 1018.0 378.03 -661.48
27 1018.0 386.45 -677.68
28 1018.0 538.52 -787.53
29 1018.0 555.69 -782.47
30 1018.0 405.92 -741.11
31 1018.0 260.13 -620.87
32 1018.0 410.66 -756.87
33 1018.0 228.56 -505.87
34 1018.0 307.06 -543.66
35 1018.0 536.39 -464.26
6 1019.0 351.50 -919.33
7 1019.0 346.53 -903.11
8 1019.0 240.56 -419.61
9 1019.0 525.86 -410.57
10 1019.0 521.69 -393.55
11 1019.0 520.53 -372.28
12 1019.0 565.01 -523.47
13 1019.0 569.97 -539.63
14 1019.0 428.39 -827.55
15 1019.0 543.31 -619.96
16 1019.0 346.60 -556.58
17 1019.0 525.32 -625.41
18 1019.0 284.64 -418.96
19 1019.0 1004.70 -498.64
20 1019.0 477.66 -492.20
21 1019.0 580.93 -904.43
22 1019.0 595.57 -899.94
23 1019.0 609.82 -895.57
24 1019.0 442.53 -949.89
25 1019.0 361.97 -953.50
26 1019.0 378.33 -662.48
27 1019.0 386.45 -677.68
28 1019.0 531.96 -789.50
29 1019.0 548.61 -784.54
30 1019.0 404.00 -734.87
31 1019.0 262.35 -628.14
32 1019.0 408.41 -749.28
33 1019.0 226.69 -499.63
34 1019.0 298.23 -546.27
35 1019.0 536.39 -464.26
6 1020.0 354.05 -927.66
7 1020.0 348.89 -910.81
8 1020.0 230.46 -422.67
9 1020.0 528.33 -417.80
10 1020.0 522.65 -400.84
11 1020.0 520.93 -379.61
12 1020.0 562.70 -515.65
13 1020.0 567.49 -531.73
14 1020.0 430.43 -834.22
15 1020.0 534.95 -622.48
16 1020.0 348.97 -564.93
17 1020.0 519.23 -627.25
18 1020.0 294.83 -416.07
19 1020.0 1010.71 -503.54
20 1020.0 471.27 -494.14
21 1020.0 574.99 -906.25
22 1020.0 589.07 -901.93
23 1020.0 603.48 -897.51
24 1020.0 450.24 -947.60
25 1020.0 363.77 -959.40
26 1020.0 378.41 -662.77
27 1020.0 386.45 -677.68
28 1020.0 525.05 -791.59
29 1020.0 542.23 -786.41
30 1020.0 401.86 -727.88
31 1020.0 264.28 -634.43
32 1020.0 406.55 -743.15
33 1020.0 224.98 -493.06
34 1020.0 289.95 -548.71
35 1020.0 536.39 -464.26
6 1021.0 356.31 -935.05
7 1021.0 351.32 -918.73
8 1021.0 220.55 -425.68
9 1021.0 530.80 -425.00
10 1021.0 524.96 -407.84
11 1021.0 521.32 -386.77
12 1021.0 560.43 -507.97
13 1021.0 565.31 -524.48
14 1021.0 432.81 -841.90
15 1021.0 528.79 -624.35
16 1021.0 351.51 -573.15
17 1021.0 512.40 -629.31
18 1021.0 305.72 -413.04
19 1021.0 1013.46 -512.88
20 1021.0 464.79 -496.10
21 1021.0 568.52 -908.23
22 1021.0 583.46 -903.65
23 1021.0 596.67 -899.60
24 1021.0 457.60 -945.41
25 1021.0 365.91 -965.49
26 1021.0 378.41 -662.78
27 1021.0 386.45 -677.68
28 1021.0 518.44 -793.58
29 1021.0 534.82 -788.64
30 1021.0 399.75 -721.00
31 1021.0 266.38 -641.25
32 1021.0 404.56 -736.68
33 1021.0 225.94 -485.91
34 1021.0 280.98 -548.63
35 1021.0 536.39 -464.26
6 1022.0 358.79 -943.12
7 1022.0 353.62 -926.24
8 1022.0 213.83 -427.35
9 1022.0 530.54 -431.60
10 1022.0 527.35 -414.94
11 1022.0 521.78 -395.06
12 1022.0 558.13 -500.21
13 1022.0 562.92 -516.40
14 1022.0 435.04 -849.13
15 1022.0 520.84 -626.76
16 1022.0 354.04 -581.33
17 1022.0 505.51 -631.40
18 1022.0 315.74 -410.18
19 1022.0 1016.77 -524.60
20 1022.0 458.61 -497.97
21 1022.0 562.90 -909.96
22 1022.0 576.61 -905.75
23 1022.0 591.17 -901.29
24 1022.0 465.16 -943.17
25 1022.0 370.66 -969.79
26 1022.0 378.42 -662.78
27 1022.0 386.45 -677.68
28 1022.0 511.00 -795.83
29 1022.0 528.28 -790.61
30 1022.0 397.79 -714.64
31 1022.0 268.46 -647.95
32 1022.0 402.47 -729.86
33 1022.0 223.89 -478.66
34 1022.0 272.34 -550.56
35 1022.0 536.39 -464.26
6 1023.0 361.27 -951.24
7 1023.0 356.14 -934.48
8 1023.0 205.17 -425.44
9 1023.0 531.77 -438.51
10 1023.0 529.74 -421.90
11 1023.0 523.03 -402.00
12 1023.0 555.86 -492.56
13 1023.0 560.53 -508.33
14 1023.0 437.31 -856.47
15 1023.0 514.45 -628.69
16 1023.0 356.63 -589.68
17 1023.0 498.95 -633.38
18 1023.0 326.13 -407.16
19 1023.0 1021.69 -537.03
20 1023.0 452.44 -499.84
21 1023.0 556.68 -911.89
22 1023.0 570.86 -907.51
23 1023.0 584.47 -903.34
24 1023.0 473.41 -940.70
25 1023.0 376.89 -969.37
26 1023.0 378.42 -662.78
27 1023.0 386.45 -677.68
28 1023.0 504.56 -797.77
29 1023.0 521.01 -792.81
30 1023.0 395.83 -708.26
31 1023.0 270.72 -655.23
32 1023.0 400.34 -722.92
33 1023.0 221.48 -470.22
34 1023.0 263.88 -553.06
35 1023.0 536.39 -464.26
6 1024.0 363.79 -959.46
7 1024.0 358.73 -942.93
8 1024.0 200.74 -417.79
9 1024.0 533.78 -445.05
10 1024.0 531.40 -428.96
11 1024.0 525.56 -409.67
12 1024.0 553.97 -486.80
13 1024.0 558.25 -500.61
14 1024.0 439.55 -863.71
15 1024.0 507.27 -630.86
16 1024.0 359.27 -598.36
17 1024.0 492.37 -635.37
18 1024.0 336.18 -404.24
19 1024.0 1024.13 -549.71
20 1024.0 446.99 -501.49
21 1024.0 550.16 -913.91
22 1024.0 565.03 -909.31
23 1024.0 579.11 -904.98
24 1024.0 480.98 -938.35
25 1024.0 383.40 -967.44
26 1024.0 378.42 -662.78
27 1024.0 386.45 -677.68
28 1024.0 498.27 -799.67
29 1024.0 513.74 -795.00
30 1024.0 393.81 -701.66
31 1024.0 273.00 -662.59
32 1024.0 398.21 -716.00
33 1024.0 219.10 -461.52
34 1024.0 255.60 -555.50
35 1024.0 536.39 -464.26
6 1025.0 366.76 -967.26
7 1025.0 361.34 -951.45
8 1025.0 196.94 -408.90
9 1025.0 535.87 -451.83
10 1025.0 531.24 -436.79
11 1025.0 528.07 -417.03
12 1025.0 552.73 -483.25
13 1025.0 556.08 -493.27
14 1025.0 441.76 -870.93
15 1025.0 501.21 -632.70
16 1025.0 361.80 -606.82
17 1025.0 485.97 -637.30
18 1025.0 346.85 -401.15
19 1025.0 1027.74 -561.67
20 1025.0 440.89 -503.33
21 1025.0 544.43 -915.60
22 1025.0 558.05 -911.47
23 1025.0 573.41 -906.73
24 1025.0 489.02 -935.86
25 1025.0 389.86 -965.52
26 1025.0 378.42 -662.78
27 1025.0 386.45 -677.68
28 1025.0 491.05 -801.85
29 1025.0 506.88 -797.07
30 1025.0 391.83 -695.21
31 1025.0 274.99 -669.00
32 1025.0 396.41 -710.14
33 1025.0 217.31 -455.38
34 1025.0 251.64 -556.67
35 1025.0 536.39 -464.26
6 1026.0 373.34 -970.02
7 1026.0 363.80 -959.50
8 1026.0 194.05 -401.70
9 1026.0 538.02 -458.74
10 1026.0 533.31 -443.51
11 1026.0 530.41 -423.86
12 1026.0 552.68 -483.10
13 1026.0 555.44 -491.31
14 1026.0 443.94 -878.12
15 1026.0 494.26 -634.80
16 1026.0 364.43 -615.66
17 1026.0 479.64 -639.22
18 1026.0 357.83 -397.96
19 1026.0 1031.71 -574.70
20 1026.0 435.17 -505.05
21 1026.0 538.23 -917.44
22 1026.0 552.59 -913.16
23 1026.0 566.90 -908.73
24 1026.0 496.79 -933.45
25 1026.0 396.03 -963.69
26 1026.0 378.42 -662.78
27 1026.0 386.45 -677.68
28 1026.0 484.36 -803.87
29 1026.0 500.25 -799.07
30 1026.0 389.62 -688.02
31 1026.0 277.19 -675.97
32 1026.0 394.25 -703.09
33 1026.0 216.60 -448.66
34 1026.0 246.05 -557.13
35 1026.0 536.39 -464.26
6 1027.0 381.36 -968.05
7 1027.0 366.48 -966.73
8 1027.0 191.24 -394.70
9 1027.0 539.06 -462.07
10 1027.0 535.30 -450.00
11 1027.0 530.57 -431.51
12 1027.0 552.65 -483.01
13 1027.0 555.18 -490.50
14 1027.0 446.25 -885.74
15 1027.0 488.47 -636.55
16 1027.0 366.80 -623.66
17 1027.0 472.92 -641.25
18 1027.0 367.77 -395.07
19 1027.0 1035.59 -587.29
20 1027.0 429.51 -506.76
21 1027.0 531.73 -919.40
22 1027.0 546.00 -915.13
23 1027.0 561.17 -910.50
24 1027.0 504.14 -931.18
25 1027.0 402.30 -961.83
26 1027.0 378.42 -662.78
27 1027.0 386.45 -677.68
28 1027.0 477.11 -806.06
29 1027.0 492.94 -801.28
30 1027.0 388.74 -685.14
31 1027.0 279.10 -682.22
32 1027.0 392.24 -696.54
33 1027.0 219.60 -442.88
34 1027.0 242.25 -550.98
35 1027.0 536.39 -464.26
6 1028.0 389.61 -965.60
7 1028.0 373.09 -970.06
8 1028.0 189.83 -391.79
9 1028.0 539.30 -462.83
10 1028.0 536.51 -453.93
11 1028.0 531.95 -439.11
12 1028.0 552.65 -483.01
13 1028.0 554.98 -489.89
14 1028.0 448.52 -893.13
15 1028.0 481.93 -638.53
16 1028.0 369.37 -632.32
17 1028.0 467.04 -643.02
18 1028.0 377.65 -392.21
19 1028.0 1039.58 -600.27
20 1028.0 423.03 -508.71
21 1028.0 526.12 -921.10
22 1028.0 539.51 -917.06
23 1028.0 555.29 -912.32
24 1028.0 511.24 -928.98
25 1028.0 408.35 -960.03
26 1028.0 378.42 -662.78
27 1028.0 386.45 -677.68
28 1028.0 469.64 -808.32
29 1028.0 485.84 -803.42
30 1028.0 388.68 -684.94
31 1028.0 281.03 -688.48
32 1028.0 391.24 -693.27
33 1028.0 225.65 -440.03
34 1028.0 239.82 -542.97
35 1028.0 536.39 -464.26
6 1029.0 397.11 -963.37
7 1029.0 380.86 -968.19
8 1029.0 187.07 -390.25
9 1029.0 539.41 -463.21
10 1029.0 536.89 -455.13
11 1029.0 533.44 -443.92
12 1029.0 552.65 -483.01
13 1029.0 554.97 -489.87
14 1029.0 450.57 -899.95
15 1029.0 475.76 -640.39
16 1029.0 371.89 -640.79
17 1029.0 459.96 -645.16
18 1029.0 387.95 -390.80
19 1029.0 1043.33 -612.45
20 1029.0 416.46 -510.68
21 1029.0 519.64 -923.08
22 1029.0 533.78 -918.77
23 1029.0 548.84 -914.29
24 1029.0 518.80 -926.68
25 1029.0 414.23 -958.29
26 1029.0 378.42 -662.78
27 1029.0 386.45 -677.68
28 1029.0 462.29 -810.56
29 1029.0 478.95 -805.51
30 1029.0 388.66 -684.87
31 1029.0 282.99 -694.83
32 1029.0 391.02 -692.56
33 1029.0 234.05 -437.02
34 1029.0 237.33 -534.77
35 1029.0 536.39 -464.26
6 1030.0 404.25 -961.25
7 1030.0 387.91 -966.10
8 1030.0 183.89 -394.25
9 1030.0 539.43 -463.27
10 1030.0 537.08 -455.75
11 1030.0 534.38 -447.01
12 1030.0 552.65 -483.01
13 1030.0 554.97 -489.87
14 1030.0 452.84 -907.63
15 1030.0 468.79 -642.50
16 1030.0 374.36 -649.13
17 1030.0 454.07 -646.94
18 1030.0 398.32 -387.63
19 1030.0 1046.48 -622.69
20 1030.0 409.97 -512.62
21 1030.0 513.40 -924.98
22 1030.0 527.10 -920.81
23 1030.0 542.33 -916.22
24 1030.0 525.99 -924.49
25 1030.0 420.61 -956.40
26 1030.0 378.42 -662.78
27 1030.0 386.45 -677.68
28 1030.0 455.67 -812.56
29 1030.0 472.16 -807.56
30 1030.0 388.65 -684.86
31 1030.0 285.06 -701.56
32 1030.0 390.93 -692.28
33 1030.0 242.30 -434.53
34 1030.0 234.74 -526.21
35 1030.0 536.39 -464.26
6 1031.0 411.58 -959.08
7 1031.0 395.69 -963.79
8 1031.0 185.61 -397.85
9 1031.0 539.44 -463.31
10 1031.0 537.18 -456.06
11 1031.0 534.85 -448.52
12 1031.0 552.65 -483.01
13 1031.0 554.97 -489.86
14 1031.0 454.88 -914.53
15 1031.0 462.84 -644.29
16 1031.0 375.78 -653.89
17 1031.0 447.91 -648.80
18 1031.0 409.14 -384.76
19 1031.0 1048.55 -629.42
20 1031.0 404.39 -514.29
21 1031.0 507.12 -926.90
22 1031.0 521.64 -922.47
23 1031.0 535.74 -918.17
24 1031.0 533.50 -922.20
25 1031.0 426.75 -954.57
26 1031.0 378.42 -662.78
27 1031.0 386.45 -677.68
28 1031.0 448.95 -814.58
29 1031.0 464.86 -809.78
30 1031.0 388.65 -684.86
31 1031.0 287.26 -708.75
32 1031.0 390.86 -692.05
33 1031.0 250.20 -432.23
34 1031.0 232.27 -518.09
35 1031.0 536.39 -464.26
6 1032.0 417.52 -957.31
7 1032.0 402.77 -961.69
8 1032.0 187.86 -403.45
9 1032.0 539.45 -463.31
10 1032.0 537.20 -456.11
11 1032.0 534.94 -448.83
12 1032.0 552.65 -483.01
13 1032.0 554.97 -489.86
14 1032.0 457.08 -921.45
15 1032.0 456.59 -646.18
16 1032.0 376.10 -654.97
17 1032.0 441.59 -650.72
18 1032.0 419.32 -384.17
19 1032.0 1048.31 -634.42
20 1032.0 398.67 -516.01
21 1032.0 500.65 -928.91
22 1032.0 515.69 -924.28
23 1032.0 530.41 -919.80
24 1032.0 541.03 -919.94
25 1032.0 433.43 -952.60
26 1032.0 378.42 -662.78
27 1032.0 386.45 -677.68
28 1032.0 441.72 -816.76
29 1032.0 457.62 -811.97
30 1032.0 388.65 -684.86
31 1032.0 289.32 -715.51
32 1032.0 390.86 -692.04
33 1032.0 258.58 -429.80
34 1032.0 229.58 -509.21
35 1032.0 536.39 -464.26
6 1033.0 424.66 -955.20
7 1033.0 408.89 -959.87
8 1033.0 190.50 -410.06
9 1033.0 539.45 -463.31
10 1033.0 537.20 -456.13
11 1033.0 534.97 -448.93
12 1033.0 552.65 -483.01
13 1033.0 554.97 -489.86
14 1033.0 459.34 -928.55
15 1033.0 449.52 -648.32
16 1033.0 376.22 -655.37
17 1033.0 435.30 -652.62
18 1033.0 429.85 -380.47
19 1033.0 1043.19 -637.23
20 1033.0 392.51 -517.86
21 1033.0 494.41 -930.84
22 1033.0 509.02 -926.31
23 1033.0 524.31 -921.65
24 1033.0 548.34 -917.78
25 1033.0 439.98 -950.65
26 1033.0 378.42 -662.78
27 1033.0 386.45 -677.68
28 1033.0 436.32 -818.39
29 1033.0 450.58 -814.09
30 1033.0 388.65 -684.86
31 1033.0 291.50 -722.65
32 1033.0 390.85 -692.03
33 1033.0 266.69 -427.46
34 1033.0 226.99 -500.61
35 1033.0 536.39 -464.26
6 1034.0 431.18 -953.26
7 1034.0 416.40 -957.65
8 1034.0 193.32 -416.84
9 1034.0 539.45 -463.31
10 1034.0 537.21 -456.14
11 1034.0 534.98 -448.96
12 1034.0 552.65 -483.01
13 1034.0 554.97 -489.86
14 1034.0 460.72 -932.89
15 1034.0 443.15 -650.24
16 1034.0 376.27 -655.56
17 1034.0 429.44 -654.39
18 1034.0 440.01 -377.11
19 1034.0 1036.16 -639.35
20 1034.0 387.15 -519.46
21 1034.0 488.43 -932.69
22 1034.0 502.62 -928.29
23 1034.0 518.00 -923.58
24 1034.0 556.63 -915.25
25 1034.0 446.16 -948.81
26 1034.0 378.42 -662.78
27 1034.0 386.45 -677.68
28 1034.0 430.82 -818.75
29 1034.0 444.39 -815.95
30 1034.0 388.65 -684.86
31 1034.0 293.44 -729.05
32 1034.0 390.85 -692.03
33 1034.0 275.20 -425.01
34 1034.0 224.91 -491.64
35 1034.0 536.39 -464.26
6 1035.0 437.70 -951.33
7 1035.0 422.23 -955.92
8 1035.0 195.44 -421.61
9 1035.0 539.45 -463.31
10 1035.0 537.21 -456.15
11 1035.0 534.99 -448.97
12 1035.0 552.65 -483.01
13 1035.0 554.97 -489.86
14 1035.0 461.11 -934.14
15 1035.0 437.75 -651.88
16 1035.0 376.28 -655.59
17 1035.0 422.87 -656.38
18 1035.0 450.28 -374.08
19 1035.0 1028.61 -641.63
20 1035.0 381.07 -521.29
21 1035.0 482.33 -934.58
22 1035.0 497.04 -930.02
23 1035.0 511.25 -925.63
24 1035.0 563.94 -912.99
25 1035.0 452.97 -946.78
26 1035.0 378.42 -662.78
27 1035.0 386.45 -677.68
28 1035.0 427.64 -814.05
29 1035.0 439.68 -817.37
30 1035.0 388.65 -684.86
31 1035.0 295.43 -735.57
32 1035.0 390.85 -692.03
33 1035.0 283.17 -419.39
34 1035.0 224.80 -481.82
35 1035.0 536.39 -464.26
6 1036.0 444.40 -949.34
7 1036.0 428.56 -954.04
8 1036.0 198.12 -428.68
9 1036.0 539.45 -463.31
10 1036.0 537.21 -456.15
11 1036.0 534.99 -448.98
12 1036.0 552.65 -483.01
13 1036.0 554.97 -489.86
14 1036.0 461.29 -934.74
15 1036.0 431.52 -653.76
16 1036.0 376.28 -655.59
17 1036.0 415.85 -658.50
18 1036.0 460.07 -371.19
19 1036.0 1021.67 -643.72
20 1036.0 375.10 -523.12
21 1036.0 476.82 -936.29
22 1036.0 490.31 -932.11
23 1036.0 505.47 -927.41
24 1036.0 571.95 -910.52
25 1036.0 458.79 -945.06
26 1036.0 378.42 -662.78
27 1036.0 386.45 -677.68
28 1036.0 425.63 -807.27
29 1036.0 436.21 -818.42
30 1036.0 388.65 -684.86
31 1036.0 297.50 -742.37
32 1036.0 390.85 -692.03
33 1036.0 291.75 -416.93
34 1036.0 221.59 -470.64
35 1036.0 536.39 -464.26
6 1037.0 450.67 -947.47
7 1037.0 435.09 -952.10
8 1037.0 201.14 -436.82
9 1037.0 539.45 -463.31
10 1037.0 537.21 -456.15
11 1037.0 534.99 -448.98
12 1037.0 552.65 -483.01
13 1037.0 554.97 -489.86
14 1037.0 461.33 -934.89
15 1037.0 424.57 -655.86
16 1037.0 376.28 -655.59
17 1037.0 408.82 -660.63
18 1037.0 470.11 -368.22
19 1037.0 1014.17 -645.98
20 1037.0 369.26 -524.91
21 1037.0 472.31 -937.69
22 1037.0 485.15 -933.71
23 1037.0 498.68 -929.52
24 1037.0 579.62 -908.18
25 1037.0 465.55 -943.05
26 1037.0 378.42 -662.78
27 1037.0 386.45 -677.68
28 1037.0 423.68 -800.71
29 1037.0 431.36 -818.88
30 1037.0 388.65 -684.86
31 1037.0 299.48 -748.89
32 1037.0 390.85 -692.03
33 1037.0 299.89 -414.68
34 1037.0 218.21 -458.40
35 1037.0 536.39 -464.26
6 1038.0 455.91 -945.91
7 1038.0 441.92 -950.07
8 1038.0 204.27 -444.61
9 1038.0 539.45 -463.31
10 1038.0 537.21 -456.15
11 1038.0 534.99 -448.98
12 1038.0 552.65 -483.01
13 1038.0 554.97 -489.86
14 1038.0 461.35 -934.95
15 1038.0 417.70 -657.94
16 1038.0 376.28 -655.59
17 1038.0 402.45 -662.56
18 1038.0 480.05 -365.28
19 1038.0 1007.47 -648.01
20 1038.0 362.82 -526.93
21 1038.0 467.81 -938.05
22 1038.0 480.77 -935.07
23 1038.0 493.25 -931.20
24 1038.0 587.42 -905.78
25 1038.0 472.56 -940.96
26 1038.0 378.42 -662.78
27 1038.0 386.45 -677.68
28 1038.0 421.48 -793.31
29 1038.0 427.81 -814.62
30 1038.0 388.65 -684.86
31 1038.0 301.56 -755.72
32 1038.0 390.85 -692.03
33 1038.0 307.88 -412.43
34 1038.0 216.52 -449.20
35 1038.0 536.39 -464.26
6 1039.0 457.32 -945.49
7 1039.0 447.57 -948.39
8 1039.0 209.05 -452.97
9 1039.0 539.45 -463.31
10 1039.0 537.21 -456.15
11 1039.0 534.99 -448.98
12 1039.0 552.65 -483.01
13 1039.0 554.97 -489.86
14 1039.0 461.36 -934.97
15 1039.0 411.65 -659.77
16 1039.0 376.28 -655.59
17 1039.0 395.61 -664.63
18 1039.0 490.61 -362.16
19 1039.0 1003.39 -649.25
20 1039.0 356.62 -528.92
21 1039.0 464.97 -935.31
22 1039.0 476.69 -936.33
23 1039.0 489.42 -932.39
24 1039.0 595.56 -903.29
25 1039.0 479.36 -938.86
26 1039.0 378.42 -662.78
27 1039.0 386.45 -677.68
28 1039.0 419.42 -786.36
29 1039.0 425.90 -808.20
30 1039.0 388.65 -684.86
31 1039.0 303.68 -762.68
32 1039.0 390.85 -692.03
33 1039.0 316.91 -409.84
34 1039.0 221.60 -441.75
35 1039.0 536.39 -464.26
6 1040.0 457.98 -945.30
7 1040.0 449.87 -947.71
8 1040.0 212.13 -460.40
9 1040.0 539.45 -463.31
10 1040.0 537.21 -456.15
11 1040.0 534.99 -448.98
12 1040.0 552.65 -483.01
13 1040.0 554.97 -489.86
14 1040.0 461.36 -934.99
15 1040.0 404.62 -661.90
16 1040.0 376.28 -655.59
17 1040.0 390.06 -666.31
18 1040.0 501.57 -358.93
19 1040.0 997.31 -651.09
20 1040.0 350.76 -530.79
21 1040.0 463.29 -930.41
22 1040.0 471.77 -937.86
23 1040.0 485.04 -933.74
24 1040.0 603.87 -900.74
25 1040.0 486.10 -936.77
26 1040.0 378.42 -662.78
27 1040.0 386.45 -677.68
28 1040.0 417.49 -779.88
29 1040.0 423.69 -800.76
30 1040.0 388.65 -684.86
31 1040.0 305.79 -769.63
32 1040.0 390.85 -692.03
33 1040.0 325.65 -407.30
34 1040.0 228.87 -435.48
35 1040.0 536.39 -464.26
6 1041.0 458.41 -945.17
7 1041.0 450.37 -947.56
8 1041.0 214.98 -470.69
9 1041.0 539.45 -463.31
10 1041.0 537.21 -456.15
11 1041.0 534.99 -448.98
12 1041.0 552.65 -483.01
13 1041.0 554.97 -489.86
14 1041.0 461.36 -934.99
15 1041.0 398.84 -663.65
16 1041.0 376.28 -655.59
17 1041.0 386.56 -667.73
18 1041.0 511.90 -356.31
19 1041.0 989.93 -652.79
20 1041.0 344.93 -533.21
21 1041.0 461.21 -923.87
22 1041.0 466.68 -937.56
23 1041.0 480.46 -935.16
24 1041.0 612.13 -898.21
25 1041.0 492.34 -934.83
26 1041.0 378.42 -662.78
27 1041.0 386.45 -677.68
28 1041.0 415.34 -772.61
29 1041.0 421.66 -793.90
30 1041.0 388.65 -684.86
31 1041.0 308.00 -776.96
32 1041.0 390.85 -692.03
33 1041.0 334.61 -404.70
34 1041.0 238.99 -432.16
35 1041.0 536.39 -464.26
6 1042.0 458.45 -945.16
7 1042.0 451.06 -947.35
8 1042.0 217.82 -480.73
9 1042.0 539.45 -463.31
10 1042.0 537.21 -456.15
11 1042.0 534.99 -448.98
12 1042.0 552.65 -483.01
13 1042.0 554.97 -489.86
14 1042.0 461.36 -934.99
15 1042.0 394.67 -664.92
16 1042.0 376.28 -655.59
17 1042.0 382.77 -672.32
18 1042.0 522.64 -353.97
19 1042.0 983.18 -655.31
20 1042.0 342.07 -538.62
21 1042.0 459.32 -917.93
22 1042.0 464.24 -933.44
23 1042.0 475.27 -936.77
24 1042.0 619.70 -895.89
25 1042.0 498.28 -932.99
26 1042.0 378.42 -662.78
27 1042.0 386.45 -677.68
28 1042.0 413.11 -765.10
29 1042.0 419.43 -786.41
30 1042.0 388.65 -684.86
31 1042.0 310.23 -784.25
32 1042.0 390.85 -692.03
33 1042.0 343.00 -402.26
34 1042.0 251.33 -428.57
35 1042.0 536.39 -464.26
6 1043.0 458.47 -945.15
7 1043.0 451.19 -947.32
8 1043.0 220.39 -489.59
9 1043.0 539.45 -463.31
10 1043.0 537.21 -456.15
11 1043.0 534.99 -448.98
12 1043.0 552.65 -483.01
13 1043.0 554.97 -489.86
14 1043.0 461.36 -934.99
15 1043.0 389.38 -666.51
16 1043.0 376.28 -655.59
17 1043.0 383.55 -679.15
18 1043.0 533.46 -350.77
19 1043.0 976.54 -657.47
20 1043.0 343.31 -544.99
21 1043.0 457.59 -912.42
22 1043.0 462.28 -927.22
23 1043.0 470.17 -938.16
24 1043.0 627.89 -893.37
25 1043.0 504.95 -930.92
26 1043.0 378.42 -662.78
27 1043.0 386.45 -677.68
28 1043.0 411.15 -758.52
29 1043.0 417.30 -779.23
30 1043.0 388.65 -684.86
31 1043.0 312.31 -791.03
32 1043.0 390.85 -692.03
33 1043.0 351.95 -399.67
34 1043.0 263.61 -425.01
35 1043.0 536.39 -464.26
6 1044.0 458.48 -945.15
7 1044.0 451.25 -947.30
8 1044.0 222.79 -497.71
9 1044.0 539.45 -463.31
10 1044.0 537.21 -456.15
11 1044.0 534.99 -448.98
12 1044.0 552.65 -483.01
13 1044.0 554.97 -489.86
14 1044.0 461.36 -934.99
15 1044.0 383.10 -670.92
16 1044.0 376.28 -655.59
17 1044.0 385.56 -685.67
18 1044.0 539.41 -347.79
19 1044.0 968.85 -659.72
20 1044.0 344.84 -550.37
21 1044.0 455.85 -906.54
22 1044.0 460.31 -921.02
23 1044.0 465.88 -936.81
24 1044.0 635.02 -891.17
25 1044.0 511.01 -929.05
26 1044.0 378.42 -662.78
27 1044.0 386.45 -677.68
28 1044.0 409.07 -751.51
29 1044.0 415.22 -772.23
30 1044.0 388.65 -684.86
31 1044.0 314.37 -797.80
32 1044.0 390.85 -692.03
33 1044.0 360.03 -397.32
34 1044.0 275.56 -421.58
35 1044.0 536.39 -464.26
6 1045.0 460.66 -944.16
7 1045.0 451.29 -947.29
8 1045.0 224.88 -504.71
9 1045.0 539.45 -463.31
10 1045.0 537.21 -456.15
11 1045.0 534.99 -448.98
12 1045.0 552.65 -483.01
13 1045.0 554.97 -489.86
14 1045.0 461.36 -934.99
15 1045.0 383.00 -677.10
16 1045.0 376.28 -655.59
17 1045.0 387.48 -691.95
18 1045.0 541.55 -347.10
19 1045.0 961.18 -661.86
20 1045.0 346.43 -555.98
21 1045.0 454.22 -901.04
22 1045.0 458.26 -914.60
23 1045.0 463.93 -932.41
24 1045.0 642.72 -888.79
25 1045.0 517.92 -926.95
26 1045.0 378.42 -662.78
27 1045.0 386.45 -677.68
28 1045.0 406.89 -744.27
29 1045.0 413.25 -765.58
30 1045.0 388.65 -684.86
31 1045.0 316.49 -804.75
32 1045.0 390.85 -692.03
33 1045.0 368.17 -394.96
34 1045.0 284.89 -418.89
35 1045.0 536.39 -464.26
6 1046.0 463.96 -941.42
7 1046.0 452.97 -946.79
8 1046.0 227.24 -512.51
9 1046.0 539.45 -463.31
10 1046.0 537.21 -456.15
11 1046.0 534.99 -448.98
12 1046.0 552.65 -483.01
13 1046.0 554.97 -489.86
14 1046.0 461.36 -934.99
15 1046.0 384.70 -682.89
16 1046.0 376.28 -655.59
17 1046.0 389.61 -698.87
18 1046.0 542.01 -346.96
19 1046.0 953.90 -663.87
20 1046.0 347.99 -561.50
21 1046.0 452.52 -895.30
22 1046.0 456.65 -909.24
23 1046.0 461.87 -925.92
24 1046.0 650.30 -886.45
25 1046.0 523.77 -925.17
26 1046.0 378.42 -662.78
27 1046.0 386.45 -677.68
28 1046.0 404.90 -737.80
29 1046.0 411.25 -758.85
30 1046.0 388.65 -684.86
31 1046.0 318.58 -811.80
32 1046.0 390.85 -692.03
33 1046.0 376.39 -392.57
34 1046.0 289.90 -417.45
35 1046.0 536.39 -464.26
6 1047.0 464.54 -934.80
7 1047.0 456.92 -945.61
8 1047.0 229.50 -519.97
9 1047.0 539.45 -463.31
10 1047.0 537.21 -456.15
11 1047.0 534.99 -448.98
12 1047.0 552.65 -483.01
13 1047.0 554.97 -489.86
14 1047.0 461.36 -934.99
15 1047.0 386.92 -690.12
16 1047.0 376.28 -655.59
17 1047.0 391.76 -705.90
18 1047.0 542.34 -346.85
19 1047.0 947.24 -664.56
20 1047.0 349.79 -567.58
21 1047.0 450.70 -889.32
22 1047.0 454.99 -903.65
23 1047.0 459.83 -919.53
24 1047.0 657.47 -884.23
25 1047.0 530.45 -923.13
26 1047.0 378.42 -662.78
27 1047.0 386.45 -677.68
28 1047.0 402.94 -731.39
29 1047.0 409.19 -751.92
30 1047.0 388.65 -684.86
31 1047.0 320.74 -819.29
32 1047.0 390.85 -692.03
33 1047.0 385.61 -391.20
34 1047.0 291.67 -416.95
35 1047.0 536.39 -464.26
6 1048.0 462.39 -927.57
7 1048.0 462.81 -942.69
8 1048.0 231.76 -527.40
9 1048.0 539.45 -463.31
10 1048.0 537.21 -456.15
11 1048.0 534.99 -448.98
12 1048.0 552.65 -483.01
13 1048.0 554.97 -489.86
14 1048.0 461.36 -934.99
15 1048.0 389.24 -697.66
16 1048.0 376.28 -655.59
17 1048.0 393.82 -712.59
18 1048.0 542.35 -346.85
19 1048.0 940.23 -662.68
20 1048.0 351.82 -574.15
21 1048.0 448.99 -883.74
22 1048.0 453.33 -898.06
23 1048.0 457.87 -913.33
24 1048.0 664.46 -881.54
25 1048.0 536.47 -921.29
26 1048.0 378.42 -662.78
27 1048.0 386.45 -677.68
28 1048.0 401.01 -725.12
29 1048.0 407.02 -744.69
30 1048.0 388.65 -684.86
31 1048.0 323.08 -826.70
32 1048.0 390.85 -692.03
33 1048.0 394.52 -388.80
34 1048.0 292.26 -416.78
35 1048.0 536.39 -464.26
6 1049.0 460.33 -921.09
7 1049.0 464.69 -935.81
8 1049.0 234.10 -535.13
9 1049.0 539.45 -463.31
10 1049.0 537.21 -456.15
11 1049.0 534.99 -448.98
12 1049.0 552.65 -483.01
13 1049.0 554.97 -489.86
14 1049.0 461.69 -935.74
15 1049.0 391.31 -704.41
16 1049.0 376.28 -655.59
17 1049.0 395.79 -719.02
18 1049.0 542.36 -346.85
19 1049.0 934.31 -658.78
20 1049.0 353.64 -580.05
21 1049.0 447.05 -877.35
22 1049.0 451.69 -892.55
23 1049.0 455.95 -906.90
24 1049.0 669.90 -875.24
25 1049.0 542.85 -919.40
26 1049.0 378.42 -662.78
27 1049.0 386.45 -677.68
28 1049.0 398.77 -717.81
29 1049.0 404.95 -737.96
30 1049.0 388.65 -684.86
31 1049.0 325.32 -833.80
32 1049.0 390.85 -692.03
33 1049.0 402.57 -386.32
34 1049.0 292.51 -416.71
35 1049.0 536.39 -464.26
6 1050.0 458.34 -914.85
7 1050.0 462.77 -928.78
8 1050.0 236.42 -542.78
9 1050.0 540.02 -464.98
10 1050.0 537.21 -456.15
11 1050.0 534.99 -448.98
12 1050.0 551.83 -480.59
13 1050.0 554.97 -489.86
14 1050.0 461.95 -936.33
15 1050.0 393.25 -710.75
16 1050.0 376.28 -655.59
17 1050.0 397.65 -725.08
18 1050.0 543.88 -346.44
19 1050.0 928.75 -653.63
20 1050.0 355.54 -586.17
21 1050.0 445.26 -871.46
22 1050.0 449.67 -885.96
23 1050.0 454.20 -901.00
24 1050.0 669.65 -867.88
25 1050.0 549.44 -917.45
26 1050.0 378.78 -664.30
27 1050.0 386.03 -676.36
28 1050.0 396.78 -711.32
29 1050.0 402.80 -730.95
30 1050.0 388.65 -684.86
31 1050.0 327.56 -841.11
32 1050.0 390.85 -692.03
33 1050.0 410.66 -385.12
34 1050.0 294.91 -416.04
35 1050.0 537.03 -466.66
6 1051.0 456.56 -908.94
7 1051.0 460.96 -923.09
8 1051.0 238.81 -550.65
9 1051.0 541.21 -468.00
10 1051.0 537.67 -457.60
11 1051.0 534.99 -448.98
12 1051.0 550.26 -475.80
13 1051.0 554.50 -488.43
14 1051.0 463.42 -939.06
15 1051.0 395.07 -716.66
16 1051.0 376.61 -656.70
17 1051.0 399.67 -731.65
18 1051.0 548.38 -345.80
19 1051.0 923.15 -648.44
20 1051.0 357.55 -592.68
21 1051.0 443.39 -865.28
22 1051.0 448.03 -880.56
23 1051.0 452.26 -894.43
24 1051.0 667.44 -860.31
25 1051.0 556.00 -915.45
26 1051.0 378.79 -667.22
27 1051.0 384.96 -672.96
28 1051.0 394.61 -704.26
29 1051.0 400.80 -724.42
30 1051.0 388.38 -683.96
31 1051.0 329.83 -848.54
32 1051.0 390.85 -692.03
33 1051.0 419.66 -384.05
34 1051.0 298.78 -414.99
35 1051.0 537.64 -470.95
6 1052.0 454.68 -902.62
7 1052.0 459.24 -917.67
8 1052.0 240.94 -557.70
9 1052.0 543.56 -473.01
10 1052.0 538.71 -460.93
11 1052.0 535.30 -449.99
12 1052.0 548.16 -469.39
13 1052.0 553.41 -485.19
14 1052.0 468.16 -941.55
15 1052.0 397.12 -723.34
16 1052.0 377.38 -659.31
17 1052.0 401.79 -738.56
18 1052.0 554.42 -344.83
19 1052.0 917.56 -643.25
20 1052.0 359.49 -599.06
21 1052.0 441.57 -859.41
22 1052.0 445.97 -873.80
23 1052.0 450.71 -889.35
24 1052.0 665.34 -853.12
25 1052.0 562.72 -913.37
26 1052.0 375.00 -670.70
27 1052.0 383.41 -668.03
28 1052.0 393.18 -699.62
29 1052.0 398.84 -718.06
30 1052.0 387.52 -681.15
31 1052.0 331.81 -855.03
32 1052.0 390.59 -691.16
33 1052.0 427.45 -381.31
34 1052.0 305.02 -413.24
35 1052.0 535.85 -474.74
6 1053.0 453.05 -897.08
7 1053.0 457.40 -911.78
8 1053.0 243.05 -564.64
9 1053.0 547.25 -479.13
10 1053.0 540.10 -465.19
11 1053.0 536.23 -453.02
12 1053.0 545.87 -462.41
13 1053.0 551.54 -479.71
14 1053.0 474.98 -940.22
15 1053.0 399.39 -730.76
16 1053.0 378.58 -663.35
17 1053.0 403.69 -744.75
18 1053.0 562.11 -343.97
19 1053.0 911.69 -637.81
20 1053.0 361.14 -604.61
21 1053.0 439.67 -853.26
22 1053.0 444.10 -867.64
23 1053.0 448.91 -883.46
24 1053.0 662.91 -844.82
25 1053.0 569.48 -911.28
26 1053.0 369.27 -672.47
27 1053.0 381.33 -661.34
28 1053.0 392.93 -698.79
29 1053.0 396.59 -710.73
30 1053.0 386.01 -676.29
31 1053.0 334.00 -862.19
32 1053.0 389.98 -689.17
33 1053.0 435.62 -378.44
34 1053.0 312.74 -411.05
35 1053.0 529.75 -476.60
6 1054.0 451.27 -891.18
7 1054.0 455.69 -906.02
8 1054.0 245.37 -572.30
9 1054.0 550.08 -485.36
10 1054.0 542.46 -471.06
11 1054.0 537.51 -457.12
12 1054.0 543.48 -454.75
13 1054.0 549.21 -472.61
14 1054.0 482.27 -937.96
15 1054.0 401.37 -737.20
16 1054.0 380.30 -667.23
17 1054.0 405.73 -751.46
18 1054.0 571.45 -343.67
19 1054.0 906.02 -632.56
20 1054.0 362.93 -610.62
21 1054.0 437.73 -846.97
22 1054.0 442.19 -861.39
23 1054.0 447.15 -877.66
24 1054.0 660.62 -837.17
25 1054.0 576.40 -909.16
26 1054.0 362.63 -674.50
27 1054.0 379.29 -654.48
28 1054.0 392.25 -696.58
29 1054.0 395.41 -706.88
30 1054.0 383.99 -669.88
31 1054.0 335.96 -868.59
32 1054.0 388.86 -685.52
33 1054.0 444.55 -375.77
34 1054.0 322.16 -408.31
35 1054.0 523.50 -478.51
6 1055.0 449.52 -885.48
7 1055.0 453.72 -899.36
8 1055.0 247.58 -579.57
9 1055.0 552.26 -491.87
10 1055.0 545.95 -477.09
11 1055.0 539.39 -463.13
12 1055.0 541.06 -446.94
13 1055.0 546.80 -465.26
14 1055.0 489.95 -935.57
15 1055.0 403.44 -743.92
16 1055.0 380.41 -667.39
17 1055.0 407.58 -757.73
18 1055.0 581.52 -344.95
19 1055.0 900.34 -627.30
20 1055.0 364.76 -616.77
21 1055.0 435.79 -840.69
22 1055.0 440.29 -855.27
23 1055.0 445.16 -871.13
24 1055.0 658.27 -829.37
25 1055.0 583.30 -907.05
26 1055.0 355.45 -676.70
27 1055.0 377.40 -648.10
28 1055.0 391.18 -693.10
29 1055.0 394.47 -703.82
30 1055.0 381.68 -662.52
31 1055.0 338.07 -875.46
32 1055.0 387.03 -679.58
33 1055.0 452.77 -373.34
34 1055.0 333.89 -404.91
35 1055.0 516.58 -480.62
6 1056.0 447.76 -879.67
7 1056.0 451.94 -893.37
8 1056.0 250.04 -587.65
9 1056.0 553.86 -497.08
10 1056.0 549.23 -482.99
11 1056.0 541.62 -469.02
12 1056.0 538.66 -439.15
13 1056.0 544.50 -458.00
14 1056.0 497.16 -933.34
15 1056.0 405.34 -750.15
16 1056.0 380.45 -667.43
17 1056.0 409.42 -763.90
18 1056.0 591.78 -347.12
19 1056.0 894.92 -622.27
20 1056.0 366.63 -623.07
21 1056.0 434.03 -834.99
22 1056.0 438.56 -849.65
23 1056.0 443.29 -864.96
24 1056.0 656.12 -822.25
25 1056.0 589.63 -905.11
26 1056.0 348.73 -678.76
27 1056.0 375.59 -642.01
28 1056.0 389.65 -688.10
29 1056.0 393.44 -700.47
30 1056.0 379.80 -656.18
31 1056.0 340.27 -882.67
32 1056.0 384.50 -671.50
33 1056.0 461.31 -370.82
34 1056.0 345.41 -401.56
35 1056.0 509.79 -482.58
6 1057.0 445.81 -873.25
7 1057.0 450.09 -887.32
8 1057.0 252.42 -595.50
9 1057.0 556.06 -504.50
10 1057.0 551.64 -489.98
11 1057.0 545.07 -475.69
12 1057.0 536.60 -431.76
13 1057.0 541.92 -449.72
14 1057.0 504.68 -931.01
15 1057.0 407.08 -756.02
16 1057.0 380.47 -667.45
17 1057.0 411.30 -770.24
18 1057.0 601.92 -349.38
19 1057.0 889.90 -617.16
20 1057.0 368.56 -629.58
21 1057.0 432.22 -829.16
22 1057.0 436.55 -843.16
23 1057.0 441.53 -859.25
24 1057.0 653.74 -814.33
25 1057.0 595.96 -903.17
26 1057.0 342.24 -680.74
27 1057.0 373.60 -635.33
28 1057.0 387.39 -680.74
29 1057.0 392.03 -695.88
30 1057.0 377.97 -650.02
31 1057.0 342.28 -889.22
32 1057.0 382.44 -664.96
33 1057.0 470.23 -368.18
34 1057.0 357.74 -397.99
35 1057.0 502.88 -484.43
6 1058.0 444.04 -867.42
7 1058.0 448.15 -880.95
8 1058.0 254.84 -603.46
9 1058.0 558.21 -511.76
10 1058.0 553.57 -496.07
11 1058.0 548.68 -481.88
12 1058.0 537.02 -423.42
13 1058.0 539.56 -442.05
14 1058.0 511.95 -928.76
15 1058.0 409.06 -762.69
16 1058.0 380.48 -667.46
17 1058.0 413.36 -777.19
18 1058.0 611.89 -351.61
19 1058.0 884.92 -612.09
20 1058.0 370.42 -635.86
21 1058.0 428.71 -823.77
22 1058.0 434.78 -837.42
23 1058.0 439.45 -852.52
24 1058.0 651.31 -806.29
25 1058.0 602.36 -901.21
26 1058.0 336.09 -682.61
27 1058.0 371.60 -628.58
28 1058.0 385.32 -674.10
29 1058.0 390.17 -689.79
30 1058.0 375.90 -643.08
31 1058.0 344.44 -896.29
32 1058.0 380.35 -658.05
33 1058.0 479.17 -365.54
34 1058.0 369.89 -394.46
35 1058.0 496.05 -486.21
6 1059.0 442.06 -860.99
7 1059.0 446.65 -876.03
8 1059.0 257.06 -610.76
9 1059.0 560.26 -518.68
10 1059.0 555.88 -503.90
11 1059.0 551.22 -488.68
12 1059.0 534.41 -415.78
13 1059.0 537.23 -434.49
14 1059.0 519.59 -926.44
15 1059.0 411.13 -769.67
16 1059.0 380.49 -667.46
17 1059.0 415.31 -783.76
18 1059.0 622.59 -354.03
19 1059.0 879.27 -606.34
20 1059.0 372.31 -642.21
21 1059.0 423.29 -822.62
22 1059.0 432.89 -831.32
23 1059.0 437.42 -845.96
24 1059.0 649.00 -798.67
25 1059.0 608.32 -899.38
26 1059.0 329.20 -684.70
27 1059.0 369.56 -621.71
28 1059.0 383.21 -667.39
29 1059.0 387.94 -682.53
30 1059.0 374.03 -636.76
31 1059.0 346.69 -903.62
32 1059.0 378.36 -651.36
33 1059.0 487.68 -363.03
34 1059.0 381.16 -391.30
35 1059.0 488.96 -488.58
6 1060.0 440.03 -854.40
7 1060.0 444.62 -869.33
8 1060.0 259.25 -617.97
9 1060.0 562.39 -525.88
10 1060.0 557.72 -510.12
11 1060.0 553.02 -494.22
12 1060.0 532.01 -408.77
13 1060.0 537.54 -426.31
14 1060.0 526.22 -924.42
15 1060.0 413.02 -776.04
16 1060.0 380.49 -667.46
17 1060.0 417.36 -790.66
18 1060.0 633.60 -356.60
19 1060.0 873.90 -600.86
20 1060.0 373.92 -647.62
21 1060.0 416.85 -824.22
22 1060.0 430.97 -826.42
23 1060.0 435.46 -839.63
24 1060.0 646.83 -791.50
25 1060.0 615.22 -897.26
26 1060.0 322.88 -686.62
27 1060.0 367.61 -615.15
28 1060.0 381.20 -660.92
29 1060.0 385.96 -676.12
30 1060.0 372.11 -630.30
31 1060.0 348.78 -910.44
32 1060.0 376.44 -644.86
33 1060.0 495.94 -360.58
34 1060.0 393.68 -389.06
35 1060.0 482.80 -490.64
6 1061.0 438.16 -848.36
7 1061.0 442.78 -863.31
8 1061.0 261.46 -625.26
9 1061.0 564.28 -532.17
10 1061.0 559.85 -517.31
11 1061.0 554.91 -500.62
12 1061.0 529.59 -401.58
13 1061.0 535.22 -418.16
14 1061.0 533.47 -922.21
15 1061.0 414.83 -782.15
16 1061.0 380.49 -667.46
17 1061.0 419.19 -796.81
18 1061.0 643.90 -359.00
19 1061.0 870.57 -594.53
20 1061.0 375.86 -654.17
21 1061.0 410.31 -826.18
22 1061.0 425.74 -822.58
23 1061.0 433.92 -834.66
24 1061.0 644.52 -783.87
25 1061.0 621.47 -895.35
26 1061.0 316.03 -688.70
27 1061.0 365.70 -608.73
28 1061.0 379.29 -654.46
29 1061.0 383.96 -669.79
30 1061.0 370.05 -623.35
31 1061.0 350.68 -916.65
32 1061.0 374.73 -639.13
33 1061.0 503.73 -358.33
34 1061.0 405.59 -385.39
35 1061.0 476.56 -492.54
6 1062.0 436.43 -842.77
7 1062.0 440.87 -857.14
8 1062.0 263.71 -632.58
9 1062.0 566.27 -538.54
10 1062.0 561.73 -523.68
11 1062.0 557.28 -508.62
12 1062.0 526.32 -393.86
13 1062.0 532.67 -410.70
14 1062.0 540.74 -920.03
15 1062.0 416.51 -787.78
16 1062.0 380.49 -667.46
17 1062.0 421.03 -803.00
18 1062.0 653.81 -361.32
19 1062.0 868.39 -587.20
20 1062.0 377.10 -658.37
21 1062.0 404.45 -827.94
22 1062.0 418.74 -823.66
23 1062.0 432.11 -828.83
24 1062.0 642.27 -776.44
25 1062.0 627.45 -893.50
26 1062.0 309.25 -690.75
27 1062.0 363.85 -602.51
28 1062.0 377.45 -648.30
29 1062.0 381.74 -662.72
30 1062.0 368.24 -617.26
31 1062.0 352.81 -923.61
32 1062.0 372.73 -632.39
33 1062.0 512.97 -356.08
34 1062.0 417.43 -384.84
35 1062.0 469.29 -494.74
6 1063.0 434.87 -837.71
7 1063.0 439.05 -851.24
8 1063.0 265.96 -639.89
9 1063.0 568.34 -545.19
10 1063.0 563.59 -529.94
11 1063.0 559.34 -515.57
12 1063.0 522.68 -386.56
13 1063.0 530.29 -403.59
14 1063.0 547.71 -917.96
15 1063.0 418.61 -794.87
16 1063.0 380.49 -667.46
17 1063.0 422.97 -809.56
18 1063.0 664.16 -363.74
19 1063.0 866.28 -580.09
20 1063.0 377.61 -660.08
21 1063.0 398.59 -829.70
22 1063.0 413.43 -825.24
23 1063.0 430.92 -826.33
24 1063.0 640.04 -768.83
25 1063.0 633.80 -891.54
26 1063.0 302.90 -692.68
27 1063.0 361.89 -595.97
28 1063.0 375.50 -641.73
29 1063.0 379.90 -656.52
30 1063.0 366.31 -610.77
31 1063.0 355.02 -930.81
32 1063.0 370.88 -626.14
33 1063.0 522.19 -354.07
34 1063.0 428.90 -380.80
35 1063.0 462.68 -496.74
6 1064.0 433.83 -834.36
7 1064.0 437.48 -846.18
8 1064.0 268.13 -646.88
9 1064.0 570.53 -552.18
10 1064.0 565.65 -536.56
11 1064.0 561.07 -521.45
12 1064.0 519.74 -379.81
13 1064.0 527.36 -396.33
14 1064.0 555.47 -915.61
15 1064.0 420.35 -800.73
16 1064.0 381.57 -668.45
17 1064.0 424.74 -815.52
18 1064.0 675.03 -363.02
19 1064.0 864.29 -573.37
20 1064.0 377.74 -660.50
21 1064.0 392.84 -831.43
22 1064.0 407.55 -827.01
23 1064.0 430.67 -825.81
24 1064.0 637.76 -761.22
25 1064.0 640.42 -889.50
26 1064.0 296.74 -694.55
27 1064.0 359.81 -589.12
28 1064.0 373.48 -634.93
29 1064.0 377.95 -649.96
30 1064.0 364.38 -604.28
31 1064.0 357.09 -937.59
32 1064.0 369.02 -619.88
33 1064.0 531.04 -352.08
34 1064.0 441.04 -376.81
35 1064.0 456.23 -498.69
6 1065.0 433.41 -833.01
7 1065.0 436.40 -842.67
8 1065.0 270.52 -654.59
9 1065.0 572.76 -559.32
10 1065.0 567.70 -543.12
11 1065.0 563.19 -528.60
12 1065.0 518.58 -372.29
13 1065.0 523.95 -389.00
14 1065.0 562.33 -913.49
15 1065.0 422.29 -807.24
16 1065.0 384.13 -669.88
17 1065.0 424.56 -820.60
18 1065.0 686.07 -365.65
19 1065.0 862.19 -566.31
20 1065.0 378.24 -662.20
21 1065.0 387.17 -833.12
22 1065.0 401.45 -828.84
23 1065.0 430.49 -825.42
24 1065.0 635.54 -753.75
25 1065.0 647.06 -887.45
26 1065.0 290.06 -697.01
27 1065.0 357.98 -583.23
28 1065.0 371.45 -628.08
29 1065.0 375.86 -642.91
30 1065.0 362.38 -597.60
31 1065.0 359.32 -944.85
32 1065.0 366.91 -612.80
33 1065.0 538.53 -348.07
34 1065.0 453.13 -373.24
35 1065.0 449.69 -500.67
6 1066.0 433.29 -832.62
7 1066.0 436.01 -841.41
8 1066.0 272.85 -662.11
9 1066.0 575.07 -566.71
10 1066.0 570.12 -550.87
11 1066.0 565.06 -534.69
12 1066.0 520.01 -365.16
13 1066.0 520.50 -381.78
14 1066.0 569.38 -911.31
15 1066.0 423.90 -812.69
16 1066.0 389.17 -669.83
17 1066.0 420.23 -823.21
18 1066.0 696.25 -368.09
19 1066.0 859.96 -558.77
20 1066.0 378.86 -664.83
21 1066.0 381.67 -834.77
22 1066.0 395.97 -830.49
23 1066.0 430.44 -825.33
24 1066.0 633.35 -746.43
25 1066.0 653.08 -885.59
26 1066.0 286.15 -702.61
27 1066.0 355.92 -576.58
28 1066.0 369.50 -621.52
29 1066.0 373.79 -635.94
30 1066.0 360.51 -591.42
31 1066.0 361.23 -951.08
32 1066.0 364.78 -605.62
33 1066.0 546.93 -346.04
34 1066.0 465.41 -369.61
35 1066.0 442.46 -502.86
6 1067.0 433.23 -832.41
7 1067.0 435.53 -839.87
8 1067.0 275.09 -669.27
9 1067.0 577.04 -573.00
10 1067.0 572.26 -557.72
11 1067.0 567.23 -541.63
12 1067.0 521.44 -360.86
13 1067.0 518.56 -373.69
14 1067.0 576.99 -908.98
15 1067.0 425.11 -817.57
16 1067.0 395.69 -667.94
17 1067.0 414.35 -824.97
18 1067.0 706.49 -370.54
19 1067.0 857.94 -551.99
20 1067.0 377.78 -669.01
21 1067.0 375.72 -836.55
22 1067.0 389.80 -832.34
23 1067.0 430.44 -825.33
24 1067.0 631.15 -739.20
25 1067.0 659.09 -883.73
26 1067.0 287.21 -708.59
27 1067.0 354.06 -570.58
28 1067.0 367.27 -614.01
29 1067.0 372.00 -629.91
30 1067.0 358.35 -584.42
31 1067.0 363.48 -958.46
32 1067.0 362.93 -599.42
33 1067.0 555.31 -344.69
34 1067.0 477.69 -365.98
35 1067.0 435.76 -504.88
6 1068.0 433.20 -832.33
7 1068.0 435.47 -839.65
8 1068.0 277.55 -677.14
9 1068.0 579.03 -579.38
10 1068.0 574.49 -564.87
11 1068.0 569.62 -549.28
12 1068.0 521.78 -359.87
13 1068.0 518.75 -369.12
14 1068.0 584.11 -906.80
15 1068.0 422.29 -822.40
16 1068.0 403.97 -665.44
17 1068.0 408.17 -826.82
18 1068.0 716.50 -372.90
19 1068.0 855.87 -545.22
20 1068.0 373.32 -671.23
21 1068.0 369.41 -838.44
22 1068.0 384.09 -834.05
23 1068.0 430.44 -825.33
24 1068.0 628.84 -731.60
25 1068.0 664.68 -881.41
26 1068.0 289.39 -715.74
27 1068.0 352.06 -564.12
28 1068.0 365.27 -607.27
29 1068.0 369.93 -622.96
30 1068.0 356.51 -578.48
31 1068.0 364.90 -963.08
32 1068.0 361.00 -593.04
33 1068.0 564.06 -343.86
34 1068.0 489.67 -362.44
35 1068.0 428.35 -507.10
6 1069.0 433.19 -832.29
7 1069.0 435.42 -839.50
8 1069.0 279.66 -684.04
9 1069.0 581.24 -586.45
10 1069.0 576.55 -571.44
11 1069.0 571.87 -556.46
12 1069.0 521.80 -359.79
13 1069.0 519.38 -367.06
14 1069.0 590.68 -904.78
15 1069.0 416.05 -824.46
16 1069.0 411.87 -663.04
17 1069.0 401.94 -828.70
18 1069.0 726.67 -375.34
19 1069.0 854.08 -537.91
20 1069.0 366.84 -673.22
21 1069.0 363.36 -840.25
22 1069.0 378.34 -835.77
23 1069.0 428.52 -823.59
24 1069.0 626.56 -724.05
25 1069.0 669.44 -876.64
26 1069.0 291.25 -721.84
27 1069.0 350.37 -558.19
28 1069.0 363.31 -600.72
29 1069.0 367.97 -616.34
30 1069.0 354.57 -572.23
31 1069.0 367.16 -964.67
32 1069.0 359.25 -587.31
33 1069.0 573.31 -343.86
34 1069.0 500.93 -359.12
35 1069.0 421.18 -509.26
6 1070.0 432.43 -829.83
7 1070.0 435.41 -839.47
8 1070.0 281.98 -691.56
9 1070.0 583.27 -592.95
10 1070.0 578.51 -577.72
11 1070.0 573.78 -562.58
12 1070.0 521.83 -359.73
13 1070.0 519.41 -366.97
14 1070.0 597.91 -902.57
15 1070.0 410.69 -826.06
16 1070.0 420.55 -660.42
17 1070.0 395.54 -830.62
18 1070.0 737.48 -378.17
19 1070.0 853.88 -532.00
20 1070.0 361.32 -674.90
21 1070.0 357.36 -842.05
22 1070.0 372.29 -837.58
23 1070.0 423.75 -822.55
24 1070.0 624.24 -716.35
25 1070.0 670.09 -869.86
26 1070.0 293.34 -728.70
27 1070.0 348.62 -551.99
28 1070.0 361.54 -594.81
29 1070.0 365.75 -608.90
30 1070.0 352.82 -566.57
31 1070.0 368.10 -962.61
32 1070.0 357.06 -580.24
33 1070.0 582.49 -345.13
34 1070.0 512.72 -356.13
35 1070.0 414.67 -511.21
6 1071.0 432.04 -825.19
7 1071.0 434.79 -837.46
8 1071.0 284.43 -699.51
9 1071.0 585.34 -599.55
10 1071.0 580.47 -583.99
11 1071.0 575.67 -568.64
12 1071.0 521.83 -359.73
13 1071.0 519.45 -366.86
14 1071.0 604.55 -900.53
15 1071.0 404.18 -828.03
16 1071.0 429.10 -657.83
17 1071.0 389.21 -832.51
18 1071.0 747.05 -381.68
19 1071.0 852.92 -525.68
20 1071.0 355.91 -676.56
21 1071.0 350.89 -843.99
22 1071.0 366.01 -839.46
23 1071.0 418.45 -823.75
24 1071.0 621.98 -708.87
25 1071.0 668.37 -863.48
26 1071.0 295.42 -735.55
27 1071.0 346.76 -545.40
28 1071.0 359.63 -588.52
29 1071.0 364.17 -603.57
30 1071.0 350.87 -559.96
31 1071.0 366.85 -958.53
32 1071.0 355.46 -575.08
33 1071.0 590.53 -346.84
34 1071.0 525.09 -353.44
35 1071.0 407.98 -513.22
6 1072.0 436.54 -821.66
7 1072.0 433.58 -833.55
8 1072.0 286.64 -706.70
9 1072.0 585.88 -605.19
10 1072.0 582.50 -590.48
11 1072.0 577.86 -575.62
12 1072.0 521.83 -359.73
13 1072.0 519.45 -366.86
14 1072.0 611.62 -898.37
15 1072.0 397.38 -830.06
16 1072.0 437.84 -655.19
17 1072.0 382.65 -834.48
18 1072.0 757.79 -384.02
19 1072.0 847.80 -522.64
20 1072.0 350.29 -678.28
21 1072.0 345.33 -845.66
22 1072.0 360.02 -841.25
23 1072.0 411.80 -825.73
24 1072.0 619.52 -700.69
25 1072.0 666.50 -857.09
26 1072.0 297.28 -741.67
27 1072.0 345.00 -539.30
28 1072.0 357.92 -583.03
29 1072.0 362.07 -596.56
30 1072.0 349.18 -553.96
31 1072.0 365.11 -952.82
32 1072.0 353.49 -568.74
33 1072.0 598.51 -348.62
34 1072.0 536.18 -348.97
35 1072.0 400.89 -515.34
6 1073.0 444.13 -819.37
7 1073.0 431.99 -828.03
8 1073.0 289.03 -714.56
9 1073.0 581.86 -608.30
10 1073.0 584.36 -596.41
11 1073.0 579.81 -581.88
12 1073.0 522.46 -357.84
13 1073.0 519.45 -366.86
14 1073.0 619.19 -896.05
15 1073.0 390.78 -832.04
16 1073.0 445.67 -652.82
17 1073.0 376.32 -836.37
18 1073.0 767.98 -386.25
19 1073.0 845.14 -517.02
20 1073.0 344.26 -678.28
21 1073.0 340.78 -847.03
22 1073.0 354.27 -842.98
23 1073.0 405.04 -827.76
24 1073.0 617.18 -692.92
25 1073.0 664.68 -850.86
26 1073.0 299.27 -748.19
27 1073.0 342.94 -532.33
28 1073.0 356.19 -577.46
29 1073.0 360.31 -590.77
30 1073.0 347.39 -547.62
31 1073.0 363.12 -946.35
32 1073.0 351.55 -562.35
33 1073.0 607.16 -350.56
34 1073.0 547.48 -345.95
35 1073.0 394.54 -517.25
6 1074.0 452.11 -816.96
7 1074.0 433.97 -822.74
8 1074.0 291.28 -721.96
9 1074.0 574.61 -610.49
10 1074.0 585.85 -601.18
11 1074.0 581.52 -587.36
12 1074.0 523.53 -354.69
13 1074.0 519.81 -365.77
14 1074.0 626.46 -893.81
15 1074.0 385.15 -833.73
16 1074.0 454.30 -650.22
17 1074.0 370.36 -838.15
18 1074.0 778.37 -388.51
19 1074.0 842.66 -509.19
20 1074.0 337.56 -678.82
21 1074.0 335.93 -847.89
22 1074.0 349.36 -844.45
23 1074.0 398.81 -829.63
24 1074.0 614.99 -685.59
25 1074.0 662.67 -843.99
26 1074.0 301.19 -754.50
27 1074.0 340.90 -525.53
28 1074.0 354.24 -571.15
29 1074.0 358.53 -584.99
30 1074.0 345.95 -542.54
31 1074.0 361.16 -939.94
32 1074.0 349.64 -555.59
33 1074.0 615.43 -352.41
34 1074.0 559.66 -344.17
35 1074.0 387.17 -519.46
6 1075.0 459.37 -814.78
7 1075.0 439.47 -820.77
8 1075.0 293.48 -729.17
9 1075.0 567.77 -612.56
10 1075.0 585.15 -606.33
11 1075.0 582.93 -591.84
12 1075.0 525.23 -349.65
13 1075.0 520.92 -362.44
14 1075.0 633.58 -891.61
15 1075.0 379.34 -835.47
16 1075.0 462.76 -647.66
17 1075.0 363.47 -840.22
18 1075.0 789.36 -390.91
19 1075.0 840.48 -502.08
20 1075.0 331.47 -680.67
21 1075.0 332.36 -845.17
22 1075.0 344.29 -845.97
23 1075.0 393.20 -831.32
24 1075.0 612.84 -678.35
25 1075.0 660.71 -837.46
26 1075.0 303.12 -760.82
27 1075.0 339.07 -519.61
28 1075.0 352.02 -563.99
29 1075.0 356.62 -578.85
30 1075.0 343.97 -535.82
31 1075.0 359.13 -933.31
32 1075.0 348.13 -550.25
33 1075.0 624.03 -354.36
34 1075.0 571.36 -343.66
35 1075.0 379.78 -521.68
6 1076.0 467.12 -812.43
7 1076.0 447.10 -818.47
8 1076.0 295.82 -736.86
9 1076.0 560.89 -614.64
10 1076.0 580.35 -608.76
11 1076.0 584.58 -597.12
12 1076.0 527.18 -343.89
13 1076.0 522.46 -357.86
14 1076.0 641.20 -889.26
15 1076.0 372.08 -837.64
16 1076.0 471.22 -645.10
17 1076.0 357.25 -842.09
18 1076.0 799.78 -393.28
19 1076.0 838.34 -495.11
20 1076.0 325.16 -682.58
21 1076.0 330.82 -840.82
22 1076.0 340.01 -847.26
23 1076.0 387.81 -832.93
24 1076.0 610.47 -670.35
25 1076.0 658.75 -830.98
26 1076.0 305.30 -767.98
27 1076.0 337.21 -513.59
28 1076.0 350.63 -559.12
29 1076.0 354.69 -572.60
30 1076.0 341.87 -528.71
31 1076.0 357.10 -926.68
32 1076.0 346.36 -543.99
33 1076.0 632.94 -356.45
34 1076.0 583.19 -345.27
35 1076.0 373.20 -523.70
6 1077.0 475.32 -809.94
7 1077.0 455.13 -816.06
8 1077.0 298.21 -744.71
9 1077.0 553.63 -616.84
10 1077.0 573.03 -610.97
11 1077.0 586.19 -603.25
12 1077.0 528.59 -339.31
13 1077.0 524.30 -352.40
14 1077.0 648.56 -886.98
15 1077.0 365.52 -839.60
16 1077.0 480.12 -642.41
17 1077.0 351.32 -843.86
18 1077.0 809.82 -395.57
19 1077.0 835.96 -487.34
20 1077.0 318.95 -684.47
21 1077.0 329.15 -835.34
22 1077.0 335.12 -847.68
23 1077.0 381.43 -834.84
24 1077.0 608.23 -662.81
25 1077.0 656.68 -824.11
26 1077.0 307.14 -774.11
27 1077.0 335.21 -507.14
28 1077.0 348.80 -552.64
29 1077.0 352.96 -567.04
30 1077.0 339.87 -522.21
31 1077.0 355.00 -919.82
32 1077.0 345.77 -541.92
33 1077.0 642.03 -358.57
34 1077.0 594.44 -347.71
35 1077.0 366.03 -525.90
6 1078.0 483.67 -807.42
7 1078.0 462.79 -813.75
8 1078.0 300.38 -751.83
9 1078.0 546.42 -619.02
10 1078.0 565.76 -613.17
11 1078.0 583.56 -607.55
12 1078.0 528.05 -335.13
13 1078.0 526.05 -347.23
14 1078.0 655.19 -884.94
15 1078.0 359.29 -841.47
16 1078.0 488.24 -639.96
17 1078.0 344.51 -845.91
18 1078.0 820.84 -398.01
19 1078.0 833.63 -479.73
20 1078.0 312.60 -686.40
21 1078.0 327.41 -829.79
22 1078.0 331.55 -843.23
23 1078.0 374.94 -836.78
24 1078.0 606.07 -655.56
25 1078.0 654.63 -817.29
26 1078.0 309.01 -780.25
27 1078.0 333.08 -500.24
28 1078.0 348.02 -549.86
29 1078.0 351.23 -561.24
30 1078.0 337.72 -515.25
31 1078.0 353.07 -913.54
32 1078.0 345.70 -541.65
33 1078.0 651.08 -360.68
34 1078.0 605.99 -350.29
35 1078.0 359.11 -528.12
6 1079.0 491.08 -805.18
7 1079.0 470.84 -811.29
8 1079.0 302.51 -758.85
9 1079.0 539.55 -621.09
10 1079.0 557.60 -615.64
11 1079.0 577.65 -609.58
12 1079.0 523.60 -336.61
13 1079.0 527.60 -342.63
14 1079.0 661.93 -882.76
15 1079.0 352.91 -843.39
16 1079.0 496.45 -637.47
17 1079.0 340.05 -847.24
18 1079.0 831.64 -400.54
19 1079.0 831.78 -473.71
20 1079.0 306.05 -688.38
21 1079.0 325.70 -824.37
22 1079.0 329.86 -837.67
23 1079.0 368.12 -838.83
24 1079.0 603.77 -648.10
25 1079.0 652.80 -811.21
26 1079.0 310.91 -786.44
27 1079.0 331.22 -494.22
28 1079.0 347.85 -549.25
29 1079.0 350.12 -557.29
30 1079.0 335.48 -508.02
31 1079.0 350.99 -906.74
32 1079.0 345.68 -541.61
33 1079.0 660.06 -362.78
34 1079.0 618.12 -353.01
35 1079.0 352.55 -530.23
6 1080.0 499.13 -802.75
7 1080.0 478.74 -808.91
8 1080.0 304.93 -766.78
9 1080.0 533.31 -622.98
10 1080.0 549.91 -617.96
11 1080.0 569.75 -611.96
12 1080.0 516.97 -339.21
13 1080.0 528.87 -338.26
14 1080.0 668.14 -878.64
15 1080.0 348.96 -844.57
16 1080.0 505.28 -634.80
17 1080.0 335.08 -847.67
18 1080.0 842.02 -403.95
19 1080.0 827.73 -467.40
20 1080.0 299.78 -690.28
21 1080.0 323.74 -818.17
22 1080.0 328.12 -832.04
23 1080.0 361.46 -840.82
24 1080.0 601.34 -640.26
25 1080.0 650.92 -805.02
26 1080.0 313.01 -793.32
27 1080.0 329.06 -487.19
28 1080.0 347.78 -549.01
29 1080.0 349.96 -556.73
30 1080.0 333.64 -502.07
31 1080.0 348.91 -899.97
32 1080.0 345.68 -541.59
33 1080.0 668.28 -364.70
34 1080.0 629.74 -355.70
35 1080.0 345.80 -532.25
6 1081.0 507.07 -800.36
7 1081.0 486.74 -806.50
8 1081.0 307.01 -773.67
9 1081.0 526.78 -624.96
10 1081.0 542.96 -620.06
11 1081.0 562.78 -614.07
12 1081.0 507.85 -342.26
13 1081.0 527.23 -335.19
14 1081.0 670.28 -871.53
15 1081.0 344.39 -845.94
16 1081.0 514.03 -632.16
17 1081.0 331.73 -843.84
18 1081.0 852.49 -406.16
19 1081.0 820.53 -464.74
20 1081.0 294.29 -691.95
21 1081.0 321.92 -811.82
22 1081.0 326.42 -826.67
23 1081.0 357.64 -841.97
24 1081.0 598.87 -632.33
25 1081.0 649.15 -799.15
26 1081.0 314.90 -799.52
27 1081.0 327.27 -481.25
28 1081.0 347.74 -548.86
29 1081.0 349.83 -556.25
30 1081.0 331.65 -495.60
31 1081.0 346.72 -892.80
32 1081.0 345.07 -539.52
33 1081.0 677.25 -366.83
34 1081.0 641.69 -358.49
35 1081.0 338.55 -534.35
6 1082.0 515.29 -797.88
7 1082.0 495.39 -803.88
8 1082.0 309.17 -780.78
9 1082.0 519.51 -627.16
10 1082.0 536.32 -622.07
11 1082.0 555.05 -616.41
12 1082.0 497.67 -345.37
13 1082.0 520.90 -337.67
14 1082.0 668.66 -864.48
15 1082.0 339.99 -847.26
16 1082.0 522.87 -629.49
17 1082.0 329.75 -837.32
18 1082.0 862.66 -408.56
19 1082.0 812.62 -465.14
20 1082.0 289.73 -693.03
21 1082.0 320.13 -805.72
22 1082.0 324.45 -820.44
23 1082.0 353.30 -843.27
24 1082.0 596.64 -625.12
25 1082.0 647.29 -793.02
26 1082.0 316.89 -806.08
27 1082.0 325.46 -475.31
28 1082.0 347.34 -547.48
29 1082.0 349.78 -556.08
30 1082.0 329.81 -489.68
31 1082.0 344.48 -885.48
32 1082.0 344.11 -536.29
33 1082.0 686.27 -368.99
34 1082.0 653.41 -361.22
35 1082.0 331.55 -536.42
6 1083.0 523.69 -795.34
7 1083.0 503.23 -801.52
8 1083.0 311.35 -787.89
9 1083.0 513.24 -629.06
10 1083.0 529.30 -624.20
11 1083.0 547.40 -618.72
12 1083.0 487.84 -348.41
13 1083.0 513.03 -340.76
14 1083.0 666.47 -856.99
15 1083.0 333.81 -847.01
16 1083.0 531.53 -626.86
17 1083.0 327.71 -830.73
18 1083.0 872.75 -410.92
19 1083.0 805.65 -467.10
20 1083.0 285.29 -690.53
21 1083.0 318.33 -799.81
22 1083.0 322.62 -814.33
23 1083.0 349.13 -844.52
24 1083.0 594.17 -617.16
25 1083.0 645.37 -786.67
26 1083.0 318.95 -813.09
27 1083.0 323.55 -469.08
28 1083.0 346.39 -544.12
29 1083.0 349.57 -555.34
30 1083.0 327.90 -483.34
31 1083.0 342.43 -878.82
32 1083.0 342.70 -531.53
33 1083.0 694.58 -370.98
34 1083.0 665.06 -363.95
35 1083.0 324.76 -538.44
6 1084.0 531.62 -792.95
7 1084.0 511.51 -799.02
8 1084.0 313.54 -795.05
9 1084.0 506.81 -631.00
10 1084.0 522.08 -626.39
11 1084.0 539.43 -621.13
12 1084.0 477.87 -351.49
13 1084.0 502.82 -343.78
14 1084.0 664.29 -849.54
15 1084.0 331.12 -841.83
16 1084.0 539.92 -624.32
17 1084.0 325.58 -824.02
18 1084.0 883.89 -413.50
19 1084.0 798.46 -469.33
20 1084.0 283.78 -686.53
21 1084.0 316.36 -793.32
22 1084.0 320.98 -808.50
23 1084.0 343.54 -846.20
24 1084.0 591.96 -610.05
25 1084.0 643.50 -780.48
26 1084.0 321.03 -820.21
27 1084.0 321.41 -462.12
28 1084.0 345.13 -539.73
29 1084.0 348.96 -553.18
30 1084.0 325.96 -476.93
31 1084.0 340.45 -872.34
32 1084.0 340.70 -524.89
33 1084.0 702.57 -372.88
34 1084.0 676.35 -366.62
35 1084.0 318.15 -540.36
6 1085.0 539.53 -790.56
7 1085.0 519.80 -796.52
8 1085.0 315.65 -802.00
9 1085.0 500.58 -632.89
10 1085.0 515.27 -628.45
11 1085.0 531.68 -623.48
12 1085.0 467.23 -354.78
13 1085.0 492.25 -347.05
14 1085.0 662.18 -842.37
15 1085.0 328.89 -834.48
16 1085.0 548.28 -621.79
17 1085.0 323.41 -817.11
18 1085.0 893.88 -415.81
19 1085.0 791.35 -471.53
20 1085.0 281.83 -680.20
21 1085.0 314.64 -787.70
22 1085.0 318.81 -801.39
23 1085.0 339.28 -847.47
24 1085.0 589.38 -601.76
25 1085.0 641.56 -773.99
26 1085.0 322.95 -826.30
27 1085.0 319.54 -456.02
28 1085.0 343.21 -533.24
29 1085.0 347.75 -548.89
30 1085.0 323.99 -470.53
31 1085.0 338.32 -865.39
32 1085.0 338.13 -516.57
33 1085.0 711.19 -374.93
34 1085.0 688.04 -369.41
35 1085.0 311.44 -542.33
6 1086.0 546.80 -788.40
7 1086.0 527.41 -794.22
8 1086.0 317.91 -809.44
9 1086.0 493.58 -635.00
10 1086.0 509.53 -630.18
11 1086.0 524.42 -625.68
12 1086.0 457.64 -357.75
13 1086.0 482.13 -350.18
14 1086.0 660.06 -835.33
15 1086.0 326.55 -827.06
16 1086.0 556.88 -619.19
17 1086.0 321.61 -810.73
18 1086.0 903.80 -418.10
19 1086.0 784.19 -473.75
20 1086.0 280.07 -674.44
21 1086.0 312.96 -782.22
22 1086.0 317.18 -796.03
23 1086.0 334.46 -847.52
24 1086.0 586.97 -594.01
25 1086.0 639.58 -767.28
26 1086.0 325.21 -833.46
27 1086.0 317.48 -449.28
28 1086.0 341.01 -525.90
29 1086.0 346.21 -543.47
30 1086.0 322.01 -464.08
31 1086.0 336.33 -858.88
32 1086.0 335.65 -508.56
33 1086.0 719.57 -376.93
34 1086.0 698.97 -372.02
35 1086.0 305.07 -544.26
6 1087.0 554.74 -786.08
7 1087.0 535.77 -791.70
8 1087.0 319.88 -816.38
9 1087.0 486.81 -637.05
10 1087.0 501.89 -632.49
11 1087.0 517.70 -627.71
12 1087.0 446.88 -357.66
13 1087.0 471.81 -353.37
14 1087.0 657.86 -828.00
15 1087.0 324.19 -819.61
16 1087.0 564.64 -616.84
17 1087.0 319.86 -804.81
18 1087.0 913.69 -420.76
19 1087.0 777.18 -475.92
20 1087.0 278.24 -668.58
21 1087.0 311.27 -776.72
22 1087.0 315.54 -790.66
23 1087.0 331.60 -843.41
24 1087.0 584.73 -586.86
25 1087.0 637.50 -760.32
26 1087.0 327.25 -840.09
27 1087.0 315.58 -443.07
28 1087.0 339.07 -519.61
29 1087.0 344.07 -536.16
30 1087.0 319.88 -457.14
31 1087.0 336.00 -853.53
32 1087.0 332.96 -499.85
33 1087.0 727.99 -378.94
34 1087.0 708.35 -374.26
35 1087.0 297.63 -546.45
6 1088.0 562.31 -783.87
7 1088.0 543.51 -789.37
8 1088.0 322.15 -823.76
9 1088.0 480.06 -639.09
10 1088.0 494.63 -634.69
11 1088.0 510.39 -629.92
12 1088.0 436.75 -360.66
13 1088.0 461.36 -356.60
14 1088.0 655.79 -821.13
15 1088.0 322.45 -813.69
16 1088.0 572.42 -614.49
17 1088.0 318.34 -799.83
18 1088.0 920.90 -423.22
19 1088.0 770.11 -478.14
20 1088.0 276.27 -662.32
21 1088.0 309.37 -770.42
22 1088.0 313.68 -784.57
23 1088.0 329.74 -837.28
24 1088.0 582.26 -578.97
25 1088.0 635.66 -754.16
26 1088.0 329.44 -847.29
27 1088.0 313.42 -436.02
28 1088.0 337.09 -513.21
29 1088.0 341.94 -528.96
30 1088.0 318.22 -451.69
31 1088.0 339.74 -850.67
32 1088.0 330.54 -492.04
33 1088.0 736.07 -381.05
34 1088.0 717.57 -376.46
35 1088.0 290.26 -548.62
6 1089.0 570.04 -781.61
7 1089.0 551.78 -786.95
8 1089.0 324.34 -830.70
9 1089.0 473.80 -640.98
10 1089.0 487.94 -636.71
11 1089.0 502.62 -632.27
12 1089.0 426.12 -363.80
13 1089.0 450.24 -360.00
14 1089.0 653.45 -813.39
15 1089.0 321.04 -808.70
16 1089.0 578.90 -612.53
17 1089.0 316.48 -793.71
18 1089.0 919.44 -422.60
19 1089.0 762.65 -480.48
20 1089.0 274.30 -655.97
21 1089.0 307.40 -763.92
22 1089.0 311.76 -778.31
23 1089.0 327.82 -831.09
24 1089.0 579.70 -570.78
25 1089.0 633.76 -747.79
26 1089.0 331.52 -854.07
27 1089.0 311.36 -429.38
28 1089.0 334.95 -506.30
29 1089.0 339.83 -522.07
30 1089.0 315.94 -444.26
31 1089.0 346.78 -848.56
32 1089.0 327.88 -483.27
33 1089.0 744.25 -384.35
34 1089.0 725.70 -378.40
35 1089.0 283.69 -549.56
6 1090.0 577.56 -779.40
7 1090.0 560.11 -784.51
8 1090.0 326.75 -838.46
9 1090.0 467.11 -643.00
10 1090.0 481.49 -638.66
11 1090.0 496.01 -634.27
12 1090.0 416.13 -366.76
13 1090.0 439.38 -363.21
14 1090.0 651.20 -805.94
15 1090.0 318.92 -801.75
16 1090.0 581.86 -611.64
17 1090.0 314.66 -787.77
18 1090.0 919.40 -422.58
19 1090.0 755.90 -482.36
20 1090.0 272.44 -649.98
21 1090.0 305.63 -758.09
22 1090.0 309.74 -771.64
23 1090.0 325.65 -824.22
24 1090.0 577.38 -563.34
25 1090.0 631.81 -741.37
26 1090.0 333.61 -860.92
27 1090.0 310.12 -425.42
28 1090.0 332.96 -499.85
29 1090.0 337.62 -514.92
30 1090.0 313.75 -437.11
31 1090.0 353.34 -846.59
32 1090.0 325.48 -475.36
33 1090.0 753.48 -386.36
34 1090.0 734.41 -380.48
35 1090.0 276.80 -549.25
6 1091.0 585.67 -776.95
7 1091.0 567.87 -782.24
8 1091.0 328.98 -845.78
9 1091.0 460.36 -645.04
10 1091.0 474.66 -640.72
11 1091.0 490.29 -636.00
12 1091.0 406.17 -369.71
13 1091.0 429.27 -366.20
14 1091.0 648.95 -798.51
15 1091.0 317.26 -796.26
16 1091.0 583.85 -608.96
17 1091.0 312.61 -781.09
18 1091.0 919.38 -422.57
19 1091.0 748.87 -482.46
20 1091.0 270.53 -643.83
21 1091.0 303.81 -752.12
22 1091.0 308.05 -766.05
23 1091.0 323.58 -817.66
24 1091.0 574.87 -555.32
25 1091.0 630.03 -735.51
26 1091.0 335.85 -868.21
27 1091.0 309.04 -420.39
28 1091.0 331.00 -493.51
29 1091.0 335.57 -508.31
30 1091.0 312.62 -433.42
31 1091.0 360.04 -844.58
32 1091.0 322.78 -466.57
33 1091.0 761.98 -388.21
34 1091.0 743.27 -384.14
35 1091.0 269.47 -551.41
6 1092.0 593.47 -774.59
7 1092.0 576.05 -779.84
8 1092.0 331.29 -853.31
9 1092.0 453.10 -647.24
10 1092.0 468.64 -642.54
11 1092.0 483.10 -638.17
12 1092.0 396.13 -373.51
13 1092.0 418.83 -369.29
14 1092.0 646.78 -791.35
15 1092.0 315.24 -789.65
16 1092.0 580.15 -608.82
17 1092.0 310.64 -774.64
18 1092.0 919.36 -422.57
19 1092.0 742.24 -480.47
20 1092.0 268.57 -637.50
21 1092.0 302.08 -746.43
22 1092.0 306.40 -760.63
23 1092.0 321.84 -811.56
24 1092.0 572.34 -547.22
25 1092.0 628.07 -729.06
26 1092.0 338.06 -875.45
27 1092.0 310.68 -415.50
28 1092.0 328.88 -486.58
29 1092.0 333.49 -501.56
30 1092.0 310.97 -428.15
31 1092.0 366.32 -842.70
32 1092.0 320.04 -457.67
33 1092.0 770.46 -390.06
34 1092.0 751.75 -385.98
35 1092.0 262.96 -553.33
6 1093.0 601.80 -771.96
7 1093.0 583.92 -777.48
8 1093.0 333.65 -861.05
9 1093.0 445.73 -649.46
10 1093.0 461.10 -644.82
11 1093.0 477.46 -639.88
12 1093.0 386.92 -377.07
13 1093.0 407.94 -372.51
14 1093.0 644.76 -784.67
15 1093.0 313.20 -783.02
16 1093.0 574.72 -610.46
17 1093.0 308.97 -769.07
18 1093.0 919.36 -422.57
19 1093.0 736.49 -474.91
20 1093.0 266.60 -631.07
21 1093.0 300.08 -739.87
22 1093.0 304.61 -754.75
23 1093.0 319.97 -805.17
24 1093.0 569.95 -539.58
25 1093.0 625.98 -722.14
26 1093.0 339.92 -881.53
27 1093.0 316.50 -413.30
28 1093.0 326.68 -479.28
29 1093.0 331.43 -494.90
30 1093.0 309.48 -422.84
31 1093.0 373.73 -840.48
32 1093.0 317.30 -448.69
33 1093.0 779.11 -391.95
34 1093.0 761.26 -388.06
35 1093.0 256.21 -555.33
6 1094.0 609.60 -769.56
7 1094.0 592.16 -774.99
8 1094.0 335.79 -868.02
9 1094.0 439.12 -651.46
10 1094.0 453.60 -647.08
11 1094.0 469.43 -642.30
12 1094.0 376.67 -380.10
13 1094.0 398.04 -375.86
14 1094.0 642.76 -778.07
15 1094.0 311.34 -776.93
16 1094.0 567.68 -612.59
17 1094.0 307.12 -763.01
18 1094.0 920.07 -422.86
19 1094.0 733.58 -467.95
20 1094.0 264.94 -625.65
21 1094.0 298.28 -733.94
22 1094.0 302.64 -748.27
23 1094.0 318.20 -799.38
24 1094.0 567.43 -531.51
25 1094.0 624.03 -715.65
26 1094.0 342.14 -888.78
27 1094.0 323.96 -411.13
28 1094.0 324.68 -472.75
29 1094.0 329.29 -487.97
30 1094.0 309.74 -416.83
31 1094.0 380.21 -838.54
32 1094.0 314.66 -440.06
33 1094.0 787.90 -393.86
34 1094.0 769.96 -389.95
35 1094.0 251.16 -556.81
6 1095.0 617.98 -767.04
7 1095.0 600.51 -772.37
8 1095.0 338.19 -875.87
9 1095.0 432.42 -653.49
10 1095.0 447.01 -649.08
11 1095.0 462.31 -644.45
12 1095.0 366.01 -383.25
13 1095.0 387.70 -380.17
14 1095.0 640.51 -770.34
15 1095.0 309.66 -771.38
16 1095.0 559.32 -615.12
17 1095.0 305.07 -756.27
18 1095.0 923.56 -424.29
19 1095.0 731.32 -460.64
20 1095.0 262.96 -619.16
21 1095.0 296.43 -727.86
22 1095.0 300.91 -742.60
23 1095.0 316.32 -793.18
24 1095.0 565.12 -523.85
25 1095.0 622.28 -709.85
26 1095.0 344.33 -895.91
27 1095.0 332.56 -408.63
28 1095.0 322.72 -466.39
29 1095.0 327.26 -481.22
30 1095.0 313.83 -410.73
31 1095.0 386.52 -836.65
32 1095.0 312.00 -431.40
33 1095.0 796.08 -395.72
34 1095.0 779.34 -392.00
35 1095.0 245.89 -557.09
6 1096.0 625.44 -764.79
7 1096.0 608.06 -770.02
8 1096.0 340.33 -882.86
9 1096.0 425.59 -655.55
10 1096.0 441.16 -650.85
11 1096.0 455.98 -646.36
12 1096.0 356.43 -386.09
13 1096.0 377.16 -383.29
14 1096.0 638.23 -762.78
15 1096.0 307.58 -764.50
16 1096.0 550.39 -617.81
17 1096.0 303.37 -750.69
18 1096.0 929.11 -426.87
19 1096.0 728.79 -453.06
20 1096.0 261.08 -612.97
21 1096.0 294.64 -721.99
22 1096.0 299.10 -736.63
23 1096.0 314.37 -786.82
24 1096.0 562.97 -516.56
25 1096.0 620.46 -703.79
26 1096.0 346.21 -902.04
27 1096.0 341.36 -406.08
28 1096.0 320.79 -460.12
29 1096.0 325.23 -474.55
30 1096.0 321.26 -408.58
31 1096.0 393.58 -834.54
32 1096.0 310.49 -426.65
33 1096.0 805.11 -397.78
34 1096.0 786.99 -393.66
35 1096.0 242.78 -552.74
6 1097.0 628.58 -763.85
7 1097.0 616.62 -767.45
8 1097.0 342.72 -890.65
9 1097.0 418.31 -657.76
10 1097.0 433.88 -653.05
11 1097.0 449.56 -648.31
12 1097.0 346.70 -388.97
13 1097.0 366.41 -386.47
14 1097.0 636.12 -755.69
15 1097.0 305.75 -758.50
16 1097.0 542.41 -620.23
17 1097.0 301.67 -745.09
18 1097.0 935.25 -431.04
19 1097.0 726.28 -445.60
20 1097.0 259.30 -607.11
21 1097.0 292.73 -715.71
22 1097.0 297.43 -731.15
23 1097.0 312.49 -780.69
24 1097.0 560.59 -508.52
25 1097.0 618.35 -696.79
26 1097.0 348.36 -909.07
27 1097.0 349.71 -403.65
28 1097.0 318.61 -452.97
29 1097.0 323.41 -468.63
30 1097.0 329.38 -402.89
31 1097.0 400.88 -832.35
32 1097.0 309.08 -419.78
33 1097.0 814.35 -399.89
34 1097.0 796.28 -395.76
35 1097.0 240.56 -545.41
6 1098.0 633.24 -761.64
7 1098.0 620.86 -766.17
8 1098.0 345.07 -898.33
9 1098.0 411.80 -659.73
10 1098.0 426.18 -655.38
11 1098.0 442.47 -650.45
12 1098.0 336.23 -392.07
13 1098.0 356.07 -389.53
14 1098.0 633.83 -748.00
15 1098.0 304.12 -753.13
16 1098.0 533.64 -622.88
17 1098.0 300.13 -740.01
18 1098.0 941.96 -437.31
19 1098.0 721.72 -439.17
20 1098.0 257.46 -601.06
21 1098.0 290.95 -709.87
22 1098.0 295.35 -724.33
23 1098.0 310.56 -774.36
24 1098.0 558.47 -501.35
25 1098.0 616.45 -690.48
26 1098.0 350.41 -915.78
27 1098.0 358.43 -401.12
28 1098.0 316.66 -446.62
29 1098.0 321.34 -461.92
30 1098.0 338.25 -400.31
31 1098.0 408.22 -830.14
32 1098.0 312.60 -411.09
33 1098.0 822.83 -401.69
34 1098.0 805.43 -397.85
35 1098.0 238.67 -539.16
6 1099.0 635.71 -755.94
7 1099.0 626.00 -764.62
8 1099.0 347.42 -906.00
9 1099.0 405.02 -661.78
10 1099.0 419.47 -657.41
11 1099.0 435.47 -652.57
12 1099.0 325.58 -395.10
13 1099.0 345.16 -389.42
14 1099.0 631.59 -740.65
15 1099.0 302.68 -748.40
16 1099.0 524.94 -625.52
17 1099.0 298.15 -733.51
18 1099.0 948.88 -444.36
19 1099.0 715.40 -435.00
20 1099.0 255.53 -594.73
21 1099.0 289.62 -705.24
22 1099.0 293.60 -718.57
23 1099.0 308.83 -768.63
24 1099.0 556.16 -493.54
25 1099.0 614.53 -684.04
26 1099.0 352.64 -923.05
27 1099.0 367.22 -398.57
28 1099.0 314.60 -439.86
29 1099.0 319.39 -455.54
30 1099.0 347.80 -397.54
31 1099.0 414.81 -828.17
32 1099.0 321.20 -405.26
33 1099.0 828.54 -402.90
34 1099.0 813.90 -399.79
35 1099.0 236.44 -531.83
6 1100.0 634.14 -749.01
7 1100.0 631.40 -762.73
8 1100.0 349.74 -913.57
9 1100.0 398.18 -663.85
10 1100.0 413.16 -659.32
11 1100.0 428.60 -654.64
12 1100.0 314.68 -396.88
13 1100.0 335.18 -392.37
14 1100.0 629.49 -733.74
15 1100.0 300.73 -741.98
16 1100.0 516.93 -627.94
17 1100.0 296.17 -727.03
18 1100.0 956.18 -451.76
19 1100.0 708.39 -432.77
20 1100.0 253.74 -588.82
21 1100.0 290.76 -700.45
22 1100.0 292.08 -713.58
23 1100.0 306.82 -762.02
24 1100.0 554.35 -487.98
25 1100.0 612.55 -677.37
26 1100.0 354.85 -930.28
27 1100.0 376.15 -395.97
28 1100.0 312.39 -432.67
29 1100.0 317.40 -449.03
30 1100.0 357.64 -394.68
31 1100.0 419.49 -826.77
32 1100.0 333.01 -401.83
33 1100.0 833.01 -407.88
34 1100.0 819.20 -400.94
35 1100.0 234.48 -525.37
6 1101.0 632.11 -742.36
7 1101.0 635.58 -757.55
8 1101.0 351.97 -920.86
9 1101.0 391.59 -665.85
10 1101.0 406.67 -661.28
11 1101.0 422.06 -656.62
12 1101.0 304.88 -399.96
13 1101.0 325.11 -395.18
14 1101.0 627.44 -726.99
15 1101.0 298.77 -735.56
16 1101.0 509.19 -630.28
17 1101.0 294.78 -722.43
18 1101.0 961.72 -457.38
19 1101.0 701.56 -431.37
20 1101.0 251.97 -583.01
21 1101.0 295.49 -698.27
22 1101.0 290.49 -708.36
23 1101.0 304.73 -755.14
24 1101.0 552.83 -483.53
25 1101.0 610.54 -670.60
26 1101.0 356.95 -937.13
27 1101.0 384.76 -394.20
28 1101.0 310.58 -426.90
29 1101.0 315.45 -442.64
30 1101.0 367.01 -391.96
31 1101.0 425.92 -823.99
32 1101.0 343.88 -398.68
33 1101.0 834.38 -414.33
34 1101.0 826.54 -402.45
35 1101.0 232.47 -518.72
6 1102.0 630.14 -735.88
7 1102.0 634.48 -750.14
8 1102.0 354.22 -928.20
9 1102.0 386.51 -667.03
10 1102.0 399.82 -663.35
11 1102.0 415.59 -658.58
12 1102.0 294.25 -403.33
13 1102.0 314.14 -397.05
14 1102.0 625.15 -719.38
15 1102.0 297.42 -731.12
16 1102.0 501.06 -632.74
17 1102.0 293.30 -717.58
18 1102.0 966.88 -462.63
19 1102.0 694.48 -429.91
20 1102.0 250.03 -576.61
21 1102.0 301.67 -696.39
22 1102.0 289.42 -703.06
23 1102.0 302.85 -748.97
24 1102.0 552.70 -483.15
25 1102.0 608.57 -663.96
26 1102.0 358.98 -943.75
27 1102.0 394.21 -392.23
28 1102.0 309.02 -420.63
29 1102.0 313.42 -436.01
30 1102.0 376.58 -389.18
31 1102.0 428.40 -818.17
32 1102.0 354.21 -395.68
33 1102.0 832.94 -420.74
34 1102.0 832.00 -405.87
35 1102.0 230.49 -512.20
6 1103.0 627.89 -728.46
7 1103.0 632.75 -744.46
8 1103.0 356.37 -935.23
9 1103.0 382.27 -663.92
10 1103.0 394.44 -664.98
11 1103.0 409.12 -660.54
12 1103.0 283.56 -406.57
13 1103.0 303.19 -400.51
14 1103.0 622.81 -711.60
15 1103.0 295.72 -725.53
16 1103.0 492.31 -635.39
17 1103.0 291.59 -711.96
18 1103.0 972.35 -468.05
19 1103.0 686.73 -428.32
20 1103.0 248.39 -571.22
21 1103.0 308.10 -694.44
22 1103.0 292.35 -699.41
23 1103.0 300.78 -742.16
24 1103.0 552.65 -483.01
25 1103.0 606.65 -657.49
26 1103.0 361.03 -950.45
27 1103.0 403.42 -389.40
28 1103.0 311.06 -415.29
29 1103.0 311.33 -429.28
30 1103.0 386.47 -387.84
31 1103.0 426.93 -811.67
32 1103.0 364.49 -392.69
33 1103.0 831.54 -427.04
34 1103.0 834.29 -411.60
35 1103.0 228.48 -505.58
6 1104.0 625.60 -720.88
7 1104.0 630.47 -736.95
8 1104.0 358.48 -942.13
9 1104.0 380.56 -658.77
10 1104.0 388.75 -666.68
11 1104.0 403.20 -662.33
12 1104.0 273.11 -409.74
13 1104.0 292.61 -403.82
14 1104.0 620.55 -704.12
15 1104.0 294.22 -720.61
16 1104.0 483.51 -638.05
17 1104.0 290.05 -706.91
18 1104.0 978.49 -474.05
19 1104.0 679.61 -426.85
20 1104.0 246.40 -564.65
21 1104.0 313.50 -692.81
22 1104.0 297.36 -697.70
23 1104.0 298.67 -735.23
24 1104.0 552.65 -483.01
25 1104.0 604.72 -651.19
26 1104.0 362.99 -956.84
27 1104.0 413.01 -388.57
28 1104.0 317.48 -413.01
29 1104.0 310.16 -425.56
30 1104.0 396.28 -384.91
31 1104.0 424.92 -804.90
32 1104.0 374.64 -389.74
33 1104.0 830.02 -433.91
34 1104.0 833.50 -418.22
35 1104.0 226.35 -498.49
6 1105.0 623.32 -713.29
7 1105.0 628.29 -729.78
8 1105.0 360.44 -948.52
9 1105.0 378.59 -652.12
10 1105.0 384.20 -666.38
11 1105.0 397.27 -664.13
12 1105.0 262.96 -412.81
13 1105.0 282.38 -406.93
14 1105.0 618.45 -697.13
15 1105.0 292.70 -715.62
16 1105.0 475.33 -640.52
17 1105.0 288.03 -700.34
18 1105.0 983.84 -479.27
19 1105.0 671.69 -425.92
20 1105.0 244.74 -559.20
21 1105.0 319.71 -690.92
22 1105.0 304.14 -695.65
23 1105.0 296.94 -729.56
24 1105.0 552.65 -483.01
25 1105.0 602.63 -644.44
26 1105.0 364.82 -962.82
27 1105.0 421.69 -386.73
28 1105.0 326.04 -410.53
29 1105.0 309.06 -420.11
30 1105.0 405.63 -382.03
31 1105.0 422.86 -797.96
32 1105.0 384.91 -388.15
33 1105.0 828.49 -440.80
34 1105.0 831.97 -425.13
35 1105.0 225.07 -491.21
6 1106.0 620.95 -705.43
7 1106.0 626.07 -722.45
8 1106.0 362.29 -954.57
9 1106.0 376.59 -645.40
10 1106.0 381.18 -660.83
11 1106.0 393.33 -665.32
12 1106.0 253.10 -415.81
13 1106.0 272.17 -410.02
14 1106.0 616.44 -690.45
15 1106.0 290.61 -708.76
16 1106.0 467.50 -642.89
17 1106.0 286.18 -694.31
18 1106.0 989.59 -484.78
19 1106.0 664.07 -426.78
20 1106.0 243.02 -553.52
21 1106.0 326.31 -688.92
22 1106.0 310.40 -693.75
23 1106.0 295.31 -724.20
24 1106.0 552.65 -483.01
25 1106.0 600.53 -637.67
26 1106.0 368.00 -968.40
27 1106.0 430.17 -383.75
28 1106.0 335.03 -407.92
29 1106.0 311.50 -415.05
30 1106.0 413.31 -376.12
31 1106.0 420.98 -791.63
32 1106.0 395.00 -385.30
33 1106.0 827.63 -444.67
34 1106.0 830.49 -431.76
35 1106.0 225.07 -482.76
6 1107.0 619.14 -699.43
7 1107.0 623.78 -714.82
8 1107.0 364.30 -961.13
9 1107.0 374.71 -639.05
10 1107.0 379.24 -654.32
11 1107.0 386.96 -666.96
12 1107.0 242.67 -418.97
13 1107.0 262.00 -413.11
14 1107.0 614.45 -683.76
15 1107.0 288.70 -702.52
16 1107.0 459.51 -645.30
17 1107.0 284.31 -688.22
18 1107.0 995.24 -491.72
19 1107.0 656.68 -429.05
20 1107.0 241.34 -547.99
21 1107.0 331.85 -687.24
22 1107.0 317.21 -691.68
23 1107.0 293.20 -717.27
24 1107.0 552.65 -483.01
25 1107.0 598.63 -631.54
26 1107.0 374.11 -969.91
27 1107.0 439.41 -380.62
28 1107.0 345.04 -405.01
29 1107.0 316.96 -413.17
30 1107.0 422.10 -373.02
31 1107.0 418.93 -784.73
32 1107.0 404.53 -382.37
33 1107.0 826.45 -449.84
34 1107.0 829.47 -436.37
35 1107.0 222.52 -473.93
6 1108.0 616.93 -692.07
7 1108.0 621.86 -708.44
8 1108.0 366.82 -967.32
9 1108.0 372.80 -632.63
10 1108.0 377.31 -647.83
11 1108.0 382.16 -663.68
12 1108.0 232.82 -421.96
13 1108.0 251.29 -416.35
14 1108.0 612.22 -676.26
15 1108.0 286.72 -696.08
16 1108.0 451.05 -647.85
17 1108.0 282.37 -681.94
18 1108.0 1001.34 -496.19
19 1108.0 650.18 -432.42
20 1108.0 239.37 -541.50
21 1108.0 338.26 -685.29
22 1108.0 322.91 -689.95
23 1108.0 291.29 -710.98
24 1108.0 552.65 -483.01
25 1108.0 596.78 -625.58
26 1108.0 380.44 -968.32
27 1108.0 447.87 -378.13
28 1108.0 353.90 -402.44
29 1108.0 324.94 -410.85
30 1108.0 430.83 -369.95
31 1108.0 416.92 -777.96
32 1108.0 411.74 -376.82
33 1108.0 825.01 -456.11
34 1108.0 828.48 -440.83
35 1108.0 220.10 -465.21
6 1109.0 614.75 -684.76
7 1109.0 619.49 -700.58
8 1109.0 371.87 -970.10
9 1109.0 370.74 -625.69
10 1109.0 375.47 -641.63
11 1109.0 380.27 -657.79
12 1109.0 222.47 -425.09
13 1109.0 241.82 -419.23
14 1109.0 610.08 -669.05
15 1109.0 284.98 -690.39
16 1109.0 442.19 -650.53
17 1109.0 280.56 -676.05
18 1109.0 1007.35 -500.58
19 1109.0 643.33 -436.95
20 1109.0 237.67 -535.89
21 1109.0 344.79 -683.31
22 1109.0 329.98 -687.80
23 1109.0 289.72 -705.83
24 1109.0 552.65 -483.01
25 1109.0 594.98 -619.77
26 1109.0 386.60 -966.49
27 1109.0 456.63 -375.54
28 1109.0 363.82 -399.55
29 1109.0 334.25 -408.14
30 1109.0 440.18 -367.05
31 1109.0 415.03 -771.58
32 1109.0 421.34 -373.29
33 1109.0 824.06 -462.46
34 1109.0 827.70 -444.34
35 1109.0 217.41 -455.79
6 1110.0 612.65 -677.70
7 1110.0 617.10 -692.64
8 1110.0 378.40 -968.93
9 1110.0 368.53 -618.24
10 1110.0 373.48 -634.91
11 1110.0 378.23 -650.92
12 1110.0 216.07 -426.99
13 1110.0 232.05 -422.19
14 1110.0 607.83 -661.45
15 1110.0 283.03 -684.10
16 1110.0 433.33 -653.21
17 1110.0 278.60 -669.65
18 1110.0 1011.64 -506.31
19 1110.0 637.06 -440.92
20 1110.0 235.70 -529.39
21 1110.0 350.35 -681.60
22 1110.0 336.79 -685.74
23 1110.0 290.28 -700.96
24 1110.0 552.65 -483.01
25 1110.0 593.12 -613.79
26 1110.0 393.84 -964.34
27 1110.0 465.03 -373.06
28 1110.0 373.77 -396.66
29 1110.0 343.36 -405.50
30 1110.0 449.88 -364.18
31 1110.0 413.18 -765.34
32 1110.0 430.43 -370.09
33 1110.0 826.11 -468.96
34 1110.0 827.55 -445.04
35 1110.0 216.61 -448.56
6 1111.0 610.30 -669.78
7 1111.0 614.89 -685.25
8 1111.0 385.94 -966.69
9 1111.0 366.63 -611.85
10 1111.0 371.06 -626.75
11 1111.0 376.04 -643.53
12 1111.0 207.91 -427.11
13 1111.0 224.22 -424.56
14 1111.0 605.62 -654.10
15 1111.0 280.94 -677.29
16 1111.0 425.43 -655.60
17 1111.0 276.43 -662.84
18 1111.0 1014.09 -515.16
19 1111.0 630.13 -443.89
20 1111.0 234.00 -523.77
21 1111.0 356.57 -679.70
22 1111.0 341.70 -684.25
23 1111.0 294.65 -698.52
24 1111.0 552.65 -483.01
25 1111.0 591.29 -607.91
26 1111.0 400.12 -962.48
27 1111.0 473.57 -370.53
28 1111.0 382.66 -394.26
29 1111.0 352.50 -402.84
30 1111.0 459.88 -361.23
31 1111.0 411.21 -758.70
32 1111.0 439.94 -367.12
33 1111.0 828.79 -474.86
34 1111.0 827.00 -447.45
35 1111.0 220.18 -442.55
6 1112.0 608.20 -662.71
7 1112.0 612.60 -677.53
8 1112.0 392.49 -964.74
9 1112.0 364.53 -604.78
10 1112.0 369.19 -620.45
11 1112.0 373.74 -635.79
12 1112.0 202.08 -420.98
13 1112.0 216.58 -426.89
14 1112.0 603.29 -646.58
15 1112.0 279.01 -670.97
16 1112.0 416.91 -658.18
17 1112.0 274.47 -656.53
18 1112.0 1017.31 -525.75
19 1112.0 623.15 -446.42
20 1112.0 232.07 -517.43
21 1112.0 362.59 -677.86
22 1112.0 348.58 -682.14
23 1112.0 301.27 -696.52
24 1112.0 552.65 -483.01
25 1112.0 589.26 -601.36
26 1112.0 406.45 -960.60
27 1112.0 482.75 -367.82
28 1112.0 392.06 -392.90
29 1112.0 362.01 -400.08
30 1112.0 469.20 -358.48
31 1112.0 409.04 -751.39
32 1112.0 449.78 -364.21
33 1112.0 830.70 -481.07
34 1112.0 826.13 -451.24
35 1112.0 226.62 -439.68
6 1113.0 606.02 -655.39
7 1113.0 610.48 -670.37
8 1113.0 398.46 -962.97
9 1113.0 362.61 -598.37
10 1113.0 367.14 -613.58
11 1113.0 371.92 -629.65
12 1113.0 197.78 -410.92
13 1113.0 209.40 -427.35
14 1113.0 601.20 -639.82
15 1113.0 276.92 -664.42
16 1113.0 408.09 -660.85
17 1113.0 272.61 -650.53
18 1113.0 1022.02 -538.18
19 1113.0 615.63 -449.00
20 1113.0 230.34 -511.71
21 1113.0 368.21 -676.14
22 1113.0 354.21 -680.42
23 1113.0 307.00 -694.78
24 1113.0 552.65 -483.01
25 1113.0 587.29 -595.06
26 1113.0 413.52 -958.50
27 1113.0 491.73 -365.17
28 1113.0 401.82 -389.89
29 1113.0 371.74 -397.25
30 1113.0 478.59 -355.70
31 1113.0 406.95 -744.47
32 1113.0 459.76 -361.26
33 1113.0 832.45 -486.81
34 1113.0 824.80 -457.04
35 1113.0 235.05 -436.66
6 1114.0 603.95 -648.69
7 1114.0 608.51 -663.76
8 1114.0 405.82 -960.79
9 1114.0 360.41 -591.11
10 1114.0 365.00 -606.37
11 1114.0 369.72 -622.24
12 1114.0 194.98 -404.02
13 1114.0 202.85 -422.36
14 1114.0 598.86 -632.26
15 1114.0 275.06 -658.44
16 1114.0 400.31 -663.21
17 1114.0 270.57 -643.96
18 1114.0 1024.61 -551.28
19 1114.0 608.23 -451.54
20 1114.0 228.35 -505.16
21 1114.0 374.05 -674.36
22 1114.0 359.33 -678.86
23 1114.0 313.55 -692.79
24 1114.0 552.65 -483.01
25 1114.0 585.41 -589.03
26 1114.0 420.28 -956.50
27 1114.0 500.31 -362.63
28 1114.0 411.32 -388.05
29 1114.0 381.34 -394.50
30 1114.0 487.49 -353.07
31 1114.0 404.83 -737.58
32 1114.0 469.70 -358.33
33 1114.0 834.54 -493.63
34 1114.0 824.31 -464.18
35 1114.0 244.36 -433.93
6 1115.0 601.39 -640.43
7 1115.0 606.36 -656.50
8 1115.0 412.36 -958.85
9 1115.0 358.21 -583.95
10 1115.0 362.90 -599.34
11 1115.0 367.58 -615.03
12 1115.0 192.08 -396.77
13 1115.0 198.97 -413.76
14 1115.0 596.57 -624.91
15 1115.0 273.29 -652.72
16 1115.0 391.91 -665.75
17 1115.0 268.63 -637.70
18 1115.0 1028.70 -564.87
19 1115.0 601.39 -453.75
20 1115.0 226.42 -498.72
21 1115.0 378.36 -673.50
22 1115.0 365.45 -676.99
23 1115.0 319.70 -690.93
24 1115.0 552.65 -483.01
25 1115.0 583.29 -582.25
26 1115.0 427.03 -954.49
27 1115.0 508.64 -360.38
28 1115.0 420.38 -387.19
29 1115.0 390.92 -393.25
30 1115.0 497.23 -350.20
31 1115.0 402.68 -730.56
32 1115.0 477.95 -355.89
33 1115.0 836.31 -499.41
34 1115.0 827.74 -472.35
35 1115.0 253.62 -431.24
6 1116.0 599.31 -633.72
7 1116.0 603.97 -648.75
8 1116.0 419.39 -956.76
9 1116.0 355.98 -576.77
10 1116.0 360.68 -591.99
11 1116.0 365.49 -608.01
12 1116.0 190.03 -392.15
13 1116.0 195.96 -406.47
14 1116.0 594.17 -617.16
15 1116.0 271.36 -646.52
16 1116.0 386.72 -667.66
17 1116.0 266.79 -631.71
18 1116.0 1032.83 -578.32
19 1116.0 593.68 -456.25
20 1116.0 225.00 -493.27
21 1116.0 382.12 -675.75
22 1116.0 369.19 -675.84
23 1116.0 325.82 -689.07
24 1116.0 552.65 -483.01
25 1116.0 581.16 -575.45
26 1116.0 433.60 -952.55
27 1116.0 512.93 -359.52
28 1116.0 429.41 -384.01
29 1116.0 400.24 -390.38
30 1116.0 506.34 -347.76
31 1116.0 400.75 -724.28
32 1116.0 488.08 -352.89
33 1116.0 838.11 -505.29
34 1116.0 830.53 -480.53
35 1116.0 262.75 -428.59
6 1117.0 596.79 -625.62
7 1117.0 601.84 -641.89
8 1117.0 425.55 -954.93
9 1117.0 353.93 -570.17
10 1117.0 358.70 -585.54
11 1117.0 363.29 -600.65
12 1117.0 187.77 -390.13
13 1117.0 193.80 -401.07
14 1117.0 592.11 -610.55
15 1117.0 269.63 -640.92
16 1117.0 385.77 -668.10
17 1117.0 264.83 -625.29
18 1117.0 1036.79 -591.20
19 1117.0 586.11 -458.72
20 1117.0 225.95 -486.14
21 1117.0 383.76 -679.80
22 1117.0 373.88 -674.41
23 1117.0 332.45 -687.06
24 1117.0 552.65 -483.01
25 1117.0 579.12 -568.90
26 1117.0 440.85 -950.39
27 1117.0 516.59 -361.93
28 1117.0 439.13 -380.71
29 1117.0 410.12 -387.80
30 1117.0 515.72 -345.69
31 1117.0 398.64 -717.40
32 1117.0 496.50 -350.41
33 1117.0 840.10 -511.79
34 1117.0 833.20 -489.26
35 1117.0 272.31 -425.85
6 1118.0 594.59 -618.52
7 1118.0 599.45 -634.19
8 1118.0 432.11 -952.99
9 1118.0 352.00 -563.92
10 1118.0 356.72 -579.16
11 1118.0 361.49 -594.66
12 1118.0 186.66 -392.65
13 1118.0 192.13 -396.92
14 1118.0 590.08 -604.01
15 1118.0 267.67 -634.56
16 1118.0 385.56 -668.20
17 1118.0 262.97 -619.18
18 1118.0 1040.98 -604.83
19 1118.0 579.35 -460.95
20 1118.0 223.95 -478.89
21 1118.0 385.65 -685.97
22 1118.0 378.79 -673.61
23 1118.0 339.05 -685.05
24 1118.0 552.65 -483.01
25 1118.0 577.20 -562.78
26 1118.0 447.60 -948.38
27 1118.0 520.09 -364.10
28 1118.0 448.34 -377.99
29 1118.0 419.89 -387.37
30 1118.0 523.79 -343.96
31 1118.0 396.71 -711.11
32 1118.0 506.67 -347.68
33 1118.0 842.28 -518.59
34 1118.0 835.90 -498.07
35 1118.0 280.31 -420.21
6 1119.0 592.66 -612.32
7 1119.0 597.16 -626.80
8 1119.0 439.14 -950.90
9 1119.0 350.21 -557.60
10 1119.0 354.56 -572.19
11 1119.0 359.29 -587.43
12 1119.0 188.93 -397.51
13 1119.0 190.73 -393.47
14 1119.0 587.72 -596.42
15 1119.0 265.85 -628.62
16 1119.0 385.44 -668.25
17 1119.0 261.06 -612.90
18 1119.0 1045.07 -618.09
19 1119.0 572.29 -463.13
20 1119.0 221.65 -470.84
21 1119.0 387.66 -692.53
22 1119.0 382.57 -676.64
23 1119.0 345.39 -683.12
24 1119.0 552.65 -483.01
25 1119.0 575.27 -556.58
26 1119.0 453.87 -946.52
27 1119.0 520.37 -369.20
28 1119.0 458.16 -375.09
29 1119.0 429.77 -383.89
30 1119.0 527.54 -343.15
31 1119.0 394.77 -704.80
32 1119.0 514.82 -345.88
33 1119.0 842.30 -524.20
34 1119.0 838.56 -506.76
35 1119.0 289.69 -417.51
6 1120.0 590.35 -604.88
7 1120.0 595.27 -620.71
8 1120.0 445.82 -948.91
9 1120.0 348.43 -551.32
10 1120.0 352.49 -565.53
11 1120.0 357.33 -581.13
12 1120.0 191.52 -403.99
13 1120.0 188.74 -390.50
14 1120.0 585.45 -589.16
15 1120.0 263.91 -622.28
16 1120.0 385.40 -668.27
17 1120.0 258.97 -606.04
18 1120.0 1048.02 -627.68
19 1120.0 564.62 -465.59
20 1120.0 219.54 -463.12
21 1120.0 389.36 -698.07
22 1120.0 384.37 -681.82
23 1120.0 351.34 -681.30
24 1120.0 552.65 -483.01
25 1120.0 573.35 -550.46
26 1120.0 460.81 -944.46
27 1120.0 520.73 -375.85
28 1120.0 467.72 -372.26
29 1120.0 439.46 -380.61
30 1120.0 528.55 -339.46
31 1120.0 392.77 -698.29
32 1120.0 518.98 -344.99
33 1120.0 840.87 -530.34
34 1120.0 840.88 -514.25
35 1120.0 298.71 -415.01
6 1121.0 588.18 -597.90
7 1121.0 592.92 -613.14
8 1121.0 452.24 -947.00
9 1121.0 346.53 -544.60
10 1121.0 350.86 -559.92
11 1121.0 355.14 -574.08
12 1121.0 194.41 -411.15
13 1121.0 186.60 -391.06
14 1121.0 583.32 -582.35
15 1121.0 261.63 -614.79
16 1121.0 385.38 -668.28
17 1121.0 256.83 -598.98
18 1121.0 1048.74 -633.37
19 1121.0 556.79 -468.16
20 1121.0 217.52 -456.15
21 1121.0 391.21 -704.10
22 1121.0 386.57 -688.96
23 1121.0 357.17 -679.52
24 1121.0 552.65 -483.01
25 1121.0 571.39 -544.17
26 1121.0 466.95 -942.63
27 1121.0 521.09 -382.54
28 1121.0 477.42 -369.40
29 1121.0 449.49 -377.65
30 1121.0 528.36 -335.15
31 1121.0 390.74 -691.66
32 1121.0 523.46 -344.03
33 1121.0 843.09 -535.65
34 1121.0 842.94 -521.26
35 1121.0 307.92 -412.42
6 1122.0 586.17 -591.48
7 1122.0 590.74 -606.14
8 1122.0 456.27 -945.80
9 1122.0 343.89 -537.73
10 1122.0 349.10 -553.70
11 1122.0 353.22 -567.89
12 1122.0 197.58 -418.56
13 1122.0 187.28 -393.80
14 1122.0 581.20 -575.56
15 1122.0 259.44 -607.56
16 1122.0 385.37 -668.29
17 1122.0 254.92 -592.70
18 1122.0 1043.70 -637.07
19 1122.0 549.51 -470.45
20 1122.0 216.40 -450.09
21 1122.0 393.07 -710.15
22 1122.0 388.54 -695.38
23 1122.0 363.23 -677.66
24 1122.0 552.65 -483.01
25 1122.0 569.50 -538.16
26 1122.0 473.05 -940.81
27 1122.0 521.46 -389.33
28 1122.0 486.78 -366.63
29 1122.0 459.45 -374.71
30 1122.0 524.26 -336.36
31 1122.0 388.56 -684.55
32 1122.0 527.50 -343.16
33 1122.0 847.64 -536.99
34 1122.0 841.20 -527.49
35 1122.0 317.40 -409.70
6 1123.0 583.84 -584.02
7 1123.0 588.81 -599.92
8 1123.0 461.89 -943.59
9 1123.0 338.53 -534.88
10 1123.0 347.14 -546.77
11 1123.0 351.27 -561.36
12 1123.0 201.02 -427.29
13 1123.0 189.32 -398.49
14 1123.0 578.91 -568.26
15 1123.0 257.61 -601.55
16 1123.0 385.37 -668.29
17 1123.0 252.92 -586.13
18 1123.0 1036.35 -639.29
19 1123.0 541.79 -472.87
20 1123.0 218.70 -443.76
21 1123.0 394.91 -716.14
22 1123.0 390.56 -701.97
23 1123.0 369.83 -675.65
24 1123.0 552.65 -483.01
25 1123.0 567.61 -532.09
26 1123.0 479.18 -938.91
27 1123.0 521.83 -395.97
28 1123.0 495.78 -363.97
29 1123.0 468.85 -371.93
30 1123.0 518.15 -338.75
31 1123.0 387.17 -680.04
32 1123.0 528.46 -339.78
33 1123.0 852.41 -535.53
34 1123.0 841.10 -532.16
35 1123.0 326.41 -407.08
6 1124.0 581.47 -576.42
7 1124.0 586.63 -592.94
8 1124.0 464.79 -936.50
9 1124.0 331.82 -536.34
10 1124.0 346.03 -542.84
11 1124.0 349.58 -555.37
12 1124.0 203.85 -434.92
13 1124.0 191.81 -404.70
14 1124.0 576.73 -561.26
15 1124.0 255.63 -595.05
16 1124.0 385.37 -668.29
17 1124.0 250.87 -579.38
18 1124.0 1029.22 -641.44
19 1124.0 535.91 -474.72
20 1124.0 224.55 -440.42
21 1124.0 396.77 -722.21
22 1124.0 392.47 -708.20
23 1124.0 375.19 -674.01
24 1124.0 552.65 -483.01
25 1124.0 565.49 -525.09
26 1124.0 485.56 -936.93
27 1124.0 523.28 -402.74
28 1124.0 504.79 -361.36
29 1124.0 477.74 -369.30
30 1124.0 510.42 -341.56
31 1124.0 386.74 -678.63
32 1124.0 528.13 -335.14
33 1124.0 854.39 -530.90
34 1124.0 844.07 -536.11
35 1124.0 335.74 -404.37
6 1125.0 579.42 -569.87
7 1125.0 584.10 -584.84
8 1125.0 462.95 -929.35
9 1125.0 325.22 -538.31
10 1125.0 343.64 -537.50
11 1125.0 348.26 -550.71
12 1125.0 209.06 -438.34
13 1125.0 194.76 -411.99
14 1125.0 574.32 -553.56
15 1125.0 253.43 -587.80
16 1125.0 385.37 -668.29
17 1125.0 248.81 -572.60
18 1125.0 1021.61 -643.74
19 1125.0 529.34 -476.73
20 1125.0 232.78 -437.48
21 1125.0 398.50 -727.84
22 1125.0 394.28 -714.10
23 1125.0 380.20 -673.95
24 1125.0 552.65 -483.01
25 1125.0 563.61 -518.74
26 1125.0 492.31 -934.84
27 1125.0 525.17 -408.47
28 1125.0 509.98 -360.04
29 1125.0 486.72 -366.65
30 1125.0 500.77 -344.41
31 1125.0 386.47 -677.76
32 1125.0 523.33 -336.72
33 1125.0 858.48 -528.26
34 1125.0 848.63 -537.06
35 1125.0 345.49 -401.54
6 1126.0 576.95 -561.96
7 1126.0 582.19 -578.74
8 1126.0 460.72 -922.32
9 1126.0 318.14 -540.36
10 1126.0 336.73 -535.15
11 1126.0 346.59 -544.79
12 1126.0 216.36 -436.44
13 1126.0 197.88 -419.21
14 1126.0 571.95 -545.98
15 1126.0 251.27 -580.70
16 1126.0 385.37 -668.29
17 1126.0 247.72 -567.74
18 1126.0 1013.61 -646.15
19 1126.0 521.91 -478.99
20 1126.0 240.32 -435.10
21 1126.0 400.42 -734.09
22 1126.0 396.01 -719.74
23 1126.0 383.07 -677.66
24 1126.0 552.65 -483.01
25 1126.0 561.80 -512.61
26 1126.0 499.18 -932.71
27 1126.0 527.13 -414.29
28 1126.0 514.13 -359.56
29 1126.0 496.34 -363.81
30 1126.0 490.85 -347.48
31 1126.0 386.46 -677.70
32 1126.0 516.98 -339.21
33 1126.0 863.18 -526.79
34 1126.0 853.14 -534.61
35 1126.0 354.80 -398.84
6 1127.0 574.45 -553.97
7 1127.0 579.57 -570.36
8 1127.0 458.25 -914.56
9 1127.0 310.82 -542.52
10 1127.0 329.57 -537.02
11 1127.0 343.86 -537.70
12 1127.0 224.74 -436.96
13 1127.0 201.37 -428.23
14 1127.0 569.53 -538.24
15 1127.0 249.90 -576.19
16 1127.0 383.88 -669.90
17 1127.0 250.55 -563.87
18 1127.0 1006.60 -648.28
19 1127.0 514.64 -481.21
20 1127.0 248.84 -432.63
21 1127.0 402.12 -739.64
22 1127.0 397.89 -725.88
23 1127.0 384.68 -682.82
24 1127.0 552.65 -483.01
25 1127.0 559.77 -505.77
26 1127.0 505.91 -930.63
27 1127.0 529.25 -420.50
28 1127.0 516.72 -362.91
29 1127.0 503.19 -361.79
30 1127.0 481.00 -350.52
31 1127.0 386.45 -677.69
32 1127.0 508.94 -341.97
33 1127.0 869.38 -524.88
34 1127.0 855.47 -529.75
35 1127.0 363.70 -396.26
6 1128.0 571.92 -545.90
7 1128.0 577.24 -562.90
8 1128.0 456.00 -907.06
9 1128.0 304.34 -544.47
10 1128.0 322.29 -539.16
11 1128.0 337.40 -535.05
12 1128.0 235.28 -436.58
13 1128.0 204.05 -435.48
14 1128.0 567.11 -530.50
15 1128.0 248.25 -570.75
16 1128.0 382.52 -673.39
17 1128.0 255.58 -562.17
18 1128.0 1002.69 -649.46
19 1128.0 506.76 -483.43
20 1128.0 256.76 -430.33
21 1128.0 403.93 -745.53
22 1128.0 399.74 -731.90
23 1128.0 386.47 -688.65
24 1128.0 552.65 -483.01
25 1128.0 557.76 -498.96
26 1128.0 513.18 -928.39
27 1128.0 531.35 -427.34
28 1128.0 520.16 -365.50
29 1128.0 509.14 -360.26
30 1128.0 470.92 -350.29
31 1128.0 386.45 -677.68
32 1128.0 499.57 -344.78
33 1128.0 875.74 -522.92
34 1128.0 861.50 -527.31
35 1128.0 372.75 -393.63
6 1129.0 569.55 -538.29
7 1129.0 574.90 -555.42
8 1129.0 453.88 -899.89
9 1129.0 297.84 -546.38
10 1129.0 315.28 -541.19
11 1129.0 330.22 -536.82
12 1129.0 245.66 -436.89
13 1129.0 210.10 -438.12
14 1129.0 565.09 -523.74
15 1129.0 248.06 -566.39
16 1129.0 383.52 -679.03
17 1129.0 262.32 -560.19
18 1129.0 996.62 -651.40
19 1129.0 499.14 -485.40
20 1129.0 265.15 -427.90
21 1129.0 405.81 -751.74
22 1129.0 401.32 -737.04
23 1129.0 388.45 -695.10
24 1129.0 552.65 -483.01
25 1129.0 555.99 -492.99
26 1129.0 519.58 -926.44
27 1129.0 530.50 -433.73
28 1129.0 520.52 -372.05
29 1129.0 513.45 -359.45
30 1129.0 462.12 -353.02
31 1129.0 386.45 -677.68
32 1129.0 488.21 -348.29
33 1129.0 882.46 -520.85
34 1129.0 867.59 -525.44
35 1129.0 382.54 -391.07
6 1130.0 567.41 -531.45
7 1130.0 572.56 -547.93
8 1130.0 451.83 -893.00
9 1130.0 291.30 -548.31
10 1130.0 307.58 -543.50
11 1130.0 323.95 -538.68
12 1130.0 255.77 -433.95
13 1130.0 217.55 -436.05
14 1130.0 563.09 -516.99
15 1130.0 253.18 -562.87
16 1130.0 385.58 -685.73
17 1130.0 268.62 -558.33
18 1130.0 988.94 -653.19
19 1130.0 492.32 -487.45
20 1130.0 272.73 -425.73
21 1130.0 407.68 -758.07
22 1130.0 403.05 -742.68
23 1130.0 390.47 -701.67
24 1130.0 552.65 -483.01
25 1130.0 555.16 -490.44
26 1130.0 526.26 -924.41
27 1130.0 532.21 -439.94
28 1130.0 520.90 -379.08
29 1130.0 516.72 -362.91
30 1130.0 452.36 -356.04
31 1130.0 386.45 -677.68
32 1130.0 476.83 -351.82
33 1130.0 888.06 -519.13
34 1130.0 873.75 -523.54
35 1130.0 392.05 -389.56
6 1131.0 565.65 -525.64
7 1131.0 570.33 -540.80
8 1131.0 449.43 -885.19
9 1131.0 284.77 -549.78
10 1131.0 300.46 -545.61
11 1131.0 316.83 -540.74
12 1131.0 266.03 -430.98
13 1131.0 226.25 -436.42
14 1131.0 561.12 -510.30
15 1131.0 259.35 -561.06
16 1131.0 387.91 -693.34
17 1131.0 274.56 -556.58
18 1131.0 981.41 -655.89
19 1131.0 485.45 -489.75
20 1131.0 281.22 -423.28
21 1131.0 409.59 -764.49
22 1131.0 405.02 -749.10
23 1131.0 392.30 -707.63
24 1131.0 552.65 -483.01
25 1131.0 555.01 -489.98
26 1131.0 532.81 -922.41
27 1131.0 534.21 -446.46
28 1131.0 521.28 -386.03
29 1131.0 520.21 -366.41
30 1131.0 442.82 -358.86
31 1131.0 386.45 -677.68
32 1131.0 465.34 -355.37
33 1131.0 894.23 -517.24
34 1131.0 879.12 -521.88
35 1131.0 401.76 -386.57
6 1132.0 563.58 -518.63
7 1132.0 568.35 -534.46
8 1132.0 447.19 -877.79
9 1132.0 276.97 -549.20
10 1132.0 293.23 -547.74
11 1132.0 309.31 -542.97
12 1132.0 276.28 -428.03
13 1132.0 237.09 -436.04
14 1132.0 559.00 -503.15
15 1132.0 266.26 -559.02
16 1132.0 389.79 -699.48
17 1132.0 281.11 -554.65
18 1132.0 973.46 -658.44
19 1132.0 478.31 -492.01
20 1132.0 288.57 -421.17
21 1132.0 411.23 -770.02
22 1132.0 407.14 -756.24
23 1132.0 394.30 -714.15
24 1132.0 552.65 -483.01
25 1132.0 554.97 -489.88
26 1132.0 539.56 -920.37
27 1132.0 536.05 -452.44
28 1132.0 521.70 -393.61
29 1132.0 520.62 -373.93
30 1132.0 433.27 -361.69
31 1132.0 386.45 -677.68
32 1132.0 453.74 -358.96
33 1132.0 900.11 -515.45
34 1132.0 885.85 -519.81
35 1132.0 410.93 -385.21
6 1133.0 561.60 -511.94
7 1133.0 566.08 -527.07
8 1133.0 444.97 -870.50
9 1133.0 269.81 -551.31
10 1133.0 286.36 -549.65
11 1133.0 301.61 -545.28
12 1133.0 285.78 -425.30
13 1133.0 248.40 -436.09
14 1133.0 557.37 -497.63
15 1133.0 272.23 -557.27
16 1133.0 391.93 -706.45
17 1133.0 288.17 -552.57
18 1133.0 966.09 -660.49
19 1133.0 471.00 -494.22
20 1133.0 292.18 -420.13
21 1133.0 412.95 -775.80
22 1133.0 408.78 -761.75
23 1133.0 396.30 -720.67
24 1133.0 552.65 -483.01
25 1133.0 554.97 -489.87
26 1133.0 546.83 -918.22
27 1133.0 538.19 -459.27
28 1133.0 522.52 -400.41
29 1133.0 520.99 -380.71
30 1133.0 423.99 -364.43
31 1133.0 386.45 -677.68
32 1133.0 442.81 -362.20
33 1133.0 905.97 -513.68
34 1133.0 889.84 -518.58
35 1133.0 419.94 -383.95
6 1134.0 559.84 -505.99
7 1134.0 564.13 -520.51
8 1134.0 442.81 -863.42
9 1134.0 262.63 -553.43
10 1134.0 279.19 -548.72
11 1134.0 294.95 -547.24
12 1134.0 291.21 -423.73
13 1134.0 258.51 -433.15
14 1134.0 556.78 -495.65
15 1134.0 279.72 -555.06
16 1134.0 393.79 -712.49
17 1134.0 294.12 -550.81
18 1134.0 958.90 -662.49
19 1134.0 463.19 -496.58
20 1134.0 293.05 -419.88
21 1134.0 414.56 -781.23
22 1134.0 410.52 -767.63
23 1134.0 398.39 -727.50
24 1134.0 552.65 -483.01
25 1134.0 554.97 -489.86
26 1134.0 553.82 -916.12
27 1134.0 539.16 -462.38
28 1134.0 524.63 -406.85
29 1134.0 521.41 -388.37
30 1134.0 414.97 -367.10
31 1134.0 386.45 -677.68
32 1134.0 431.94 -365.41
33 1134.0 912.65 -511.68
34 1134.0 895.37 -516.89
35 1134.0 429.13 -380.72
6 1135.0 559.09 -503.47
7 1135.0 562.30 -514.32
8 1135.0 440.54 -856.07
9 1135.0 256.20 -555.33
10 1135.0 271.39 -550.84
11 1135.0 288.17 -549.23
12 1135.0 294.23 -422.87
13 1135.0 268.53 -430.26
14 1135.0 556.75 -495.55
15 1135.0 285.09 -553.48
16 1135.0 395.67 -718.63
17 1135.0 300.71 -548.87
18 1135.0 951.65 -664.26
19 1135.0 455.62 -498.87
20 1135.0 293.38 -419.79
21 1135.0 416.34 -787.21
22 1135.0 412.04 -772.72
23 1135.0 400.23 -733.50
24 1135.0 552.65 -483.01
25 1135.0 554.97 -489.86
26 1135.0 560.26 -914.13
27 1135.0 539.41 -463.21
28 1135.0 526.81 -413.35
29 1135.0 521.83 -395.92
30 1135.0 406.22 -369.69
31 1135.0 386.45 -677.68
32 1135.0 420.26 -368.87
33 1135.0 918.60 -509.90
34 1135.0 902.18 -514.83
35 1135.0 437.75 -377.78
6 1136.0 558.98 -503.10
7 1136.0 561.29 -510.88
8 1136.0 438.17 -848.40
9 1136.0 251.83 -556.61
10 1136.0 265.17 -552.68
11 1136.0 280.84 -548.58
12 1136.0 294.35 -422.84
13 1136.0 278.32 -427.44
14 1136.0 556.75 -495.53
15 1136.0 292.01 -551.44
16 1136.0 397.41 -724.31
17 1136.0 307.10 -546.98
18 1136.0 943.93 -664.16
19 1136.0 448.12 -501.14
20 1136.0 293.52 -419.75
21 1136.0 418.28 -793.76
22 1136.0 414.00 -779.34
23 1136.0 402.08 -739.50
24 1136.0 552.65 -483.01
25 1136.0 554.97 -489.86
26 1136.0 566.91 -912.08
27 1136.0 539.43 -463.27
28 1136.0 528.93 -419.56
29 1136.0 523.43 -403.22
30 1136.0 397.23 -372.73
31 1136.0 386.45 -677.68
32 1136.0 409.09 -372.17
33 1136.0 924.47 -508.15
34 1136.0 909.07 -512.75
35 1136.0 447.17 -375.00
6 1137.0 558.90 -502.82
7 1137.0 561.20 -510.58
8 1137.0 435.74 -840.53
9 1137.0 246.81 -557.31
10 1137.0 260.94 -553.93
11 1137.0 273.99 -550.07
12 1137.0 294.41 -422.82
13 1137.0 283.87 -425.85
14 1137.0 556.74 -495.53
15 1137.0 298.05 -549.66
16 1137.0 399.47 -731.01
17 1137.0 313.98 -544.89
18 1137.0 936.63 -660.43
19 1137.0 440.69 -503.39
20 1137.0 293.56 -419.74
21 1137.0 420.24 -800.36
22 1137.0 415.98 -786.01
23 1137.0 404.20 -746.38
24 1137.0 552.65 -483.01
25 1137.0 554.97 -489.86
26 1137.0 573.57 -910.03
27 1137.0 539.44 -463.30
28 1137.0 531.26 -426.68
29 1137.0 525.73 -410.18
30 1137.0 388.68 -376.55
31 1137.0 386.45 -677.68
32 1137.0 397.45 -376.28
33 1137.0 930.48 -506.35
34 1137.0 915.69 -510.77
35 1137.0 456.83 -372.14
6 1138.0 558.88 -502.75
7 1138.0 561.03 -510.02
8 1138.0 433.46 -833.16
9 1138.0 243.18 -553.81
10 1138.0 256.02 -555.38
11 1138.0 268.95 -551.56
12 1138.0 294.44 -422.82
13 1138.0 286.09 -425.21
14 1138.0 556.74 -495.53
15 1138.0 304.92 -547.63
16 1138.0 401.46 -737.49
17 1138.0 320.49 -543.02
18 1138.0 930.32 -655.08
19 1138.0 433.22 -505.64
20 1138.0 293.57 -419.74
21 1138.0 421.88 -805.89
22 1138.0 417.80 -792.14
23 1138.0 406.04 -752.52
24 1138.0 552.65 -483.01
25 1138.0 554.97 -489.86
26 1138.0 580.09 -908.03
27 1138.0 539.45 -463.31
28 1138.0 530.56 -434.39
29 1138.0 528.08 -417.06
30 1138.0 378.70 -379.50
31 1138.0 386.45 -677.68
32 1138.0 385.86 -380.72
33 1138.0 936.98 -504.41
34 1138.0 922.44 -508.75
35 1138.0 465.64 -369.54
6 1139.0 558.87 -502.73
7 1139.0 561.01 -509.94
8 1139.0 431.98 -827.95
9 1139.0 241.49 -548.49
10 1139.0 251.59 -556.68
11 1139.0 264.54 -552.87
12 1139.0 294.45 -422.81
13 1139.0 286.74 -425.02
14 1139.0 556.74 -495.53
15 1139.0 311.47 -545.65
16 1139.0 403.58 -744.39
17 1139.0 327.20 -541.06
18 1139.0 924.73 -649.90
19 1139.0 426.29 -507.73
20 1139.0 293.57 -419.74
21 1139.0 423.61 -811.69
22 1139.0 419.53 -797.95
23 1139.0 408.01 -759.15
24 1139.0 552.65 -483.01
25 1139.0 554.97 -489.86
26 1139.0 586.97 -905.92
27 1139.0 539.45 -463.31
28 1139.0 532.57 -441.13
29 1139.0 530.34 -423.66
30 1139.0 369.56 -382.20
31 1139.0 386.45 -677.68
32 1139.0 374.66 -384.03
33 1139.0 943.49 -502.46
34 1139.0 928.34 -506.99
35 1139.0 475.07 -366.75
6 1140.0 558.87 -502.72
7 1140.0 561.00 -509.92
8 1140.0 433.94 -822.76
9 1140.0 239.40 -541.60
10 1140.0 245.36 -556.83
11 1140.0 259.56 -554.34
12 1140.0 296.38 -422.27
13 1140.0 287.08 -424.92
14 1140.0 556.74 -495.53
15 1140.0 318.69 -543.53
16 1140.0 405.64 -751.17
17 1140.0 333.14 -539.28
18 1140.0 919.30 -644.87
19 1140.0 418.67 -510.02
20 1140.0 295.62 -419.17
21 1140.0 425.52 -817.36
22 1140.0 421.03 -803.01
23 1140.0 409.90 -765.54
24 1140.0 551.60 -480.74
25 1140.0 554.97 -489.86
26 1140.0 594.15 -903.72
27 1140.0 539.92 -464.72
28 1140.0 534.71 -448.08
29 1140.0 530.64 -431.30
30 1140.0 360.26 -384.96
31 1140.0 385.71 -675.34
32 1140.0 362.79 -387.54
33 1140.0 949.86 -501.11
34 1140.0 934.59 -505.12
35 1140.0 483.91 -364.14
6 1141.0 558.87 -502.72
7 1141.0 561.00 -509.92
8 1141.0 439.42 -820.79
9 1141.0 237.29 -534.62
10 1141.0 242.63 -552.23
11 1141.0 253.42 -556.15
12 1141.0 300.17 -421.31
13 1141.0 288.99 -424.37
14 1141.0 556.74 -495.53
15 1141.0 324.46 -541.87
16 1141.0 407.42 -757.18
17 1141.0 338.62 -538.30
18 1141.0 913.56 -639.55
19 1141.0 411.09 -512.28
20 1141.0 299.70 -418.05
21 1141.0 427.23 -820.15
22 1141.0 422.90 -809.33
23 1141.0 411.69 -771.56
24 1141.0 549.77 -477.40
25 1141.0 554.51 -488.45
26 1141.0 600.75 -901.70
27 1141.0 541.25 -468.10
28 1141.0 536.76 -454.73
29 1141.0 531.83 -438.70
30 1141.0 350.96 -387.71
31 1141.0 384.42 -671.25
32 1141.0 351.18 -390.98
33 1141.0 955.40 -503.73
34 1141.0 941.40 -503.09
35 1141.0 493.48 -361.31
6 1142.0 558.87 -502.72
7 1142.0 561.00 -509.91
8 1142.0 446.71 -818.59
9 1142.0 235.06 -527.27
10 1142.0 240.62 -545.62
11 1142.0 248.27 -557.40
12 1142.0 305.45 -422.85
13 1142.0 292.18 -423.45
14 1142.0 556.39 -494.33
15 1142.0 329.86 -540.28
16 1142.0 409.02 -762.58
17 1142.0 341.97 -541.01
18 1142.0 908.04 -634.44
19 1142.0 404.25 -514.34
20 1142.0 305.46 -416.43
21 1142.0 431.50 -822.31
22 1142.0 423.80 -812.36
23 1142.0 413.51 -777.69
24 1142.0 549.23 -477.00
25 1142.0 553.38 -485.10
26 1142.0 607.88 -899.51
27 1142.0 543.67 -473.22
28 1142.0 538.08 -458.92
29 1142.0 533.96 -445.62
30 1142.0 345.84 -389.22
31 1142.0 382.38 -664.76
32 1142.0 339.64 -394.39
33 1142.0 958.28 -509.27
34 1142.0 947.47 -501.43
35 1142.0 502.17 -358.75
6 1143.0 558.66 -502.00
7 1143.0 561.00 -509.91
8 1143.0 453.97 -816.41
9 1143.0 233.06 -520.69
10 1143.0 238.22 -537.69
11 1143.0 243.74 -555.00
12 1143.0 307.79 -428.71
13 1143.0 297.53 -421.96
14 1143.0 555.80 -492.42
15 1143.0 334.15 -538.97
16 1143.0 410.80 -768.55
17 1143.0 343.63 -546.11
18 1143.0 902.36 -629.17
19 1143.0 396.57 -516.64
20 1143.0 313.03 -414.30
21 1143.0 437.40 -821.40
22 1143.0 425.28 -816.85
23 1143.0 415.37 -783.94
24 1143.0 548.90 -476.75
25 1143.0 553.07 -484.20
26 1143.0 614.74 -897.41
27 1143.0 547.09 -478.88
28 1143.0 540.01 -464.95
29 1143.0 535.24 -449.80
30 1143.0 338.36 -391.43
31 1143.0 380.49 -658.52
32 1143.0 327.05 -394.78
33 1143.0 960.61 -515.67
34 1143.0 953.68 -502.07
35 1143.0 511.68 -356.36
6 1144.0 557.97 -499.67
7 1144.0 560.88 -509.50
8 1144.0 460.87 -814.33
9 1144.0 231.08 -514.16
10 1144.0 235.95 -530.20
11 1144.0 241.73 -549.28
12 1144.0 310.07 -436.02
13 1144.0 298.63 -421.66
14 1144.0 555.34 -491.01
15 1144.0 339.12 -538.43
16 1144.0 412.82 -775.35
17 1144.0 345.31 -552.04
18 1144.0 896.64 -623.87
19 1144.0 388.95 -518.92
20 1144.0 320.20 -408.88
21 1144.0 443.45 -819.57
22 1144.0 428.55 -821.36
23 1144.0 417.28 -790.40
24 1144.0 548.83 -476.69
25 1144.0 552.71 -483.17
26 1144.0 620.87 -895.53
27 1144.0 549.73 -484.35
28 1144.0 542.50 -471.14
29 1144.0 537.08 -455.74
30 1144.0 329.78 -393.97
31 1144.0 378.53 -651.93
32 1144.0 315.82 -396.52
33 1144.0 962.22 -521.29
34 1144.0 957.72 -507.92
35 1144.0 521.53 -354.21
6 1145.0 557.42 -497.82
7 1145.0 560.24 -507.35
8 1145.0 468.04 -812.15
9 1145.0 229.00 -507.31
10 1145.0 233.70 -522.80
11 1145.0 239.31 -541.30
12 1145.0 312.41 -443.68
13 1145.0 298.72 -421.64
14 1145.0 555.02 -490.03
15 1145.0 342.96 -543.74
16 1145.0 414.77 -781.93
17 1145.0 346.98 -557.94
18 1145.0 891.23 -618.51
19 1145.0 382.11 -520.98
20 1145.0 328.38 -406.51
21 1145.0 449.01 -817.90
22 1145.0 434.53 -822.06
23 1145.0 419.27 -797.10
24 1145.0 548.79 -476.67
25 1145.0 552.66 -483.04
26 1145.0 627.70 -893.42
27 1145.0 551.74 -490.29
28 1145.0 545.52 -476.40
29 1145.0 539.11 -462.21
30 1145.0 320.55 -395.28
31 1145.0 376.42 -644.81
32 1145.0 304.04 -400.23
33 1145.0 964.07 -527.75
34 1145.0 959.86 -513.09
35 1145.0 530.57 -352.25
6 1146.0 557.10 -496.74
7 1146.0 559.58 -505.13
8 1146.0 475.12 -810.00
9 1146.0 226.80 -500.00
10 1146.0 231.56 -515.74
11 1146.0 236.96 -533.54
12 1146.0 314.73 -451.25
13 1146.0 301.07 -421.20
14 1146.0 554.98 -489.90
15 1146.0 344.67 -549.76
16 1146.0 416.90 -789.12
17 1146.0 348.96 -564.89
18 1146.0 885.61 -612.80
19 1146.0 374.74 -523.23
20 1146.0 337.14 -403.97
21 1146.0 454.95 -816.11
22 1146.0 440.46 -820.47
23 1146.0 421.04 -803.04
24 1146.0 548.78 -476.66
25 1146.0 552.64 -482.99
26 1146.0 634.88 -891.21
27 1146.0 553.21 -494.88
28 1146.0 548.96 -482.44
29 1146.0 541.14 -467.83
30 1146.0 311.03 -398.02
31 1146.0 374.41 -638.04
32 1146.0 292.53 -403.85
33 1146.0 965.84 -533.92
34 1146.0 961.61 -519.15
35 1146.0 539.33 -347.82
6 1147.0 556.91 -496.08
7 1147.0 559.32 -504.23
8 1147.0 482.34 -807.82
9 1147.0 224.97 -492.94
10 1147.0 229.35 -508.46
11 1147.0 234.58 -525.69
12 1147.0 316.91 -458.36
13 1147.0 304.80 -422.24
14 1147.0 554.97 -489.85
15 1147.0 346.45 -556.06
16 1147.0 418.45 -794.32
17 1147.0 350.88 -571.10
18 1147.0 879.98 -607.07
19 1147.0 367.65 -525.40
20 1147.0 345.21 -401.62
21 1147.0 460.45 -814.46
22 1147.0 446.98 -818.51
23 1147.0 423.00 -809.64
24 1147.0 548.78 -476.66
25 1147.0 552.63 -482.96
26 1147.0 641.23 -889.25
27 1147.0 555.23 -501.69
28 1147.0 551.13 -488.40
29 1147.0 544.38 -474.48
30 1147.0 302.29 -400.80
31 1147.0 372.49 -631.57
32 1147.0 281.34 -407.24
33 1147.0 967.53 -539.80
34 1147.0 963.27 -524.97
35 1147.0 548.34 -345.81
6 1148.0 556.75 -495.54
7 1148.0 559.11 -503.54
8 1148.0 489.61 -805.63
9 1148.0 225.86 -485.49
10 1148.0 227.04 -500.79
11 1148.0 232.28 -518.10
12 1148.0 319.16 -465.70
13 1148.0 307.28 -427.08
14 1148.0 554.96 -489.83
15 1148.0 348.27 -562.46
16 1148.0 420.60 -801.56
17 1148.0 352.78 -577.26
18 1148.0 874.93 -601.92
19 1148.0 360.52 -527.67
20 1148.0 352.94 -399.38
21 1148.0 467.00 -812.47
22 1148.0 452.56 -816.83
23 1148.0 424.91 -816.05
24 1148.0 548.78 -476.66
25 1148.0 552.63 -482.96
26 1148.0 647.52 -887.31
27 1148.0 557.18 -508.28
28 1148.0 552.84 -493.62
29 1148.0 547.95 -480.42
30 1148.0 292.82 -403.76
31 1148.0 370.51 -624.92
32 1148.0 270.51 -410.53
33 1148.0 969.26 -545.75
34 1148.0 965.04 -531.16
35 1148.0 558.22 -344.29
6 1149.0 556.73 -495.50
7 1149.0 558.99 -503.12
8 1149.0 497.42 -803.27
9 1149.0 223.00 -475.58
10 1149.0 224.97 -492.93
11 1149.0 230.08 -510.84
12 1149.0 321.26 -472.53
13 1149.0 309.49 -434.12
14 1149.0 554.96 -489.82
15 1149.0 350.04 -568.39
16 1149.0 422.41 -807.67
17 1149.0 354.75 -583.60
18 1149.0 871.00 -595.97
19 1149.0 352.86 -530.13
20 1149.0 360.82 -397.09
21 1149.0 473.46 -810.51
22 1149.0 459.36 -814.79
23 1149.0 428.56 -821.36
24 1149.0 548.78 -476.66
25 1149.0 552.63 -482.96
26 1149.0 654.38 -885.19
27 1149.0 559.24 -515.25
28 1149.0 554.70 -499.91
29 1149.0 550.62 -486.90
30 1149.0 283.44 -406.61
31 1149.0 368.45 -617.97
32 1149.0 259.45 -413.88
33 1149.0 971.19 -552.36
34 1149.0 966.69 -536.91
35 1149.0 568.31 -343.68
6 1150.0 556.73 -495.48
7 1150.0 558.91 -502.84
8 1150.0 504.72 -801.07
9 1150.0 220.46 -466.51
10 1150.0 225.32 -483.63
11 1150.0 228.01 -504.02
12 1150.0 323.72 -480.54
13 1150.0 311.76 -441.54
14 1150.0 554.95 -489.82
15 1150.0 352.14 -575.19
16 1150.0 424.39 -814.33
17 1150.0 356.80 -590.20
18 1150.0 868.93 -588.99
19 1150.0 345.72 -532.76
20 1150.0 368.47 -394.87
21 1150.0 479.51 -808.68
22 1150.0 465.37 -812.97
23 1150.0 434.31 -822.09
24 1150.0 547.25 -475.51
25 1150.0 552.63 -482.96
26 1150.0 660.90 -883.17
27 1150.0 561.22 -521.95
28 1150.0 556.91 -507.38
29 1150.0 552.50 -492.62
30 1150.0 273.53 -409.61
31 1150.0 366.52 -611.48
32 1150.0 247.51 -417.50
33 1150.0 972.86 -558.12
34 1150.0 968.54 -543.28
35 1150.0 577.34 -344.26
6 1151.0 556.73 -495.48
7 1151.0 558.88 -502.73
8 1151.0 512.21 -798.81
9 1151.0 217.63 -456.49
10 1151.0 222.78 -474.82
11 1151.0 225.84 -496.77
12 1151.0 325.95 -487.97
13 1151.0 313.98 -448.80
14 1151.0 554.95 -489.82
15 1151.0 354.11 -581.53
16 1151.0 424.70 -820.44
17 1151.0 358.89 -597.11
18 1151.0 866.73 -581.59
19 1151.0 342.08 -538.64
20 1151.0 376.78 -392.46
21 1151.0 485.04 -807.01
22 1151.0 471.04 -811.24
23 1151.0 440.79 -820.38
24 1151.0 544.10 -474.32
25 1151.0 552.22 -481.89
26 1151.0 666.79 -879.95
27 1151.0 563.25 -528.78
28 1151.0 558.95 -514.28
29 1151.0 554.25 -498.39
30 1151.0 264.80 -412.26
31 1151.0 364.48 -604.62
32 1151.0 235.78 -421.06
33 1151.0 974.71 -564.48
34 1151.0 970.24 -549.11
35 1151.0 586.50 -345.94
6 1152.0 556.73 -495.48
7 1152.0 558.86 -502.69
8 1152.0 519.29 -796.67
9 1152.0 216.48 -449.51
10 1152.0 220.18 -465.49
11 1152.0 225.47 -490.05
12 1152.0 328.13 -495.06
13 1152.0 316.42 -456.77
14 1152.0 554.74 -489.16
15 1152.0 356.15 -588.13
16 1152.0 419.49 -823.44
17 1152.0 360.98 -604.08
18 1152.0 864.61 -574.44
19 1152.0 343.57 -545.89
20 1152.0 384.49 -391.15
21 1152.0 490.61 -805.33
22 1152.0 477.13 -809.40
23 1152.0 446.89 -818.54
24 1152.0 539.23 -474.20
25 1152.0 550.62 -478.93
26 1152.0 670.12 -874.40
27 1152.0 565.26 -535.31
28 1152.0 560.92 -520.93
29 1152.0 556.28 -505.24
30 1152.0 255.63 -415.04
31 1152.0 362.61 -598.35
32 1152.0 224.36 -424.52
33 1152.0 976.35 -570.12
34 1152.0 972.02 -555.24
35 1152.0 596.38 -348.15
6 1153.0 556.55 -494.88
7 1153.0 558.86 -502.68
8 1153.0 526.58 -794.47
9 1153.0 220.04 -442.63
10 1153.0 218.21 -458.40
11 1153.0 224.84 -481.95
12 1153.0 330.45 -502.58
13 1153.0 318.67 -464.12
14 1153.0 554.11 -487.24
15 1153.0 358.41 -595.53
16 1153.0 411.62 -825.78
17 1153.0 362.93 -610.62
18 1153.0 862.21 -566.38
19 1153.0 345.55 -552.89
20 1153.0 392.34 -389.47
21 1153.0 497.00 -803.40
22 1153.0 482.65 -807.73
23 1153.0 453.77 -816.46
24 1153.0 534.43 -475.17
25 1153.0 547.17 -475.45
26 1153.0 669.48 -867.28
27 1153.0 567.25 -541.68
28 1153.0 562.79 -527.23
29 1153.0 558.22 -511.81
30 1153.0 245.91 -417.99
31 1153.0 360.46 -591.25
32 1153.0 216.18 -426.97
33 1153.0 978.17 -576.39
34 1153.0 973.93 -561.79
35 1153.0 605.45 -350.17
6 1154.0 556.20 -493.67
7 1154.0 558.74 -502.28
8 1154.0 533.70 -792.32
9 1154.0 226.78 -439.63
10 1154.0 216.50 -451.16
11 1154.0 221.93 -471.86
12 1154.0 332.84 -510.32
13 1154.0 321.19 -472.31
14 1154.0 552.96 -483.89
15 1154.0 360.52 -602.54
16 1154.0 403.79 -828.14
17 1154.0 364.71 -616.60
18 1154.0 859.86 -558.45
19 1154.0 347.77 -560.70
20 1154.0 400.06 -387.09
21 1154.0 503.09 -801.56
22 1154.0 488.71 -805.90
23 1154.0 459.95 -814.61
24 1154.0 526.80 -477.50
25 1154.0 540.47 -473.98
26 1154.0 667.65 -861.02
27 1154.0 569.39 -548.55
28 1154.0 564.78 -533.78
29 1154.0 560.32 -518.91
30 1154.0 236.64 -420.80
31 1154.0 358.20 -583.93
32 1154.0 206.73 -426.50
33 1154.0 980.07 -582.93
34 1154.0 975.73 -567.99
35 1154.0 615.36 -352.39
6 1155.0 555.94 -492.18
7 1155.0 558.42 -501.19
8 1155.0 541.35 -790.01
9 1155.0 235.58 -436.48
10 1155.0 218.76 -443.66
11 1155.0 219.45 -462.82
12 1155.0 334.98 -517.21
13 1155.0 323.41 -479.52
14 1155.0 551.30 -478.97
15 1155.0 362.08 -607.75
16 1155.0 395.94 -830.49
17 1155.0 366.69 -623.27
18 1155.0 857.67 -551.06
19 1155.0 350.02 -568.33
20 1155.0 407.65 -384.90
21 1155.0 509.71 -799.56
22 1155.0 494.48 -804.16
23 1155.0 465.84 -812.82
24 1155.0 518.85 -479.93
25 1155.0 535.79 -474.75
26 1155.0 665.68 -854.28
27 1155.0 571.25 -554.50
28 1155.0 567.01 -540.93
29 1155.0 562.15 -525.09
30 1155.0 227.19 -423.66
31 1155.0 356.01 -576.87
32 1155.0 201.23 -418.87
33 1155.0 981.87 -589.12
34 1155.0 977.56 -574.27
35 1155.0 625.16 -354.63
6 1156.0 557.03 -486.93
7 1156.0 557.81 -499.14
8 1156.0 549.00 -787.76
9 1156.0 245.00 -433.74
10 1156.0 226.08 -439.87
11 1156.0 217.34 -455.53
12 1156.0 337.10 -524.09
13 1156.0 325.57 -486.70
14 1156.0 549.24 -472.69
15 1156.0 363.97 -614.11
16 1156.0 387.38 -833.06
17 1156.0 368.58 -629.66
18 1156.0 856.10 -545.85
19 1156.0 352.36 -575.89
20 1156.0 416.02 -385.33
21 1156.0 515.10 -797.94
22 1156.0 501.40 -802.07
23 1156.0 472.47 -810.80
24 1156.0 511.58 -482.07
25 1156.0 529.75 -476.60
26 1156.0 663.71 -847.54
27 1156.0 573.08 -560.33
28 1156.0 568.64 -546.14
29 1156.0 564.06 -531.48
30 1156.0 219.86 -425.89
31 1156.0 353.77 -569.64
32 1156.0 197.02 -409.11
33 1156.0 983.82 -595.83
34 1156.0 979.22 -579.99
35 1156.0 634.39 -356.78
6 1157.0 555.16 -480.26
7 1157.0 556.82 -495.79
8 1157.0 556.06 -785.70
9 1157.0 253.87 -431.17
10 1157.0 235.45 -436.52
11 1157.0 216.69 -448.06
12 1157.0 338.06 -527.17
13 1157.0 327.77 -493.91
14 1157.0 546.72 -465.00
15 1157.0 365.84 -620.41
16 1157.0 379.17 -835.52
17 1157.0 370.55 -636.29
18 1157.0 854.31 -538.70
19 1157.0 354.50 -582.80
20 1157.0 423.73 -382.62
21 1157.0 520.66 -796.26
22 1157.0 506.67 -800.48
23 1157.0 478.53 -808.97
24 1157.0 503.36 -484.31
25 1157.0 523.62 -478.47
26 1157.0 661.61 -840.45
27 1157.0 575.10 -566.79
28 1157.0 570.62 -552.48
29 1157.0 565.82 -537.11
30 1157.0 216.85 -426.81
31 1157.0 351.82 -563.32
32 1157.0 193.94 -401.44
33 1157.0 985.77 -602.52
34 1157.0 981.42 -587.56
35 1157.0 643.95 -359.02
6 1158.0 555.17 -473.42
7 1158.0 555.92 -491.98
8 1158.0 563.49 -783.52
9 1158.0 262.93 -428.54
10 1158.0 243.88 -434.07
11 1158.0 221.93 -441.56
12 1158.0 339.43 -531.76
13 1158.0 330.13 -501.55
14 1158.0 544.33 -457.45
15 1158.0 367.77 -626.92
16 1158.0 371.41 -837.84
17 1158.0 372.54 -642.98
18 1158.0 853.84 -532.50
19 1158.0 356.70 -589.91
20 1158.0 431.78 -379.79
21 1158.0 527.28 -794.26
22 1158.0 512.33 -798.77
23 1158.0 484.50 -807.17
24 1158.0 495.24 -486.47
25 1158.0 516.83 -480.54
26 1158.0 659.48 -833.39
27 1158.0 577.23 -573.62
28 1158.0 572.67 -559.02
29 1158.0 568.06 -544.27
30 1158.0 212.54 -427.56
31 1158.0 349.92 -556.57
32 1158.0 191.12 -394.38
33 1158.0 987.58 -608.74
34 1158.0 983.21 -593.71
35 1158.0 653.82 -361.32
6 1159.0 561.46 -470.01
7 1159.0 556.47 -484.25
8 1159.0 570.69 -781.42
9 1159.0 272.03 -425.93
10 1159.0 253.70 -431.22
11 1159.0 229.79 -438.55
12 1159.0 341.40 -538.41
13 1159.0 332.58 -509.47
14 1159.0 542.05 -450.14
15 1159.0 369.84 -633.88
16 1159.0 363.06 -840.34
17 1159.0 374.52 -649.64
18 1159.0 853.05 -525.86
19 1159.0 358.87 -597.03
20 1159.0 439.60 -377.24
21 1159.0 532.91 -792.56
22 1159.0 518.97 -796.77
23 1159.0 490.77 -805.28
24 1159.0 487.60 -489.04
25 1159.0 510.90 -482.27
26 1159.0 657.52 -826.90
27 1159.0 579.27 -580.15
28 1159.0 574.63 -565.32
29 1159.0 570.22 -551.20
30 1159.0 205.61 -425.74
31 1159.0 348.13 -550.24
32 1159.0 189.72 -391.57
33 1159.0 989.28 -614.46
34 1159.0 985.19 -600.54
35 1159.0 663.27 -363.53
6 1160.0 569.17 -467.46
7 1160.0 554.58 -477.92
8 1160.0 577.79 -779.33
9 1160.0 281.64 -423.16
10 1160.0 262.47 -428.68
11 1160.0 239.99 -435.20
12 1160.0 343.40 -545.31
13 1160.0 334.97 -517.18
14 1160.0 539.77 -442.74
15 1160.0 372.00 -641.16
16 1160.0 355.09 -842.73
17 1160.0 376.57 -656.58
18 1160.0 847.96 -522.77
19 1160.0 361.24 -604.93
20 1160.0 448.01 -374.75
21 1160.0 539.45 -790.58
22 1160.0 524.95 -794.96
23 1160.0 497.69 -803.19
24 1160.0 479.37 -491.68
25 1160.0 503.91 -484.17
26 1160.0 655.45 -820.01
27 1160.0 581.22 -586.38
28 1160.0 576.60 -571.61
29 1160.0 572.20 -557.52
30 1160.0 201.31 -419.07
31 1160.0 346.60 -544.86
32 1160.0 187.07 -390.24
33 1160.0 991.12 -620.55
34 1160.0 986.69 -605.68
35 1160.0 672.11 -365.61
6 1161.0 577.40 -464.91
7 1161.0 557.08 -471.65
8 1161.0 585.12 -777.12
9 1161.0 291.18 -420.42
10 1161.0 271.91 -425.96
11 1161.0 250.68 -432.09
12 1161.0 345.69 -553.39
13 1161.0 337.00 -523.75
14 1161.0 537.46 -435.24
15 1161.0 374.01 -647.95
16 1161.0 346.90 -845.19
17 1161.0 378.37 -662.63
18 1161.0 844.83 -516.07
19 1161.0 363.26 -611.74
20 1161.0 456.67 -372.19
21 1161.0 545.96 -788.65
22 1161.0 531.51 -792.98
23 1161.0 504.00 -801.29
24 1161.0 471.64 -494.02
25 1161.0 497.93 -485.71
26 1161.0 653.38 -813.14
27 1161.0 583.09 -592.35
28 1161.0 578.68 -578.25
29 1161.0 574.25 -564.10
30 1161.0 197.53 -410.31
31 1161.0 344.51 -537.62
32 1161.0 184.51 -395.42
33 1161.0 994.21 -626.11
34 1161.0 988.45 -611.73
35 1161.0 681.40 -367.82
6 1162.0 584.82 -462.51
7 1162.0 563.30 -469.40
8 1162.0 593.19 -774.67
9 1162.0 300.56 -417.81
10 1162.0 281.78 -423.12
11 1162.0 260.51 -429.24
12 1162.0 347.91 -561.22
13 1162.0 338.37 -528.20
14 1162.0 537.28 -427.61
15 1162.0 375.71 -653.67
16 1162.0 341.73 -846.74
17 1162.0 379.82 -666.19
18 1162.0 842.48 -508.60
19 1162.0 365.43 -619.05
20 1162.0 465.06 -369.71
21 1162.0 552.28 -786.80
22 1162.0 538.20 -790.96
23 1162.0 510.55 -799.31
24 1162.0 464.34 -496.23
25 1162.0 491.25 -487.81
26 1162.0 651.19 -805.91
27 1162.0 584.97 -598.39
28 1162.0 580.52 -584.14
29 1162.0 576.12 -570.06
30 1162.0 194.81 -403.61
31 1162.0 342.53 -530.95
32 1162.0 186.70 -400.57
33 1162.0 997.03 -632.40
34 1162.0 990.33 -617.91
35 1162.0 691.39 -370.21
6 1163.0 592.32 -460.05
7 1163.0 571.50 -466.72
8 1163.0 600.60 -772.34
9 1163.0 310.43 -415.04
10 1163.0 291.83 -420.23
11 1163.0 270.38 -426.40
12 1163.0 349.96 -568.14
13 1163.0 340.12 -534.09
14 1163.0 536.08 -420.66
15 1163.0 377.07 -658.25
16 1163.0 334.75 -847.59
17 1163.0 384.59 -670.00
18 1163.0 840.03 -500.62
19 1163.0 367.52 -626.06
20 1163.0 473.11 -367.33
21 1163.0 558.77 -784.90
22 1163.0 543.73 -789.30
23 1163.0 517.41 -797.24
24 1163.0 457.10 -498.43
25 1163.0 484.51 -490.07
26 1163.0 649.14 -799.15
27 1163.0 586.90 -604.55
28 1163.0 582.32 -589.89
29 1163.0 578.04 -576.22
30 1163.0 192.26 -397.22
31 1163.0 340.29 -523.57
32 1163.0 189.64 -407.91
33 1163.0 998.87 -639.17
34 1163.0 993.18 -624.55
35 1163.0 700.23 -372.33
6 1164.0 600.70 -457.34
7 1164.0 580.06 -464.07
8 1164.0 607.74 -770.12
9 1164.0 319.65 -412.38
10 1164.0 301.12 -417.65
11 1164.0 280.52 -423.48
12 1164.0 352.22 -575.44
13 1164.0 342.27 -541.35
14 1164.0 533.61 -413.44
15 1164.0 379.06 -664.53
16 1164.0 331.30 -842.43
17 1164.0 390.60 -669.49
18 1164.0 837.73 -493.09
19 1164.0 369.76 -633.62
20 1164.0 481.57 -364.83
21 1164.0 565.32 -782.99
22 1164.0 549.74 -787.55
23 1164.0 523.36 -795.44
24 1164.0 448.89 -500.91
25 1164.0 477.70 -492.19
26 1164.0 647.12 -792.45
27 1164.0 588.93 -611.07
28 1164.0 584.44 -596.68
29 1164.0 579.83 -581.94
30 1164.0 190.24 -392.56
31 1164.0 338.23 -516.90
32 1164.0 192.83 -415.68
33 1164.0 998.72 -645.47
34 1164.0 996.39 -630.54
35 1164.0 709.44 -374.52
6 1165.0 608.87 -454.70
7 1165.0 588.53 -461.29
8 1165.0 615.06 -767.92
9 1165.0 329.48 -409.53
10 1165.0 310.22 -415.09
11 1165.0 290.47 -420.62
12 1165.0 354.67 -583.35
13 1165.0 344.49 -549.13
14 1165.0 531.06 -405.90
15 1165.0 382.06 -668.90
16 1165.0 328.96 -834.72
17 1165.0 397.55 -667.38
18 1165.0 835.47 -485.75
19 1165.0 371.92 -640.89
20 1165.0 489.42 -362.51
21 1165.0 571.61 -781.15
22 1165.0 556.75 -785.49
23 1165.0 529.14 -793.70
24 1165.0 441.17 -503.25
25 1165.0 470.71 -494.31
26 1165.0 644.91 -785.17
27 1165.0 590.93 -617.53
28 1165.0 586.27 -602.55
29 1165.0 581.74 -588.05
30 1165.0 188.42 -390.32
31 1165.0 335.93 -509.46
32 1165.0 195.37 -421.42
33 1165.0 996.79 -650.97
34 1165.0 998.32 -637.02
35 1165.0 718.24 -376.62
6 1166.0 616.23 -452.17
7 1166.0 596.46 -458.71
8 1166.0 622.44 -765.69
9 1166.0 338.92 -406.79
10 1166.0 319.99 -412.29
11 1166.0 299.46 -418.12
12 1166.0 357.12 -591.28
13 1166.0 346.79 -557.26
14 1166.0 528.39 -398.75
15 1166.0 389.63 -669.76
16 1166.0 326.45 -826.75
17 1166.0 404.42 -665.30
18 1166.0 833.09 -477.96
19 1166.0 373.92 -647.64
20 1166.0 497.28 -360.19
21 1166.0 577.17 -779.52
22 1166.0 563.60 -783.49
23 1166.0 535.80 -791.69
24 1166.0 434.01 -505.40
25 1166.0 464.35 -496.23
26 1166.0 642.82 -778.26
27 1166.0 592.94 -624.01
28 1166.0 588.27 -608.96
29 1166.0 583.75 -594.47
30 1166.0 186.56 -391.50
31 1166.0 333.88 -502.84
32 1166.0 198.39 -429.39
33 1166.0 990.55 -652.55
34 1166.0 999.02 -643.24
35 1166.0 728.26 -379.01
6 1167.0 624.31 -449.40
7 1167.0 604.39 -456.15
8 1167.0 627.58 -764.15
9 1167.0 347.82 -404.20
10 1167.0 329.65 -409.48
11 1167.0 309.59 -415.27
12 1167.0 359.31 -598.47
13 1167.0 349.00 -565.02
14 1167.0 525.36 -391.71
15 1167.0 396.69 -667.64
16 1167.0 323.64 -817.87
17 1167.0 411.15 -663.26
18 1167.0 831.21 -472.21
19 1167.0 376.21 -655.34
20 1167.0 504.74 -358.07
21 1167.0 582.88 -777.80
22 1167.0 568.87 -781.95
23 1167.0 541.96 -789.83
24 1167.0 426.04 -507.80
25 1167.0 457.70 -498.24
26 1167.0 640.70 -771.01
27 1167.0 594.76 -629.88
28 1167.0 590.37 -615.70
29 1167.0 585.64 -600.50
30 1167.0 184.65 -395.68
31 1167.0 331.79 -496.06
32 1167.0 201.62 -438.12
33 1167.0 984.75 -654.80
34 1167.0 997.48 -649.18
35 1167.0 737.44 -381.69
6 1168.0 632.25 -446.51
7 1168.0 611.96 -453.64
8 1168.0 628.40 -763.90
9 1168.0 357.37 -401.43
10 1168.0 338.65 -406.86
11 1168.0 319.80 -412.34
12 1168.0 361.65 -606.32
13 1168.0 351.19 -572.13
14 1168.0 521.71 -384.69
15 1168.0 402.75 -665.80
16 1168.0 321.41 -810.02
17 1168.0 418.22 -661.12
18 1168.0 825.59 -466.17
19 1168.0 378.30 -662.40
20 1168.0 513.61 -355.94
21 1168.0 589.03 -775.93
22 1168.0 575.12 -780.12
23 1168.0 548.07 -788.03
24 1168.0 418.40 -510.10
25 1168.0 451.33 -500.17
26 1168.0 638.55 -763.84
27 1168.0 596.92 -636.82
28 1168.0 592.06 -621.17
29 1168.0 587.79 -607.42
30 1168.0 186.41 -399.83
31 1168.0 329.49 -488.61
32 1168.0 205.35 -446.59
33 1168.0 979.20 -656.61
34 1168.0 992.26 -652.12
35 1168.0 746.56 -384.85
6 1169.0 639.62 -443.17
7 1169.0 619.79 -450.95
8 1169.0 628.99 -763.74
9 1169.0 366.61 -398.74
10 1169.0 347.73 -404.23
11 1169.0 328.75 -409.74
12 1169.0 363.70 -613.19
13 1169.0 353.39 -579.23
14 1169.0 518.85 -377.50
15 1169.0 409.95 -663.63
16 1169.0 318.96 -801.88
17 1169.0 425.29 -658.98
18 1169.0 818.14 -464.57
19 1169.0 378.72 -667.50
20 1169.0 521.94 -354.12
21 1169.0 594.91 -774.13
22 1169.0 580.96 -778.38
23 1169.0 554.30 -786.21
24 1169.0 410.28 -512.52
25 1169.0 445.20 -502.03
26 1169.0 636.44 -756.76
27 1169.0 598.97 -643.44
28 1169.0 594.12 -627.79
29 1169.0 589.47 -612.83
30 1169.0 188.70 -405.55
31 1169.0 327.46 -481.88
32 1169.0 210.46 -455.78
33 1169.0 972.50 -658.71
34 1169.0 987.23 -653.88
35 1169.0 756.61 -387.04
6 1170.0 646.67 -438.57
7 1170.0 627.45 -448.27
8 1170.0 631.02 -762.89
9 1170.0 375.88 -396.05
10 1170.0 356.74 -401.61
11 1170.0 337.55 -407.19
12 1170.0 365.93 -620.73
13 1170.0 355.76 -586.87
14 1170.0 518.63 -370.10
15 1170.0 416.36 -661.69
16 1170.0 316.38 -793.40
17 1170.0 432.27 -656.87
18 1170.0 810.27 -465.63
19 1170.0 374.50 -670.87
20 1170.0 530.18 -352.33
21 1170.0 600.97 -772.22
22 1170.0 587.04 -776.54
23 1170.0 560.97 -784.26
24 1170.0 402.92 -514.74
25 1170.0 438.62 -504.01
26 1170.0 634.29 -749.54
27 1170.0 601.15 -650.48
28 1170.0 596.10 -634.20
29 1170.0 591.34 -618.86
30 1170.0 191.57 -412.65
31 1170.0 325.37 -475.02
32 1170.0 213.42 -465.01
33 1170.0 966.03 -660.51
34 1170.0 980.62 -656.15
35 1170.0 766.37 -389.17
6 1171.0 653.59 -434.13
7 1171.0 635.35 -445.35
8 1171.0 633.87 -760.97
9 1171.0 385.38 -394.22
10 1171.0 365.70 -399.01
11 1171.0 347.05 -404.42
12 1171.0 368.09 -627.98
13 1171.0 358.18 -594.76
14 1171.0 520.72 -363.02
15 1171.0 423.12 -659.64
16 1171.0 313.75 -784.81
17 1171.0 438.40 -655.02
18 1171.0 802.90 -467.95
19 1171.0 367.02 -673.16
20 1171.0 537.74 -348.33
21 1171.0 606.90 -770.37
22 1171.0 592.52 -774.88
23 1171.0 567.50 -782.35
24 1171.0 395.19 -517.05
25 1171.0 431.75 -506.08
26 1171.0 632.08 -742.25
27 1171.0 603.13 -656.85
28 1171.0 598.30 -641.28
29 1171.0 593.26 -625.03
30 1171.0 194.41 -419.31
31 1171.0 323.28 -468.22
32 1171.0 216.54 -476.30
33 1171.0 960.08 -662.16
34 1171.0 974.84 -658.02
35 1171.0 775.82 -391.23
6 1172.0 661.01 -430.86
7 1172.0 642.34 -441.43
8 1172.0 635.75 -756.24
9 1172.0 394.88 -392.03
10 1172.0 374.94 -396.32
11 1172.0 356.62 -401.64
12 1172.0 370.15 -634.93
13 1172.0 360.64 -602.93
14 1172.0 521.79 -359.82
15 1172.0 429.83 -657.61
16 1172.0 311.37 -777.04
17 1172.0 444.67 -653.12
18 1172.0 795.17 -470.35
19 1172.0 359.15 -675.57
20 1172.0 545.84 -346.20
21 1172.0 613.31 -768.44
22 1172.0 598.57 -772.98
23 1172.0 574.32 -780.35
24 1172.0 387.71 -519.30
25 1172.0 425.56 -507.95
26 1172.0 630.23 -736.16
27 1172.0 604.96 -663.01
28 1172.0 600.23 -647.51
29 1172.0 595.56 -632.46
30 1172.0 196.05 -423.13
31 1172.0 321.35 -461.93
32 1172.0 219.64 -487.02
33 1172.0 953.81 -663.89
34 1172.0 968.08 -659.94
35 1172.0 785.01 -393.23
6 1173.0 669.27 -429.23
7 1173.0 648.98 -437.05
8 1173.0 634.10 -748.91
9 1173.0 404.41 -389.10
10 1173.0 385.42 -394.22
11 1173.0 365.57 -399.04
12 1173.0 372.52 -642.91
13 1173.0 362.86 -610.38
14 1173.0 523.65 -354.34
15 1173.0 435.78 -655.81
16 1173.0 308.83 -768.61
17 1173.0 451.10 -651.18
18 1173.0 786.97 -472.89
19 1173.0 352.27 -677.67
20 1173.0 554.05 -344.89
21 1173.0 619.72 -766.51
22 1173.0 605.28 -770.86
23 1173.0 580.71 -778.45
24 1173.0 379.68 -521.71
25 1173.0 419.28 -509.83
26 1173.0 628.13 -729.24
27 1173.0 606.72 -668.96
28 1173.0 602.35 -654.35
29 1173.0 597.42 -638.43
30 1173.0 198.08 -428.56
31 1173.0 319.19 -454.87
32 1173.0 222.14 -495.56
33 1173.0 947.43 -664.57
34 1173.0 961.68 -661.72
35 1173.0 794.14 -395.27
6 1174.0 677.34 -429.62
7 1174.0 656.40 -432.61
8 1174.0 631.97 -741.91
9 1174.0 414.23 -388.86
10 1174.0 395.68 -391.78
11 1174.0 375.97 -396.02
12 1174.0 374.57 -649.84
13 1174.0 365.02 -617.66
14 1174.0 525.92 -347.62
15 1174.0 442.10 -653.90
16 1174.0 306.38 -760.56
17 1174.0 458.06 -649.09
18 1174.0 778.83 -475.41
19 1174.0 344.92 -678.50
20 1174.0 563.02 -343.90
21 1174.0 625.41 -764.80
22 1174.0 611.21 -769.08
23 1174.0 587.21 -776.49
24 1174.0 371.65 -524.18
25 1174.0 413.27 -511.63
26 1174.0 626.14 -722.68
27 1174.0 608.50 -674.93
28 1174.0 604.07 -660.01
29 1174.0 599.62 -645.52
30 1174.0 200.83 -435.99
31 1174.0 317.19 -448.35
32 1174.0 224.64 -503.92
33 1174.0 941.86 -663.46
34 1174.0 955.46 -663.44
35 1174.0 803.95 -397.52
6 1175.0 685.13 -431.26
7 1175.0 664.15 -430.04
8 1175.0 629.52 -733.84
9 1175.0 424.19 -385.85
10 1175.0 405.44 -388.78
11 1175.0 386.08 -394.25
12 1175.0 376.78 -657.26
13 1175.0 367.37 -625.57
14 1175.0 527.61 -342.60
15 1175.0 449.78 -651.58
16 1175.0 303.83 -752.19
17 1175.0 464.05 -647.27
18 1175.0 770.83 -477.91
19 1175.0 337.11 -678.96
20 1175.0 571.77 -343.70
21 1175.0 630.61 -763.50
22 1175.0 616.47 -767.49
23 1175.0 593.03 -774.72
24 1175.0 363.42 -526.74
25 1175.0 407.24 -513.44
26 1175.0 624.07 -715.80
27 1175.0 610.34 -681.12
28 1175.0 605.91 -666.23
29 1175.0 601.29 -650.91
30 1175.0 203.52 -442.79
31 1175.0 315.02 -441.25
32 1175.0 227.06 -511.91
33 1175.0 936.77 -660.53
34 1175.0 949.60 -664.49
35 1175.0 813.49 -399.70
6 1176.0 693.09 -432.89
7 1176.0 672.45 -429.15
8 1176.0 627.22 -726.27
9 1176.0 433.81 -382.47
10 1176.0 416.14 -388.59
11 1176.0 396.72 -391.46
12 1176.0 379.01 -664.74
13 1176.0 369.83 -633.87
14 1176.0 528.85 -338.32
15 1176.0 455.63 -649.82
16 1176.0 301.28 -743.81
17 1176.0 470.38 -645.36
18 1176.0 762.73 -480.45
19 1176.0 330.10 -681.09
20 1176.0 580.69 -344.78
21 1176.0 634.77 -764.83
22 1176.0 621.62 -765.94
23 1176.0 599.87 -772.57
24 1176.0 356.25 -529.04
25 1176.0 401.24 -515.24
26 1176.0 622.13 -709.36
27 1176.0 612.22 -687.46
28 1176.0 607.76 -672.44
29 1176.0 603.23 -657.19
30 1176.0 207.64 -450.64
31 1176.0 312.84 -434.11
32 1176.0 229.48 -519.91
33 1176.0 931.72 -656.38
34 1176.0 943.87 -664.15
35 1176.0 823.53 -401.84
6 1177.0 700.77 -434.47
7 1177.0 681.18 -430.45
8 1177.0 625.10 -719.21
9 1177.0 442.85 -379.61
10 1177.0 425.79 -385.29
11 1177.0 406.51 -388.45
12 1177.0 381.37 -672.21
13 1177.0 372.02 -641.25
14 1177.0 528.08 -335.13
15 1177.0 462.02 -647.89
16 1177.0 298.92 -736.07
17 1177.0 477.46 -643.22
18 1177.0 755.26 -482.48
19 1177.0 323.34 -683.14
20 1177.0 589.24 -346.55
21 1177.0 636.88 -769.40
22 1177.0 625.87 -764.66
23 1177.0 605.67 -770.74
24 1177.0 351.46 -530.58
25 1177.0 395.40 -516.99
26 1177.0 620.16 -702.81
27 1177.0 613.96 -693.30
28 1177.0 609.85 -679.49
29 1177.0 605.14 -663.62
30 1177.0 211.27 -457.60
31 1177.0 310.73 -427.37
32 1177.0 232.21 -528.90
33 1177.0 927.49 -652.46
34 1177.0 938.04 -661.41
35 1177.0 830.55 -404.06
6 1178.0 708.39 -436.03
7 1178.0 688.81 -432.01
8 1178.0 622.90 -711.92
9 1178.0 452.65 -376.72
10 1178.0 433.88 -382.44
11 1178.0 416.64 -388.51
12 1178.0 383.61 -679.32
13 1178.0 374.31 -648.95
14 1178.0 524.57 -336.23
15 1178.0 469.22 -645.71
16 1178.0 296.42 -727.85
17 1178.0 484.52 -641.08
18 1178.0 747.41 -482.18
19 1178.0 315.60 -685.48
20 1178.0 597.05 -348.29
21 1178.0 638.72 -775.68
22 1178.0 631.48 -763.38
23 1178.0 611.51 -768.99
24 1178.0 345.05 -533.09
25 1178.0 388.75 -518.98
26 1178.0 618.28 -696.58
27 1178.0 616.03 -700.18
28 1178.0 611.55 -685.22
29 1178.0 607.13 -670.34
30 1178.0 213.90 -466.78
31 1178.0 309.26 -421.81
32 1178.0 234.94 -537.90
33 1178.0 922.85 -648.16
34 1178.0 933.84 -658.35
35 1178.0 833.65 -409.57
6 1179.0 715.87 -438.78
7 1179.0 697.49 -433.80
8 1179.0 620.93 -705.36
9 1179.0 461.40 -374.13
10 1179.0 443.80 -379.33
11 1179.0 424.96 -385.58
12 1179.0 385.98 -687.04
13 1179.0 376.55 -656.49
14 1179.0 519.10 -338.38
15 1179.0 475.90 -643.69
16 1179.0 293.78 -719.17
17 1179.0 491.47 -638.98
18 1179.0 739.84 -478.92
19 1179.0 308.53 -687.63
20 1179.0 605.55 -350.19
21 1179.0 640.63 -782.03
22 1179.0 635.59 -765.99
23 1179.0 617.75 -767.11
24 1179.0 342.27 -540.11
25 1179.0 382.63 -520.82
26 1179.0 616.22 -689.74
27 1179.0 618.06 -706.92
28 1179.0 613.59 -692.07
29 1179.0 609.00 -676.62
30 1179.0 216.39 -475.77
31 1179.0 309.97 -416.44
32 1179.0 237.47 -546.25
33 1179.0 918.39 -644.03
34 1179.0 929.26 -654.10
35 1179.0 833.78 -416.95
6 1180.0 721.82 -444.60
7 1180.0 705.45 -435.43
8 1180.0 618.93 -698.73
9 1180.0 470.91 -371.32
10 1180.0 452.96 -376.62
11 1180.0 435.10 -382.01
12 1180.0 388.32 -694.69
13 1180.0 379.04 -664.82
14 1180.0 512.26 -341.06
15 1180.0 483.50 -641.39
16 1180.0 291.37 -711.24
17 1180.0 497.66 -637.11
18 1180.0 735.30 -472.58
19 1180.0 301.56 -689.74
20 1180.0 614.15 -352.12
21 1180.0 642.31 -787.59
22 1180.0 637.27 -770.69
23 1180.0 623.94 -765.24
24 1180.0 343.89 -547.03
25 1180.0 376.67 -522.64
26 1180.0 614.22 -682.98
27 1180.0 619.94 -713.17
28 1180.0 615.53 -698.50
29 1180.0 611.21 -684.07
30 1180.0 219.05 -484.99
31 1180.0 314.15 -410.64
32 1180.0 239.84 -554.04
33 1180.0 914.09 -640.04
34 1180.0 924.43 -649.62
35 1180.0 832.26 -423.82
6 1181.0 725.21 -452.45
7 1181.0 712.99 -437.51
8 1181.0 616.89 -691.94
9 1181.0 480.34 -368.53
10 1181.0 462.41 -373.83
11 1181.0 444.09 -379.24
12 1181.0 390.65 -702.27
13 1181.0 381.40 -672.29
14 1181.0 503.96 -343.42
15 1181.0 489.62 -639.54
16 1181.0 288.90 -703.17
17 1181.0 504.72 -634.97
18 1181.0 732.57 -464.68
19 1181.0 294.81 -691.79
20 1181.0 622.35 -353.97
21 1181.0 644.24 -793.95
22 1181.0 639.11 -777.03
23 1181.0 627.82 -764.07
24 1181.0 346.11 -554.85
25 1181.0 370.50 -524.53
26 1181.0 612.37 -676.74
27 1181.0 621.81 -719.38
28 1181.0 617.32 -704.47
29 1181.0 612.96 -689.97
30 1181.0 221.29 -492.64
31 1181.0 321.19 -405.27
32 1181.0 242.28 -562.10
33 1181.0 909.27 -635.57
34 1181.0 920.52 -646.00
35 1181.0 830.62 -431.17
6 1182.0 728.01 -460.79
7 1182.0 719.72 -441.71
8 1182.0 614.83 -685.03
9 1182.0 489.90 -365.71
10 1182.0 471.19 -371.24
11 1182.0 453.74 -376.39
12 1182.0 392.91 -709.63
13 1182.0 383.68 -679.56
14 1182.0 494.30 -346.41
15 1182.0 496.31 -637.51
16 1182.0 286.23 -694.46
17 1182.0 510.99 -633.08
18 1182.0 730.26 -457.45
19 1182.0 292.35 -692.54
20 1182.0 631.11 -356.02
21 1182.0 646.00 -799.79
22 1182.0 641.22 -784.00
23 1182.0 632.26 -763.49
24 1182.0 348.28 -562.52
25 1182.0 364.55 -526.38
26 1182.0 610.50 -670.45
27 1182.0 623.81 -726.01
28 1182.0 619.40 -711.37
29 1182.0 614.75 -695.93
30 1182.0 223.44 -499.88
31 1182.0 330.82 -402.47
32 1182.0 244.79 -570.39
33 1182.0 904.29 -630.96
34 1182.0 915.61 -641.45
35 1182.0 829.14 -437.85
6 1183.0 730.58 -469.10
7 1183.0 723.92 -448.62
8 1183.0 612.93 -678.64
9 1183.0 498.78 -363.09
10 1183.0 480.95 -368.35
11 1183.0 462.40 -373.84
12 1183.0 395.31 -717.44
13 1183.0 385.93 -686.87
14 1183.0 484.53 -349.43
15 1183.0 503.11 -635.46
16 1183.0 283.48 -685.54
17 1183.0 517.32 -631.16
18 1183.0 727.70 -449.83
19 1183.0 292.03 -692.64
20 1183.0 638.91 -357.84
21 1183.0 647.89 -806.01
22 1183.0 643.22 -790.59
23 1183.0 636.07 -767.00
24 1183.0 350.57 -570.10
25 1183.0 357.77 -528.55
26 1183.0 608.63 -664.14
27 1183.0 625.58 -731.85
28 1183.0 621.26 -717.55
29 1183.0 616.79 -702.71
30 1183.0 225.66 -507.29
31 1183.0 340.04 -399.79
32 1183.0 247.23 -578.41
33 1183.0 899.69 -626.69
34 1183.0 910.53 -636.74
35 1183.0 827.92 -443.34
6 1184.0 734.09 -477.15
7 1184.0 726.80 -457.17
8 1184.0 611.25 -672.96
9 1184.0 508.03 -360.54
10 1184.0 489.38 -365.86
11 1184.0 471.51 -371.14
12 1184.0 397.47 -724.50
13 1184.0 388.36 -694.81
14 1184.0 474.56 -352.52
15 1184.0 509.19 -633.62
16 1184.0 280.77 -676.71
17 1184.0 523.79 -629.21
18 1184.0 724.41 -442.71
19 1184.0 289.45 -693.08
20 1184.0 646.66 -359.65
21 1184.0 649.86 -812.56
22 1184.0 645.18 -797.06
23 1184.0 637.44 -771.25
24 1184.0 352.82 -577.39
25 1184.0 352.31 -530.31
26 1184.0 606.51 -657.00
27 1184.0 627.53 -738.28
28 1184.0 623.07 -723.56
29 1184.0 618.54 -708.50
30 1184.0 227.89 -514.64
31 1184.0 349.25 -397.12
32 1184.0 249.91 -587.22
33 1184.0 894.89 -622.24
34 1184.0 906.20 -632.73
35 1184.0 826.31 -450.46
6 1185.0 740.23 -483.05
7 1185.0 729.41 -465.29
8 1185.0 608.91 -665.11
9 1185.0 513.29 -359.47
10 1185.0 498.53 -363.16
11 1185.0 480.03 -368.62
12 1185.0 399.83 -732.20
13 1185.0 390.75 -702.59
14 1185.0 463.78 -352.50
15 1185.0 515.05 -631.85
16 1185.0 277.97 -667.80
17 1185.0 530.14 -627.28
18 1185.0 719.15 -437.01
19 1185.0 285.49 -690.93
20 1185.0 654.35 -361.44
21 1185.0 651.64 -818.46
22 1185.0 647.07 -803.32
23 1185.0 639.33 -777.74
24 1185.0 355.19 -585.02
25 1185.0 346.37 -532.46
26 1185.0 604.31 -649.87
27 1185.0 629.33 -744.19
28 1185.0 625.07 -730.18
29 1185.0 620.40 -714.70
30 1185.0 230.02 -521.67
31 1185.0 358.27 -394.50
32 1185.0 252.57 -595.98
33 1185.0 890.39 -617.66
34 1185.0 901.33 -628.21
35 1185.0 824.92 -456.53
6 1186.0 747.36 -485.46
7 1186.0 731.91 -472.85
8 1186.0 606.67 -657.54
9 1186.0 516.57 -361.76
10 1186.0 504.36 -361.47
11 1186.0 489.24 -365.90
12 1186.0 402.20 -739.91
13 1186.0 393.02 -709.98
14 1186.0 453.51 -355.68
15 1186.0 521.94 -629.77
16 1186.0 275.54 -659.98
17 1186.0 536.75 -625.28
18 1186.0 711.73 -433.72
19 1186.0 283.44 -685.42
20 1186.0 662.31 -363.30
21 1186.0 653.60 -824.96
22 1186.0 649.03 -809.79
23 1186.0 641.11 -783.62
24 1186.0 357.57 -592.76
25 1186.0 342.35 -537.43
26 1186.0 602.43 -643.78
27 1186.0 631.32 -750.76
28 1186.0 626.72 -735.61
29 1186.0 622.58 -721.93
30 1186.0 232.08 -528.47
31 1186.0 368.05 -391.66
32 1186.0 254.96 -603.84
33 1186.0 885.56 -612.75
34 1186.0 897.02 -624.22
35 1186.0 824.26 -463.98
6 1187.0 756.10 -485.58
7 1187.0 735.87 -479.50
8 1187.0 604.92 -651.83
9 1187.0 520.16 -365.42
10 1187.0 508.34 -360.46
11 1187.0 495.19 -364.15
12 1187.0 404.55 -747.52
13 1187.0 395.44 -717.88
14 1187.0 443.23 -358.74
15 1187.0 528.03 -627.92
16 1187.0 272.91 -651.51
17 1187.0 542.65 -623.49
18 1187.0 703.44 -431.75
19 1187.0 281.06 -677.69
20 1187.0 670.67 -365.27
21 1187.0 655.30 -830.58
22 1187.0 651.00 -816.31
23 1187.0 642.87 -789.43
24 1187.0 360.00 -600.78
25 1187.0 343.11 -544.27
26 1187.0 600.39 -637.21
27 1187.0 632.46 -755.70
28 1187.0 628.72 -742.20
29 1187.0 624.25 -727.49
30 1187.0 234.11 -535.18
31 1187.0 377.65 -388.87
32 1187.0 257.68 -612.81
33 1187.0 880.87 -607.97
34 1187.0 891.61 -618.90
35 1187.0 826.83 -470.47
6 1188.0 763.90 -483.44
7 1188.0 742.20 -483.99
8 1188.0 602.95 -645.46
9 1188.0 520.53 -372.27
10 1188.0 512.91 -359.53
11 1188.0 499.90 -362.75
12 1188.0 406.68 -754.68
13 1188.0 397.62 -724.98
14 1188.0 433.33 -361.67
15 1188.0 533.75 -626.19
16 1188.0 270.49 -643.72
17 1188.0 549.06 -621.56
18 1188.0 695.84 -430.19
19 1188.0 278.76 -670.17
20 1188.0 678.43 -367.11
21 1188.0 657.08 -836.50
22 1188.0 652.88 -822.56
23 1188.0 644.79 -795.80
24 1188.0 362.17 -608.06
25 1188.0 344.98 -550.87
26 1188.0 598.27 -630.37
27 1188.0 629.63 -760.04
28 1188.0 630.09 -746.68
29 1188.0 626.31 -734.26
30 1188.0 236.23 -542.17
31 1188.0 387.65 -387.57
32 1188.0 260.11 -620.82
33 1188.0 876.23 -603.25
34 1188.0 886.52 -613.72
35 1188.0 829.44 -476.97
6 1189.0 771.12 -481.18
7 1189.0 750.79 -485.78
8 1189.0 600.86 -638.74
9 1189.0 520.94 -379.69
10 1189.0 516.67 -362.54
11 1189.0 503.85 -361.60
12 1189.0 409.00 -762.49
13 1189.0 400.15 -733.21
14 1189.0 423.35 -364.62
15 1189.0 540.69 -624.09
16 1189.0 268.03 -635.74
17 1189.0 555.08 -619.74
18 1189.0 688.22 -428.63
19 1189.0 276.41 -662.77
20 1189.0 686.56 -369.06
21 1189.0 659.03 -842.98
22 1189.0 654.64 -828.41
23 1189.0 646.86 -802.61
24 1189.0 364.33 -615.32
25 1189.0 346.62 -556.67
26 1189.0 596.05 -623.23
27 1189.0 625.07 -761.56
28 1189.0 631.77 -752.26
29 1189.0 627.46 -738.03
30 1189.0 238.45 -549.49
31 1189.0 397.04 -384.67
32 1189.0 262.71 -629.32
33 1189.0 872.24 -598.60
34 1189.0 882.33 -609.46
35 1189.0 831.46 -483.57
6 1190.0 778.55 -478.85
7 1190.0 759.15 -484.92
8 1190.0 598.75 -631.94
9 1190.0 521.33 -386.97
10 1190.0 520.22 -366.58
11 1190.0 509.78 -360.09
12 1190.0 411.26 -770.12
13 1190.0 402.52 -740.96
14 1190.0 413.45 -367.55
15 1190.0 547.20 -622.12
16 1190.0 265.32 -626.90
17 1190.0 562.14 -617.60
18 1190.0 681.05 -427.15
19 1190.0 274.09 -655.31
20 1190.0 695.24 -371.13
21 1190.0 660.62 -848.38
22 1190.0 656.51 -834.62
23 1190.0 648.71 -808.75
24 1190.0 366.80 -623.66
25 1190.0 348.53 -563.39
26 1190.0 594.00 -616.62
27 1190.0 618.74 -763.47
28 1190.0 632.22 -757.33
29 1190.0 629.17 -743.68
30 1190.0 240.42 -555.96
31 1190.0 406.13 -381.84
32 1190.0 265.44 -638.18
33 1190.0 870.06 -592.82
34 1190.0 877.73 -604.78
35 1190.0 833.72 -490.96
6 1191.0 785.76 -476.61
7 1191.0 766.75 -482.56
8 1191.0 596.81 -625.67
9 1191.0 521.71 -393.87
10 1191.0 520.61 -373.70
11 1191.0 514.47 -359.65
12 1191.0 413.63 -778.10
13 1191.0 405.04 -749.14
14 1191.0 404.24 -370.28
15 1191.0 553.39 -620.25
16 1191.0 262.79 -618.58
17 1191.0 568.09 -615.80
18 1191.0 673.21 -425.99
19 1191.0 271.73 -647.68
20 1191.0 702.92 -372.97
21 1191.0 662.23 -853.90
22 1191.0 658.28 -840.47
23 1191.0 650.49 -814.62
24 1191.0 368.97 -630.94
25 1191.0 350.65 -570.38
26 1191.0 591.83 -609.63
27 1191.0 612.73 -765.28
28 1191.0 628.10 -760.67
29 1191.0 630.64 -748.51
30 1191.0 242.48 -562.77
31 1191.0 413.08 -376.20
32 1191.0 268.22 -647.17
33 1191.0 868.17 -586.45
34 1191.0 873.30 -600.25
35 1191.0 835.80 -497.73
6 1192.0 793.16 -474.32
7 1192.0 775.36 -479.85
8 1192.0 594.58 -618.49
9 1192.0 522.68 -400.93
10 1192.0 521.06 -381.87
11 1192.0 520.00 -362.82
12 1192.0 415.74 -785.19
13 1192.0 407.26 -756.63
14 1192.0 394.80 -374.46
15 1192.0 559.03 -618.54
16 1192.0 260.41 -610.78
17 1192.0 574.49 -613.87
18 1192.0 664.81 -426.62
19 1192.0 269.57 -640.73
20 1192.0 712.24 -371.90
21 1192.0 664.08 -860.20
22 1192.0 659.84 -845.73
23 1192.0 652.50 -821.31
24 1192.0 371.33 -638.92
25 1192.0 352.79 -577.28
26 1192.0 589.74 -602.89
27 1192.0 606.67 -767.10
28 1192.0 621.78 -762.55
29 1192.0 632.28 -754.42
30 1192.0 244.56 -569.62
31 1192.0 422.71 -372.81
32 1192.0 271.00 -656.14
33 1192.0 866.42 -580.56
34 1192.0 870.71 -594.99
35 1192.0 837.88 -504.53
6 1193.0 801.50 -471.74
7 1193.0 783.81 -477.22
8 1193.0 592.25 -610.99
9 1193.0 525.04 -408.08
10 1193.0 521.50 -389.94
11 1193.0 520.44 -370.62
12 1193.0 417.82 -792.21
13 1193.0 409.59 -764.49
14 1193.0 385.08 -377.61
15 1193.0 565.38 -616.62
16 1193.0 257.72 -601.93
17 1193.0 579.74 -612.28
18 1193.0 657.65 -428.67
19 1193.0 267.22 -633.12
20 1193.0 720.60 -373.88
21 1193.0 665.91 -866.46
22 1193.0 661.62 -851.79
23 1193.0 654.30 -827.29
24 1193.0 373.63 -646.67
25 1193.0 354.82 -583.83
26 1193.0 587.84 -596.80
27 1193.0 600.54 -769.00
28 1193.0 615.46 -764.45
29 1193.0 631.18 -759.01
30 1193.0 246.47 -575.90
31 1193.0 432.56 -369.34
32 1193.0 273.73 -664.95
33 1193.0 864.70 -574.76
34 1193.0 868.91 -588.95
35 1193.0 839.84 -510.93
6 1194.0 809.11 -469.37
7 1194.0 791.41 -474.86
8 1194.0 590.37 -604.94
9 1194.0 527.50 -415.37
10 1194.0 521.95 -397.60
11 1194.0 520.83 -377.74
12 1194.0 419.99 -799.52
13 1194.0 411.87 -772.18
14 1194.0 375.55 -380.43
15 1194.0 570.56 -615.05
16 1194.0 255.04 -593.10
17 1194.0 581.85 -611.64
18 1194.0 650.26 -432.37
19 1194.0 264.95 -625.68
20 1194.0 729.08 -375.91
21 1194.0 667.11 -872.59
22 1194.0 663.57 -858.46
23 1194.0 656.12 -833.31
24 1194.0 376.05 -654.81
25 1194.0 356.94 -590.68
26 1194.0 585.72 -590.02
27 1194.0 593.99 -771.07
28 1194.0 608.77 -766.47
29 1194.0 626.44 -761.15
30 1194.0 248.65 -583.08
31 1194.0 441.75 -366.59
32 1194.0 276.37 -673.29
33 1194.0 863.01 -569.05
34 1194.0 867.33 -583.61
35 1194.0 841.80 -517.09
6 1195.0 814.12 -468.11
7 1195.0 799.09 -472.49
8 1195.0 588.42 -598.66
9 1195.0 529.94 -422.51
10 1195.0 523.92 -404.71
11 1195.0 521.23 -385.01
12 1195.0 422.34 -807.41
13 1195.0 414.11 -779.71
14 1195.0 365.22 -383.49
15 1195.0 573.85 -614.06
16 1195.0 252.67 -585.31
17 1195.0 584.04 -609.95
18 1195.0 643.11 -437.09
19 1195.0 262.78 -618.56
20 1195.0 737.79 -378.34
21 1195.0 663.88 -878.15
22 1195.0 665.43 -864.81
23 1195.0 658.18 -840.16
24 1195.0 377.87 -660.93
25 1195.0 359.02 -597.52
26 1195.0 583.56 -583.13
27 1195.0 587.62 -773.02
28 1195.0 602.25 -768.46
29 1195.0 619.26 -763.31
30 1195.0 250.67 -589.74
31 1195.0 450.95 -363.87
32 1195.0 279.02 -681.93
33 1195.0 861.21 -563.00
34 1195.0 865.51 -577.50
35 1195.0 842.18 -524.44
6 1196.0 820.59 -466.54
7 1196.0 804.51 -470.81
8 1196.0 586.38 -592.14
9 1196.0 531.21 -429.56
10 1196.0 526.48 -412.38
11 1196.0 521.65 -392.68
12 1196.0 424.72 -815.45
13 1196.0 416.47 -787.64
14 1196.0 355.07 -386.49
15 1196.0 577.27 -613.03
16 1196.0 250.31 -577.53
17 1196.0 582.35 -608.27
18 1196.0 635.83 -441.57
19 1196.0 260.44 -610.86
20 1196.0 745.07 -381.25
21 1196.0 657.75 -880.79
22 1196.0 667.03 -870.84
23 1196.0 659.97 -846.15
24 1196.0 378.40 -662.74
25 1196.0 361.00 -604.14
26 1196.0 581.55 -576.67
27 1196.0 581.47 -774.89
28 1196.0 596.18 -770.38
29 1196.0 612.65 -765.30
30 1196.0 252.73 -596.50
31 1196.0 460.01 -361.19
32 1196.0 281.70 -690.63
33 1196.0 859.57 -557.48
34 1196.0 863.69 -571.35
35 1196.0 840.84 -530.66
6 1197.0 826.59 -461.93
7 1197.0 812.03 -468.50
8 1197.0 584.27 -585.39
9 1197.0 531.31 -437.01
10 1197.0 529.20 -420.35
11 1197.0 522.51 -400.35
12 1197.0 426.85 -822.47
13 1197.0 418.82 -795.57
14 1197.0 345.60 -389.29
15 1197.0 579.71 -612.29
16 1197.0 248.12 -570.33
17 1197.0 580.48 -608.72
18 1197.0 628.62 -444.46
19 1197.0 258.31 -603.87
20 1197.0 753.14 -383.01
21 1197.0 652.06 -882.55
22 1197.0 665.09 -877.19
23 1197.0 661.88 -852.67
24 1197.0 378.41 -662.77
25 1197.0 362.96 -610.70
26 1197.0 579.30 -569.50
27 1197.0 574.61 -776.92
28 1197.0 589.95 -772.32
29 1197.0 605.44 -767.47
30 1197.0 254.84 -603.45
31 1197.0 469.44 -358.40
32 1197.0 284.14 -698.56
33 1197.0 857.86 -551.70
34 1197.0 862.06 -565.86
35 1197.0 843.23 -535.79
6 1198.0 829.77 -456.47
7 1198.0 819.28 -466.90
8 1198.0 582.08 -578.39
9 1198.0 533.55 -444.31
10 1198.0 531.50 -428.51
11 1198.0 524.98 -407.91
12 1198.0 429.10 -829.92
13 1198.0 421.29 -803.87
14 1198.0 336.12 -392.10
15 1198.0 580.90 -611.93
16 1198.0 249.47 -564.44
17 1198.0 576.16 -610.03
18 1198.0 620.82 -447.22
19 1198.0 256.12 -596.64
20 1198.0 761.46 -384.82
21 1198.0 645.71 -884.51
22 1198.0 659.83 -880.15
23 1198.0 663.62 -858.65
24 1198.0 378.41 -662.78
25 1198.0 364.86 -617.10
26 1198.0 577.26 -562.96
27 1198.0 568.35 -778.76
28 1198.0 582.87 -774.46
29 1198.0 598.85 -769.54
30 1198.0 257.10 -610.91
31 1198.0 478.91 -355.61
32 1198.0 286.77 -707.11
33 1198.0 856.16 -546.00
34 1198.0 860.27 -559.82
35 1198.0 848.80 -537.07
6 1199.0 836.24 -456.64
7 1199.0 824.93 -463.99
8 1199.0 579.81 -571.13
9 1199.0 535.47 -450.56
10 1199.0 531.07 -436.24
11 1199.0 527.26 -414.68
12 1199.0 431.58 -837.92
13 1199.0 423.70 -812.02
14 1199.0 326.79 -394.86
15 1199.0 584.01 -610.12
16 1199.0 256.11 -562.01
17 1199.0 569.87 -611.93
18 1199.0 613.33 -449.79
19 1199.0 253.87 -589.25
20 1199.0 769.36 -386.55
21 1199.0 639.41 -886.45
22 1199.0 653.90 -881.98
23 1199.0 665.51 -865.10
24 1199.0 378.42 -662.78
25 1199.0 366.86 -623.84
26 1199.0 575.10 -556.04
27 1199.0 561.45 -780.78
28 1199.0 577.32 -776.13
29 1199.0 592.34 -771.59
30 1199.0 259.05 -617.32
31 1199.0 488.14 -352.88
32 1199.0 289.26 -715.30
33 1199.0 855.33 -543.26
34 1199.0 858.47 -553.77
35 1199.0 853.20 -534.45
