0 0.0 210.00 440.00
1 0.0 380.00 670.00
2 0.0 430.00 820.00
3 0.0 520.00 350.00
4 0.0 550.00 470.00
5 0.0 850.00 530.00
6 0.0 618.77 698.18
7 0.0 534.73 622.55
8 0.0 309.27 433.42
9 0.0 256.22 596.97
10 0.0 372.57 671.46
11 0.0 658.61 841.57
12 0.0 611.98 675.43
13 0.0 409.64 753.41
14 0.0 350.16 557.43
15 0.0 516.91 343.05
0 1.0 210.00 440.00
1 1.0 380.00 670.00
2 1.0 430.00 820.00
3 1.0 520.00 350.00
4 1.0 550.00 470.00
5 1.0 850.00 530.00
6 1.0 616.58 690.90
7 1.0 527.69 624.68
8 1.0 311.67 441.25
9 1.0 253.69 588.67
10 1.0 364.93 673.80
11 1.0 660.42 847.71
12 1.0 609.62 667.50
13 1.0 407.72 746.98
14 1.0 348.12 550.23
15 1.0 516.48 347.40
6 2.0 614.37 683.49
7 2.0 520.61 626.83
8 2.0 313.93 448.62
9 2.0 251.17 580.38
10 2.0 356.87 676.27
11 2.0 662.26 853.97
12 2.0 607.51 660.38
13 2.0 405.57 739.99
14 2.0 346.53 544.60
15 2.0 516.56 353.57
6 3.0 612.05 675.69
7 3.0 514.24 628.76
8 3.0 316.30 456.37
9 3.0 248.70 572.25
10 3.0 349.50 678.52
11 3.0 664.12 860.36
12 3.0 605.09 652.37
13 3.0 403.46 733.09
14 3.0 344.40 537.26
15 3.0 516.77 360.50
6 4.0 609.71 667.80
7 4.0 507.40 630.82
8 4.0 318.75 464.38
9 4.0 248.17 565.96
10 4.0 341.54 677.88
11 4.0 665.74 865.88
12 4.0 602.54 644.13
13 4.0 401.67 727.28
14 4.0 342.28 530.10
15 4.0 516.98 366.01
6 5.0 607.52 660.41
7 5.0 500.16 633.01
8 5.0 321.11 472.05
9 5.0 253.49 562.78
10 5.0 333.90 679.94
11 5.0 667.11 872.52
12 5.0 600.33 637.02
13 5.0 399.53 720.29
14 5.0 340.06 522.81
15 5.0 517.35 372.66
6 6.0 605.01 652.12
7 6.0 493.35 635.07
8 6.0 323.30 479.14
9 6.0 262.04 560.27
10 6.0 325.92 682.36
11 6.0 664.13 878.00
12 6.0 597.92 629.25
13 6.0 397.72 714.41
14 6.0 338.12 516.56
15 6.0 517.68 378.65
6 7.0 602.49 643.97
7 7.0 486.03 637.29
8 7.0 325.66 487.00
9 7.0 270.60 557.75
10 7.0 317.82 684.81
11 7.0 658.00 880.71
12 7.0 595.51 621.47
13 7.0 395.76 708.01
14 7.0 335.88 509.30
15 7.0 518.06 385.60
6 8.0 599.98 635.90
7 8.0 478.65 639.52
8 8.0 327.76 493.86
9 8.0 279.05 555.26
10 8.0 310.74 686.96
11 8.0 651.46 882.73
12 8.0 592.93 613.18
13 8.0 393.95 702.10
14 8.0 333.69 502.23
15 8.0 518.40 391.90
6 9.0 597.63 628.31
7 9.0 471.48 641.69
8 9.0 330.23 501.87
9 9.0 287.43 552.79
10 9.0 303.20 689.25
11 9.0 645.48 884.58
12 9.0 590.50 605.34
13 9.0 392.03 695.86
14 9.0 331.57 495.37
15 9.0 518.87 398.88
6 10.0 595.09 620.12
7 10.0 464.93 643.66
8 10.0 332.45 509.06
9 10.0 295.50 550.41
10 10.0 296.54 691.27
11 10.0 639.65 886.38
12 10.0 587.97 597.21
13 10.0 390.21 689.92
14 10.0 329.30 487.99
15 10.0 520.77 405.35
6 11.0 592.64 612.24
7 11.0 458.08 645.73
8 11.0 334.81 516.69
9 11.0 303.45 548.07
10 11.0 293.23 692.27
11 11.0 633.46 888.29
12 11.0 585.50 589.31
13 11.0 388.25 683.55
14 11.0 327.29 481.32
15 11.0 522.63 410.99
6 12.0 590.13 604.17
7 12.0 450.74 647.95
8 12.0 337.24 524.54
9 12.0 311.33 545.70
10 12.0 287.85 692.76
11 12.0 627.48 890.14
12 12.0 583.14 581.76
13 12.0 386.92 679.21
14 12.0 325.25 474.61
15 12.0 524.66 416.94
6 13.0 587.87 596.89
7 13.0 443.98 649.99
8 13.0 338.39 528.26
9 13.0 319.23 543.38
10 13.0 284.25 688.03
11 13.0 621.89 891.87
12 13.0 580.87 574.52
13 13.0 386.67 678.39
14 13.0 323.19 467.92
15 13.0 526.81 423.25
6 14.0 585.51 589.36
7 14.0 437.38 651.99
8 14.0 338.43 528.38
9 14.0 327.84 540.87
10 14.0 282.01 680.77
11 14.0 616.12 893.64
12 14.0 578.60 567.25
13 14.0 386.54 677.99
14 14.0 321.08 461.05
15 14.0 528.44 429.40
6 15.0 583.05 581.50
7 15.0 430.53 654.06
8 15.0 338.43 528.40
9 15.0 335.12 538.68
10 15.0 279.61 672.92
11 15.0 609.78 895.58
12 15.0 576.09 559.21
13 15.0 386.49 677.80
14 15.0 318.84 453.72
15 15.0 527.70 436.16
6 16.0 580.70 573.97
7 16.0 424.20 655.97
8 16.0 338.44 528.41
9 16.0 340.83 539.39
10 16.0 277.32 665.71
11 16.0 603.39 897.54
12 16.0 573.85 552.06
13 16.0 386.45 677.70
14 16.0 316.66 446.60
15 16.0 529.70 442.67
6 17.0 578.25 566.13
7 17.0 416.95 658.17
8 17.0 339.10 530.64
9 17.0 343.26 544.80
10 17.0 274.81 657.61
11 17.0 596.77 899.57
12 17.0 571.28 543.82
13 17.0 386.45 677.68
14 17.0 314.48 439.48
15 17.0 531.66 449.05
6 18.0 575.75 558.13
7 18.0 410.67 660.07
8 18.0 340.27 534.57
9 18.0 345.38 552.30
10 18.0 272.54 650.30
11 18.0 591.23 901.27
12 18.0 568.98 536.48
13 18.0 386.45 677.68
14 18.0 312.24 432.18
15 18.0 533.53 455.14
6 19.0 573.30 550.31
7 19.0 403.58 662.22
8 19.0 342.16 540.96
9 19.0 347.49 559.73
10 19.0 270.19 642.73
11 19.0 585.32 903.08
12 19.0 566.54 528.62
13 19.0 386.45 677.68
14 19.0 310.42 426.41
15 19.0 535.38 460.99
6 20.0 570.96 542.82
7 20.0 396.75 664.28
8 20.0 344.42 548.90
9 20.0 349.69 567.27
10 20.0 267.97 635.56
11 20.0 578.98 905.02
12 20.0 564.43 521.51
13 20.0 386.45 677.68
14 20.0 309.06 420.11
15 20.0 536.02 463.06
6 21.0 568.42 534.67
7 21.0 389.31 666.53
8 21.0 346.51 556.27
9 21.0 352.31 575.75
10 21.0 265.62 627.87
11 21.0 572.40 907.04
12 21.0 561.97 513.19
13 21.0 386.45 677.68
14 21.0 311.28 415.17
15 21.0 536.27 463.86
6 22.0 566.14 527.29
7 22.0 384.30 666.47
8 22.0 348.51 563.34
9 22.0 354.93 584.18
10 22.0 263.16 619.81
11 22.0 566.69 908.79
12 22.0 559.78 505.79
13 22.0 386.45 677.68
14 22.0 316.34 410.01
15 22.0 536.38 464.22
6 23.0 563.98 519.98
7 23.0 381.39 661.56
8 23.0 350.63 570.31
9 23.0 357.25 591.71
10 23.0 260.96 612.57
11 23.0 560.92 910.58
12 23.0 557.51 498.12
13 23.0 386.45 677.68
14 23.0 323.67 404.55
15 23.0 536.39 464.26
6 24.0 561.51 511.63
7 24.0 379.47 655.08
8 24.0 352.84 577.44
9 24.0 359.70 599.76
10 24.0 258.57 604.73
11 24.0 554.84 912.46
12 24.0 555.60 491.78
13 24.0 386.45 677.68
14 24.0 333.47 401.70
15 24.0 536.39 464.26
6 25.0 559.11 503.52
7 25.0 377.50 648.43
8 25.0 355.32 585.45
9 25.0 361.94 607.28
10 25.0 256.16 596.78
11 25.0 549.10 914.22
12 25.0 553.90 486.60
13 25.0 386.45 677.68
14 25.0 342.27 399.15
15 25.0 536.39 464.26
6 26.0 556.82 495.80
7 26.0 375.37 641.27
8 26.0 357.67 593.08
9 26.0 364.40 615.56
10 26.0 253.84 589.15
11 26.0 542.78 916.09
12 26.0 552.85 483.59
13 26.0 386.45 677.68
14 26.0 351.94 396.34
15 26.0 536.39 464.26
6 27.0 555.91 491.77
7 27.0 373.33 634.39
8 27.0 359.90 600.45
9 27.0 366.88 623.92
10 27.0 251.61 581.83
11 27.0 537.18 917.75
12 27.0 552.74 483.29
13 27.0 386.45 677.68
14 27.0 360.71 393.79
15 27.0 536.39 464.26
6 28.0 555.90 490.61
7 28.0 371.43 628.02
8 28.0 361.95 607.33
9 28.0 369.26 631.94
10 28.0 249.29 574.19
11 28.0 530.63 919.73
12 28.0 552.67 483.08
13 28.0 386.45 677.68
14 28.0 369.79 391.15
15 28.0 536.39 464.26
6 29.0 556.22 489.82
7 29.0 369.28 620.76
8 29.0 364.04 614.35
9 29.0 371.55 639.65
10 29.0 246.83 566.08
11 29.0 524.83 921.50
12 29.0 552.65 483.01
13 29.0 386.45 677.68
14 29.0 378.73 388.55
15 29.0 536.39 464.26
6 30.0 556.37 489.45
7 30.0 367.40 614.43
8 30.0 366.11 621.31
9 30.0 373.84 647.38
10 30.0 244.44 558.19
11 30.0 518.75 923.35
12 30.0 552.65 483.01
13 30.0 386.45 677.68
14 30.0 388.85 387.19
15 30.0 536.39 464.26
6 31.0 556.38 489.40
7 31.0 365.35 607.54
8 31.0 368.41 629.07
9 31.0 376.21 655.35
10 31.0 242.07 550.40
11 31.0 512.41 925.28
12 31.0 552.65 483.01
13 31.0 386.45 677.68
14 31.0 398.23 384.31
15 31.0 536.39 464.26
6 32.0 556.40 489.37
7 32.0 363.29 600.64
8 32.0 370.55 636.29
9 32.0 377.61 660.06
10 32.0 239.95 543.39
11 32.0 506.68 927.04
12 32.0 552.65 483.01
13 32.0 386.45 677.68
14 32.0 407.72 380.96
15 32.0 536.39 464.26
6 33.0 556.40 489.36
7 33.0 361.28 593.95
8 33.0 372.78 643.81
9 33.0 378.29 662.37
10 33.0 237.77 536.22
11 33.0 500.68 928.90
12 33.0 552.65 483.01
13 33.0 386.45 677.68
14 33.0 415.77 375.25
15 33.0 536.39 464.26
6 34.0 556.40 489.36
7 34.0 359.29 587.45
8 34.0 374.93 651.04
9 34.0 378.39 662.69
10 34.0 235.40 528.39
11 34.0 494.13 930.93
12 34.0 552.65 483.01
13 34.0 386.45 677.68
14 34.0 424.59 372.14
15 34.0 536.39 464.26
6 35.0 556.40 489.36
7 35.0 357.24 580.85
8 35.0 375.86 654.18
9 35.0 378.40 662.74
10 35.0 232.97 520.40
11 35.0 487.99 932.83
12 35.0 552.65 483.01
13 35.0 386.45 677.68
14 35.0 433.96 368.89
15 35.0 536.39 464.26
6 36.0 556.40 489.36
7 36.0 355.05 573.78
8 36.0 376.21 655.36
9 36.0 378.41 662.77
10 36.0 230.73 513.00
11 36.0 482.58 934.51
12 36.0 552.65 483.01
13 36.0 386.45 677.68
14 36.0 443.49 366.07
15 36.0 536.39 464.26
6 37.0 556.40 489.36
7 37.0 352.85 566.68
8 37.0 376.25 655.49
9 37.0 378.41 662.78
10 37.0 228.32 505.06
11 37.0 476.02 936.54
12 37.0 552.65 483.01
13 37.0 386.45 677.68
14 37.0 452.58 363.39
15 37.0 536.39 464.26
6 38.0 556.40 489.36
7 38.0 350.72 559.40
8 38.0 376.27 655.55
9 38.0 378.41 662.78
10 38.0 226.15 497.83
11 38.0 471.91 937.81
12 38.0 552.65 483.01
13 38.0 386.45 677.68
14 38.0 461.65 360.71
15 38.0 536.39 464.26
6 39.0 556.40 489.36
7 39.0 348.92 553.04
8 39.0 376.28 655.58
9 39.0 378.42 662.78
10 39.0 225.21 490.80
11 39.0 467.40 937.95
12 39.0 552.65 483.01
13 39.0 386.45 677.68
14 39.0 470.58 358.07
15 39.0 536.39 464.26
6 40.0 556.40 489.36
7 40.0 346.80 545.56
8 40.0 376.28 655.59
9 40.0 378.42 662.78
10 40.0 224.67 481.39
11 40.0 464.65 934.59
12 40.0 552.65 483.01
13 40.0 386.45 677.68
14 40.0 480.54 355.12
15 40.0 536.39 464.26
6 41.0 556.40 489.36
7 41.0 344.51 538.90
8 41.0 376.28 655.59
9 41.0 378.42 662.78
10 41.0 221.54 470.44
11 41.0 463.09 929.78
12 41.0 552.65 483.01
13 41.0 386.45 677.68
14 41.0 489.45 352.49
15 41.0 536.39 464.26
6 42.0 556.40 489.36
7 42.0 338.79 534.92
8 42.0 376.28 655.59
9 42.0 378.42 662.78
10 42.0 218.62 459.73
11 42.0 461.17 923.75
12 42.0 552.65 483.01
13 42.0 386.45 677.68
14 42.0 498.67 349.77
15 42.0 536.39 464.26
6 43.0 556.40 489.36
7 43.0 331.79 536.35
8 43.0 376.28 655.59
9 43.0 378.42 662.78
10 43.0 216.67 452.07
11 43.0 459.25 917.69
12 43.0 552.65 483.01
13 43.0 386.45 677.68
14 43.0 508.65 347.21
15 43.0 536.39 464.26
6 44.0 556.40 489.36
7 44.0 324.61 538.49
8 44.0 376.28 655.59
9 44.0 378.42 662.78
10 44.0 218.12 444.58
11 44.0 457.36 911.64
12 44.0 552.65 483.01
13 44.0 386.45 677.68
14 44.0 517.44 345.32
15 44.0 536.39 464.26
6 45.0 556.40 489.36
7 45.0 317.62 540.52
8 45.0 376.28 655.59
9 45.0 378.42 662.78
10 45.0 224.99 440.27
11 45.0 455.50 905.37
12 45.0 552.65 483.01
13 45.0 386.45 677.68
14 45.0 525.41 343.61
15 45.0 536.39 464.26
6 46.0 556.40 489.36
7 46.0 311.29 542.37
8 46.0 376.28 655.59
9 46.0 378.42 662.78
10 46.0 234.24 436.95
11 46.0 453.72 899.35
12 46.0 552.65 483.01
13 46.0 386.45 677.68
14 46.0 527.98 341.55
15 46.0 536.39 464.26
6 47.0 556.40 489.36
7 47.0 304.62 544.39
8 47.0 376.28 655.59
9 47.0 378.42 662.78
10 47.0 244.91 433.77
11 47.0 452.11 893.93
12 47.0 552.65 483.01
13 47.0 386.45 677.68
14 47.0 528.75 338.70
15 47.0 536.39 464.26
6 48.0 556.40 489.36
7 48.0 297.42 546.51
8 48.0 376.28 655.59
9 48.0 378.42 662.78
10 48.0 254.32 427.70
11 48.0 450.32 888.07
12 48.0 552.65 483.01
13 48.0 386.45 677.68
14 48.0 528.54 335.17
15 48.0 536.39 464.26
6 49.0 556.40 489.36
7 49.0 290.98 548.41
8 49.0 376.28 655.59
9 49.0 378.42 662.78
10 49.0 264.59 424.73
11 49.0 448.50 882.12
12 49.0 552.65 483.01
13 49.0 386.45 677.68
14 49.0 525.01 336.06
15 49.0 536.39 464.26
6 50.0 556.40 489.36
7 50.0 283.42 549.46
8 50.0 376.28 655.59
9 50.0 378.42 662.78
10 50.0 274.51 421.88
11 50.0 446.62 875.94
12 50.0 552.65 483.01
13 50.0 386.45 677.68
14 50.0 519.25 338.32
15 50.0 536.39 464.26
6 51.0 556.40 489.36
7 51.0 276.89 549.22
8 51.0 376.28 655.59
9 51.0 378.42 662.78
10 51.0 285.06 418.84
11 51.0 444.74 869.73
12 51.0 552.65 483.01
13 51.0 386.45 677.68
14 51.0 511.21 341.34
15 51.0 536.39 464.26
6 52.0 556.40 489.36
7 52.0 270.61 551.07
8 52.0 376.28 655.59
9 52.0 378.42 662.78
10 52.0 291.29 417.06
11 52.0 442.79 863.35
12 52.0 552.65 483.01
13 52.0 386.45 677.68
14 52.0 507.30 342.42
15 52.0 536.39 464.26
6 53.0 556.40 489.36
7 53.0 264.36 552.92
8 53.0 376.28 655.59
9 53.0 378.42 662.78
10 53.0 293.17 416.52
11 53.0 440.99 857.52
12 53.0 552.65 483.01
13 53.0 386.45 677.68
14 53.0 507.30 342.42
15 53.0 536.39 464.26
6 54.0 556.40 489.36
7 54.0 258.02 554.79
8 54.0 376.28 655.59
9 54.0 378.42 662.78
10 54.0 293.17 416.52
11 54.0 438.97 850.99
12 54.0 552.65 483.01
13 54.0 386.45 677.68
14 54.0 506.46 339.33
15 54.0 536.39 464.26
6 55.0 556.40 489.36
7 55.0 252.09 556.53
8 55.0 376.28 655.59
9 55.0 378.42 662.78
10 55.0 293.17 416.52
11 55.0 437.22 845.32
12 55.0 552.65 483.01
13 55.0 386.45 677.68
14 55.0 506.46 339.33
15 55.0 536.39 464.26
6 56.0 556.40 489.36
7 56.0 247.24 557.42
8 56.0 376.28 655.59
9 56.0 378.42 662.78
10 56.0 293.17 416.52
11 56.0 435.27 839.01
12 56.0 552.65 483.01
13 56.0 386.45 677.68
14 56.0 506.46 339.33
15 56.0 536.39 464.26
6 57.0 556.40 489.36
7 57.0 243.35 554.17
8 57.0 376.28 655.59
9 57.0 378.42 662.78
10 57.0 293.17 416.52
11 57.0 433.33 832.74
12 57.0 552.65 483.01
13 57.0 386.45 677.68
14 57.0 506.46 339.33
15 57.0 536.39 464.26
6 58.0 556.40 489.36
7 58.0 241.65 549.01
8 58.0 376.28 655.59
9 58.0 378.42 662.78
10 58.0 293.17 416.52
11 58.0 431.46 827.45
12 58.0 552.65 483.01
13 58.0 386.45 677.68
14 58.0 506.46 339.33
15 58.0 536.39 464.26
6 59.0 556.40 489.36
7 59.0 239.68 542.51
8 59.0 376.28 655.59
9 59.0 378.42 662.78
10 59.0 293.17 416.52
11 59.0 428.11 823.22
12 59.0 552.65 483.01
13 59.0 386.45 677.68
14 59.0 506.46 339.33
15 59.0 536.39 464.26
6 60.0 556.40 489.36
7 60.0 237.57 535.56
8 60.0 376.28 655.59
9 60.0 378.91 664.19
10 60.0 294.84 416.06
11 60.0 422.43 822.74
12 60.0 551.86 481.23
13 60.0 385.71 675.33
14 60.0 503.41 336.89
15 60.0 536.86 465.96
6 61.0 557.06 487.16
7 61.0 235.41 528.44
8 61.0 376.61 656.70
9 61.0 380.49 667.46
10 61.0 297.98 415.21
11 61.0 415.99 824.48
12 61.0 550.05 477.89
13 61.0 384.39 671.13
14 61.0 499.39 338.13
15 61.0 537.59 469.29
6 62.0 556.20 483.46
7 62.0 233.21 521.17
8 62.0 377.49 659.67
9 62.0 380.49 667.46
10 62.0 303.54 413.65
11 62.0 410.52 826.11
12 62.0 548.88 476.74
13 62.0 382.48 665.07
14 62.0 493.36 340.00
15 62.0 536.02 474.46
6 63.0 554.71 478.44
7 63.0 231.12 514.30
8 63.0 377.69 660.32
9 63.0 380.49 667.46
10 63.0 311.42 411.44
11 63.0 404.97 827.79
12 63.0 545.42 474.55
13 63.0 380.42 658.30
14 63.0 486.03 342.27
15 63.0 533.85 475.35
6 64.0 556.78 471.82
7 64.0 229.08 507.56
8 64.0 377.74 660.49
9 64.0 381.98 668.82
10 64.0 321.73 408.44
11 64.0 399.33 829.48
12 64.0 540.73 473.94
13 64.0 378.56 652.01
14 64.0 476.61 345.19
15 64.0 527.52 477.28
6 65.0 563.04 469.48
7 65.0 226.98 500.60
8 65.0 378.19 662.03
9 65.0 385.19 670.15
10 65.0 332.05 405.44
11 65.0 393.01 831.37
12 65.0 536.20 474.63
13 65.0 376.65 645.57
14 65.0 467.73 347.93
15 65.0 521.17 479.22
6 66.0 571.08 466.85
7 66.0 225.03 493.59
8 66.0 379.23 665.41
9 66.0 390.40 669.55
10 66.0 342.17 402.51
11 66.0 387.36 833.07
12 66.0 530.15 476.48
13 66.0 374.58 638.60
14 66.0 459.02 350.63
15 66.0 514.36 481.29
6 67.0 578.36 464.61
7 67.0 225.82 485.36
8 67.0 380.90 670.71
9 67.0 397.64 667.35
10 67.0 352.13 399.61
11 67.0 380.95 834.98
12 67.0 523.66 478.46
13 67.0 372.70 632.29
14 67.0 449.82 353.45
15 67.0 508.15 483.05
6 68.0 586.41 461.99
7 68.0 222.97 475.47
8 68.0 383.20 677.99
9 68.0 405.80 664.88
10 68.0 362.67 396.55
11 68.0 375.43 836.64
12 68.0 517.30 480.40
13 68.0 370.82 625.96
14 68.0 440.13 356.32
15 68.0 502.33 484.57
6 69.0 593.63 459.62
7 69.0 220.27 465.81
8 69.0 385.66 686.02
9 69.0 413.30 662.61
10 69.0 373.64 393.37
11 69.0 369.02 838.56
12 69.0 511.72 482.03
13 69.0 369.07 620.08
14 69.0 430.35 359.21
15 69.0 495.71 486.32
6 70.0 601.50 457.08
7 70.0 217.57 456.29
8 70.0 387.96 693.50
9 70.0 420.77 660.35
10 70.0 384.71 391.16
11 70.0 362.54 840.50
12 70.0 504.63 483.98
13 70.0 367.17 613.66
14 70.0 421.29 361.89
15 70.0 488.95 488.58
6 71.0 609.75 454.41
7 71.0 216.55 449.02
8 71.0 390.12 700.54
9 71.0 428.99 657.86
10 71.0 395.50 388.49
11 71.0 357.00 842.16
12 71.0 497.21 485.90
13 71.0 365.37 607.62
14 71.0 412.24 364.57
15 71.0 482.22 490.82
6 72.0 616.89 451.94
7 72.0 220.65 442.28
8 72.0 392.36 707.84
9 72.0 437.06 655.42
10 72.0 406.25 385.18
11 72.0 350.49 844.11
12 72.0 490.45 488.08
13 72.0 363.48 601.26
14 72.0 403.72 370.43
15 72.0 475.89 492.74
6 73.0 624.19 449.44
7 73.0 228.07 439.16
8 73.0 394.46 714.68
9 73.0 444.78 653.09
10 73.0 416.36 385.22
11 73.0 344.81 845.82
12 73.0 484.84 489.96
13 73.0 361.67 595.25
14 73.0 394.64 374.54
15 73.0 469.34 494.72
6 74.0 632.47 446.43
7 74.0 236.67 436.16
8 74.0 396.57 721.55
9 74.0 452.77 650.68
10 74.0 427.07 381.45
11 74.0 339.96 847.27
12 74.0 477.83 492.15
13 74.0 359.61 588.47
14 74.0 385.08 377.61
15 74.0 462.66 496.74
6 75.0 639.77 443.07
7 75.0 245.91 433.48
8 75.0 398.80 728.84
9 75.0 461.27 648.11
10 75.0 436.70 378.09
11 75.0 334.92 847.63
12 75.0 470.59 494.34
13 75.0 357.50 581.68
14 75.0 375.28 380.51
15 75.0 456.60 498.58
6 76.0 647.14 438.26
7 76.0 255.61 430.66
8 76.0 401.05 736.15
9 76.0 469.47 645.63
10 76.0 446.45 375.21
11 76.0 331.73 843.85
12 76.0 465.00 496.04
13 76.0 355.64 575.69
14 76.0 366.31 383.16
15 76.0 450.56 500.41
6 77.0 653.92 433.95
7 77.0 264.62 428.06
8 77.0 403.39 743.76
9 77.0 477.91 643.08
10 77.0 457.31 372.00
11 77.0 329.91 837.84
12 77.0 458.97 497.86
13 77.0 353.75 569.58
14 77.0 356.89 385.95
15 77.0 443.79 502.46
6 78.0 661.68 430.68
7 78.0 274.06 425.34
8 78.0 405.58 750.98
9 78.0 485.76 640.71
10 78.0 467.83 368.89
11 78.0 328.24 832.41
12 78.0 452.15 499.93
13 78.0 351.70 562.88
14 78.0 347.81 388.64
15 78.0 437.01 504.50
6 79.0 669.92 429.19
7 79.0 283.85 422.53
8 79.0 407.87 758.68
9 79.0 494.12 638.18
10 79.0 478.40 365.77
11 79.0 326.51 826.94
12 79.0 445.77 501.86
13 79.0 349.72 555.89
14 79.0 338.37 391.43
15 79.0 431.19 506.25
6 80.0 678.06 429.78
7 80.0 293.03 419.89
8 80.0 410.02 765.94
9 80.0 502.12 635.76
10 80.0 488.78 362.70
11 80.0 324.64 821.03
12 80.0 440.06 503.58
13 80.0 347.86 549.31
14 80.0 329.37 394.09
15 80.0 425.34 508.01
6 81.0 686.59 431.56
7 81.0 302.85 417.17
8 81.0 412.27 773.51
9 81.0 510.56 633.21
10 81.0 499.05 359.67
11 81.0 322.85 815.13
12 81.0 433.92 505.43
13 81.0 346.36 544.01
14 81.0 319.63 395.46
15 81.0 419.42 509.79
6 82.0 694.83 433.25
7 82.0 312.66 414.41
8 82.0 414.37 780.58
9 82.0 519.12 630.62
10 82.0 509.00 356.99
11 82.0 321.21 809.32
12 82.0 427.55 507.35
13 82.0 344.43 537.38
14 82.0 309.72 398.42
15 82.0 413.28 511.63
6 83.0 702.57 434.84
7 83.0 321.81 411.76
8 83.0 416.58 788.03
9 83.0 527.64 628.04
10 83.0 520.33 354.48
11 83.0 319.43 803.42
12 83.0 421.27 509.23
13 83.0 342.40 530.51
14 83.0 300.54 401.36
15 83.0 407.56 513.34
6 84.0 709.99 436.53
7 84.0 331.51 408.94
8 84.0 418.86 795.70
9 84.0 536.24 625.43
10 84.0 530.50 352.26
11 84.0 317.69 797.70
12 84.0 415.37 511.00
13 84.0 340.37 523.82
14 84.0 291.16 404.26
15 84.0 400.93 515.33
6 85.0 717.77 440.01
7 85.0 341.18 406.13
8 85.0 420.92 802.64
9 85.0 544.79 622.85
10 85.0 540.49 347.44
11 85.0 315.95 791.97
12 85.0 408.84 512.96
13 85.0 338.42 517.51
14 85.0 281.34 407.24
15 85.0 394.56 517.24
6 86.0 723.07 446.51
7 86.0 350.52 403.42
8 86.0 423.30 810.68
9 86.0 553.27 620.28
10 86.0 550.22 345.50
11 86.0 313.97 785.53
12 86.0 402.71 514.80
13 86.0 336.56 511.48
14 86.0 272.01 410.07
15 86.0 388.26 519.13
6 87.0 725.73 454.00
7 87.0 359.63 400.77
8 87.0 425.44 817.82
9 87.0 561.72 617.73
10 87.0 560.63 344.09
11 87.0 312.12 779.49
12 87.0 396.71 516.60
13 87.0 334.70 505.48
14 87.0 262.32 413.01
15 87.0 382.31 520.92
6 88.0 728.38 461.95
7 88.0 369.50 397.90
8 88.0 427.51 824.66
9 88.0 570.24 615.15
10 88.0 571.02 343.63
11 88.0 310.38 773.76
12 88.0 390.90 518.34
13 88.0 332.55 498.51
14 88.0 252.36 416.03
15 88.0 376.56 522.67
6 89.0 730.85 469.96
7 89.0 379.41 395.02
8 89.0 429.85 832.35
9 89.0 578.24 612.73
10 89.0 582.14 345.07
11 89.0 308.67 768.10
12 89.0 384.88 520.15
13 89.0 330.56 492.07
14 89.0 243.10 418.84
15 89.0 370.06 524.66
6 90.0 734.43 477.71
7 90.0 388.90 393.84
8 90.0 432.01 839.30
9 90.0 582.50 611.45
10 90.0 592.96 347.38
11 90.0 307.03 762.69
12 90.0 378.35 522.12
13 90.0 328.78 486.25
14 90.0 233.45 421.77
15 90.0 363.96 526.57
6 91.0 740.83 483.34
7 91.0 398.23 391.00
8 91.0 434.18 846.34
9 91.0 583.87 608.98
10 91.0 603.62 349.76
11 91.0 305.23 756.78
12 91.0 371.72 524.15
13 91.0 326.80 479.69
14 91.0 224.18 424.58
15 91.0 357.67 528.58
6 92.0 749.25 485.69
7 92.0 407.10 388.27
8 92.0 436.55 853.99
9 92.0 581.23 608.49
10 92.0 614.02 352.09
11 92.0 303.21 750.16
12 92.0 366.27 525.83
13 92.0 324.71 472.85
14 92.0 216.25 427.00
15 92.0 352.18 530.35
6 93.0 757.03 485.40
7 93.0 416.67 388.50
8 93.0 438.89 861.56
9 93.0 576.02 610.07
10 93.0 624.83 354.55
11 93.0 301.41 744.22
12 93.0 360.53 527.67
13 93.0 322.60 466.01
14 93.0 209.62 427.39
15 93.0 345.86 532.23
6 94.0 765.14 483.06
7 94.0 426.44 385.06
8 94.0 441.21 869.13
9 94.0 569.28 612.10
10 94.0 635.84 357.12
11 94.0 299.64 738.41
12 94.0 354.09 529.74
13 94.0 320.47 459.07
14 94.0 203.34 423.16
15 94.0 339.16 534.17
6 95.0 772.46 480.76
7 95.0 436.21 381.62
8 95.0 443.51 876.72
9 95.0 560.72 614.69
10 95.0 646.15 359.53
11 95.0 297.85 732.54
12 95.0 349.53 531.16
13 95.0 318.50 452.61
14 95.0 200.16 416.51
15 95.0 332.85 536.03
6 96.0 780.43 478.27
7 96.0 445.23 378.91
8 96.0 445.66 883.78
9 96.0 552.48 617.19
10 96.0 656.33 361.91
11 96.0 296.13 726.88
12 96.0 344.05 534.17
13 96.0 316.55 446.25
14 96.0 197.16 409.44
15 96.0 326.50 537.93
6 97.0 788.81 475.67
7 97.0 454.48 376.17
8 97.0 448.00 891.43
9 97.0 544.26 619.67
10 97.0 666.92 361.09
11 97.0 294.18 720.48
12 97.0 342.50 541.82
13 97.0 314.43 439.31
14 97.0 194.46 402.73
15 97.0 320.45 539.70
6 98.0 796.78 473.20
7 98.0 463.64 373.47
8 98.0 450.42 899.46
9 98.0 536.59 621.99
10 98.0 677.74 363.66
11 98.0 292.30 714.29
12 98.0 344.45 549.00
13 98.0 312.50 433.03
14 98.0 191.80 396.09
15 98.0 314.73 541.35
6 99.0 804.32 470.87
7 99.0 472.73 370.78
8 99.0 452.50 906.48
9 99.0 528.03 624.58
10 99.0 688.01 366.12
11 99.0 290.57 708.61
12 99.0 346.82 557.37
13 99.0 310.66 427.16
14 99.0 189.99 392.09
15 99.0 308.16 543.32
6 100.0 811.78 468.55
7 100.0 481.65 368.15
8 100.0 454.54 913.38
9 100.0 519.90 627.05
10 100.0 697.89 368.48
11 100.0 289.38 703.61
12 100.0 349.15 565.52
13 100.0 309.08 420.91
14 100.0 188.00 390.12
15 100.0 301.48 545.31
6 101.0 819.88 466.74
7 101.0 491.32 365.29
8 101.0 456.78 920.50
9 101.0 512.28 629.35
10 101.0 708.97 371.12
11 101.0 291.21 699.96
12 101.0 351.64 573.58
13 101.0 311.10 415.26
14 101.0 186.57 391.35
15 101.0 295.30 547.13
6 102.0 826.42 462.28
7 102.0 501.11 362.40
8 102.0 458.94 927.30
9 102.0 504.87 631.59
10 102.0 719.54 373.63
11 102.0 295.34 698.32
12 102.0 354.05 581.35
13 102.0 316.24 413.38
14 102.0 184.67 395.72
15 102.0 289.04 548.98
6 103.0 829.53 456.66
7 103.0 510.09 360.02
8 103.0 460.71 932.86
9 103.0 497.13 633.93
10 103.0 730.65 376.29
11 103.0 301.28 696.51
12 103.0 356.60 589.57
13 103.0 323.79 411.18
14 103.0 186.58 400.26
15 103.0 282.93 549.29
6 104.0 835.21 456.41
7 104.0 515.04 359.80
8 104.0 463.62 939.25
9 104.0 489.57 636.22
10 104.0 740.50 380.01
11 104.0 307.40 694.66
12 104.0 359.05 597.62
13 104.0 333.13 408.47
14 104.0 189.17 406.73
15 104.0 276.49 549.34
6 105.0 843.24 458.18
7 105.0 519.97 363.44
8 105.0 469.97 941.41
9 105.0 481.09 638.78
10 105.0 750.91 382.52
11 105.0 313.81 692.71
12 105.0 361.18 604.74
13 105.0 342.54 405.73
14 105.0 191.76 413.10
15 105.0 270.81 551.01
6 106.0 852.70 460.26
7 106.0 520.28 367.71
8 106.0 477.63 939.39
9 106.0 472.66 641.33
10 106.0 761.83 384.91
11 106.0 319.93 690.85
12 106.0 363.50 612.52
13 106.0 351.95 403.00
14 106.0 194.75 420.05
15 106.0 264.41 552.91
6 107.0 863.85 462.72
7 107.0 520.66 374.68
8 107.0 484.51 937.26
9 107.0 464.32 643.85
10 107.0 771.75 387.07
11 107.0 326.40 688.89
12 107.0 365.72 620.00
13 107.0 360.42 400.54
14 107.0 197.69 427.50
15 107.0 258.39 554.68
6 108.0 876.61 465.52
7 108.0 521.03 381.38
8 108.0 492.00 934.94
9 108.0 456.13 646.32
10 108.0 782.45 389.40
11 108.0 332.59 687.01
12 108.0 367.97 627.60
13 108.0 368.95 398.06
14 108.0 200.57 435.28
15 108.0 252.32 556.47
6 109.0 883.81 474.64
7 109.0 521.42 388.53
8 109.0 499.33 932.67
9 109.0 447.93 648.80
10 109.0 793.41 391.82
11 109.0 338.88 685.10
12 109.0 370.43 635.88
13 109.0 377.69 395.52
14 109.0 202.93 441.35
15 109.0 247.23 557.42
6 110.0 887.91 488.69
7 110.0 521.82 395.80
8 110.0 506.83 930.34
9 110.0 440.47 651.05
10 110.0 804.31 394.31
11 110.0 344.55 683.38
12 110.0 372.66 643.38
13 110.0 387.11 394.20
14 110.0 206.54 448.74
15 110.0 243.54 554.58
6 111.0 891.35 500.23
7 111.0 523.46 403.30
8 111.0 513.76 928.22
9 111.0 432.78 653.38
10 111.0 814.94 396.74
11 111.0 349.98 681.72
12 111.0 374.79 650.56
13 111.0 396.30 391.59
14 111.0 210.52 455.92
15 111.0 242.10 550.49
6 112.0 893.57 507.65
7 112.0 525.79 410.38
8 112.0 521.55 925.84
9 112.0 424.21 655.97
10 112.0 825.65 399.00
11 112.0 355.75 679.95
12 112.0 376.94 657.81
13 112.0 405.29 388.83
14 112.0 212.97 463.35
15 112.0 240.23 544.33
6 113.0 898.03 513.94
7 113.0 528.12 417.18
8 113.0 529.05 923.56
9 113.0 416.32 658.36
10 113.0 835.55 402.50
11 113.0 361.36 678.24
12 113.0 378.27 662.30
13 113.0 415.00 388.75
14 113.0 215.52 472.68
15 113.0 238.26 537.84
6 114.0 905.53 513.81
7 114.0 530.51 424.15
8 114.0 536.59 921.26
9 114.0 408.21 660.82
10 114.0 846.30 404.76
11 114.0 366.74 676.59
12 114.0 378.36 662.58
13 114.0 424.08 385.89
14 114.0 218.14 481.84
15 114.0 236.42 531.76
6 115.0 913.26 511.50
7 115.0 530.85 430.67
8 115.0 543.89 919.09
9 115.0 399.65 663.41
10 115.0 857.09 407.24
11 115.0 373.33 674.58
12 115.0 378.40 662.74
13 115.0 432.95 382.77
14 115.0 220.38 489.56
15 115.0 234.72 526.14
6 116.0 921.63 508.99
7 116.0 531.44 437.45
8 116.0 551.92 916.71
9 116.0 391.30 665.94
10 116.0 868.19 409.86
11 116.0 377.51 673.58
12 116.0 378.41 662.76
13 116.0 441.93 379.88
14 116.0 222.30 496.07
15 116.0 233.01 520.51
6 117.0 929.25 506.72
7 117.0 533.58 444.40
8 117.0 559.47 914.38
9 117.0 386.78 667.63
10 117.0 878.55 412.26
11 117.0 382.13 675.77
12 117.0 378.41 662.78
13 117.0 451.08 377.18
14 117.0 224.33 502.87
15 117.0 231.12 514.28
6 118.0 937.64 504.21
7 118.0 535.65 451.13
8 118.0 566.93 912.07
9 118.0 384.41 669.30
10 118.0 889.58 414.81
11 118.0 383.84 680.09
12 118.0 378.41 662.78
13 118.0 460.48 374.40
14 118.0 226.55 510.24
15 118.0 229.34 508.43
6 119.0 945.20 501.95
7 119.0 537.70 457.72
8 119.0 574.59 909.72
9 119.0 382.76 672.37
10 119.0 899.61 417.13
11 119.0 385.57 685.72
12 119.0 378.42 662.78
13 119.0 469.03 371.87
14 119.0 228.46 516.52
15 119.0 227.54 502.45
6 120.0 951.73 497.73
7 120.0 539.21 462.56
8 120.0 582.61 907.26
9 120.0 383.27 678.22
10 120.0 909.49 419.47
11 120.0 387.39 691.64
12 120.0 378.42 662.78
13 120.0 478.00 369.23
14 120.0 230.49 523.23
15 120.0 225.65 496.13
6 121.0 951.49 489.64
7 121.0 539.39 463.14
8 121.0 589.65 905.10
9 121.0 385.11 684.23
10 121.0 920.01 422.91
11 121.0 389.36 698.05
12 121.0 378.42 662.78
13 121.0 487.28 366.48
14 121.0 232.41 529.55
15 121.0 225.34 490.43
6 122.0 948.88 481.89
7 122.0 539.45 463.31
8 122.0 596.53 902.99
9 122.0 387.11 690.74
10 122.0 923.42 424.23
11 122.0 391.03 703.51
12 122.0 378.42 662.78
13 122.0 496.13 363.87
14 122.0 234.36 535.99
15 122.0 225.32 483.63
6 123.0 946.54 474.66
7 123.0 539.45 463.31
8 123.0 603.59 900.83
9 123.0 388.48 695.21
10 123.0 932.48 428.81
11 123.0 392.95 709.75
12 123.0 378.42 662.78
13 123.0 504.59 361.41
14 123.0 236.56 543.25
15 123.0 223.00 475.60
6 124.0 944.05 466.39
7 124.0 539.45 463.31
8 124.0 611.07 898.54
9 124.0 390.47 701.69
10 124.0 939.92 435.33
11 124.0 394.68 715.38
12 124.0 378.42 662.78
13 124.0 510.81 359.83
14 124.0 238.66 550.18
15 124.0 220.62 467.10
6 125.0 941.67 458.23
7 125.0 539.45 463.31
8 125.0 619.09 896.08
9 125.0 392.31 707.67
10 125.0 947.03 442.49
11 125.0 396.51 721.38
12 125.0 378.42 662.78
13 125.0 515.17 359.83
14 125.0 240.89 557.53
15 125.0 218.23 458.45
6 126.0 939.34 449.78
7 126.0 539.45 463.31
8 126.0 626.52 893.79
9 126.0 393.89 712.82
10 126.0 954.65 450.19
11 126.0 398.28 727.14
12 126.0 378.42 662.78
13 126.0 519.96 363.56
14 126.0 243.12 564.86
15 126.0 216.70 452.20
6 127.0 937.24 441.98
7 127.0 539.45 463.31
8 127.0 634.18 891.43
9 127.0 395.59 718.37
10 127.0 960.17 455.81
11 127.0 400.17 733.28
12 127.0 378.42 662.78
13 127.0 520.29 367.84
14 127.0 245.26 571.92
15 127.0 217.76 445.11
6 128.0 936.30 433.57
7 128.0 539.45 463.31
8 128.0 642.20 888.95
9 128.0 397.53 724.67
10 128.0 966.22 461.95
11 128.0 402.16 739.78
12 128.0 378.42 662.78
13 128.0 520.66 374.67
14 128.0 247.38 578.92
15 128.0 222.87 441.03
6 129.0 935.47 424.18
7 129.0 539.45 463.31
8 129.0 649.74 886.62
9 129.0 399.55 731.27
10 129.0 971.77 467.49
11 129.0 404.14 746.20
12 129.0 378.42 662.78
13 129.0 521.04 381.53
14 129.0 249.52 585.94
15 129.0 229.00 438.83
6 130.0 934.72 415.77
7 130.0 539.45 463.31
8 130.0 656.67 884.48
9 130.0 401.37 737.19
10 130.0 977.44 473.02
11 130.0 406.09 752.69
12 130.0 378.42 662.78
13 130.0 521.39 387.97
14 130.0 251.73 593.21
15 130.0 236.40 436.24
6 131.0 930.52 408.39
7 131.0 539.45 463.31
8 131.0 663.93 881.81
9 131.0 403.40 743.81
10 131.0 983.53 478.97
11 131.0 407.73 758.22
12 131.0 378.42 662.78
13 131.0 521.74 394.46
14 131.0 253.66 599.58
15 131.0 245.27 433.67
6 132.0 920.50 404.58
7 132.0 539.45 463.31
8 132.0 669.57 876.35
9 132.0 405.12 749.42
10 132.0 989.67 484.84
11 132.0 409.62 764.59
12 132.0 378.42 662.78
13 132.0 522.64 400.80
14 132.0 255.56 605.83
15 132.0 253.95 431.14
6 133.0 910.20 401.56
7 133.0 539.45 463.31
8 133.0 669.83 868.69
9 133.0 406.97 755.65
10 133.0 994.75 491.37
11 133.0 411.41 770.61
12 133.0 378.42 662.78
13 133.0 524.62 406.81
14 133.0 257.68 612.82
15 133.0 262.37 428.70
6 134.0 898.86 398.77
7 134.0 539.45 463.31
8 134.0 667.72 861.27
9 134.0 408.70 761.49
10 134.0 1001.56 496.34
11 134.0 413.13 776.39
12 134.0 378.42 662.78
13 134.0 526.68 412.99
14 134.0 259.79 619.76
15 134.0 270.75 426.29
6 135.0 887.63 395.91
7 135.0 539.45 463.31
8 135.0 665.50 853.67
9 135.0 410.51 767.57
10 135.0 1008.38 501.33
11 135.0 414.99 782.67
12 135.0 378.42 662.78
13 135.0 528.86 419.35
14 135.0 261.80 626.36
15 135.0 279.82 423.69
6 136.0 876.55 393.25
7 136.0 539.45 463.31
8 136.0 663.37 846.40
9 136.0 412.37 773.86
10 136.0 1012.14 508.29
11 136.0 416.81 788.79
12 136.0 378.42 662.78
13 136.0 531.08 425.84
14 136.0 263.98 633.46
15 136.0 287.86 418.04
6 137.0 865.43 390.70
7 137.0 539.45 463.31
8 137.0 661.30 839.41
9 137.0 414.39 780.64
10 137.0 1015.03 518.58
11 137.0 418.60 794.85
12 137.0 378.42 662.78
13 137.0 530.45 433.19
14 137.0 266.27 640.88
15 137.0 296.46 415.62
6 138.0 854.26 388.13
7 138.0 539.45 463.31
8 138.0 659.15 832.30
9 138.0 415.96 785.93
10 138.0 1019.54 530.45
11 138.0 420.34 800.68
12 138.0 378.42 662.78
13 138.0 532.25 440.06
14 138.0 268.42 647.80
15 138.0 305.26 413.17
6 139.0 842.83 385.51
7 139.0 539.45 463.31
8 139.0 657.04 825.31
9 139.0 417.88 792.39
10 139.0 1022.89 544.17
11 139.0 422.24 807.10
12 139.0 378.42 662.78
13 139.0 534.20 446.41
14 139.0 270.44 654.32
15 139.0 314.38 410.57
6 140.0 832.67 379.89
7 140.0 539.45 463.31
8 140.0 654.67 817.43
9 140.0 419.68 798.45
10 140.0 1026.32 556.97
11 140.0 424.05 813.19
12 140.0 378.42 662.78
13 140.0 536.35 453.42
14 140.0 272.53 661.08
15 140.0 323.47 407.94
6 141.0 822.07 377.46
7 141.0 539.45 463.31
8 141.0 652.39 809.85
9 141.0 421.41 804.29
10 141.0 1030.27 570.01
11 141.0 425.64 817.61
12 141.0 378.42 662.78
13 141.0 537.20 456.13
14 141.0 274.74 668.19
15 141.0 331.51 405.60
6 142.0 811.58 375.06
7 142.0 539.45 463.31
8 142.0 650.09 802.27
9 142.0 422.72 808.71
10 142.0 1034.44 583.57
11 142.0 429.92 821.92
12 142.0 378.42 662.78
13 142.0 537.21 456.14
14 142.0 276.95 675.17
15 142.0 339.76 403.21
6 143.0 801.15 372.72
7 143.0 539.45 463.31
8 143.0 647.67 794.26
9 143.0 424.61 815.08
10 143.0 1038.64 597.20
11 143.0 435.36 821.93
12 143.0 378.42 662.78
13 143.0 537.21 456.15
14 143.0 279.07 682.10
15 143.0 347.86 400.85
6 144.0 790.01 370.26
7 144.0 539.45 463.31
8 144.0 645.29 786.41
9 144.0 423.93 821.28
10 144.0 1042.64 610.20
11 144.0 440.62 820.43
12 144.0 378.42 662.78
13 144.0 537.21 456.15
14 144.0 281.22 689.09
15 144.0 356.74 398.27
6 145.0 779.65 367.98
7 145.0 539.45 463.31
8 145.0 643.05 779.02
9 145.0 417.75 823.95
10 145.0 1046.25 621.92
11 145.0 446.72 818.59
12 145.0 378.42 662.78
13 145.0 537.21 456.15
14 145.0 283.34 695.97
15 145.0 365.58 395.71
6 146.0 769.29 364.01
7 146.0 539.45 463.31
8 146.0 641.01 772.10
9 146.0 409.49 826.43
10 146.0 1048.52 629.34
11 146.0 452.61 816.81
12 146.0 378.42 662.78
13 146.0 537.21 456.15
14 146.0 285.30 702.35
15 146.0 374.49 393.12
6 147.0 758.63 361.58
7 147.0 539.45 463.31
8 147.0 638.69 764.32
9 147.0 401.58 828.80
10 147.0 1047.94 634.83
11 147.0 459.05 814.88
12 147.0 378.42 662.78
13 147.0 537.21 456.15
14 147.0 287.58 709.78
15 147.0 382.73 391.08
6 148.0 747.47 359.04
7 148.0 539.45 463.31
8 148.0 636.36 756.48
9 148.0 393.77 831.14
10 148.0 1042.84 637.33
11 148.0 465.18 813.02
12 148.0 378.42 662.78
13 148.0 537.21 456.15
14 148.0 289.62 716.49
15 148.0 391.65 389.68
6 149.0 736.24 356.47
7 149.0 539.45 463.31
8 149.0 634.27 749.46
9 149.0 385.97 833.48
10 149.0 1035.55 639.53
11 149.0 470.92 811.27
12 149.0 378.42 662.78
13 149.0 537.21 456.15
14 149.0 291.54 722.80
15 149.0 400.25 387.03
6 150.0 725.09 353.88
7 150.0 539.91 464.70
8 150.0 631.99 741.95
9 150.0 377.43 836.04
10 150.0 1028.36 641.70
11 150.0 476.71 809.52
12 150.0 378.75 664.09
13 150.0 537.21 456.15
14 150.0 293.48 729.17
15 150.0 409.16 384.76
6 151.0 714.68 351.46
7 151.0 541.00 467.47
8 151.0 629.78 734.67
9 151.0 369.74 838.34
10 151.0 1020.54 644.06
11 151.0 482.27 807.84
12 151.0 378.81 667.16
13 151.0 537.43 456.86
14 151.0 295.68 736.38
15 151.0 417.37 384.86
6 152.0 703.59 348.92
7 152.0 542.75 471.57
8 152.0 627.59 727.48
9 152.0 361.72 840.74
10 152.0 1012.90 646.37
11 152.0 488.41 805.99
12 152.0 374.93 670.73
13 152.0 538.15 459.14
14 152.0 297.84 743.49
15 152.0 425.46 382.01
6 153.0 693.31 346.56
7 153.0 545.64 476.60
8 153.0 625.42 720.27
9 153.0 353.80 843.12
10 153.0 1005.73 648.54
11 153.0 494.70 804.09
12 153.0 369.42 672.43
13 153.0 539.26 462.70
14 153.0 299.86 750.14
15 153.0 433.42 379.21
6 154.0 682.46 344.07
7 154.0 549.05 482.63
8 154.0 623.21 712.93
9 154.0 345.79 845.52
10 154.0 1002.58 649.50
11 154.0 501.12 802.16
12 154.0 361.60 674.82
13 154.0 541.26 468.13
14 154.0 302.11 757.51
15 154.0 442.29 376.44
6 155.0 672.03 341.67
7 155.0 551.35 489.09
8 155.0 620.84 705.07
9 155.0 340.42 847.13
10 155.0 997.00 651.23
11 155.0 507.44 800.25
12 155.0 353.93 677.17
13 155.0 544.33 474.38
14 155.0 304.08 764.00
15 155.0 450.89 373.90
6 156.0 660.68 339.06
7 156.0 552.96 494.04
8 156.0 618.55 697.46
9 156.0 334.19 847.35
10 156.0 989.66 652.90
11 156.0 513.28 798.48
12 156.0 346.81 679.34
13 156.0 547.96 480.43
14 156.0 306.16 770.83
15 156.0 459.98 371.21
6 157.0 649.73 336.55
7 157.0 555.08 501.20
8 157.0 616.45 690.48
9 157.0 331.11 841.80
10 157.0 981.84 655.75
11 157.0 519.58 796.58
12 157.0 339.02 681.72
13 157.0 550.68 487.06
14 157.0 308.10 777.30
15 157.0 468.26 368.77
6 158.0 638.86 334.10
7 158.0 557.11 508.05
8 158.0 614.15 682.74
9 158.0 328.67 833.79
10 158.0 974.00 658.29
11 158.0 525.47 794.80
12 158.0 331.02 684.15
13 158.0 552.76 493.40
14 158.0 310.10 783.80
15 158.0 476.32 366.38
6 159.0 627.65 331.58
7 159.0 559.04 514.58
8 159.0 611.94 675.30
9 159.0 326.13 825.76
10 159.0 966.57 660.36
11 159.0 531.18 793.08
12 159.0 323.17 686.53
13 159.0 554.33 498.64
14 159.0 312.04 790.16
15 159.0 484.42 363.99
6 160.0 616.51 329.09
7 160.0 560.91 520.89
8 160.0 609.85 668.25
9 160.0 323.57 817.63
10 160.0 959.03 662.45
11 160.0 537.73 791.10
12 160.0 315.73 688.79
13 160.0 556.23 505.07
14 160.0 314.00 796.55
15 160.0 492.68 361.55
6 161.0 605.81 326.69
7 161.0 562.89 527.59
8 161.0 607.63 660.78
9 161.0 321.13 809.03
10 161.0 951.94 664.22
11 161.0 543.74 789.30
12 161.0 308.19 691.07
13 161.0 558.05 511.22
14 161.0 315.91 802.84
15 161.0 501.51 358.95
6 162.0 595.34 324.35
7 162.0 565.07 534.70
8 162.0 605.52 653.76
9 162.0 318.68 800.94
10 162.0 944.28 664.24
11 162.0 549.48 787.62
12 162.0 300.02 693.55
13 162.0 559.78 517.07
14 162.0 318.06 809.97
15 162.0 510.11 356.70
6 163.0 584.89 322.01
7 163.0 567.29 541.81
8 163.0 603.16 646.13
9 163.0 316.31 793.17
10 163.0 937.74 661.22
11 163.0 554.99 786.01
12 163.0 294.49 695.23
13 163.0 561.52 522.96
14 163.0 319.98 816.72
15 163.0 518.63 354.84
6 164.0 574.11 319.60
7 164.0 569.43 548.68
8 164.0 600.77 638.44
9 164.0 313.68 784.57
10 164.0 932.08 656.71
11 164.0 560.89 784.28
12 164.0 288.10 698.53
13 164.0 563.47 529.53
14 164.0 322.08 823.52
15 164.0 526.84 353.06
6 165.0 563.31 320.86
7 165.0 571.52 555.36
8 165.0 598.57 631.33
9 165.0 311.28 776.74
10 165.0 926.76 651.79
11 165.0 566.48 782.65
12 165.0 286.40 705.12
13 165.0 565.51 536.11
14 165.0 324.20 830.24
15 165.0 535.08 349.53
6 166.0 550.39 322.54
7 166.0 573.48 561.63
8 166.0 596.33 624.14
9 166.0 308.88 768.77
10 166.0 920.75 646.21
11 166.0 572.12 781.00
12 166.0 288.40 712.48
13 166.0 567.65 542.98
14 166.0 326.48 837.55
15 166.0 543.13 346.60
6 167.0 538.59 325.27
7 167.0 575.63 568.50
8 167.0 594.20 617.26
9 167.0 306.27 760.19
10 167.0 915.17 641.04
11 167.0 578.61 779.09
12 167.0 290.90 720.71
13 167.0 569.52 548.96
14 167.0 328.38 843.83
15 167.0 550.99 345.38
6 168.0 528.44 328.18
7 168.0 577.58 574.74
8 168.0 592.04 610.32
9 168.0 303.70 751.77
10 168.0 909.86 636.12
11 168.0 585.04 777.14
12 168.0 293.08 727.84
13 168.0 571.69 555.90
14 168.0 330.58 851.00
15 168.0 559.69 344.17
6 169.0 518.25 331.87
7 169.0 579.63 581.31
8 169.0 589.88 603.36
9 169.0 301.24 743.66
10 169.0 904.13 630.81
11 169.0 590.80 775.40
12 169.0 295.59 736.09
13 169.0 573.51 561.71
14 169.0 332.77 858.15
15 169.0 569.10 343.64
6 170.0 507.35 335.77
7 170.0 581.80 588.23
8 170.0 587.62 596.10
9 170.0 298.62 735.08
10 170.0 898.03 625.16
11 170.0 596.76 773.55
12 170.0 298.04 744.16
13 170.0 575.52 568.16
14 170.0 334.94 865.26
15 170.0 578.07 344.33
6 171.0 496.40 339.06
7 171.0 583.91 595.00
8 171.0 585.31 588.70
9 171.0 296.18 727.04
10 171.0 892.09 619.39
11 171.0 602.87 771.62
12 171.0 300.37 751.82
13 171.0 577.51 574.50
14 171.0 336.85 871.50
15 171.0 586.60 345.97
6 172.0 485.25 342.51
7 172.0 585.50 600.08
8 172.0 583.16 581.84
9 172.0 293.66 718.78
10 172.0 886.66 613.87
11 172.0 609.37 769.63
12 172.0 302.56 758.99
13 172.0 579.53 580.97
14 172.0 338.80 877.86
15 172.0 594.83 347.80
6 173.0 474.77 345.75
7 173.0 585.97 604.84
8 173.0 580.71 574.00
9 173.0 291.35 711.17
10 173.0 881.61 608.73
11 173.0 615.81 767.69
12 173.0 305.09 767.31
13 173.0 581.72 587.98
14 173.0 341.02 885.12
15 173.0 603.83 349.81
6 174.0 464.67 348.88
7 174.0 581.99 608.26
8 174.0 578.31 566.33
9 174.0 289.01 703.51
10 174.0 875.93 602.94
11 174.0 622.36 765.72
12 174.0 307.53 775.41
13 174.0 583.60 594.01
14 174.0 342.98 891.51
15 174.0 612.47 351.74
6 175.0 454.34 352.08
7 175.0 574.97 610.38
8 175.0 576.04 559.05
9 175.0 286.73 696.10
10 175.0 871.37 596.89
11 175.0 627.40 764.20
12 175.0 309.82 782.89
13 175.0 585.48 600.01
14 175.0 345.01 898.12
15 175.0 620.71 353.59
6 176.0 443.29 355.38
7 176.0 568.43 612.36
8 176.0 573.53 551.05
9 176.0 284.24 688.01
10 176.0 869.18 589.84
11 176.0 631.58 763.37
12 176.0 312.34 791.14
13 176.0 587.66 606.99
14 176.0 347.09 904.93
15 176.0 628.74 355.46
6 177.0 433.76 361.54
7 177.0 562.10 614.28
8 177.0 571.25 543.75
9 177.0 281.71 679.79
10 177.0 866.92 582.24
11 177.0 635.47 765.74
12 177.0 314.68 798.79
13 177.0 589.59 613.20
14 177.0 349.35 912.30
15 177.0 637.37 357.48
6 178.0 422.51 364.87
7 178.0 555.12 616.38
8 178.0 569.12 536.92
9 178.0 279.32 672.00
10 178.0 864.88 575.35
11 178.0 637.21 770.48
12 178.0 317.09 806.74
13 178.0 591.74 620.13
14 178.0 351.51 919.37
15 178.0 646.21 359.54
6 179.0 412.23 367.91
7 179.0 547.78 618.61
8 179.0 566.76 529.39
9 179.0 276.83 664.14
10 179.0 862.59 567.66
11 179.0 639.11 777.01
12 179.0 319.30 814.32
13 179.0 593.59 626.08
14 179.0 353.66 926.40
15 179.0 654.87 361.57
6 180.0 401.23 371.17
7 180.0 541.30 620.57
8 180.0 564.51 521.78
9 180.0 274.41 656.31
10 180.0 860.36 560.13
11 180.0 640.99 783.23
12 180.0 321.62 822.08
13 180.0 595.59 632.55
14 180.0 355.59 932.67
15 180.0 663.83 363.66
6 181.0 391.66 375.66
7 181.0 534.26 622.69
8 181.0 562.43 514.73
9 181.0 271.89 648.22
10 181.0 858.01 552.23
11 181.0 642.98 789.79
12 181.0 324.12 830.00
13 181.0 597.69 639.32
14 181.0 357.59 939.22
15 181.0 672.53 365.71
6 182.0 380.63 378.93
7 182.0 526.99 624.90
8 182.0 560.27 507.46
9 182.0 269.24 639.67
10 182.0 855.98 545.50
11 182.0 644.73 795.58
12 182.0 326.36 837.15
13 182.0 599.51 645.17
14 182.0 359.70 946.11
15 182.0 681.06 367.74
6 183.0 370.40 381.95
7 183.0 520.10 626.99
8 183.0 557.99 499.74
9 183.0 266.67 631.31
10 183.0 854.21 538.34
11 183.0 646.42 801.18
12 183.0 328.70 844.84
13 183.0 601.69 652.21
14 183.0 361.66 952.50
15 183.0 689.03 369.65
6 184.0 359.27 385.25
7 184.0 512.99 629.13
8 184.0 555.88 492.61
9 184.0 264.14 623.04
10 184.0 853.89 531.94
11 184.0 648.07 806.62
12 184.0 331.20 853.03
13 184.0 603.76 658.99
14 184.0 363.92 959.89
15 184.0 698.00 371.79
6 185.0 348.36 388.48
7 185.0 506.51 631.09
8 185.0 554.06 487.10
9 185.0 261.64 614.83
10 185.0 852.66 525.33
11 185.0 649.76 812.22
12 185.0 333.63 860.96
13 185.0 605.52 664.89
14 185.0 364.87 962.98
15 185.0 706.92 373.92
6 186.0 337.89 391.57
7 186.0 499.66 633.17
8 186.0 552.92 483.79
9 186.0 259.19 606.75
10 186.0 847.50 522.30
11 186.0 651.47 817.87
12 186.0 336.01 868.75
13 186.0 607.28 670.84
14 186.0 367.19 964.64
15 186.0 715.60 375.99
6 187.0 327.83 394.55
7 187.0 492.91 635.20
8 187.0 552.66 483.05
9 187.0 256.65 598.41
10 187.0 844.89 516.26
11 187.0 653.37 824.19
12 187.0 338.34 876.36
13 187.0 609.08 676.90
14 187.0 367.96 962.15
15 187.0 723.94 377.98
6 188.0 316.91 396.19
7 188.0 485.85 637.34
8 188.0 552.65 483.02
9 188.0 254.16 590.22
10 188.0 842.45 508.52
11 188.0 655.08 829.86
12 188.0 340.52 883.49
13 188.0 611.15 683.87
14 188.0 366.45 957.20
15 188.0 732.78 380.09
6 189.0 306.01 399.59
7 189.0 478.96 639.42
8 189.0 552.65 483.01
9 189.0 251.55 581.63
10 189.0 840.22 501.21
11 189.0 656.92 835.97
12 189.0 343.03 891.67
13 189.0 613.11 690.49
14 189.0 364.44 950.66
15 189.0 741.07 383.55
6 190.0 295.07 403.08
7 190.0 472.16 641.48
8 190.0 552.65 483.01
9 190.0 249.08 573.49
10 190.0 837.95 493.82
11 190.0 658.55 841.38
12 190.0 345.30 899.10
13 190.0 615.19 697.40
14 190.0 362.22 943.41
15 190.0 750.12 385.63
6 191.0 284.15 406.39
7 191.0 465.36 643.53
8 191.0 552.65 483.01
9 191.0 247.98 566.72
10 191.0 835.71 486.51
11 191.0 660.48 847.92
12 191.0 347.63 906.70
13 191.0 617.13 703.84
14 191.0 359.99 936.12
15 191.0 758.71 387.50
6 192.0 273.46 409.63
7 192.0 458.80 645.51
8 192.0 552.65 483.01
9 192.0 252.92 562.95
10 192.0 833.54 479.44
11 192.0 662.13 853.56
12 192.0 350.03 914.54
13 192.0 618.97 709.92
14 192.0 357.83 929.06
15 192.0 767.22 389.35
6 193.0 263.16 412.76
7 193.0 451.50 647.72
8 193.0 552.65 483.01
9 193.0 260.37 560.76
10 193.0 831.51 472.91
11 193.0 664.00 859.92
12 193.0 352.54 922.73
13 193.0 620.92 716.43
14 193.0 355.56 921.67
15 193.0 775.85 391.24
6 194.0 252.59 415.96
7 194.0 444.21 649.92
8 194.0 552.65 483.01
9 194.0 268.38 558.40
10 194.0 827.25 467.12
11 194.0 665.71 865.77
12 194.0 354.72 929.85
13 194.0 622.88 722.94
14 194.0 353.31 914.32
15 194.0 784.81 393.19
6 195.0 242.56 419.00
7 195.0 437.29 652.02
8 195.0 552.65 483.01
9 195.0 276.35 556.05
10 195.0 819.44 464.66
11 195.0 667.12 872.40
12 195.0 357.11 937.65
13 195.0 624.99 729.92
14 195.0 351.40 908.07
15 195.0 793.84 395.20
6 196.0 231.64 422.31
7 196.0 429.90 654.25
8 196.0 552.65 483.01
9 196.0 283.93 553.82
10 196.0 812.01 465.25
11 196.0 664.42 877.76
12 196.0 359.58 945.70
13 196.0 626.92 736.25
14 196.0 349.29 901.18
15 196.0 802.61 397.21
6 197.0 221.33 425.44
7 197.0 423.28 656.25
8 197.0 552.65 483.01
9 197.0 292.01 551.44
10 197.0 804.11 467.58
11 197.0 658.93 880.43
12 197.0 361.76 952.83
13 197.0 628.99 743.08
14 197.0 347.01 893.76
15 197.0 811.35 399.21
6 198.0 213.69 427.37
7 198.0 416.35 658.35
8 198.0 552.65 483.01
9 198.0 300.52 548.93
10 198.0 796.60 469.91
11 198.0 653.13 882.22
12 198.0 364.16 960.68
13 198.0 630.87 749.24
14 198.0 345.07 887.41
15 198.0 820.63 401.24
6 199.0 205.30 425.53
7 199.0 410.11 660.24
8 199.0 552.65 483.01
9 199.0 308.39 546.59
10 199.0 788.79 472.33
11 199.0 647.38 883.99
12 199.0 367.69 968.11
13 199.0 632.26 754.29
14 199.0 342.92 880.40
15 199.0 827.71 402.70
6 200.0 200.83 417.98
7 200.0 402.88 662.43
8 200.0 552.65 483.01
9 200.0 316.99 544.02
10 200.0 781.57 474.56
11 200.0 641.09 885.94
12 200.0 374.68 969.82
13 200.0 631.27 758.91
14 200.0 340.94 873.94
15 200.0 832.49 406.70
6 201.0 197.10 409.28
7 201.0 395.66 664.62
8 201.0 552.65 483.01
9 201.0 325.44 541.58
10 201.0 773.54 477.06
11 201.0 635.67 887.61
12 201.0 381.90 967.89
13 201.0 626.78 761.05
14 201.0 338.86 867.15
15 201.0 834.56 413.06
6 202.0 194.21 402.09
7 202.0 389.37 666.52
8 202.0 552.65 483.01
9 202.0 332.98 539.33
10 202.0 766.27 479.35
11 202.0 629.18 889.62
12 202.0 389.29 965.69
13 202.0 620.25 763.01
14 202.0 336.76 860.30
15 202.0 833.19 419.61
6 203.0 191.29 394.81
7 203.0 383.69 665.92
8 203.0 552.65 483.01
9 203.0 338.88 538.37
10 203.0 758.62 481.74
11 203.0 623.02 891.52
12 203.0 397.00 963.40
13 203.0 613.88 764.93
14 203.0 335.58 855.16
15 203.0 831.81 425.86
6 204.0 189.77 391.67
7 204.0 381.38 661.52
8 204.0 552.65 483.01
9 204.0 342.70 542.82
10 204.0 750.17 482.54
11 204.0 616.61 893.49
12 204.0 404.60 961.15
13 204.0 607.18 766.95
14 204.0 338.58 851.20
15 204.0 830.48 431.82
6 205.0 187.40 390.14
7 205.0 379.56 655.40
8 205.0 552.65 483.01
9 205.0 344.98 550.88
10 205.0 742.84 480.76
11 205.0 610.82 895.26
12 205.0 412.40 958.83
13 205.0 600.36 769.06
14 205.0 343.28 849.61
15 205.0 828.95 438.72
6 206.0 183.99 394.45
7 206.0 377.54 648.60
8 206.0 552.65 483.01
9 206.0 347.35 559.23
10 206.0 737.04 475.83
11 206.0 604.21 897.29
12 206.0 420.67 956.38
13 206.0 593.80 771.13
14 206.0 349.81 847.65
15 206.0 827.88 443.55
6 207.0 186.23 399.40
7 207.0 375.64 642.18
8 207.0 552.65 483.01
9 207.0 349.54 566.77
10 207.0 733.78 468.59
11 207.0 598.47 899.05
12 207.0 427.95 954.22
13 207.0 587.09 773.18
14 207.0 357.20 845.43
15 207.0 826.37 450.18
6 208.0 189.02 406.36
7 208.0 373.72 635.71
8 208.0 552.65 483.01
9 208.0 351.91 574.43
10 208.0 731.41 460.92
11 208.0 591.97 901.04
12 208.0 436.04 951.82
13 208.0 581.14 774.99
14 208.0 364.30 843.31
15 208.0 824.92 456.52
6 209.0 192.29 414.38
7 209.0 371.73 629.02
8 209.0 552.65 483.01
9 209.0 354.48 582.76
10 209.0 728.92 453.46
11 209.0 586.36 902.76
12 209.0 444.35 949.35
13 209.0 574.35 777.00
14 209.0 370.74 841.38
15 209.0 824.05 463.24
6 210.0 195.20 421.06
7 210.0 369.60 621.86
8 210.0 552.65 483.01
9 210.0 356.81 590.26
10 210.0 726.56 446.42
11 210.0 580.41 904.58
12 210.0 452.26 947.00
13 210.0 567.30 779.07
14 210.0 377.14 839.46
15 210.0 826.25 469.27
6 211.0 198.62 430.03
7 211.0 367.70 615.45
8 211.0 552.65 483.01
9 211.0 359.12 597.87
10 211.0 721.90 439.36
11 211.0 574.70 906.33
12 211.0 460.02 944.69
13 211.0 561.37 780.80
14 211.0 383.91 837.44
15 211.0 828.87 475.13
6 212.0 201.44 437.64
7 212.0 365.80 609.03
8 212.0 552.65 483.01
9 212.0 361.59 606.10
10 212.0 715.79 435.15
11 212.0 568.11 908.35
12 212.0 467.21 942.56
13 212.0 554.89 782.70
14 212.0 390.91 835.34
15 212.0 830.77 481.33
6 213.0 204.31 444.70
7 213.0 363.90 602.67
8 213.0 552.65 483.01
9 213.0 364.01 614.26
10 213.0 708.83 432.86
11 213.0 562.26 910.16
12 213.0 474.84 940.26
13 213.0 547.94 784.74
14 213.0 397.53 833.35
15 213.0 832.50 486.96
6 214.0 209.24 453.30
7 214.0 361.69 595.32
8 214.0 552.65 483.01
9 214.0 366.53 622.76
10 214.0 701.32 431.32
11 214.0 556.21 912.03
12 214.0 482.08 938.01
13 214.0 542.03 786.47
14 214.0 404.21 831.35
15 214.0 834.29 492.81
6 215.0 212.40 461.27
7 215.0 359.57 588.34
8 215.0 552.65 483.01
9 215.0 368.82 630.46
10 215.0 693.32 429.67
11 215.0 549.98 913.96
12 215.0 489.77 935.63
13 215.0 535.90 788.31
14 215.0 410.71 829.39
15 215.0 836.08 498.66
6 216.0 215.16 471.37
7 216.0 357.59 581.96
8 216.0 552.65 483.01
9 216.0 371.25 638.65
10 216.0 685.73 428.11
11 216.0 544.05 915.71
12 216.0 497.58 933.21
13 216.0 529.04 790.38
14 216.0 417.31 827.42
15 216.0 837.85 504.43
6 217.0 218.09 481.67
7 217.0 355.47 575.13
8 217.0 552.65 483.01
9 217.0 373.69 646.86
10 217.0 677.95 426.48
11 217.0 538.05 917.49
12 217.0 505.86 930.64
13 217.0 522.47 792.37
14 217.0 421.49 826.17
15 217.0 839.94 511.25
6 218.0 220.90 491.33
7 218.0 353.16 567.69
8 218.0 552.65 483.01
9 218.0 375.98 654.57
10 218.0 669.49 426.01
11 218.0 532.49 919.16
12 218.0 513.94 928.16
13 218.0 516.33 794.22
14 218.0 426.73 823.09
15 218.0 841.93 517.51
6 219.0 223.18 499.01
7 219.0 351.06 560.63
8 219.0 552.65 483.01
9 219.0 377.57 659.92
10 219.0 661.18 427.50
11 219.0 526.24 921.07
12 219.0 521.24 925.94
13 219.0 509.57 796.26
14 219.0 428.23 816.98
15 219.0 842.72 523.34
6 220.0 225.61 507.13
7 220.0 349.14 553.84
8 220.0 552.65 483.01
9 220.0 378.09 661.67
10 220.0 654.04 430.25
11 220.0 520.08 922.94
12 220.0 528.68 923.67
13 220.0 503.00 798.24
14 220.0 426.37 809.77
15 220.0 841.09 528.50
6 221.0 227.90 514.69
7 221.0 347.07 546.52
8 221.0 552.65 483.01
9 221.0 378.38 662.66
10 221.0 647.59 434.14
11 221.0 513.66 924.90
12 221.0 536.38 921.32
13 221.0 496.84 800.10
14 221.0 424.50 803.48
15 221.0 841.87 534.25
6 222.0 230.15 522.10
7 222.0 345.83 542.13
8 222.0 552.65 483.01
9 222.0 378.41 662.77
10 222.0 640.50 438.81
11 222.0 507.73 926.71
12 222.0 544.19 919.00
13 222.0 490.75 801.94
14 222.0 422.40 796.40
15 222.0 845.66 536.72
6 223.0 232.55 530.00
7 223.0 342.87 536.78
8 223.0 552.65 483.01
9 223.0 378.41 662.78
10 223.0 633.33 442.70
11 223.0 501.52 928.64
12 223.0 551.72 916.77
13 223.0 484.06 803.96
14 223.0 420.37 789.57
15 223.0 850.13 536.84
6 224.0 235.10 538.43
7 224.0 336.80 535.14
8 224.0 552.65 483.01
9 224.0 378.41 662.78
10 224.0 626.23 445.31
11 224.0 496.11 930.31
12 224.0 559.54 914.35
13 224.0 477.16 806.05
14 224.0 418.38 782.86
15 224.0 853.43 533.73
6 225.0 237.55 546.49
7 225.0 329.90 536.92
8 225.0 552.65 483.01
9 225.0 378.42 662.78
10 225.0 618.48 448.02
11 225.0 489.50 932.36
12 225.0 567.54 911.88
13 225.0 471.16 807.86
14 225.0 416.51 776.58
15 225.0 856.15 529.31
6 226.0 239.90 554.27
7 226.0 322.51 539.10
8 226.0 552.65 483.01
9 226.0 378.42 662.78
10 226.0 611.54 450.40
11 226.0 483.02 934.37
12 226.0 575.14 909.55
13 226.0 465.18 809.68
14 226.0 414.36 769.33
15 226.0 860.89 527.50
6 227.0 242.31 562.21
7 227.0 315.11 541.24
8 227.0 552.65 483.01
9 227.0 378.42 662.78
10 227.0 604.36 452.79
11 227.0 477.06 936.22
12 227.0 582.51 907.29
13 227.0 458.15 811.81
14 227.0 412.43 762.82
15 227.0 866.78 525.68
6 228.0 244.53 569.51
7 228.0 308.51 543.22
8 228.0 552.65 483.01
9 228.0 378.42 662.78
10 228.0 597.14 455.13
11 228.0 471.80 937.85
12 228.0 590.10 904.96
13 228.0 451.26 813.88
14 228.0 410.56 756.53
15 228.0 872.42 523.95
6 229.0 246.73 576.75
7 229.0 301.21 545.39
8 229.0 552.65 483.01
9 229.0 378.42 662.78
10 229.0 589.40 457.64
11 229.0 467.78 938.05
12 229.0 597.54 902.68
13 229.0 444.62 815.88
14 229.0 408.55 749.75
15 229.0 878.23 522.16
6 230.0 249.01 584.28
7 230.0 294.69 547.31
8 230.0 552.65 483.01
9 230.0 378.42 662.78
10 230.0 581.74 460.15
11 230.0 464.90 935.14
12 230.0 605.37 900.28
13 230.0 438.66 817.68
14 230.0 406.53 743.10
15 230.0 884.82 520.13
6 231.0 251.48 592.41
7 231.0 287.36 549.47
8 231.0 552.65 483.01
9 231.0 378.42 662.78
10 231.0 574.47 462.46
11 231.0 463.53 931.15
12 231.0 613.11 897.91
13 231.0 433.55 819.00
14 231.0 404.59 736.77
15 231.0 888.99 518.84
6 232.0 253.75 599.88
7 232.0 279.77 548.67
8 232.0 552.65 483.01
9 232.0 378.42 662.78
10 232.0 566.59 464.94
11 232.0 461.75 925.56
12 232.0 620.84 895.54
13 232.0 428.82 816.95
14 232.0 402.47 729.87
15 232.0 894.82 517.06
6 233.0 256.17 607.83
7 233.0 272.82 550.42
8 233.0 552.65 483.01
9 233.0 378.42 662.78
10 233.0 560.65 466.90
11 233.0 459.77 919.34
12 233.0 628.77 893.09
13 233.0 427.12 812.29
14 233.0 400.20 722.47
15 233.0 901.37 515.07
6 234.0 258.69 616.14
7 234.0 266.57 552.27
8 234.0 552.65 483.01
9 234.0 378.42 662.78
10 234.0 558.50 467.61
11 234.0 457.81 913.15
12 234.0 635.96 890.88
13 234.0 425.19 805.79
14 234.0 397.94 715.10
15 234.0 907.58 513.20
6 235.0 261.04 623.86
7 235.0 259.40 554.38
8 235.0 552.65 483.01
9 235.0 378.42 662.78
10 235.0 557.95 467.79
11 235.0 456.00 907.05
12 235.0 643.60 888.52
13 235.0 423.09 798.74
14 235.0 395.65 707.66
15 235.0 914.01 511.27
6 236.0 263.55 632.06
7 236.0 253.04 556.26
8 236.0 552.65 483.01
9 236.0 378.42 662.78
10 236.0 557.87 467.82
11 236.0 454.08 900.58
12 236.0 650.99 886.23
13 236.0 421.36 792.90
14 236.0 393.56 700.85
15 236.0 920.39 509.37
6 237.0 265.93 639.78
7 237.0 247.44 557.47
8 237.0 552.65 483.01
9 237.0 378.42 662.78
10 237.0 557.86 467.82
11 237.0 452.22 894.30
12 237.0 658.65 883.87
13 237.0 419.30 785.97
14 237.0 391.43 693.91
15 237.0 926.11 507.66
6 238.0 268.34 647.56
7 238.0 243.41 554.30
8 238.0 552.65 483.01
9 238.0 378.42 662.78
10 238.0 557.86 467.82
11 238.0 450.31 888.06
12 238.0 665.97 880.62
13 238.0 417.44 779.71
14 238.0 389.52 687.68
15 238.0 932.03 505.89
6 239.0 270.75 655.35
7 239.0 241.74 549.30
8 239.0 552.65 483.01
9 239.0 378.42 662.78
10 239.0 557.86 467.82
11 239.0 448.54 882.26
12 239.0 670.20 873.68
13 239.0 415.64 773.64
14 239.0 387.66 681.63
15 239.0 938.07 504.08
6 240.0 273.11 662.95
7 240.0 239.80 542.89
8 240.0 552.05 481.28
9 240.0 379.21 664.85
10 240.0 557.86 467.82
11 240.0 446.77 876.41
12 240.0 669.11 866.00
13 240.0 413.87 767.66
14 240.0 385.45 674.50
15 240.0 944.10 502.28
6 241.0 275.66 670.98
7 241.0 237.83 536.42
8 241.0 551.04 478.20
9 241.0 380.49 667.46
10 241.0 557.86 467.82
11 241.0 444.93 870.37
12 241.0 666.67 857.67
13 241.0 411.85 760.88
14 241.0 383.22 667.44
15 241.0 950.49 501.16
6 242.0 278.20 679.26
7 242.0 235.92 530.12
8 242.0 549.40 473.19
9 242.0 380.49 667.46
10 242.0 557.86 467.82
11 242.0 443.29 864.98
12 242.0 664.33 849.67
13 242.0 410.07 754.89
14 242.0 381.13 660.69
15 242.0 955.42 503.76
6 243.0 280.73 687.49
7 243.0 233.89 523.42
8 243.0 547.28 466.71
9 243.0 381.79 668.65
10 243.0 557.86 467.82
11 243.0 441.42 858.92
12 243.0 662.19 842.39
13 243.0 408.24 748.71
14 243.0 379.21 654.22
15 243.0 958.27 509.25
6 244.0 283.20 695.51
7 244.0 231.93 516.97
8 244.0 545.00 459.60
9 244.0 385.14 670.14
10 244.0 557.86 467.82
11 244.0 439.75 853.51
12 244.0 659.73 834.23
13 244.0 406.44 742.79
14 244.0 377.26 647.64
15 244.0 960.55 515.46
6 245.0 285.76 703.82
7 245.0 229.75 509.77
8 245.0 542.62 452.02
9 245.0 390.86 669.41
10 245.0 557.86 467.82
11 245.0 437.97 847.75
12 245.0 657.29 826.13
13 245.0 404.31 735.87
14 245.0 375.26 640.90
15 245.0 962.21 521.24
6 246.0 288.19 711.79
7 246.0 227.81 503.36
8 246.0 540.36 444.65
9 246.0 398.35 667.14
10 246.0 557.86 467.82
11 246.0 435.93 841.15
12 246.0 654.97 818.43
13 246.0 402.19 728.95
14 246.0 373.34 634.44
15 246.0 963.93 527.27
6 247.0 290.64 719.83
7 247.0 225.93 497.08
8 247.0 538.02 437.05
9 247.0 405.97 664.83
10 247.0 557.86 467.82
11 247.0 434.17 835.46
12 247.0 652.67 810.80
13 247.0 400.09 722.11
14 247.0 371.31 627.61
15 247.0 965.73 533.57
6 248.0 292.90 727.27
7 248.0 225.33 490.46
8 248.0 536.91 428.81
9 248.0 414.42 662.27
10 248.0 557.86 467.82
11 248.0 432.49 830.03
12 248.0 650.37 803.20
13 248.0 397.99 715.28
14 248.0 369.44 621.32
15 248.0 967.39 539.32
6 249.0 295.28 735.07
7 249.0 224.87 482.08
8 249.0 536.20 421.02
9 249.0 422.66 659.78
10 249.0 557.86 467.82
11 249.0 430.60 825.65
12 249.0 647.97 795.26
13 249.0 395.85 708.32
14 249.0 367.42 614.49
15 249.0 969.15 545.36
6 250.0 297.71 743.06
7 250.0 222.02 472.20
8 250.0 533.68 413.64
9 250.0 430.41 657.43
10 250.0 557.86 467.82
11 250.0 425.16 822.43
12 250.0 645.69 787.73
13 250.0 393.76 701.51
14 250.0 365.40 607.71
15 250.0 971.04 551.87
6 251.0 300.20 751.25
7 251.0 219.44 462.76
8 251.0 531.30 406.62
9 251.0 438.17 655.09
10 251.0 557.86 467.82
11 251.0 419.27 823.50
12 251.0 643.33 779.92
13 251.0 391.91 695.47
14 251.0 363.48 601.27
15 251.0 972.71 557.62
6 252.0 302.76 759.64
7 252.0 217.43 455.86
8 252.0 528.48 398.96
9 252.0 445.63 652.83
10 252.0 557.86 467.82
11 252.0 413.41 825.25
12 252.0 641.21 772.80
13 252.0 390.03 689.35
14 252.0 361.36 594.21
15 252.0 974.71 564.47
6 253.0 305.18 767.61
7 253.0 216.55 449.03
8 253.0 525.34 391.68
9 253.0 453.34 650.51
10 253.0 557.86 467.82
11 253.0 407.53 827.01
12 253.0 638.74 764.50
13 253.0 388.08 683.01
14 253.0 359.40 587.78
15 253.0 976.46 570.51
6 254.0 307.51 775.32
7 254.0 219.61 442.87
8 254.0 521.75 384.76
9 254.0 461.77 647.96
10 254.0 557.86 467.82
11 254.0 401.75 828.75
12 254.0 636.30 756.28
13 254.0 386.19 676.84
14 254.0 357.37 581.24
15 254.0 978.42 577.25
6 255.0 309.89 783.12
7 255.0 226.41 439.76
8 255.0 518.98 377.85
9 255.0 469.16 645.73
10 255.0 557.86 467.82
11 255.0 395.90 830.51
12 255.0 633.91 748.26
13 255.0 384.09 670.19
14 255.0 355.27 574.47
15 255.0 980.40 584.04
6 256.0 312.16 790.53
7 256.0 234.74 436.78
8 256.0 518.63 369.95
9 256.0 477.08 643.33
10 256.0 557.86 467.82
11 256.0 389.86 832.32
12 256.0 631.64 740.80
13 256.0 382.12 663.94
14 256.0 353.12 567.55
15 256.0 982.10 589.92
6 257.0 314.39 797.85
7 257.0 243.50 434.18
8 257.0 520.84 362.66
9 257.0 485.03 640.93
10 257.0 557.86 467.82
11 257.0 384.19 834.02
12 257.0 629.22 732.84
13 257.0 380.20 657.53
14 257.0 351.06 560.61
15 257.0 983.94 596.24
6 258.0 316.66 805.31
7 258.0 253.16 431.37
8 258.0 523.29 355.40
9 258.0 492.74 638.59
10 258.0 557.86 467.82
11 258.0 378.27 835.79
12 258.0 626.89 725.15
13 258.0 378.20 650.82
14 258.0 349.28 554.32
15 258.0 985.89 602.93
6 259.0 318.97 813.17
7 259.0 262.59 428.64
8 259.0 525.74 348.13
9 259.0 501.28 636.01
10 259.0 557.86 467.82
11 259.0 371.94 837.68
12 259.0 624.59 717.53
13 259.0 376.35 644.59
14 259.0 347.40 547.67
15 259.0 987.60 608.83
6 260.0 321.36 821.25
7 260.0 271.68 426.03
8 260.0 527.20 343.81
9 260.0 509.66 633.48
10 260.0 557.86 467.82
11 260.0 365.58 839.59
12 260.0 622.21 709.63
13 260.0 374.60 638.68
14 260.0 346.11 543.12
15 260.0 989.51 615.20
6 261.0 323.98 829.56
7 261.0 281.21 423.29
8 261.0 528.65 339.07
9 261.0 517.54 631.10
10 261.0 557.86 467.82
11 261.0 359.18 841.50
12 261.0 620.07 702.51
13 261.0 372.77 632.52
14 261.0 344.32 536.99
15 261.0 991.54 621.94
6 262.0 326.43 837.40
7 262.0 290.17 420.71
8 262.0 528.47 335.16
9 262.0 525.42 628.71
10 262.0 557.86 467.82
11 262.0 353.69 843.15
12 262.0 617.70 694.64
13 262.0 370.74 625.69
14 262.0 342.35 530.33
15 262.0 994.95 627.23
6 263.0 328.80 845.19
7 263.0 299.36 418.15
8 263.0 523.93 336.48
9 263.0 532.92 626.44
10 263.0 557.86 467.82
11 263.0 347.80 844.92
12 263.0 615.37 686.86
13 263.0 368.84 619.29
14 263.0 340.21 523.29
15 263.0 997.30 633.20
6 264.0 331.03 852.48
7 264.0 308.24 415.65
8 264.0 517.99 338.82
9 264.0 541.45 623.86
10 264.0 557.86 467.82
11 264.0 342.35 846.55
12 264.0 613.13 679.32
13 264.0 367.01 613.13
14 264.0 338.21 516.84
15 264.0 998.98 639.58
6 265.0 333.60 860.89
7 265.0 317.49 413.01
8 265.0 509.87 341.71
9 265.0 548.90 621.60
10 265.0 557.86 467.82
11 265.0 338.08 847.72
12 265.0 610.98 672.07
13 265.0 365.14 606.84
14 265.0 336.25 510.49
15 265.0 998.72 645.48
6 266.0 336.16 869.23
7 266.0 327.18 410.20
8 266.0 499.71 344.74
9 266.0 556.97 619.17
10 266.0 557.86 467.82
11 266.0 333.88 847.07
12 266.0 608.82 664.80
13 266.0 363.12 600.07
14 266.0 334.11 503.57
15 266.0 996.89 650.70
6 267.0 338.61 877.25
7 267.0 336.48 407.49
8 267.0 489.91 347.77
9 267.0 565.11 616.70
10 267.0 557.86 467.82
11 267.0 331.39 842.72
12 267.0 606.35 656.48
13 267.0 361.22 593.75
14 267.0 332.09 497.05
15 267.0 991.96 652.18
6 268.0 341.10 885.36
7 268.0 345.92 404.75
8 268.0 479.33 351.04
9 268.0 573.30 614.23
10 268.0 557.86 467.82
11 268.0 329.55 836.67
12 268.0 603.91 648.56
13 268.0 359.29 587.44
14 268.0 330.13 490.70
15 268.0 985.97 654.39
6 269.0 343.40 892.86
7 269.0 355.57 401.95
8 269.0 469.29 354.15
9 269.0 579.99 612.21
10 269.0 557.86 467.82
11 269.0 327.72 830.79
12 269.0 601.55 640.96
13 269.0 357.32 581.10
14 269.0 328.08 483.93
15 269.0 979.33 656.56
6 270.0 345.83 900.82
7 270.0 364.42 399.38
8 270.0 459.07 357.31
9 270.0 583.46 610.81
10 270.0 557.86 467.82
11 270.0 325.85 824.85
12 270.0 599.04 632.85
13 270.0 355.16 574.13
14 270.0 326.11 477.41
15 270.0 973.40 658.46
6 271.0 348.09 908.20
7 271.0 373.55 396.73
8 271.0 448.38 357.21
9 271.0 583.03 608.48
10 271.0 557.86 467.82
11 271.0 324.12 819.39
12 271.0 596.48 624.62
13 271.0 353.19 567.79
14 271.0 324.02 470.61
15 271.0 966.88 660.27
6 272.0 350.47 915.97
7 272.0 382.45 394.30
8 272.0 438.46 360.15
9 272.0 579.93 608.88
10 272.0 557.86 467.82
11 272.0 322.19 812.80
12 272.0 594.06 616.81
13 272.0 351.39 561.79
14 272.0 321.95 463.88
15 272.0 961.32 661.82
6 273.0 352.79 923.55
7 273.0 391.66 393.02
8 273.0 428.77 363.02
9 273.0 574.46 610.54
10 273.0 557.86 467.82
11 273.0 320.35 806.42
12 273.0 591.56 608.76
13 273.0 349.62 555.54
14 273.0 319.94 457.33
15 273.0 955.44 663.44
6 274.0 355.03 930.85
7 274.0 401.23 390.08
8 274.0 418.28 366.12
9 274.0 566.94 612.81
10 274.0 557.86 467.82
11 274.0 318.35 799.85
12 274.0 589.17 601.09
13 274.0 347.93 549.55
14 274.0 317.94 450.78
15 274.0 949.52 664.49
6 275.0 357.42 938.64
7 275.0 410.39 387.77
8 275.0 408.08 369.14
9 275.0 558.44 615.38
10 275.0 557.86 467.82
11 275.0 316.38 793.38
12 275.0 586.65 592.99
13 275.0 346.41 544.16
14 275.0 315.74 443.61
15 275.0 943.68 664.10
6 276.0 359.69 946.07
7 276.0 419.66 387.44
8 276.0 397.52 372.53
9 276.0 550.26 617.86
10 276.0 557.86 467.82
11 276.0 314.66 787.78
12 276.0 584.30 585.47
13 276.0 344.50 537.59
14 276.0 313.47 436.20
15 276.0 938.26 661.54
6 277.0 362.26 954.45
7 277.0 428.92 384.19
8 277.0 387.72 376.83
9 277.0 542.30 620.26
10 277.0 557.86 467.82
11 277.0 312.77 781.62
12 277.0 581.99 578.09
13 277.0 342.65 531.34
14 277.0 311.38 429.44
15 277.0 933.01 657.58
6 278.0 364.60 962.10
7 278.0 438.55 380.88
8 278.0 377.34 379.90
9 278.0 533.73 622.85
10 278.0 557.86 467.82
11 278.0 310.96 775.68
12 278.0 579.65 570.60
13 278.0 340.87 525.45
14 278.0 310.25 425.85
15 278.0 928.47 653.37
6 279.0 368.62 968.96
7 279.0 447.85 378.13
8 279.0 367.01 382.96
9 279.0 525.60 625.32
10 279.0 557.86 467.82
11 279.0 309.13 769.62
12 279.0 577.34 563.22
13 279.0 338.88 519.00
14 279.0 309.07 419.93
15 279.0 923.77 649.01
6 280.0 376.40 969.52
7 280.0 457.50 375.28
8 280.0 356.99 385.92
9 280.0 518.15 627.58
10 280.0 557.86 467.82
11 280.0 307.43 764.02
12 280.0 574.91 555.44
13 280.0 336.91 512.62
14 280.0 311.92 414.82
15 280.0 919.52 645.07
6 281.0 384.18 967.21
7 281.0 466.22 372.71
8 281.0 346.26 389.10
9 281.0 510.31 629.94
10 281.0 557.86 467.82
11 281.0 305.75 758.51
12 281.0 572.40 547.43
13 281.0 334.82 505.88
14 281.0 316.62 409.92
15 281.0 914.65 640.56
6 282.0 392.49 964.74
7 282.0 474.99 370.12
8 282.0 335.54 392.27
9 282.0 502.45 632.32
10 282.0 557.86 467.82
11 282.0 303.82 752.16
12 282.0 569.82 539.18
13 282.0 332.73 499.12
14 282.0 323.74 407.85
15 282.0 909.91 636.17
6 283.0 399.79 962.58
7 283.0 484.01 367.45
8 283.0 325.89 395.04
9 283.0 493.86 634.92
10 283.0 557.86 467.82
11 283.0 302.16 746.71
12 283.0 567.59 532.04
13 283.0 330.76 492.75
14 283.0 331.81 402.18
15 283.0 905.38 631.97
6 284.0 407.60 960.26
7 284.0 493.32 364.70
8 284.0 315.67 396.57
9 284.0 486.21 637.23
10 284.0 557.86 467.82
11 284.0 300.38 740.85
12 284.0 565.39 524.74
13 284.0 328.94 486.80
14 284.0 341.57 399.35
15 284.0 900.70 627.63
6 285.0 415.50 957.91
7 285.0 502.98 361.85
8 285.0 305.25 399.84
9 285.0 477.58 639.84
10 285.0 556.00 468.41
11 285.0 298.48 734.61
12 285.0 563.09 516.99
13 285.0 327.18 480.93
14 285.0 351.41 396.49
15 285.0 896.31 623.56
6 286.0 423.61 955.51
7 286.0 510.31 359.96
8 286.0 294.73 403.18
9 286.0 469.47 642.29
10 286.0 552.59 469.48
11 286.0 296.57 728.34
12 286.0 560.84 509.36
13 286.0 325.17 474.37
14 286.0 361.23 393.64
15 286.0 891.81 619.11
6 287.0 431.34 953.21
7 287.0 514.79 359.73
8 287.0 284.35 406.33
9 287.0 461.18 644.79
10 287.0 547.12 471.20
11 287.0 294.59 721.83
12 287.0 558.50 501.48
13 287.0 323.21 467.98
14 287.0 370.32 391.00
15 287.0 887.27 614.48
6 288.0 438.96 950.95
7 288.0 520.00 362.93
8 288.0 273.90 409.50
9 288.0 453.54 647.10
10 288.0 539.70 473.53
11 288.0 292.66 715.48
12 288.0 556.23 493.78
13 288.0 321.10 461.13
14 288.0 379.56 388.35
15 288.0 882.40 609.53
6 289.0 447.17 948.51
7 289.0 520.41 369.94
8 289.0 264.02 412.49
9 289.0 445.97 649.39
10 289.0 533.85 475.35
11 289.0 290.94 709.84
12 289.0 554.09 487.18
13 289.0 318.97 454.16
14 289.0 388.70 387.24
15 289.0 877.60 604.65
6 290.0 454.62 946.29
7 290.0 520.82 377.47
8 290.0 253.82 415.59
9 290.0 437.61 651.92
10 290.0 526.59 477.57
11 290.0 289.65 705.41
12 290.0 552.73 483.25
13 290.0 316.84 447.19
14 290.0 397.89 384.41
15 290.0 873.38 600.33
6 291.0 461.50 943.77
7 291.0 521.21 384.69
8 291.0 243.95 418.58
9 291.0 429.30 654.43
10 291.0 519.56 479.71
11 291.0 290.58 700.64
12 291.0 552.66 483.05
13 291.0 314.86 440.74
14 291.0 407.58 381.04
15 291.0 870.68 594.88
6 292.0 464.94 937.54
7 292.0 521.57 391.22
8 292.0 234.21 421.53
9 292.0 421.06 656.93
10 292.0 511.92 481.98
11 292.0 294.28 698.64
12 292.0 552.65 483.01
13 292.0 312.97 434.54
14 292.0 415.22 375.44
15 292.0 868.73 588.34
6 293.0 463.01 929.52
7 293.0 522.03 398.19
8 293.0 223.79 424.69
9 293.0 413.16 659.32
10 293.0 504.32 484.06
11 293.0 299.71 696.99
12 293.0 552.65 483.01
13 293.0 310.88 427.86
14 293.0 423.96 372.37
15 293.0 866.97 582.41
6 294.0 460.38 921.27
7 294.0 523.96 404.83
8 294.0 216.53 426.92
9 294.0 405.57 661.61
10 294.0 496.47 486.09
11 294.0 305.54 695.22
12 294.0 552.65 483.01
13 294.0 309.40 422.47
14 294.0 433.14 369.14
15 294.0 865.24 576.56
6 295.0 457.87 913.34
7 295.0 526.32 411.91
8 295.0 208.90 427.27
9 295.0 397.55 664.04
10 295.0 488.69 488.67
11 295.0 311.80 693.32
12 295.0 552.65 483.01
13 295.0 309.81 416.70
14 295.0 442.62 366.33
15 295.0 863.52 570.76
6 296.0 455.47 905.25
7 296.0 528.64 418.71
8 296.0 202.48 421.76
9 296.0 389.29 666.54
10 296.0 481.00 491.19
11 296.0 317.83 691.49
12 296.0 552.65 483.01
13 296.0 314.03 414.02
14 296.0 452.42 363.43
15 296.0 861.58 564.23
6 297.0 453.10 897.26
7 297.0 531.08 425.82
8 297.0 198.94 413.69
9 297.0 383.11 670.85
10 297.0 473.94 493.33
11 297.0 323.74 689.70
12 297.0 552.65 483.01
13 297.0 320.45 412.15
14 297.0 462.42 360.48
15 297.0 859.86 558.44
6 298.0 450.76 889.52
7 298.0 530.44 433.14
8 298.0 196.07 406.75
9 298.0 383.45 678.80
10 298.0 465.76 495.81
11 298.0 329.82 687.86
12 298.0 552.65 483.01
13 298.0 328.20 409.90
14 298.0 472.45 357.51
15 298.0 858.08 552.45
6 299.0 448.27 881.36
7 299.0 532.19 439.89
8 299.0 193.15 399.44
9 299.0 385.97 687.01
10 299.0 458.50 498.00
11 299.0 335.33 686.18
12 299.0 552.65 483.01
13 299.0 337.61 407.17
14 299.0 481.55 354.82
15 299.0 856.13 545.92
6 300.0 445.93 873.65
7 300.0 534.21 446.46
8 300.0 190.58 393.19
9 300.0 388.56 695.45
10 300.0 450.29 500.49
11 300.0 340.79 684.52
12 300.0 552.65 483.01
13 300.0 345.84 404.78
14 300.0 490.77 352.10
15 300.0 854.66 540.04
6 301.0 443.62 866.07
7 301.0 536.21 452.96
8 301.0 188.90 390.58
9 301.0 391.13 703.82
10 301.0 443.01 502.69
11 301.0 346.44 682.80
12 301.0 552.65 483.01
13 301.0 354.98 402.12
14 301.0 499.90 349.41
15 301.0 853.74 533.95
6 302.0 441.27 858.43
7 302.0 538.45 460.12
8 302.0 186.77 390.67
9 302.0 393.55 711.72
10 302.0 435.30 505.01
11 302.0 352.80 680.86
12 302.0 552.65 483.01
13 302.0 363.91 399.53
14 302.0 509.94 346.93
15 302.0 853.98 528.59
6 303.0 438.95 850.92
7 303.0 539.35 462.98
8 303.0 187.05 393.38
9 303.0 396.01 719.73
10 303.0 427.45 507.37
11 303.0 358.28 679.18
12 303.0 552.65 483.01
13 303.0 372.77 396.95
14 303.0 519.90 344.79
15 303.0 851.91 524.73
6 304.0 436.52 843.07
7 304.0 539.42 463.24
8 304.0 188.97 397.63
9 304.0 398.29 727.15
10 304.0 420.42 509.49
11 304.0 364.19 677.37
12 304.0 552.65 483.01
13 304.0 381.92 394.40
14 304.0 526.51 343.37
15 304.0 847.45 522.23
6 305.0 434.28 835.82
7 305.0 539.44 463.28
8 305.0 191.66 404.33
9 305.0 400.59 734.66
10 305.0 412.23 511.94
11 305.0 369.71 675.68
12 305.0 552.65 483.01
13 305.0 390.82 393.28
14 305.0 528.09 341.16
15 305.0 845.35 517.70
6 306.0 432.24 829.24
7 306.0 539.45 463.31
8 306.0 194.58 411.57
9 306.0 403.11 742.87
10 306.0 404.90 514.14
11 306.0 375.37 673.95
12 306.0 552.65 483.01
13 306.0 399.76 390.53
14 306.0 528.97 337.07
15 306.0 843.27 511.18
6 307.0 433.20 823.36
7 307.0 539.45 463.31
8 307.0 197.79 419.01
9 307.0 405.45 750.53
10 307.0 396.89 516.54
11 307.0 379.60 673.81
12 307.0 552.65 483.01
13 307.0 408.09 388.01
14 307.0 526.41 335.51
15 307.0 841.41 505.10
6 308.0 438.61 821.03
7 308.0 539.45 463.31
8 308.0 201.16 427.67
9 308.0 407.72 758.18
10 308.0 389.86 518.65
11 308.0 382.90 677.31
12 308.0 552.65 483.01
13 308.0 417.75 388.12
14 308.0 520.83 337.70
15 308.0 839.66 499.40
6 309.0 445.60 818.92
7 309.0 539.45 463.31
8 309.0 203.63 434.33
9 309.0 410.13 766.30
10 309.0 381.73 521.09
11 309.0 384.37 681.79
12 309.0 552.65 483.01
13 309.0 426.83 384.92
14 309.0 513.98 340.39
15 309.0 837.91 493.68
6 310.0 454.01 816.39
7 310.0 539.45 463.31
8 310.0 205.28 437.82
9 310.0 412.55 774.44
10 310.0 373.78 523.52
11 310.0 386.03 687.20
12 310.0 552.65 483.01
13 310.0 435.32 381.93
14 310.0 505.64 342.90
15 310.0 835.89 487.11
6 311.0 461.40 814.17
7 311.0 539.45 463.31
8 311.0 210.83 437.95
9 311.0 415.10 783.05
10 311.0 366.02 525.91
11 311.0 387.96 693.50
12 311.0 552.65 483.01
13 311.0 443.67 379.37
14 311.0 496.20 345.82
15 311.0 833.82 480.37
6 312.0 469.65 811.66
7 312.0 539.45 463.31
8 312.0 217.81 435.96
9 312.0 417.51 791.16
10 312.0 359.06 528.14
11 312.0 389.89 699.81
12 312.0 552.65 483.01
13 312.0 452.34 376.81
14 312.0 485.63 345.74
15 312.0 832.00 474.43
6 313.0 476.98 809.44
7 313.0 539.45 463.31
8 313.0 226.13 436.46
9 313.0 419.72 798.62
10 313.0 352.24 530.33
11 313.0 391.76 705.88
12 313.0 552.65 483.01
13 313.0 460.75 374.32
14 313.0 476.16 348.67
15 313.0 829.00 468.23
6 314.0 485.16 806.97
7 314.0 539.45 463.31
8 314.0 236.76 436.14
9 314.0 422.01 806.33
10 314.0 345.02 533.12
11 314.0 393.61 711.93
12 314.0 552.65 483.01
13 314.0 469.12 371.85
14 314.0 466.90 351.54
15 314.0 827.19 463.03
6 315.0 492.43 804.78
7 315.0 539.45 463.31
8 315.0 247.51 436.35
9 315.0 424.43 814.48
10 315.0 342.30 540.31
11 315.0 395.57 718.30
12 315.0 552.65 483.01
13 315.0 478.06 369.21
14 315.0 457.44 354.47
15 315.0 828.24 456.35
6 316.0 500.41 802.37
7 316.0 539.45 463.31
8 316.0 257.45 433.46
9 316.0 424.38 820.79
10 316.0 344.00 547.41
11 316.0 397.34 724.07
12 316.0 552.65 483.01
13 316.0 486.98 366.57
14 316.0 447.86 357.37
15 316.0 829.72 449.89
6 317.0 508.11 800.04
7 317.0 539.45 463.31
8 317.0 268.13 430.37
9 317.0 419.08 823.56
10 317.0 346.00 554.47
11 317.0 399.31 730.50
12 317.0 552.65 483.01
13 317.0 495.58 364.03
14 317.0 439.10 359.96
15 317.0 831.07 443.94
6 318.0 515.69 797.76
7 318.0 539.45 463.31
8 318.0 277.76 427.60
9 318.0 411.94 825.69
10 318.0 348.12 561.94
11 318.0 401.27 736.87
12 318.0 552.65 483.01
13 318.0 504.18 361.51
14 318.0 430.14 362.61
15 318.0 832.58 437.16
6 319.0 523.08 795.53
7 319.0 539.45 463.31
8 319.0 287.85 424.70
9 319.0 404.15 828.03
10 319.0 350.29 569.21
11 319.0 403.11 742.86
12 319.0 552.65 483.01
13 319.0 510.94 359.80
14 319.0 420.64 365.43
15 319.0 834.09 430.34
6 320.0 530.37 793.33
7 320.0 539.45 463.31
8 320.0 298.18 421.79
9 320.0 396.01 830.47
10 320.0 352.80 577.33
11 320.0 404.95 748.86
12 320.0 552.65 483.01
13 320.0 515.50 359.97
14 320.0 410.68 368.37
15 320.0 835.40 424.40
6 321.0 537.64 791.13
7 321.0 539.45 463.31
8 321.0 304.50 421.96
9 321.0 388.41 832.75
10 321.0 355.29 585.34
11 321.0 406.75 754.92
12 321.0 552.65 483.01
13 321.0 519.99 363.02
14 321.0 401.22 371.17
15 321.0 836.92 417.55
6 322.0 545.18 788.88
7 322.0 539.45 463.31
8 322.0 306.48 424.78
9 322.0 380.11 835.24
10 322.0 357.70 593.18
11 322.0 408.67 761.39
12 322.0 552.65 483.01
13 322.0 520.32 368.35
14 322.0 391.95 375.58
15 322.0 838.98 412.39
6 323.0 552.48 786.74
7 323.0 539.45 463.31
8 323.0 306.77 425.44
9 323.0 371.66 837.76
10 323.0 359.91 600.48
11 323.0 410.30 766.89
12 323.0 552.65 483.01
13 323.0 520.66 374.64
14 323.0 383.10 378.20
15 323.0 843.63 407.79
6 324.0 560.32 784.45
7 324.0 539.45 463.31
8 324.0 306.92 425.91
9 324.0 363.91 840.08
10 324.0 362.25 608.34
11 324.0 412.24 773.42
12 324.0 552.65 483.01
13 324.0 521.00 380.91
14 324.0 374.05 380.88
15 324.0 849.69 402.22
6 325.0 568.21 782.14
7 325.0 539.45 463.31
8 325.0 306.97 426.07
9 325.0 356.19 842.40
10 325.0 364.58 616.16
11 325.0 413.94 779.15
12 325.0 552.65 483.01
13 325.0 521.35 387.17
14 325.0 364.94 383.57
15 325.0 858.77 401.06
6 326.0 576.46 779.72
7 326.0 539.45 463.31
8 326.0 306.98 426.10
9 326.0 348.29 844.77
10 326.0 366.81 623.70
11 326.0 415.60 784.72
12 326.0 552.65 483.01
13 326.0 521.72 394.02
14 326.0 356.17 386.17
15 326.0 868.62 400.09
6 327.0 583.71 777.54
7 327.0 539.45 463.31
8 327.0 306.98 426.12
9 327.0 341.75 846.73
10 327.0 369.07 631.28
11 327.0 417.29 790.40
12 327.0 552.65 483.01
13 327.0 522.49 400.27
14 327.0 346.79 388.94
15 327.0 876.85 402.01
6 328.0 591.07 775.32
7 328.0 539.45 463.31
8 328.0 306.98 426.12
9 328.0 335.95 847.89
10 328.0 371.35 638.96
11 328.0 419.12 796.58
12 328.0 552.65 483.01
13 328.0 524.65 406.89
14 328.0 337.26 391.76
15 328.0 884.94 403.88
6 329.0 598.97 772.85
7 329.0 539.45 463.31
8 329.0 306.98 426.12
9 329.0 331.54 843.20
10 329.0 373.46 646.08
11 329.0 420.84 802.37
12 329.0 552.65 483.01
13 329.0 526.59 412.73
14 329.0 327.44 394.66
15 329.0 894.06 405.99
6 330.0 606.74 770.42
7 330.0 540.05 465.06
8 330.0 307.75 428.59
9 330.0 329.26 835.69
10 330.0 375.61 653.33
11 330.0 422.62 808.38
12 330.0 551.93 481.35
13 330.0 528.60 418.60
14 330.0 317.84 395.90
15 330.0 902.27 407.89
6 331.0 614.65 768.04
7 331.0 541.65 469.12
8 331.0 309.04 432.67
9 331.0 326.80 827.87
10 331.0 377.89 661.02
11 331.0 424.38 814.30
12 331.0 550.19 478.14
13 331.0 530.69 424.68
14 331.0 308.69 398.74
15 331.0 911.58 410.08
6 332.0 622.18 765.77
7 332.0 544.51 474.71
8 332.0 310.92 438.79
9 332.0 324.10 819.33
10 332.0 378.99 666.47
11 332.0 425.93 818.25
12 332.0 548.92 476.77
13 332.0 530.73 431.02
14 332.0 299.22 401.79
15 332.0 920.11 412.81
6 333.0 627.56 764.15
7 333.0 548.33 481.17
8 333.0 313.31 446.61
9 333.0 321.62 810.79
10 333.0 375.39 670.52
11 333.0 430.05 821.95
12 333.0 548.85 476.71
13 333.0 531.57 437.85
14 333.0 290.46 404.47
15 333.0 924.25 414.18
6 334.0 634.30 760.51
7 334.0 550.84 487.51
8 334.0 315.72 454.46
9 334.0 319.22 802.72
10 334.0 369.49 672.40
11 334.0 435.79 821.87
12 334.0 548.80 476.68
13 334.0 533.52 444.20
14 334.0 281.56 407.17
15 334.0 923.19 413.77
6 335.0 635.28 752.95
7 335.0 552.83 493.58
8 335.0 318.07 462.17
9 335.0 316.91 795.13
10 335.0 362.52 674.54
11 335.0 441.63 820.12
12 335.0 548.78 476.66
13 335.0 535.38 450.26
14 335.0 272.07 410.05
15 335.0 922.92 413.66
6 336.0 632.92 745.03
7 336.0 554.81 500.28
8 336.0 320.19 469.06
9 336.0 314.61 787.60
10 336.0 354.65 676.94
11 336.0 447.18 818.45
12 336.0 548.78 476.66
13 336.0 537.38 456.68
14 336.0 262.20 413.04
15 336.0 922.76 413.60
6 337.0 630.38 736.65
7 337.0 556.72 506.73
8 337.0 322.60 476.88
9 337.0 312.13 779.51
10 337.0 346.66 678.94
11 337.0 452.98 816.70
12 337.0 548.78 476.66
13 337.0 539.41 463.19
14 337.0 252.85 415.88
15 337.0 922.74 413.59
6 338.0 628.12 729.22
7 338.0 558.86 513.95
8 338.0 324.92 484.54
9 338.0 309.68 771.45
10 338.0 338.12 678.65
11 338.0 459.59 814.72
12 338.0 548.78 476.66
13 338.0 541.60 468.97
14 338.0 243.79 418.63
15 338.0 922.74 413.59
6 339.0 625.81 721.57
7 339.0 561.03 521.30
8 339.0 327.33 492.49
9 339.0 307.33 763.70
10 339.0 330.54 680.95
11 339.0 465.06 813.06
12 339.0 548.78 476.66
13 339.0 544.55 474.78
14 339.0 234.02 421.59
15 339.0 922.74 413.59
6 340.0 623.39 713.52
7 340.0 562.98 527.89
8 340.0 329.74 500.27
9 340.0 304.77 755.27
10 340.0 322.64 683.35
11 340.0 470.92 811.27
12 340.0 548.78 476.66
13 340.0 548.22 480.95
14 340.0 224.43 424.50
15 340.0 922.74 413.59
6 341.0 621.15 706.10
7 341.0 565.25 535.29
8 341.0 332.21 508.26
9 341.0 302.17 746.74
10 341.0 315.08 685.64
11 341.0 477.53 809.27
12 341.0 548.78 476.66
13 341.0 550.93 487.79
14 341.0 216.14 427.03
15 341.0 922.74 413.59
6 342.0 618.88 698.56
7 342.0 567.37 542.07
8 342.0 334.42 515.40
9 342.0 299.88 739.20
10 342.0 307.17 688.04
11 342.0 484.02 807.32
12 342.0 546.78 475.16
13 342.0 552.87 493.75
14 342.0 209.13 427.31
15 342.0 922.74 413.59
6 343.0 616.41 690.35
7 343.0 569.35 548.40
8 343.0 336.77 523.00
9 343.0 297.62 731.77
10 343.0 300.05 690.20
11 343.0 490.13 805.47
12 343.0 543.10 474.14
13 343.0 554.33 498.67
14 343.0 203.32 423.13
15 343.0 922.74 413.59
6 344.0 613.96 682.11
7 344.0 571.43 555.05
8 344.0 338.16 527.50
9 344.0 295.07 723.39
10 344.0 294.20 691.98
11 344.0 496.63 803.51
12 344.0 536.83 474.63
13 344.0 556.13 504.74
14 344.0 200.11 416.40
15 344.0 922.74 413.59
6 345.0 611.78 674.75
7 345.0 573.50 561.68
8 345.0 340.16 534.23
9 345.0 292.52 715.03
10 345.0 292.17 692.59
11 345.0 502.71 801.68
12 345.0 530.96 476.23
13 345.0 558.06 511.27
14 345.0 197.11 409.33
15 345.0 922.74 413.59
6 346.0 609.56 667.26
7 346.0 575.46 567.95
8 346.0 342.37 541.69
9 346.0 290.16 707.26
10 346.0 292.02 692.64
11 346.0 508.69 799.87
12 346.0 522.67 478.76
13 346.0 560.04 517.95
14 346.0 194.32 402.38
15 346.0 922.74 413.59
6 347.0 607.06 658.87
7 347.0 577.58 574.73
8 347.0 344.43 548.91
9 347.0 287.76 699.44
10 347.0 291.99 692.65
11 347.0 514.64 798.07
12 347.0 514.51 481.24
13 347.0 562.03 524.69
14 347.0 191.55 395.46
15 347.0 922.74 413.59
6 348.0 604.53 650.57
7 348.0 579.75 581.67
8 348.0 346.55 556.41
9 348.0 285.46 691.97
10 348.0 291.99 692.65
11 348.0 521.15 796.11
12 348.0 507.10 483.34
13 348.0 563.98 531.22
14 348.0 190.04 392.17
15 348.0 922.74 413.59
6 349.0 602.28 643.30
7 349.0 582.03 588.97
8 349.0 348.65 563.84
9 349.0 283.17 684.54
10 349.0 291.99 692.65
11 349.0 526.65 794.45
12 349.0 499.72 485.25
13 349.0 565.91 537.40
14 349.0 188.46 390.35
15 349.0 922.74 413.59
6 350.0 599.96 635.83
7 350.0 584.07 595.48
8 350.0 350.95 571.33
9 350.0 280.60 676.18
10 350.0 290.52 692.90
11 350.0 532.62 792.64
12 350.0 492.09 487.53
13 350.0 568.09 544.39
14 350.0 186.57 391.44
15 350.0 922.74 413.59
6 351.0 597.48 627.84
7 351.0 585.69 600.67
8 351.0 353.23 578.73
9 351.0 278.12 668.23
10 351.0 286.71 692.17
11 351.0 538.49 790.88
12 351.0 484.42 490.10
13 351.0 569.93 550.26
14 351.0 184.45 395.30
15 351.0 922.74 413.59
6 352.0 595.00 619.83
7 352.0 585.44 606.02
8 352.0 355.66 586.54
9 352.0 275.77 660.73
10 352.0 283.85 686.76
11 352.0 543.96 789.23
12 352.0 476.18 492.65
13 352.0 571.98 556.81
14 352.0 186.10 399.07
15 352.0 922.74 413.59
6 353.0 592.69 612.40
7 353.0 580.49 608.72
8 353.0 357.88 593.76
9 353.0 273.34 652.89
10 353.0 281.68 679.69
11 353.0 549.50 787.61
12 353.0 467.93 495.15
13 353.0 574.01 563.32
14 353.0 188.42 404.85
15 353.0 922.74 413.59
6 354.0 590.32 604.78
7 354.0 573.44 610.85
8 354.0 359.94 600.57
9 354.0 270.90 645.03
10 354.0 279.19 671.57
11 354.0 554.92 786.03
12 354.0 459.74 497.63
13 354.0 575.96 569.56
14 354.0 190.82 410.84
15 354.0 922.74 413.59
6 355.0 587.89 596.98
7 355.0 566.47 612.95
8 355.0 362.04 607.62
9 355.0 268.42 637.03
10 355.0 276.93 664.46
11 355.0 561.55 784.09
12 355.0 451.81 500.03
13 355.0 578.10 576.39
14 355.0 193.59 417.50
15 355.0 922.74 413.59
6 356.0 585.43 589.11
7 356.0 559.46 615.07
8 356.0 364.10 614.56
9 356.0 265.79 628.44
10 356.0 274.65 657.11
11 356.0 567.76 782.27
12 356.0 444.22 502.33
13 356.0 580.10 582.81
14 356.0 195.80 422.51
15 356.0 922.74 413.59
6 357.0 582.96 581.21
7 357.0 552.79 617.09
8 357.0 366.18 621.54
9 357.0 263.41 620.64
10 357.0 272.34 649.67
11 357.0 573.52 780.59
12 357.0 436.89 504.54
13 357.0 582.26 589.69
14 357.0 198.60 429.95
15 357.0 922.74 413.59
6 358.0 580.67 573.87
7 358.0 545.91 619.17
8 358.0 368.33 628.81
9 358.0 261.04 612.86
10 358.0 270.15 642.60
11 358.0 579.38 778.86
12 358.0 429.14 506.87
13 358.0 584.09 595.56
14 358.0 201.23 437.08
15 358.0 922.74 413.59
6 359.0 578.10 565.65
7 359.0 539.48 621.11
8 359.0 370.45 635.95
9 359.0 258.68 605.09
10 359.0 267.64 634.47
11 359.0 585.48 777.01
12 359.0 421.94 509.03
13 359.0 586.16 602.17
14 359.0 203.76 443.36
15 359.0 922.74 413.59
6 360.0 575.62 557.72
7 360.0 532.11 623.35
8 360.0 372.52 642.93
9 360.0 256.15 596.75
10 360.0 265.39 627.13
11 360.0 591.55 775.17
12 360.0 414.30 511.32
13 360.0 588.30 609.07
14 360.0 207.78 450.87
15 360.0 922.74 413.59
6 361.0 573.10 549.67
7 361.0 525.25 625.43
8 361.0 374.60 649.93
9 361.0 253.79 588.98
10 361.0 263.04 619.43
11 361.0 597.09 773.45
12 361.0 406.78 513.58
13 361.0 590.38 615.74
14 361.0 211.45 458.19
15 361.0 922.74 413.59
6 362.0 570.56 541.55
7 362.0 518.93 627.34
8 362.0 376.96 657.87
9 362.0 251.32 580.87
10 362.0 260.62 611.46
11 362.0 603.00 771.58
12 362.0 398.92 515.94
13 362.0 592.50 622.59
14 362.0 214.13 467.59
15 362.0 922.74 413.59
6 363.0 568.27 534.21
7 363.0 512.05 629.42
8 363.0 379.05 664.84
9 363.0 248.89 572.87
10 363.0 258.19 603.46
11 363.0 609.16 769.69
12 363.0 390.82 518.36
13 363.0 594.54 629.15
14 363.0 216.64 476.62
15 363.0 922.74 413.59
6 364.0 565.79 526.09
7 364.0 504.77 631.62
8 364.0 381.53 672.71
9 364.0 248.13 566.13
10 364.0 256.02 596.34
11 364.0 615.50 767.78
12 364.0 383.33 520.61
13 364.0 596.48 635.41
14 364.0 219.34 485.99
15 364.0 922.74 413.59
6 365.0 563.41 518.07
7 365.0 497.50 633.82
8 365.0 384.03 680.69
9 365.0 253.87 562.67
10 365.0 253.77 588.92
11 365.0 620.96 766.14
12 365.0 376.11 522.81
13 365.0 598.61 642.27
14 365.0 221.73 494.16
15 365.0 922.74 413.59
6 366.0 561.10 510.26
7 366.0 490.34 635.98
8 366.0 386.44 688.55
9 366.0 262.30 560.19
10 366.0 251.28 580.74
11 366.0 626.91 764.35
12 366.0 368.88 525.03
13 366.0 600.72 649.07
14 366.0 223.93 501.55
15 366.0 922.74 413.59
6 367.0 558.80 502.46
7 367.0 483.05 638.19
8 367.0 388.74 696.04
9 367.0 269.79 557.98
10 367.0 249.14 573.69
11 367.0 631.99 763.42
12 367.0 361.36 527.40
13 367.0 602.63 655.24
14 367.0 226.05 508.60
15 367.0 922.74 413.59
6 368.0 556.35 494.20
7 368.0 476.09 640.29
8 368.0 391.13 703.83
9 368.0 277.79 555.63
10 368.0 246.70 565.64
11 368.0 635.64 766.10
12 368.0 353.99 529.77
13 368.0 604.51 661.49
14 368.0 228.19 515.64
15 368.0 922.74 413.59
6 369.0 557.03 486.91
7 369.0 468.62 642.55
8 369.0 393.28 710.83
9 369.0 285.25 553.43
10 369.0 244.56 558.61
11 369.0 637.23 770.57
12 369.0 349.44 531.19
13 369.0 606.47 668.11
14 369.0 230.29 522.58
15 369.0 922.74 413.59
6 370.0 556.00 482.91
7 370.0 462.31 644.45
8 370.0 395.57 718.30
9 370.0 292.96 551.16
10 370.0 242.35 551.32
11 370.0 638.97 776.54
12 370.0 344.16 534.04
13 370.0 608.51 674.98
14 370.0 232.44 529.66
15 370.0 922.74 413.59
6 371.0 555.78 482.28
7 371.0 455.41 646.53
8 371.0 397.68 725.18
9 371.0 301.23 548.72
10 371.0 240.21 544.27
11 371.0 640.80 782.61
12 371.0 342.50 541.80
13 371.0 610.48 681.62
14 371.0 234.70 537.11
15 371.0 922.74 413.59
6 372.0 555.69 482.02
7 372.0 448.10 648.75
8 372.0 399.86 732.29
9 372.0 309.53 546.24
10 372.0 238.01 537.01
11 372.0 642.55 788.40
12 372.0 344.44 548.96
13 372.0 612.35 687.92
14 372.0 236.66 543.56
15 372.0 922.74 413.59
6 373.0 555.67 481.97
7 373.0 441.30 650.80
8 373.0 402.33 740.33
9 373.0 317.72 543.82
10 373.0 235.59 529.02
11 373.0 644.50 794.83
12 373.0 346.59 556.56
13 373.0 614.28 694.36
14 373.0 238.91 551.00
15 373.0 922.74 413.59
6 374.0 555.67 481.95
7 374.0 434.81 652.77
8 374.0 404.45 747.22
9 374.0 326.09 541.39
10 374.0 233.21 521.16
11 374.0 646.13 800.21
12 374.0 348.76 564.22
13 374.0 616.40 701.39
14 374.0 241.10 558.22
15 374.0 922.84 413.70
6 375.0 555.67 481.95
7 375.0 428.56 654.66
8 375.0 406.52 754.15
9 375.0 334.26 538.94
10 375.0 230.85 513.40
11 375.0 648.02 806.45
12 375.0 351.20 572.16
13 375.0 618.26 707.59
14 375.0 243.30 565.46
15 375.0 925.64 415.14
6 376.0 555.67 481.95
7 376.0 421.72 656.73
8 376.0 408.73 761.60
9 376.0 340.81 539.37
10 376.0 228.56 505.86
11 376.0 649.91 812.70
12 376.0 353.55 579.75
13 376.0 620.16 713.89
14 376.0 245.56 572.93
15 376.0 929.92 417.35
6 377.0 555.67 481.95
7 377.0 414.61 658.88
8 377.0 410.89 768.85
9 377.0 343.31 544.98
10 377.0 226.18 497.92
11 377.0 651.65 818.47
12 377.0 355.97 587.55
13 377.0 622.11 720.36
14 377.0 247.64 579.75
15 377.0 934.90 420.92
6 378.0 555.67 481.95
7 378.0 408.21 660.81
8 378.0 412.94 775.78
9 378.0 345.58 552.99
10 378.0 225.45 490.11
11 378.0 653.63 825.05
12 378.0 358.30 595.14
13 378.0 623.98 726.57
14 378.0 249.73 586.64
15 378.0 941.93 424.16
6 379.0 555.67 481.95
7 379.0 401.40 662.88
8 379.0 415.21 783.42
9 379.0 347.78 560.76
10 379.0 224.58 481.08
11 379.0 655.43 831.02
12 379.0 360.59 602.74
13 379.0 625.93 733.01
14 379.0 251.91 593.80
15 379.0 946.39 424.96
6 380.0 555.67 481.95
7 380.0 393.95 665.13
8 380.0 417.33 790.55
9 380.0 350.14 568.72
10 380.0 221.49 470.27
11 380.0 657.21 836.94
12 380.0 362.94 610.64
13 380.0 627.94 739.60
14 380.0 254.12 601.09
15 380.0 953.87 425.27
6 381.0 555.67 481.95
7 381.0 388.38 666.74
8 381.0 419.62 798.28
9 381.0 352.77 577.23
10 381.0 218.49 459.31
11 381.0 659.11 843.25
12 381.0 365.11 617.95
13 381.0 629.71 745.45
14 381.0 256.13 607.69
15 381.0 954.57 425.20
6 382.0 555.67 481.95
7 382.0 382.96 665.25
8 382.0 422.00 806.28
9 382.0 355.33 585.49
10 382.0 216.69 452.18
11 382.0 661.04 849.80
12 382.0 367.55 626.18
13 382.0 631.83 752.48
14 382.0 258.03 613.96
15 382.0 963.72 427.84
6 383.0 555.67 481.95
7 383.0 380.91 659.95
8 383.0 424.12 813.42
9 383.0 357.89 593.82
10 383.0 218.70 443.76
11 383.0 662.70 855.50
12 383.0 369.99 634.39
13 383.0 632.22 757.34
14 383.0 260.06 620.64
15 383.0 970.71 432.21
6 384.0 555.67 481.95
7 384.0 378.82 652.90
8 384.0 426.33 820.78
9 384.0 360.37 602.03
10 384.0 226.50 439.73
11 384.0 664.45 861.46
12 384.0 372.27 642.09
13 384.0 629.09 760.28
14 384.0 262.06 627.20
15 384.0 974.28 434.75
6 385.0 555.67 481.95
7 385.0 376.69 645.73
8 385.0 428.71 828.63
9 385.0 362.75 610.02
10 385.0 237.01 436.07
11 385.0 666.27 867.70
12 385.0 374.44 649.38
13 385.0 623.88 761.92
14 385.0 264.05 633.66
15 385.0 976.59 435.19
6 386.0 555.67 481.95
7 386.0 374.51 638.39
8 386.0 430.86 835.61
9 386.0 365.19 618.21
10 386.0 247.66 432.97
11 386.0 667.03 873.27
12 386.0 376.89 657.64
13 386.0 617.88 763.73
14 386.0 265.99 639.99
15 386.0 976.95 433.01
6 387.0 555.67 481.95
7 387.0 372.39 631.23
8 387.0 433.02 842.57
9 387.0 367.58 626.27
10 387.0 257.46 426.79
11 387.0 663.93 878.12
12 387.0 378.06 661.59
13 387.0 611.05 765.78
14 387.0 268.04 646.59
15 387.0 976.60 428.56
6 388.0 555.67 481.95
7 388.0 370.42 624.60
8 388.0 435.43 850.38
9 388.0 370.09 634.74
10 388.0 268.33 423.66
11 388.0 658.81 880.46
12 388.0 378.28 662.31
13 388.0 604.87 767.64
14 388.0 270.15 653.39
15 388.0 972.92 425.94
6 389.0 555.67 481.95
7 389.0 368.22 617.19
8 389.0 437.85 858.20
9 389.0 372.49 642.82
10 389.0 278.20 420.82
11 389.0 652.46 882.42
12 389.0 378.39 662.69
13 389.0 598.47 769.66
14 389.0 272.09 659.64
15 389.0 967.31 422.70
6 390.0 555.67 481.95
7 390.0 366.32 610.82
8 390.0 440.25 865.98
9 390.0 374.88 650.88
10 390.0 288.15 417.96
11 390.0 646.50 884.26
12 390.0 378.41 662.78
13 390.0 591.69 771.79
14 390.0 274.02 665.87
15 390.0 958.38 421.57
6 391.0 555.67 481.95
7 391.0 364.31 604.06
8 391.0 442.57 873.62
9 391.0 376.00 654.63
10 391.0 298.54 415.05
11 391.0 640.16 886.22
12 391.0 378.41 662.78
13 391.0 585.69 773.61
14 391.0 276.31 673.09
15 391.0 950.30 420.13
6 392.0 555.67 481.95
7 392.0 362.33 597.41
8 392.0 445.02 881.67
9 392.0 376.27 655.54
10 392.0 308.35 412.30
11 392.0 633.67 888.23
12 392.0 378.42 662.78
13 392.0 579.42 775.51
14 392.0 278.55 680.41
15 392.0 951.21 421.17
6 393.0 555.67 481.95
7 393.0 360.16 590.26
8 393.0 447.30 889.14
9 393.0 376.28 655.59
10 393.0 318.37 409.42
11 393.0 628.11 889.95
12 393.0 378.42 662.78
13 393.0 573.32 777.30
14 393.0 280.78 687.65
15 393.0 945.19 414.35
6 394.0 555.67 481.95
7 394.0 357.89 582.92
8 394.0 449.53 896.47
9 394.0 376.28 655.59
10 394.0 329.36 406.23
11 394.0 621.66 891.94
12 394.0 378.42 662.78
13 394.0 567.13 779.12
14 394.0 282.99 694.83
15 394.0 936.98 410.80
6 395.0 555.67 481.95
7 395.0 355.66 575.74
8 395.0 451.65 903.62
9 395.0 376.28 655.59
10 395.0 339.65 403.24
11 395.0 615.60 893.80
12 395.0 378.42 662.78
13 395.0 560.35 781.10
14 395.0 285.10 701.67
15 395.0 928.65 407.60
6 396.0 555.67 481.95
7 396.0 353.59 569.07
8 396.0 453.95 911.40
9 396.0 376.28 655.59
10 396.0 349.52 400.37
11 396.0 610.18 895.46
12 396.0 378.42 662.78
13 396.0 553.77 783.03
14 396.0 287.14 708.36
15 396.0 919.83 404.36
6 397.0 555.67 481.95
7 397.0 351.54 562.33
8 397.0 456.06 918.25
9 397.0 376.28 655.59
10 397.0 360.13 397.29
11 397.0 604.27 897.27
12 397.0 378.42 662.78
13 397.0 547.61 784.84
14 397.0 289.05 714.63
15 397.0 910.76 401.70
6 398.0 555.67 481.95
7 398.0 349.43 554.86
8 398.0 458.61 926.25
9 398.0 376.28 655.59
10 398.0 371.09 394.11
11 398.0 598.19 899.14
12 398.0 378.42 662.78
13 398.0 541.54 786.62
14 398.0 291.26 721.89
15 398.0 901.84 399.47
6 399.0 555.67 481.95
7 399.0 347.34 547.45
8 399.0 460.66 932.71
9 399.0 376.28 655.59
10 399.0 381.87 391.17
11 399.0 592.49 900.88
12 399.0 378.42 662.78
13 399.0 535.55 788.42
14 399.0 293.37 728.80
15 399.0 893.36 397.40
6 400.0 555.67 481.95
7 400.0 346.13 543.19
8 400.0 463.44 939.07
9 400.0 376.28 655.59
10 400.0 392.46 389.43
11 400.0 586.57 902.70
12 400.0 378.42 662.78
13 400.0 529.25 790.32
14 400.0 295.29 735.11
15 400.0 885.37 395.32
6 401.0 555.67 481.95
7 401.0 343.47 537.34
8 401.0 469.93 941.41
9 401.0 376.28 655.59
10 401.0 402.83 386.24
11 401.0 580.35 904.60
12 401.0 378.42 662.78
13 401.0 522.61 792.32
14 401.0 297.41 742.10
15 401.0 877.94 390.28
6 402.0 555.67 481.95
7 402.0 337.96 534.97
8 402.0 477.48 939.44
9 402.0 376.28 655.59
10 402.0 413.74 385.75
11 402.0 574.17 906.50
12 402.0 378.42 662.78
13 402.0 516.40 794.20
14 402.0 299.60 749.28
15 402.0 868.30 391.35
6 403.0 555.67 481.95
7 403.0 331.57 536.41
8 403.0 485.36 937.00
9 403.0 376.28 655.59
10 403.0 423.82 382.59
11 403.0 568.10 908.36
12 403.0 378.42 662.78
13 403.0 509.91 796.15
14 403.0 301.70 756.18
15 403.0 859.72 389.38
6 404.0 555.67 481.95
7 404.0 324.09 538.64
8 404.0 492.98 934.63
9 404.0 376.28 655.59
10 404.0 433.65 379.13
11 404.0 561.94 910.26
12 404.0 378.42 662.78
13 404.0 503.03 798.23
14 404.0 303.94 763.54
15 404.0 850.84 387.35
6 405.0 555.67 481.95
7 405.0 317.04 540.68
8 405.0 500.16 932.41
9 405.0 376.28 655.59
10 405.0 443.33 376.13
11 405.0 555.46 912.27
12 405.0 378.42 662.78
13 405.0 495.98 800.36
14 405.0 305.94 770.12
15 405.0 841.91 385.30
6 406.0 555.67 481.95
7 406.0 310.57 542.59
8 406.0 507.36 930.18
9 406.0 376.28 655.59
10 406.0 453.84 373.03
11 406.0 549.98 913.96
12 406.0 378.42 662.78
13 406.0 489.52 802.31
14 406.0 308.17 777.52
15 406.0 833.46 383.36
6 407.0 555.67 481.95
7 407.0 303.81 544.63
8 407.0 514.32 928.04
9 407.0 376.28 655.59
10 407.0 464.14 369.98
11 407.0 543.98 915.73
12 407.0 378.42 662.78
13 407.0 483.18 804.23
14 407.0 310.29 784.43
15 407.0 824.26 381.25
6 408.0 555.67 481.95
7 408.0 297.12 546.60
8 408.0 521.97 925.71
9 408.0 376.28 655.59
10 408.0 474.68 366.87
11 408.0 538.48 917.36
12 408.0 378.42 662.78
13 408.0 476.44 806.26
14 408.0 312.29 790.97
15 408.0 816.06 379.36
6 409.0 555.67 481.95
7 409.0 289.75 548.77
8 409.0 529.24 923.50
9 409.0 376.28 655.59
10 409.0 484.76 363.89
11 409.0 532.72 919.10
12 409.0 378.42 662.78
13 409.0 470.50 808.06
14 409.0 314.54 798.34
15 409.0 806.96 377.27
6 410.0 555.67 481.95
7 410.0 282.88 549.28
8 410.0 537.13 921.09
9 410.0 376.28 655.59
10 410.0 495.41 360.74
11 410.0 526.57 920.97
12 410.0 378.42 662.78
13 410.0 463.73 810.13
14 410.0 316.49 804.76
15 410.0 797.78 375.25
6 411.0 555.67 481.95
7 411.0 275.89 549.51
8 411.0 544.68 918.86
9 411.0 376.28 655.59
10 411.0 505.80 357.80
11 411.0 521.12 922.63
12 411.0 378.42 662.78
13 411.0 456.79 812.22
14 411.0 318.63 811.96
15 411.0 789.25 373.36
6 412.0 555.67 481.95
7 412.0 269.40 551.43
8 412.0 551.90 916.72
9 412.0 376.28 655.59
10 412.0 516.05 355.41
11 412.0 514.94 924.51
12 412.0 378.42 662.78
13 412.0 449.92 814.29
14 412.0 320.62 818.92
15 412.0 781.19 371.59
6 413.0 555.67 481.95
7 413.0 262.36 553.51
8 413.0 559.72 914.30
9 413.0 376.28 655.59
10 413.0 526.46 353.14
11 413.0 508.66 926.42
12 413.0 378.42 662.78
13 413.0 443.84 816.12
14 413.0 322.59 825.16
15 413.0 771.86 371.71
6 414.0 555.67 481.95
7 414.0 255.72 555.47
8 414.0 567.70 911.83
9 414.0 376.28 655.59
10 414.0 534.81 349.74
11 414.0 502.71 928.27
12 414.0 378.42 662.78
13 414.0 437.44 818.05
14 414.0 324.68 831.79
15 414.0 763.21 369.19
6 415.0 555.67 481.95
7 415.0 251.26 556.78
8 415.0 575.07 909.57
9 415.0 376.28 655.59
10 415.0 540.13 347.56
11 415.0 496.92 930.06
12 415.0 378.42 662.78
13 415.0 432.60 819.14
14 415.0 326.92 839.00
15 415.0 754.86 367.29
6 416.0 555.67 481.95
7 416.0 246.46 557.23
8 416.0 582.53 907.28
9 416.0 376.28 655.59
10 416.0 541.38 347.16
11 416.0 490.85 931.94
12 416.0 378.42 662.78
13 416.0 428.70 816.70
14 416.0 329.00 845.83
15 416.0 746.44 365.37
6 417.0 555.67 481.95
7 417.0 242.96 553.34
8 417.0 589.48 905.15
9 417.0 376.28 655.59
10 417.0 542.03 346.95
11 417.0 485.25 933.68
12 417.0 378.42 662.78
13 417.0 427.01 811.93
14 417.0 330.98 852.32
15 417.0 737.33 366.57
6 418.0 555.67 481.95
7 418.0 241.02 546.94
8 418.0 596.62 902.96
9 418.0 376.28 655.59
10 418.0 542.26 346.88
11 418.0 479.15 935.57
12 418.0 378.42 662.78
13 418.0 425.24 805.96
14 418.0 333.01 858.94
15 418.0 728.94 364.63
6 419.0 555.67 481.95
7 419.0 238.95 540.10
8 419.0 604.32 900.60
9 419.0 376.28 655.59
10 419.0 542.34 346.85
11 419.0 472.67 937.58
12 419.0 378.42 662.78
13 419.0 423.46 799.96
14 419.0 335.11 865.80
15 419.0 719.94 362.54
6 420.0 555.14 480.18
7 420.0 237.01 533.72
8 420.0 611.45 898.42
9 420.0 376.28 655.59
10 420.0 543.61 346.48
11 420.0 468.38 938.19
12 420.0 378.74 664.05
13 420.0 421.66 793.90
14 420.0 337.28 872.90
15 420.0 710.81 360.43
6 421.0 554.50 476.12
7 421.0 234.91 526.78
8 421.0 619.17 896.05
9 421.0 376.52 656.39
10 421.0 547.85 345.89
11 421.0 465.06 935.50
12 421.0 378.68 667.65
13 421.0 419.65 787.15
14 421.0 339.42 879.87
15 421.0 701.95 358.40
6 422.0 557.89 471.18
7 422.0 232.69 519.46
8 422.0 626.31 893.86
9 422.0 377.31 659.06
10 422.0 554.54 344.81
11 422.0 463.41 930.78
12 422.0 374.22 670.96
13 422.0 417.89 781.20
14 422.0 341.55 886.84
15 422.0 693.48 356.45
6 423.0 566.02 468.50
7 423.0 230.78 513.17
8 423.0 634.08 891.45
9 423.0 378.79 663.94
10 423.0 563.58 343.88
11 423.0 461.64 925.20
12 423.0 366.35 673.36
13 423.0 416.02 774.91
14 423.0 343.48 893.15
15 423.0 684.30 354.34
6 424.0 573.41 466.13
7 424.0 228.51 505.71
8 424.0 640.94 889.34
9 424.0 383.12 669.62
10 424.0 574.01 343.93
11 424.0 459.92 919.82
12 424.0 358.96 675.63
13 424.0 414.26 768.97
14 424.0 345.60 900.06
15 424.0 675.67 352.36
6 425.0 581.62 463.56
7 425.0 226.40 498.63
8 425.0 648.94 886.87
9 425.0 391.21 669.30
10 425.0 584.59 345.55
11 425.0 458.14 914.21
12 425.0 351.55 677.89
13 425.0 412.33 762.48
14 425.0 347.58 906.54
15 425.0 666.88 350.34
6 426.0 588.98 461.14
7 426.0 225.06 491.23
8 426.0 656.80 884.44
9 426.0 399.40 666.82
10 426.0 595.65 347.98
11 426.0 456.20 907.71
12 426.0 344.61 680.02
13 426.0 410.59 756.64
14 426.0 349.59 913.10
15 426.0 658.18 348.34
6 427.0 596.73 458.62
7 427.0 225.15 483.02
8 427.0 663.74 881.90
9 427.0 407.05 664.50
10 427.0 606.71 350.45
11 427.0 454.49 901.96
12 427.0 336.59 682.46
13 427.0 408.67 750.14
14 427.0 351.68 919.92
15 427.0 649.31 346.30
6 428.0 604.95 455.97
7 428.0 222.32 473.22
8 428.0 669.33 876.88
9 428.0 415.20 662.04
10 428.0 616.83 352.72
11 428.0 452.66 895.77
12 428.0 328.99 684.77
13 428.0 406.86 744.18
14 428.0 353.84 926.98
15 428.0 640.69 344.35
6 429.0 612.51 453.46
7 429.0 219.64 463.52
8 429.0 670.06 869.74
9 429.0 422.81 659.73
10 429.0 627.65 355.21
11 429.0 451.01 890.34
12 429.0 321.11 687.16
13 429.0 404.90 737.78
14 429.0 355.78 933.31
15 429.0 632.64 342.54
6 430.0 620.36 450.75
7 430.0 217.38 455.66
8 430.0 668.14 862.70
9 430.0 431.19 657.20
10 430.0 638.32 357.70
11 430.0 449.14 884.22
12 430.0 312.82 689.67
13 430.0 403.03 731.69
14 430.0 357.95 940.38
15 430.0 623.70 340.53
6 431.0 628.05 448.05
7 431.0 216.74 447.67
8 431.0 666.05 855.56
9 431.0 439.28 654.75
10 431.0 648.73 360.13
11 431.0 447.18 877.76
12 431.0 304.74 692.12
13 431.0 400.97 724.98
14 431.0 359.92 946.83
15 431.0 614.59 338.49
6 432.0 635.74 445.21
7 432.0 221.10 442.03
8 432.0 663.92 848.26
9 432.0 446.68 652.51
10 432.0 659.45 362.64
11 432.0 445.30 871.60
12 432.0 296.66 694.57
13 432.0 399.13 719.00
14 432.0 361.91 953.32
15 432.0 605.46 336.44
6 433.0 642.52 441.31
7 433.0 228.02 439.18
8 433.0 661.70 840.77
9 433.0 454.80 650.07
10 433.0 670.72 361.99
11 433.0 443.31 865.05
12 433.0 289.63 697.21
13 433.0 397.10 712.38
14 433.0 363.81 959.52
15 433.0 597.35 334.63
6 434.0 649.65 436.60
7 434.0 236.44 436.23
8 434.0 659.37 833.03
9 434.0 462.44 647.76
10 434.0 680.99 364.44
11 434.0 441.34 858.65
12 434.0 286.11 703.19
13 434.0 394.99 705.49
14 434.0 364.82 962.83
15 434.0 589.20 332.80
6 435.0 656.60 432.52
7 435.0 245.52 433.59
8 435.0 657.11 825.51
9 435.0 470.40 645.35
10 435.0 691.19 366.88
11 435.0 439.45 852.54
12 435.0 287.92 710.92
13 435.0 393.15 699.50
14 435.0 366.16 964.58
15 435.0 580.81 330.93
6 436.0 663.82 430.12
7 436.0 254.51 430.98
8 436.0 654.69 817.50
9 436.0 478.37 642.94
10 436.0 701.47 369.34
11 436.0 437.70 846.87
12 436.0 290.30 718.71
13 436.0 391.14 692.96
14 436.0 368.04 963.09
15 436.0 571.65 328.87
6 437.0 671.96 429.13
7 437.0 263.27 428.45
8 437.0 652.43 809.98
9 437.0 486.69 640.42
10 437.0 711.37 371.69
11 437.0 435.87 840.96
12 437.0 292.64 726.41
13 437.0 389.24 686.78
14 437.0 367.42 960.38
15 437.0 563.78 328.65
6 438.0 679.90 430.18
7 438.0 272.80 425.71
8 438.0 650.12 802.38
9 438.0 494.40 638.09
10 438.0 721.86 374.19
11 438.0 434.20 835.54
12 438.0 295.13 734.60
13 438.0 387.41 680.81
14 438.0 365.85 955.25
15 438.0 556.07 331.49
6 439.0 687.63 431.77
7 439.0 282.54 422.90
8 439.0 648.04 795.50
9 439.0 502.25 635.72
10 439.0 732.10 376.64
11 439.0 432.30 829.43
12 439.0 297.29 741.70
13 439.0 385.23 673.81
14 439.0 363.60 947.89
15 439.0 548.15 332.56
6 440.0 695.18 433.32
7 440.0 291.32 420.38
8 440.0 645.96 788.62
9 440.0 509.98 633.38
10 440.0 741.57 380.36
11 440.0 430.71 825.89
12 440.0 299.48 748.89
13 440.0 383.07 666.95
14 440.0 361.54 941.17
15 440.0 540.03 334.85
6 441.0 703.11 434.95
7 441.0 300.37 417.86
8 441.0 643.69 781.11
9 441.0 517.97 630.97
10 441.0 752.40 382.85
11 441.0 426.65 822.81
12 441.0 301.64 755.99
13 441.0 381.15 660.73
14 441.0 359.25 933.71
15 441.0 532.15 337.10
6 442.0 711.02 436.85
7 442.0 310.15 415.12
8 442.0 641.37 773.34
9 442.0 526.20 628.48
10 442.0 762.99 385.16
11 442.0 420.80 823.04
12 442.0 303.92 763.46
13 442.0 379.11 653.88
14 442.0 357.31 927.37
15 442.0 526.65 338.68
6 443.0 718.25 440.39
7 443.0 319.40 412.46
8 443.0 639.00 765.37
9 443.0 533.64 626.22
10 443.0 773.12 387.37
11 443.0 414.20 825.01
12 443.0 306.27 771.20
13 443.0 377.07 646.99
14 443.0 355.10 920.17
15 443.0 522.12 340.26
6 444.0 723.12 446.60
7 444.0 328.30 409.87
8 444.0 636.67 757.53
9 444.0 541.93 623.71
10 444.0 783.05 389.53
11 444.0 408.50 826.72
12 444.0 308.73 779.35
13 444.0 375.28 640.97
14 444.0 353.13 913.72
15 444.0 520.36 341.34
6 445.0 725.99 454.77
7 445.0 337.31 407.25
8 445.0 634.40 749.90
9 445.0 549.95 621.29
10 445.0 793.21 391.78
11 445.0 402.31 828.58
12 445.0 311.16 787.27
13 445.0 373.43 634.74
14 445.0 350.87 906.35
15 445.0 517.10 341.09
6 446.0 728.52 462.40
7 446.0 346.89 404.47
8 446.0 632.29 742.95
9 446.0 558.32 618.76
10 446.0 804.20 394.29
11 446.0 396.43 830.35
12 446.0 313.48 794.85
13 446.0 371.52 628.32
14 446.0 348.84 899.74
15 446.0 516.93 342.84
6 447.0 730.89 470.11
7 447.0 355.84 401.87
8 447.0 629.99 735.37
9 447.0 566.15 616.39
10 447.0 815.29 396.82
11 447.0 390.39 832.16
12 447.0 315.73 802.26
13 447.0 369.50 621.52
14 447.0 346.87 893.29
15 447.0 516.57 346.46
6 448.0 734.20 477.33
7 448.0 365.39 399.09
8 448.0 627.64 727.64
9 448.0 573.69 614.11
10 448.0 826.13 399.10
11 448.0 384.50 833.92
12 448.0 318.07 810.01
13 448.0 367.77 615.69
14 448.0 344.60 885.90
15 448.0 516.49 351.96
6 449.0 739.89 482.87
7 449.0 374.50 396.45
8 449.0 625.55 720.71
9 449.0 579.84 612.25
10 449.0 835.83 402.59
11 449.0 377.96 835.88
12 449.0 320.35 818.02
13 449.0 366.01 609.77
14 449.0 342.57 879.26
15 449.0 516.78 358.79
6 450.0 747.94 485.60
7 450.0 383.65 394.15
8 450.0 623.39 713.55
9 450.0 583.14 611.19
10 450.0 846.34 404.76
11 450.0 372.03 837.66
12 450.0 322.83 825.92
13 450.0 363.99 602.98
14 450.0 340.49 872.47
15 450.0 516.89 364.36
6 451.0 756.65 485.47
7 451.0 393.36 392.50
8 451.0 621.33 706.69
9 451.0 583.72 608.83
10 451.0 857.22 407.27
11 451.0 365.85 839.50
12 451.0 325.16 833.30
13 451.0 361.92 596.08
14 451.0 338.36 865.52
15 451.0 517.22 370.38
6 452.0 765.01 483.10
7 452.0 402.31 389.74
8 452.0 618.92 698.68
9 452.0 580.43 608.73
10 452.0 868.17 409.85
11 452.0 360.37 841.15
12 452.0 327.55 841.09
13 452.0 359.91 589.43
14 452.0 336.22 858.54
15 452.0 517.57 376.70
6 453.0 772.85 480.64
7 453.0 411.81 388.20
8 453.0 616.79 691.62
9 453.0 575.16 610.33
10 453.0 878.97 412.36
11 453.0 354.44 842.93
12 453.0 330.06 849.31
13 453.0 357.82 582.70
14 453.0 335.92 853.81
15 453.0 517.92 383.11
6 454.0 780.63 478.20
7 454.0 421.82 386.69
8 454.0 614.44 683.72
9 454.0 568.29 612.40
10 454.0 888.97 414.67
11 454.0 347.98 844.87
12 454.0 332.29 856.59
13 454.0 355.74 576.01
14 454.0 340.50 850.44
15 454.0 518.25 389.15
6 455.0 788.26 475.84
7 455.0 431.35 383.33
8 455.0 612.12 675.89
9 455.0 559.89 614.94
10 455.0 899.44 417.09
11 455.0 341.43 846.83
12 455.0 334.80 864.81
13 455.0 353.61 569.11
14 455.0 346.78 848.56
15 455.0 518.59 395.25
6 456.0 795.87 473.48
7 456.0 440.43 380.32
8 456.0 609.79 668.05
9 456.0 551.59 617.45
10 456.0 910.35 419.72
11 456.0 336.82 847.92
12 456.0 337.35 873.12
13 456.0 351.69 562.84
14 456.0 353.78 846.46
15 456.0 519.53 401.54
6 457.0 803.40 471.16
7 457.0 449.65 377.60
8 457.0 607.70 661.03
9 457.0 543.18 620.00
10 457.0 918.38 422.36
11 457.0 332.93 846.23
12 457.0 339.65 880.64
13 457.0 349.97 556.77
14 457.0 360.28 844.51
15 457.0 521.71 408.20
6 458.0 811.70 468.56
7 458.0 459.26 374.76
8 458.0 605.64 654.15
9 458.0 534.59 622.59
10 458.0 920.64 423.07
11 458.0 331.10 841.77
12 458.0 341.94 888.12
13 458.0 348.22 550.58
14 458.0 367.02 842.49
15 458.0 523.79 414.41
6 459.0 820.10 466.68
7 459.0 469.21 371.82
8 459.0 603.43 647.02
9 459.0 526.45 625.06
10 459.0 919.60 422.66
11 459.0 329.20 835.50
12 459.0 344.28 895.74
13 459.0 346.42 544.19
14 459.0 374.21 840.34
15 459.0 526.03 420.95
6 460.0 826.71 461.67
7 460.0 478.01 369.22
8 460.0 600.98 639.13
9 460.0 517.84 627.67
10 460.0 919.47 422.61
11 460.0 327.16 829.01
12 460.0 346.45 902.85
13 460.0 344.65 538.12
14 460.0 381.26 838.23
15 460.0 527.98 426.67
6 461.0 829.85 456.45
7 461.0 487.11 366.53
8 461.0 598.85 632.24
9 461.0 509.90 630.07
10 461.0 919.40 422.58
11 461.0 325.15 822.64
12 461.0 348.94 910.96
13 461.0 342.64 531.32
14 461.0 388.38 836.10
15 461.0 527.37 432.94
6 462.0 836.05 456.60
7 462.0 496.55 363.74
8 462.0 596.41 624.39
9 462.0 501.29 632.67
10 462.0 919.38 422.57
11 462.0 323.23 816.48
12 462.0 351.28 918.62
13 462.0 340.63 524.66
14 462.0 395.09 834.09
15 462.0 528.73 439.53
6 463.0 844.46 458.45
7 463.0 505.78 361.11
8 463.0 594.12 617.00
9 463.0 493.18 635.12
10 463.0 919.36 422.57
11 463.0 321.64 810.83
12 463.0 353.63 926.29
13 463.0 338.77 518.66
14 463.0 402.05 832.00
15 463.0 530.53 445.36
6 464.0 855.03 460.77
7 464.0 510.98 359.79
8 464.0 591.87 609.77
9 464.0 485.47 637.45
10 464.0 919.67 422.70
11 464.0 320.03 805.38
12 464.0 355.92 933.77
13 464.0 336.80 512.26
14 464.0 408.79 829.97
15 464.0 532.33 451.21
6 465.0 867.90 463.61
7 465.0 515.77 360.31
8 465.0 589.47 602.06
9 465.0 476.91 640.04
10 465.0 923.69 424.34
11 465.0 318.11 799.07
12 465.0 358.44 941.98
13 465.0 334.96 506.33
14 465.0 415.20 828.05
15 465.0 534.07 456.84
6 466.0 881.22 466.62
7 466.0 520.03 363.04
8 466.0 587.18 594.69
9 466.0 469.51 642.28
10 466.0 929.70 427.19
11 466.0 316.36 793.31
12 466.0 360.90 950.01
13 466.0 332.94 499.78
14 466.0 419.72 826.70
15 466.0 535.61 461.73
6 467.0 885.09 479.26
7 467.0 520.35 368.97
8 467.0 584.96 587.58
9 467.0 462.12 644.51
10 467.0 936.58 432.11
11 467.0 314.42 786.99
12 467.0 363.44 958.33
13 467.0 330.90 493.19
14 467.0 425.80 824.11
15 467.0 536.23 463.74
6 468.0 889.01 492.39
7 468.0 520.73 375.80
8 468.0 582.82 580.75
9 468.0 453.59 647.09
10 468.0 943.97 439.34
11 468.0 312.72 781.45
12 468.0 365.85 965.36
13 468.0 328.86 486.53
14 468.0 428.37 817.98
15 468.0 536.32 464.04
6 469.0 892.38 503.67
7 469.0 521.10 382.63
8 469.0 580.33 572.79
9 469.0 445.02 649.68
10 469.0 951.20 446.70
11 469.0 310.99 775.79
12 469.0 371.03 969.89
13 469.0 327.02 480.43
14 469.0 426.68 810.82
15 469.0 536.37 464.19
6 470.0 895.04 511.08
7 470.0 521.49 389.80
8 470.0 578.00 565.34
9 470.0 436.89 652.14
10 470.0 956.97 452.55
11 470.0 309.24 769.97
12 470.0 378.40 968.92
13 470.0 325.07 474.02
14 470.0 424.74 804.27
15 470.0 536.39 464.24
6 471.0 901.99 514.47
7 471.0 521.91 397.19
8 471.0 575.77 558.20
9 471.0 428.62 654.64
10 471.0 962.36 458.03
11 471.0 307.56 764.43
12 471.0 385.61 966.79
13 471.0 323.05 467.47
14 471.0 422.61 797.09
15 471.0 536.39 464.26
6 472.0 909.44 512.64
7 472.0 523.53 403.51
8 472.0 573.60 551.27
9 472.0 421.21 656.88
10 472.0 968.07 463.84
11 472.0 305.66 758.20
12 472.0 393.14 964.55
13 472.0 321.15 461.28
14 472.0 420.69 790.64
15 472.0 536.39 464.26
6 473.0 917.20 510.32
7 473.0 525.94 410.82
8 473.0 571.46 544.42
9 473.0 413.43 659.24
10 473.0 973.35 469.03
11 473.0 303.81 752.11
12 473.0 401.44 962.09
13 473.0 319.35 455.39
14 473.0 418.69 783.92
15 473.0 536.39 464.26
6 474.0 924.63 508.10
7 474.0 528.43 418.09
8 474.0 569.29 537.47
9 474.0 405.77 661.55
10 474.0 979.32 474.86
11 474.0 302.10 746.50
12 474.0 408.91 959.87
13 474.0 317.51 449.38
14 474.0 416.72 777.27
15 474.0 536.39 464.26
6 475.0 932.48 505.75
7 475.0 530.81 425.05
8 475.0 567.14 530.59
9 475.0 397.50 664.06
10 475.0 985.35 480.74
11 475.0 300.18 740.19
12 475.0 416.54 957.61
13 475.0 315.44 442.62
14 475.0 414.75 770.65
15 475.0 536.39 464.26
6 476.0 939.88 503.54
7 476.0 530.37 432.37
8 476.0 564.87 522.99
9 476.0 389.51 666.47
10 476.0 991.44 486.25
11 476.0 298.47 734.57
12 476.0 423.98 955.40
13 476.0 313.29 435.60
14 476.0 412.65 763.57
15 476.0 536.39 464.26
6 477.0 947.08 501.21
7 477.0 531.99 439.23
8 477.0 562.50 514.99
9 477.0 385.99 668.00
10 477.0 996.20 492.42
11 477.0 296.82 729.15
12 477.0 431.61 953.14
13 477.0 311.37 429.39
14 477.0 410.67 756.90
15 477.0 536.39 464.26
6 478.0 952.15 496.15
7 478.0 534.18 446.35
8 478.0 560.36 507.74
9 478.0 382.81 672.16
10 478.0 1002.77 497.23
11 478.0 294.90 722.84
12 478.0 439.29 950.86
13 478.0 309.94 424.84
14 478.0 408.71 750.28
15 478.0 536.39 464.26
6 479.0 951.23 488.86
7 479.0 536.32 453.32
8 479.0 557.99 499.74
9 479.0 383.53 679.08
10 479.0 1009.19 501.96
11 479.0 293.20 717.25
12 479.0 447.14 948.52
13 479.0 309.14 418.90
14 479.0 406.52 743.07
15 479.0 536.39 464.26
6 480.0 948.70 481.33
7 480.0 538.50 460.26
8 480.0 556.04 493.13
9 480.0 385.88 686.71
10 480.0 1012.91 510.96
11 480.0 291.24 710.82
12 480.0 454.96 946.19
13 480.0 312.57 414.46
14 480.0 404.28 735.78
15 480.0 536.39 464.26
6 481.0 946.14 473.35
7 481.0 539.32 462.90
8 481.0 554.00 486.90
9 481.0 388.35 694.78
10 481.0 1015.99 522.04
11 481.0 289.96 706.60
12 481.0 462.06 944.09
13 481.0 317.73 412.94
14 481.0 402.17 728.89
15 481.0 536.39 464.26
6 482.0 943.82 465.59
7 482.0 539.40 463.16
8 482.0 552.74 483.28
9 482.0 390.63 702.20
10 482.0 1021.08 534.88
11 482.0 289.58 702.47
12 482.0 470.09 941.70
13 482.0 324.30 411.03
14 482.0 400.08 722.09
15 482.0 536.39 464.26
6 483.0 941.59 457.92
7 483.0 539.44 463.29
8 483.0 552.68 483.12
9 483.0 393.15 710.43
10 483.0 1023.72 548.36
11 483.0 292.88 699.16
12 483.0 477.19 939.53
13 483.0 332.20 408.74
14 483.0 397.85 714.84
15 483.0 536.39 464.26
6 484.0 939.51 450.38
7 484.0 539.45 463.31
8 484.0 552.65 483.01
9 484.0 395.78 718.97
10 484.0 1027.86 562.07
11 484.0 297.08 697.79
12 484.0 484.33 937.32
13 484.0 340.80 406.24
14 484.0 395.83 708.24
15 484.0 536.39 464.26
6 485.0 937.68 443.75
7 485.0 539.45 463.31
8 485.0 552.65 483.01
9 485.0 398.27 727.11
10 485.0 1031.97 575.54
11 485.0 303.19 695.93
12 485.0 492.50 934.78
13 485.0 349.59 403.69
14 485.0 393.91 701.98
15 485.0 536.39 464.26
6 486.0 937.13 441.34
7 486.0 539.45 463.31
8 486.0 552.65 483.01
9 486.0 400.63 734.78
10 486.0 1036.12 589.01
11 486.0 308.58 694.30
12 486.0 499.89 932.49
13 486.0 359.04 400.94
14 486.0 391.84 695.25
15 486.0 536.39 464.26
6 487.0 936.58 436.73
7 487.0 539.45 463.31
8 487.0 552.65 483.01
9 487.0 403.25 743.31
10 487.0 1040.27 602.52
11 487.0 314.35 692.55
12 487.0 507.85 930.02
13 487.0 367.44 398.50
14 487.0 389.81 688.64
15 487.0 536.39 464.26
6 488.0 935.97 429.83
7 488.0 539.45 463.31
8 488.0 552.65 483.01
9 488.0 405.64 751.18
10 488.0 1044.34 615.73
11 488.0 320.88 690.56
12 488.0 515.46 927.70
13 488.0 376.49 395.87
14 488.0 387.74 681.88
15 488.0 536.39 464.26
6 489.0 935.20 421.18
7 489.0 539.45 463.31
8 489.0 552.65 483.01
9 489.0 408.10 759.47
10 489.0 1047.49 625.95
11 489.0 326.43 688.88
12 489.0 523.77 925.17
13 489.0 384.90 394.20
14 489.0 386.75 678.67
15 489.0 536.39 464.26
6 490.0 934.60 414.43
7 490.0 539.45 463.31
8 490.0 552.65 483.01
9 490.0 410.31 766.91
10 490.0 1049.00 632.33
11 490.0 331.89 687.22
12 490.0 532.09 922.63
13 490.0 394.47 392.15
14 490.0 386.53 677.93
15 490.0 536.39 464.26
6 491.0 930.34 408.31
7 491.0 539.45 463.31
8 491.0 552.65 483.01
9 491.0 412.77 775.20
10 491.0 1045.64 636.38
11 491.0 337.59 685.50
12 491.0 540.10 920.21
13 491.0 403.87 389.26
14 491.0 386.46 677.72
15 491.0 536.39 464.26
6 492.0 921.32 404.85
7 492.0 539.45 463.31
8 492.0 552.65 483.01
9 492.0 414.97 782.60
10 492.0 1039.91 638.22
11 492.0 343.11 683.82
12 492.0 547.73 917.96
13 492.0 413.53 388.72
14 492.0 386.45 677.68
15 492.0 536.39 464.26
6 493.0 911.20 401.82
7 493.0 539.45 463.31
8 493.0 552.65 483.01
9 493.0 417.19 790.07
10 493.0 1032.37 640.49
11 493.0 349.52 681.86
12 493.0 555.57 915.58
13 493.0 422.31 386.51
14 493.0 386.45 677.68
15 493.0 536.39 464.26
6 494.0 900.78 399.22
7 494.0 539.45 463.31
8 494.0 552.65 483.01
9 494.0 419.60 798.21
10 494.0 1025.25 642.64
11 494.0 355.28 680.10
12 494.0 563.56 913.11
13 494.0 431.10 383.42
14 494.0 386.45 677.68
15 494.0 536.39 464.26
6 495.0 889.86 396.49
7 495.0 539.45 463.31
8 495.0 552.65 483.01
9 495.0 422.10 806.62
10 495.0 1017.26 645.05
11 495.0 361.63 678.15
12 495.0 571.07 910.80
13 495.0 440.27 380.37
14 495.0 386.45 677.68
15 495.0 536.39 464.26
6 496.0 879.19 393.85
7 496.0 539.45 463.31
8 496.0 552.65 483.01
9 496.0 424.42 814.44
10 496.0 1009.51 647.39
11 496.0 367.47 676.37
12 496.0 579.13 908.33
13 496.0 448.62 377.91
14 496.0 386.45 677.68
15 496.0 536.39 464.26
6 497.0 868.03 391.29
7 497.0 539.45 463.31
8 497.0 552.65 483.01
9 497.0 424.14 821.06
10 497.0 1004.34 648.96
11 497.0 373.60 674.50
12 497.0 586.89 905.95
13 497.0 457.17 375.38
14 497.0 386.45 677.68
15 497.0 536.39 464.26
6 498.0 856.86 388.73
7 498.0 539.45 463.31
8 498.0 552.65 483.01
9 498.0 418.73 823.66
10 498.0 997.69 650.91
11 498.0 378.92 673.64
12 498.0 594.37 903.65
13 498.0 465.44 372.94
14 498.0 386.45 677.68
15 498.0 536.39 464.26
6 499.0 845.53 386.13
7 499.0 539.45 463.31
8 499.0 552.65 483.01
9 499.0 410.58 826.10
10 499.0 990.07 652.73
11 499.0 382.47 676.44
12 499.0 601.52 901.46
13 499.0 473.84 370.45
14 499.0 386.45 677.68
15 499.0 536.39 464.26
6 500.0 836.05 380.67
7 500.0 539.45 463.31
8 500.0 552.65 483.01
9 500.0 403.11 828.35
10 500.0 983.08 655.34
11 500.0 384.07 680.84
12 500.0 608.66 899.27
13 500.0 482.44 367.91
14 500.0 386.45 677.68
15 500.0 536.39 464.26
6 501.0 825.28 378.20
7 501.0 539.45 463.31
8 501.0 552.65 483.01
9 501.0 394.63 830.89
10 501.0 975.57 657.79
11 501.0 385.91 686.82
12 501.0 615.98 897.03
13 501.0 491.43 365.26
14 501.0 386.45 677.68
15 501.0 536.39 464.26
6 502.0 814.00 375.61
7 502.0 539.45 463.31
8 502.0 552.65 483.01
9 502.0 386.85 833.22
10 502.0 968.61 659.79
11 502.0 387.72 692.71
12 502.0 623.67 894.67
13 502.0 498.07 363.29
14 502.0 386.45 677.68
15 502.0 536.39 464.26
6 503.0 803.37 373.21
7 503.0 539.45 463.31
8 503.0 552.65 483.01
9 503.0 378.93 835.59
10 503.0 960.85 661.95
11 503.0 389.72 699.25
12 503.0 631.78 892.16
13 503.0 502.23 362.07
14 503.0 386.45 677.68
15 503.0 536.39 464.26
6 504.0 792.85 370.89
7 504.0 539.45 463.31
8 504.0 552.65 483.01
9 504.0 370.77 838.03
10 504.0 953.47 663.99
11 504.0 391.53 705.13
12 504.0 639.88 889.66
13 504.0 502.46 362.00
14 504.0 386.45 677.68
15 504.0 536.39 464.26
6 505.0 782.34 368.57
7 505.0 539.45 463.31
8 505.0 552.65 483.01
9 505.0 363.01 840.36
10 505.0 945.39 664.45
11 505.0 393.35 711.08
12 505.0 647.95 887.17
13 505.0 502.53 361.98
14 505.0 386.45 677.68
15 505.0 536.39 464.26
6 506.0 772.52 365.01
7 506.0 539.45 463.31
8 506.0 552.65 483.01
9 506.0 354.48 842.92
10 506.0 938.50 661.68
11 506.0 395.20 717.09
12 506.0 655.65 884.79
13 506.0 502.56 361.97
14 506.0 386.45 677.68
15 506.0 536.39 464.26
6 507.0 761.22 362.17
7 507.0 539.45 463.31
8 507.0 552.65 483.01
9 507.0 346.13 845.42
10 507.0 932.25 656.87
11 507.0 397.23 723.70
12 507.0 663.01 882.25
13 507.0 502.56 361.97
14 507.0 386.45 677.68
15 507.0 536.39 464.26
6 508.0 749.97 359.61
7 508.0 539.45 463.31
8 508.0 552.65 483.01
9 508.0 340.96 846.97
10 508.0 926.84 651.86
11 508.0 398.99 729.46
12 508.0 669.15 877.24
13 508.0 502.56 361.97
14 508.0 386.45 677.68
15 508.0 536.39 464.26
6 509.0 739.14 357.14
7 509.0 539.45 463.31
8 509.0 552.65 483.01
9 509.0 334.59 847.55
10 509.0 921.56 646.96
11 509.0 400.89 735.62
12 509.0 670.01 869.53
13 509.0 502.56 361.97
14 509.0 386.45 677.68
15 509.0 536.39 464.26
6 510.0 727.88 354.53
7 510.0 540.10 465.19
8 510.0 551.89 480.77
9 510.0 331.41 842.78
10 510.0 916.03 641.84
11 510.0 402.71 741.57
12 510.0 667.80 861.52
13 510.0 504.10 361.53
14 510.0 386.03 676.36
15 510.0 536.92 466.21
6 511.0 717.10 352.02
7 511.0 541.32 468.28
8 511.0 550.66 477.03
9 511.0 328.99 834.82
10 511.0 910.35 636.57
11 511.0 404.48 747.30
12 511.0 665.64 854.15
13 511.0 507.50 360.67
14 511.0 385.13 673.49
15 511.0 537.60 469.58
6 512.0 705.62 349.38
7 512.0 543.71 473.28
8 512.0 548.99 471.95
9 512.0 326.50 826.91
10 512.0 904.81 631.44
11 512.0 406.43 753.84
12 512.0 663.24 845.95
13 512.0 511.26 359.75
14 512.0 383.60 668.64
15 512.0 535.82 474.59
6 513.0 694.58 346.85
7 513.0 547.57 479.66
8 513.0 546.62 464.70
9 513.0 324.06 819.19
10 513.0 899.32 626.35
11 513.0 408.08 759.40
12 513.0 661.09 838.72
13 513.0 515.49 359.96
14 513.0 381.50 661.91
15 513.0 532.90 475.63
6 514.0 684.26 344.48
7 514.0 550.35 486.12
8 514.0 544.39 457.64
9 514.0 321.56 810.58
10 514.0 893.66 620.98
11 514.0 409.76 765.06
12 514.0 658.57 830.38
13 514.0 520.02 362.85
14 514.0 379.51 655.22
15 514.0 527.05 477.42
6 515.0 672.91 341.87
7 515.0 552.45 492.45
8 515.0 542.15 450.48
9 515.0 319.06 802.18
10 515.0 888.24 615.48
11 515.0 411.37 770.49
12 515.0 656.21 822.53
13 515.0 520.35 368.95
14 515.0 377.30 647.76
15 515.0 521.47 479.13
6 516.0 661.51 339.25
7 516.0 554.29 498.52
8 516.0 539.76 442.70
9 516.0 316.59 794.06
10 516.0 882.38 609.51
11 516.0 413.15 776.48
12 516.0 653.75 814.38
13 516.0 520.75 376.25
14 516.0 375.37 641.27
15 516.0 515.10 481.07
6 517.0 650.38 336.70
7 517.0 556.40 505.66
8 517.0 537.57 435.60
9 517.0 313.97 785.52
10 517.0 877.10 604.14
11 517.0 414.78 781.95
12 517.0 651.60 807.24
13 517.0 521.13 383.14
14 517.0 373.32 634.36
15 517.0 508.83 482.86
6 518.0 639.98 334.35
7 518.0 558.50 512.75
8 518.0 537.08 428.26
9 518.0 311.49 777.44
10 518.0 872.31 598.74
11 518.0 416.41 787.45
12 518.0 649.21 799.35
13 518.0 521.49 389.76
14 518.0 371.37 627.79
15 518.0 503.07 484.38
6 519.0 628.85 331.85
7 519.0 560.65 520.03
8 519.0 535.94 420.24
9 519.0 309.15 769.70
10 519.0 869.69 591.56
11 519.0 418.26 793.68
12 519.0 646.78 791.33
13 519.0 521.89 396.81
14 519.0 369.28 620.78
15 519.0 496.49 486.09
6 520.0 617.89 329.40
7 520.0 562.65 526.79
8 520.0 533.29 412.52
9 520.0 306.62 761.35
10 520.0 867.54 584.30
11 520.0 419.98 799.47
12 520.0 644.34 783.28
13 520.0 523.32 402.86
14 520.0 367.24 613.89
15 520.0 490.55 488.05
6 521.0 606.78 326.91
7 521.0 564.59 533.17
8 521.0 530.98 405.67
9 521.0 304.36 753.92
10 521.0 865.40 577.13
11 521.0 421.62 805.02
12 521.0 642.15 776.05
13 521.0 525.21 408.60
14 521.0 365.05 606.54
15 521.0 484.15 490.19
6 522.0 596.32 324.57
7 522.0 566.86 540.43
8 522.0 528.35 398.65
9 522.0 302.03 746.28
10 522.0 863.29 570.02
11 522.0 423.36 810.88
12 522.0 639.85 768.19
13 522.0 527.36 414.95
14 522.0 362.87 599.23
15 522.0 477.92 492.12
6 523.0 584.98 322.03
7 523.0 568.91 547.02
8 523.0 525.48 391.94
9 523.0 299.67 738.52
10 523.0 861.07 562.52
11 523.0 425.40 817.11
12 523.0 637.42 760.05
13 523.0 529.67 421.71
14 523.0 360.73 592.16
15 523.0 471.71 494.00
6 524.0 574.49 319.68
7 524.0 570.95 553.52
8 524.0 521.62 384.52
9 524.0 297.42 731.11
10 524.0 858.97 555.45
11 524.0 428.71 821.49
12 524.0 635.02 751.97
13 524.0 531.44 428.09
14 524.0 358.53 585.00
15 524.0 465.28 495.95
6 525.0 563.57 320.67
7 525.0 573.20 560.72
8 525.0 518.67 377.05
9 525.0 295.01 723.19
10 525.0 856.70 547.80
11 525.0 434.73 822.03
12 525.0 632.62 744.03
13 525.0 530.58 434.64
14 525.0 356.37 578.05
15 525.0 459.15 497.80
6 526.0 551.66 322.38
7 526.0 575.49 568.04
8 526.0 518.76 369.09
9 526.0 292.43 714.72
10 526.0 854.62 539.82
11 526.0 440.18 820.56
12 526.0 630.17 735.96
13 526.0 532.70 441.52
14 526.0 354.39 571.64
15 526.0 453.35 499.56
6 527.0 540.48 324.73
7 527.0 577.68 575.06
8 527.0 520.75 362.94
9 527.0 289.93 706.51
10 527.0 853.78 533.39
11 527.0 446.13 818.77
12 527.0 627.74 727.96
13 527.0 534.61 447.76
14 527.0 352.29 564.87
15 527.0 446.56 501.62
6 528.0 529.36 327.91
7 528.0 579.82 581.91
8 528.0 523.32 355.30
9 528.0 287.53 698.71
10 528.0 853.79 527.66
11 528.0 452.68 816.79
12 528.0 625.33 719.98
13 528.0 536.64 454.34
14 528.0 350.35 558.10
15 528.0 440.84 503.35
6 529.0 518.59 331.73
7 529.0 582.10 589.20
8 529.0 525.68 348.33
9 529.0 284.97 690.36
10 529.0 849.89 523.93
11 529.0 458.57 815.02
12 529.0 623.13 712.68
13 529.0 538.75 461.04
14 529.0 348.33 550.98
15 529.0 434.78 505.17
6 530.0 507.67 335.68
7 530.0 584.13 595.68
8 530.0 527.55 342.77
9 530.0 282.62 682.76
10 530.0 845.80 519.04
11 530.0 465.13 813.04
12 530.0 620.88 705.19
13 530.0 541.09 467.70
14 530.0 346.40 544.12
15 530.0 429.00 506.91
6 531.0 496.61 338.99
7 531.0 585.76 600.90
8 531.0 528.80 338.53
9 531.0 280.35 675.37
10 531.0 843.72 512.62
11 531.0 471.00 811.25
12 531.0 618.68 697.91
13 531.0 543.89 473.61
14 531.0 344.33 537.02
15 531.0 423.10 508.69
6 532.0 485.84 342.33
7 532.0 585.21 606.27
8 532.0 527.28 335.17
9 532.0 277.65 666.78
10 532.0 841.32 504.82
11 532.0 477.11 809.40
12 532.0 616.20 689.67
13 532.0 547.46 479.47
14 532.0 342.16 529.68
15 532.0 416.56 510.65
6 533.0 475.32 345.58
7 533.0 580.90 608.59
8 533.0 520.87 337.68
9 533.0 275.27 659.09
10 533.0 839.08 497.51
11 533.0 483.09 807.60
12 533.0 614.00 682.23
13 533.0 550.04 485.25
14 533.0 340.07 522.84
15 533.0 409.93 512.63
6 534.0 464.75 348.86
7 534.0 573.68 610.77
8 534.0 512.65 340.91
9 534.0 272.74 650.94
10 534.0 836.61 489.44
11 534.0 489.67 805.61
12 534.0 611.53 673.93
13 534.0 552.10 491.39
14 534.0 337.99 516.12
15 534.0 404.27 514.33
6 535.0 454.47 352.04
7 535.0 566.89 612.83
8 535.0 502.52 343.87
9 535.0 270.21 642.79
10 535.0 834.14 481.39
11 535.0 496.14 803.66
12 535.0 609.29 666.37
13 535.0 553.57 496.07
14 535.0 335.92 509.42
15 535.0 397.99 516.21
6 536.0 444.07 355.15
7 536.0 559.90 614.94
8 536.0 492.88 346.85
9 536.0 267.86 635.20
10 536.0 831.96 474.29
11 536.0 501.78 801.96
12 536.0 607.02 658.72
13 536.0 555.57 502.84
14 536.0 333.68 502.18
15 536.0 391.40 518.19
6 537.0 433.59 358.26
7 537.0 553.36 616.92
8 537.0 482.48 350.07
9 537.0 265.26 626.72
10 537.0 830.37 470.45
11 537.0 507.17 800.33
12 537.0 604.58 650.72
13 537.0 557.50 509.35
14 537.0 331.53 495.22
15 537.0 385.25 520.03
6 538.0 424.20 364.37
7 538.0 546.13 619.11
8 538.0 472.60 353.12
9 538.0 262.91 618.98
10 538.0 826.36 466.61
11 538.0 512.72 798.65
12 538.0 602.38 643.62
13 538.0 559.48 516.05
14 538.0 329.57 488.89
15 538.0 379.51 521.76
6 539.0 413.38 367.57
7 539.0 539.72 621.04
8 539.0 463.08 356.07
9 539.0 260.52 611.11
10 539.0 819.28 464.65
11 539.0 518.77 796.83
12 539.0 599.82 635.39
13 539.0 561.38 522.49
14 539.0 327.58 482.26
15 539.0 373.60 523.58
6 540.0 402.49 370.80
7 540.0 532.29 623.29
8 540.0 451.94 356.16
9 540.0 258.27 603.71
10 540.0 811.28 465.39
11 540.0 524.94 794.96
12 540.0 597.32 627.31
13 540.0 563.34 529.12
14 540.0 325.68 476.01
15 540.0 366.95 525.62
6 541.0 392.97 375.22
7 541.0 525.28 625.42
8 541.0 441.93 359.12
9 541.0 255.87 595.82
10 541.0 803.23 467.85
11 541.0 530.75 793.21
12 541.0 595.12 620.21
13 541.0 565.16 535.00
14 541.0 323.42 468.66
15 541.0 360.97 527.53
6 542.0 382.78 378.29
7 542.0 518.25 627.54
8 542.0 432.16 362.01
9 542.0 253.48 587.98
10 542.0 795.51 470.24
11 542.0 536.80 791.38
12 542.0 592.80 612.75
13 542.0 567.02 540.96
14 542.0 321.36 461.96
15 542.0 354.84 529.49
6 543.0 372.37 381.37
7 543.0 511.96 629.45
8 543.0 421.91 365.05
9 543.0 251.15 580.31
10 543.0 787.90 472.60
11 543.0 542.63 789.63
12 543.0 590.27 604.62
13 543.0 569.09 547.57
14 543.0 319.39 455.53
15 543.0 350.70 530.81
6 544.0 361.80 384.50
7 544.0 505.58 631.38
8 544.0 411.88 368.02
9 544.0 248.89 572.89
10 544.0 779.80 475.11
11 544.0 548.70 787.85
12 544.0 587.89 596.98
13 544.0 571.14 554.13
14 544.0 317.31 448.75
15 544.0 345.08 532.45
6 545.0 350.97 387.70
7 545.0 498.32 633.57
8 545.0 401.70 371.03
9 545.0 248.12 566.16
10 545.0 772.05 477.53
11 545.0 555.02 786.00
12 545.0 585.44 589.12
13 545.0 573.05 560.25
14 545.0 315.20 441.84
15 545.0 338.54 534.35
6 546.0 339.91 390.97
7 546.0 490.94 635.80
8 546.0 392.60 375.38
9 546.0 253.07 562.91
10 546.0 764.33 479.95
11 546.0 560.51 784.39
12 546.0 583.11 581.67
13 546.0 575.18 567.05
14 546.0 313.27 435.54
15 546.0 332.08 536.26
6 547.0 328.65 394.31
7 547.0 483.81 637.95
8 547.0 382.43 378.40
9 547.0 260.65 560.68
10 547.0 756.35 482.27
11 547.0 566.12 782.75
12 547.0 580.62 573.71
13 547.0 577.17 573.41
14 547.0 311.08 428.50
15 547.0 325.41 538.25
6 548.0 317.76 395.92
7 548.0 476.86 640.06
8 548.0 372.03 381.47
9 548.0 268.47 558.37
10 548.0 748.21 482.37
11 548.0 571.91 781.06
12 548.0 578.39 566.57
13 548.0 579.01 579.30
14 548.0 309.42 422.54
15 548.0 318.87 540.15
6 549.0 306.89 399.31
7 549.0 470.55 641.97
8 549.0 361.74 384.52
9 549.0 276.38 556.04
10 549.0 740.70 479.53
11 549.0 578.34 779.17
12 549.0 575.91 558.64
13 549.0 581.10 585.99
14 549.0 310.21 416.02
15 549.0 312.42 542.03
6 550.0 295.77 402.87
7 550.0 463.12 644.21
8 550.0 351.33 387.60
9 550.0 284.46 553.66
10 550.0 735.64 473.33
11 550.0 584.72 777.24
12 550.0 573.55 551.09
13 550.0 583.03 592.16
14 550.0 315.25 410.32
15 550.0 305.81 544.03
6 551.0 284.98 406.14
7 551.0 455.96 646.37
8 551.0 341.00 390.65
9 551.0 292.10 551.41
10 551.0 733.03 466.17
11 551.0 590.13 775.60
12 551.0 571.20 543.57
13 551.0 584.96 598.33
14 551.0 322.94 408.09
15 551.0 299.68 545.84
6 552.0 274.65 409.27
7 552.0 449.01 648.47
8 552.0 331.40 393.49
9 552.0 299.73 549.16
10 552.0 730.59 458.42
11 552.0 595.71 773.88
12 552.0 568.70 535.58
13 552.0 587.13 605.29
14 552.0 330.85 402.46
15 552.0 294.01 547.51
6 553.0 263.50 412.65
7 553.0 442.64 650.40
8 553.0 320.98 395.21
9 553.0 307.63 546.82
10 553.0 727.96 450.61
11 553.0 601.72 771.99
12 553.0 566.30 527.83
13 553.0 589.07 611.54
14 553.0 340.06 399.79
15 553.0 287.97 549.29
6 554.0 252.99 415.84
7 554.0 436.25 652.33
8 554.0 310.83 398.08
9 554.0 315.83 544.36
10 554.0 725.15 443.85
11 554.0 608.25 769.97
12 554.0 564.18 520.65
13 554.0 591.18 618.33
14 554.0 349.07 397.17
15 554.0 281.56 548.82
6 555.0 242.54 419.01
7 555.0 429.19 654.46
8 555.0 300.19 401.48
9 555.0 324.17 541.95
10 555.0 720.52 438.10
11 555.0 614.25 768.16
12 555.0 562.01 513.31
13 555.0 593.37 625.37
14 555.0 358.21 394.51
15 555.0 275.05 549.76
6 556.0 231.37 422.40
7 556.0 422.78 656.41
8 556.0 290.25 404.54
9 556.0 331.92 539.65
10 556.0 713.78 434.39
11 556.0 620.01 766.43
12 556.0 559.64 505.31
13 556.0 595.24 631.43
14 556.0 368.00 391.67
15 556.0 269.00 551.55
6 557.0 220.39 425.72
7 557.0 415.68 658.55
8 557.0 279.62 407.76
9 557.0 338.07 538.16
10 557.0 706.55 432.39
11 557.0 625.99 764.63
12 557.0 557.36 497.60
13 557.0 597.21 637.77
14 557.0 377.71 388.85
15 557.0 263.35 553.22
6 558.0 213.47 427.41
7 558.0 409.33 660.48
8 558.0 268.95 411.00
9 558.0 342.31 541.77
10 558.0 699.38 430.92
11 558.0 630.78 763.47
12 558.0 555.38 491.12
13 558.0 599.05 643.69
14 558.0 387.16 387.71
15 558.0 257.53 554.93
6 559.0 205.35 425.56
7 559.0 403.05 662.38
8 559.0 258.93 414.04
9 559.0 343.96 547.29
10 559.0 691.46 429.29
11 559.0 634.92 764.96
12 559.0 553.47 485.35
13 559.0 600.92 649.72
14 559.0 396.52 384.83
15 559.0 252.07 556.54
6 560.0 200.98 418.32
7 560.0 395.98 664.52
8 560.0 248.21 417.29
9 560.0 346.04 554.62
10 560.0 684.16 427.79
11 560.0 636.77 769.07
12 560.0 552.83 483.53
13 560.0 602.76 655.65
14 560.0 405.67 382.02
15 560.0 247.64 557.49
6 561.0 197.25 409.65
7 561.0 389.24 666.56
8 561.0 238.20 420.32
9 561.0 348.24 562.37
10 561.0 677.02 426.27
11 561.0 638.56 775.12
12 561.0 552.69 483.15
13 561.0 604.67 662.05
14 561.0 413.43 376.07
15 561.0 243.66 554.84
6 562.0 194.38 402.53
7 562.0 384.01 666.22
8 562.0 227.56 423.55
9 562.0 350.73 570.63
10 562.0 669.10 426.03
11 562.0 640.36 781.16
12 562.0 552.65 483.01
13 562.0 606.48 668.13
14 562.0 423.03 372.69
15 562.0 241.85 549.68
6 563.0 191.56 395.49
7 563.0 381.37 661.47
8 563.0 217.93 426.48
9 563.0 353.28 578.86
10 563.0 660.99 427.55
11 563.0 642.25 787.39
12 563.0 552.65 483.01
13 563.0 608.43 674.72
14 563.0 432.32 369.42
15 563.0 239.82 542.97
6 564.0 189.83 391.78
7 564.0 379.49 655.16
8 564.0 211.15 427.64
9 564.0 355.65 586.51
10 564.0 653.98 430.28
11 564.0 644.10 793.50
12 564.0 552.65 483.01
13 564.0 610.43 681.43
14 564.0 441.17 366.76
15 564.0 237.90 536.62
6 565.0 187.74 390.13
7 565.0 377.45 648.30
8 565.0 204.16 424.49
9 565.0 358.23 594.94
10 565.0 647.55 434.16
11 565.0 645.80 799.12
12 565.0 552.65 483.01
13 565.0 612.46 688.29
14 565.0 450.30 364.06
15 565.0 236.16 530.91
6 566.0 183.84 394.17
7 566.0 375.44 641.51
8 566.0 200.57 417.42
9 566.0 360.47 602.34
10 566.0 640.45 438.84
11 566.0 647.68 805.35
12 566.0 552.65 483.01
13 566.0 614.50 695.09
14 566.0 459.45 361.35
15 566.0 234.17 524.36
6 567.0 186.01 398.85
7 567.0 373.35 634.47
8 567.0 196.83 408.65
9 567.0 362.73 609.93
10 567.0 633.63 442.59
11 567.0 649.56 811.56
12 567.0 552.65 483.01
13 567.0 616.55 701.89
14 567.0 468.41 358.71
15 567.0 232.23 517.94
6 568.0 188.53 405.13
7 568.0 371.34 627.69
8 568.0 194.18 402.02
9 568.0 365.06 617.79
10 568.0 626.42 445.25
11 568.0 651.26 817.17
12 568.0 552.65 483.01
13 568.0 618.30 707.72
14 568.0 477.93 355.89
15 568.0 230.18 511.18
6 569.0 191.35 412.11
7 569.0 369.37 621.08
8 569.0 191.47 395.27
9 569.0 367.30 625.32
10 569.0 619.13 447.80
11 569.0 652.96 822.81
12 569.0 552.65 483.01
13 569.0 620.40 714.70
14 569.0 487.73 353.00
15 569.0 228.29 504.95
6 570.0 194.51 419.54
7 570.0 367.39 614.41
8 570.0 189.48 391.12
9 570.0 369.70 633.42
10 570.0 611.17 450.53
11 570.0 654.86 829.13
12 570.0 552.65 483.01
13 570.0 622.27 720.90
14 570.0 497.49 350.12
15 570.0 226.50 498.98
6 571.0 195.90 422.76
7 571.0 365.50 608.05
8 571.0 187.41 390.14
9 571.0 372.13 641.61
10 571.0 603.48 453.08
11 571.0 656.65 835.08
12 571.0 552.65 483.01
13 571.0 624.19 727.29
14 571.0 506.87 347.62
15 571.0 224.94 492.57
6 572.0 197.66 427.43
7 572.0 363.42 601.07
8 572.0 186.84 392.98
9 572.0 374.45 649.41
10 572.0 596.01 455.49
11 572.0 658.56 841.40
12 572.0 552.65 483.01
13 572.0 626.03 733.32
14 572.0 516.19 345.59
15 572.0 225.80 485.31
6 573.0 199.84 433.32
7 573.0 361.39 594.32
8 573.0 189.17 398.12
9 573.0 376.75 657.17
10 573.0 588.60 457.90
11 573.0 660.45 847.81
12 573.0 552.65 483.01
13 573.0 628.14 740.26
14 573.0 523.36 344.05
15 573.0 223.39 476.96
6 574.0 202.92 441.33
7 574.0 359.13 586.94
8 574.0 192.24 405.79
9 574.0 378.00 661.38
10 574.0 581.82 460.13
11 574.0 662.04 853.24
12 574.0 552.65 483.01
13 574.0 630.28 747.31
14 574.0 527.71 343.09
15 574.0 220.92 468.19
6 575.0 207.14 449.80
7 575.0 356.94 579.86
8 575.0 195.41 413.56
9 575.0 378.34 662.53
10 575.0 574.60 462.42
11 575.0 663.72 858.99
12 575.0 552.65 483.01
13 575.0 632.10 753.42
14 575.0 528.43 339.88
15 575.0 218.74 460.19
6 576.0 211.23 457.45
7 576.0 354.92 573.35
8 576.0 197.88 419.23
9 576.0 378.38 662.67
10 576.0 567.06 464.78
11 576.0 665.48 865.01
12 576.0 552.65 483.01
13 576.0 631.38 758.79
14 576.0 528.71 335.42
15 576.0 217.05 454.03
6 577.0 214.35 468.43
7 577.0 352.87 566.73
8 577.0 200.70 426.41
9 577.0 378.41 662.75
10 577.0 559.67 467.22
11 577.0 667.09 871.68
12 577.0 552.65 483.01
13 577.0 626.75 761.06
14 577.0 525.22 335.98
15 577.0 216.73 447.75
6 578.0 217.41 479.32
7 578.0 350.83 559.80
8 578.0 203.36 433.60
9 578.0 378.41 662.77
10 578.0 552.15 469.62
11 578.0 664.49 877.70
12 578.0 552.65 483.01
13 578.0 620.58 762.91
14 578.0 519.34 338.29
15 578.0 220.07 442.61
6 579.0 220.12 488.66
7 579.0 349.02 553.40
8 579.0 204.64 437.06
9 579.0 378.41 662.78
10 579.0 545.16 471.81
11 579.0 658.59 880.53
12 579.0 552.65 483.01
13 579.0 613.55 765.03
14 579.0 511.42 341.29
15 579.0 226.09 439.87
6 580.0 222.45 496.57
7 580.0 347.21 546.99
8 580.0 209.64 438.22
9 580.0 378.42 662.78
10 580.0 537.72 474.15
11 580.0 652.59 882.38
12 580.0 552.65 483.01
13 580.0 606.60 767.12
14 580.0 501.53 344.17
15 580.0 234.68 436.79
6 581.0 224.71 504.15
7 581.0 345.83 542.13
8 581.0 217.34 436.12
9 581.0 378.42 662.78
10 581.0 532.99 475.61
11 581.0 646.60 884.23
12 581.0 552.65 483.01
13 581.0 600.25 769.09
14 581.0 491.84 347.17
15 581.0 243.10 434.30
6 582.0 226.93 511.50
7 582.0 342.70 536.62
8 582.0 225.93 436.53
9 582.0 378.42 662.78
10 582.0 525.90 477.78
11 582.0 640.90 885.99
12 582.0 552.65 483.01
13 582.0 594.37 770.95
14 582.0 481.84 346.91
15 582.0 251.14 431.96
6 583.0 229.40 519.65
7 583.0 336.43 535.20
8 583.0 235.98 436.36
9 583.0 378.42 662.78
10 583.0 517.90 480.22
11 583.0 635.17 887.77
12 583.0 552.65 483.01
13 583.0 588.13 772.87
14 583.0 472.64 349.76
15 583.0 260.15 429.34
6 584.0 231.90 527.87
7 584.0 329.23 537.13
8 584.0 246.96 436.51
9 584.0 378.42 662.78
10 584.0 510.82 482.29
11 584.0 628.85 889.72
12 584.0 552.65 483.01
13 584.0 581.31 774.94
14 584.0 462.73 352.83
15 584.0 268.92 426.82
6 585.0 234.20 535.47
7 585.0 322.89 538.99
8 585.0 257.28 433.51
9 585.0 378.42 662.78
10 585.0 503.80 484.19
11 585.0 622.59 891.65
12 585.0 552.65 483.01
13 585.0 575.11 776.77
14 585.0 453.25 355.76
15 585.0 277.76 424.28
6 586.0 236.52 543.11
7 586.0 316.07 540.96
8 586.0 267.92 430.43
9 586.0 378.42 662.78
10 586.0 495.81 486.28
11 586.0 616.10 893.64
12 586.0 552.65 483.01
13 586.0 569.18 778.51
14 586.0 443.76 358.58
15 586.0 286.42 421.79
6 587.0 239.06 551.49
7 587.0 308.68 543.16
8 587.0 278.44 427.41
9 587.0 378.42 662.78
10 587.0 488.76 488.65
11 587.0 610.14 895.47
12 587.0 552.65 483.01
13 587.0 562.20 780.56
14 587.0 434.81 361.23
15 587.0 293.52 416.42
6 588.0 241.45 559.37
7 588.0 301.76 545.23
8 588.0 288.34 424.56
9 588.0 378.42 662.78
10 588.0 481.53 491.03
11 588.0 604.61 897.17
12 588.0 552.65 483.01
13 588.0 555.39 782.55
14 588.0 425.92 363.86
15 588.0 301.58 414.20
6 589.0 244.01 567.80
7 589.0 294.41 547.40
8 589.0 298.78 421.62
9 589.0 378.42 662.78
10 589.0 473.40 493.49
11 589.0 598.80 898.95
12 589.0 552.65 483.01
13 589.0 548.55 784.56
14 589.0 416.37 366.69
15 589.0 310.07 411.82
6 590.0 246.52 576.08
7 590.0 286.91 549.60
8 590.0 304.86 422.30
9 590.0 378.42 662.78
10 590.0 465.49 495.89
11 590.0 592.41 900.91
12 590.0 552.65 483.01
13 590.0 541.71 786.56
14 590.0 407.05 369.45
15 590.0 318.78 409.29
6 591.0 248.84 583.71
7 591.0 279.78 548.67
8 591.0 307.45 427.64
9 591.0 378.42 662.78
10 591.0 458.45 498.02
11 591.0 586.39 902.75
12 591.0 552.65 483.01
13 591.0 534.74 788.67
14 591.0 398.32 372.19
15 591.0 327.10 406.88
6 592.0 251.25 591.64
7 592.0 272.32 550.57
8 592.0 309.90 435.47
9 592.0 378.42 662.78
10 592.0 450.49 500.43
11 592.0 580.33 904.61
12 592.0 552.65 483.01
13 592.0 527.83 790.75
14 592.0 388.96 376.46
15 592.0 335.76 404.37
6 593.0 253.73 599.80
7 593.0 265.14 552.69
8 593.0 312.36 443.50
9 593.0 378.42 662.78
10 593.0 442.76 502.77
11 593.0 574.51 906.39
12 593.0 552.65 483.01
13 593.0 521.21 792.75
14 593.0 379.14 379.37
15 593.0 343.84 402.02
6 594.0 256.02 607.36
7 594.0 258.30 554.71
8 594.0 314.45 450.33
9 594.0 378.42 662.78
10 594.0 435.30 505.01
11 594.0 568.40 908.27
12 594.0 552.65 483.01
13 594.0 514.49 794.77
14 594.0 370.35 381.97
15 594.0 351.95 399.67
6 595.0 258.58 615.78
7 595.0 252.60 556.38
8 595.0 316.58 457.28
9 595.0 378.42 662.78
10 595.0 427.69 507.30
11 595.0 562.06 910.22
12 595.0 552.65 483.01
13 595.0 508.45 796.59
14 595.0 361.21 384.67
15 595.0 361.03 397.03
6 596.0 261.07 623.98
7 596.0 247.60 557.49
8 596.0 318.86 464.72
9 596.0 378.42 662.78
10 596.0 419.95 509.63
11 596.0 556.29 912.01
12 596.0 552.65 483.01
13 596.0 501.42 798.72
14 596.0 351.36 387.59
15 596.0 369.08 394.69
6 597.0 263.52 631.94
7 597.0 243.71 554.95
8 597.0 320.99 471.64
9 597.0 378.42 662.78
10 597.0 412.41 511.89
11 597.0 549.97 913.96
12 597.0 552.65 483.01
13 597.0 494.46 800.82
14 597.0 341.72 390.44
15 597.0 377.10 392.37
6 598.0 265.74 639.16
7 598.0 242.06 550.36
8 598.0 323.40 479.48
9 598.0 378.42 662.78
10 598.0 405.30 514.02
11 598.0 543.58 915.85
12 598.0 552.65 483.01
13 598.0 488.21 802.71
14 598.0 332.48 393.17
15 598.0 385.72 391.21
6 599.0 268.00 646.45
7 599.0 240.10 543.89
8 599.0 325.69 487.11
9 599.0 378.42 662.78
10 599.0 397.26 516.43
11 599.0 537.62 917.62
12 599.0 552.65 483.01
13 599.0 481.75 804.66
14 599.0 322.42 395.25
15 599.0 394.37 388.84
6 600.0 270.33 653.99
7 600.0 238.14 537.42
8 600.0 327.85 494.17
9 600.0 378.86 664.09
10 600.0 389.40 518.79
11 600.0 532.10 919.28
12 600.0 551.95 481.40
13 600.0 475.13 806.66
14 600.0 312.94 397.42
15 600.0 402.84 386.23
6 601.0 272.65 661.45
7 601.0 235.88 529.97
8 601.0 330.16 501.62
9 601.0 380.63 667.60
10 601.0 381.64 521.12
11 601.0 525.63 921.25
12 601.0 550.09 477.95
13 601.0 469.16 808.47
14 601.0 303.83 400.30
15 601.0 412.03 385.55
6 602.0 275.19 669.56
7 602.0 233.75 522.96
8 602.0 332.64 509.66
9 602.0 385.46 670.22
10 602.0 374.36 523.34
11 602.0 519.93 922.99
12 602.0 545.66 474.60
13 602.0 463.01 810.35
14 602.0 294.75 403.17
15 602.0 420.29 383.83
6 603.0 277.48 676.91
7 603.0 231.73 516.29
8 603.0 334.77 516.56
9 603.0 392.64 668.87
10 603.0 366.82 525.66
11 603.0 513.48 924.95
12 603.0 538.00 474.42
13 603.0 456.46 812.32
14 603.0 285.59 405.95
15 603.0 428.30 381.02
6 604.0 279.96 685.01
7 604.0 229.76 509.80
8 604.0 337.26 524.59
9 604.0 400.72 666.42
10 604.0 359.26 528.08
11 604.0 507.82 926.68
12 604.0 532.54 475.75
13 604.0 450.61 814.08
14 604.0 276.81 408.62
15 604.0 436.76 378.07
6 605.0 282.54 693.36
7 605.0 227.80 503.33
8 605.0 339.52 532.04
9 605.0 408.76 663.98
10 605.0 352.11 530.37
11 605.0 501.77 928.56
12 605.0 525.30 477.96
13 605.0 444.77 815.84
14 605.0 267.83 411.34
15 605.0 445.00 375.64
6 606.0 284.95 701.19
7 606.0 225.76 496.51
8 606.0 341.82 539.83
9 606.0 416.33 661.69
10 606.0 349.02 531.31
11 606.0 495.95 930.36
12 606.0 517.68 480.28
13 606.0 438.68 817.67
14 606.0 258.04 414.31
15 606.0 453.78 373.05
6 607.0 287.29 708.83
7 607.0 225.58 489.74
8 607.0 343.86 546.91
9 607.0 424.49 659.23
10 607.0 344.53 533.64
11 607.0 489.44 932.38
12 607.0 509.99 482.53
13 607.0 433.77 818.97
14 607.0 248.41 417.23
15 607.0 461.86 370.66
6 608.0 289.54 716.23
7 608.0 224.63 481.24
8 608.0 345.98 554.42
9 608.0 433.03 656.64
10 608.0 342.23 539.83
11 608.0 483.77 934.14
12 608.0 501.70 484.74
13 608.0 428.98 817.30
14 608.0 238.75 420.16
15 608.0 469.89 368.28
6 609.0 292.03 724.41
7 609.0 221.95 471.93
8 609.0 348.23 562.34
9 609.0 440.69 654.33
10 609.0 343.80 546.70
11 609.0 477.27 936.15
12 609.0 494.13 486.84
13 609.0 427.28 812.82
14 609.0 229.13 423.07
15 609.0 478.40 365.77
6 610.0 294.52 732.58
7 610.0 219.34 462.38
8 610.0 350.53 569.98
9 610.0 448.46 651.98
10 610.0 345.80 553.75
11 610.0 471.97 937.80
12 610.0 485.93 489.60
13 610.0 425.28 806.11
14 610.0 219.32 426.05
15 610.0 486.89 363.26
6 611.0 297.06 740.94
7 611.0 217.31 455.45
8 611.0 352.91 577.69
9 611.0 456.62 649.52
10 611.0 347.98 561.47
11 611.0 466.82 937.68
12 611.0 478.51 491.94
13 611.0 423.21 799.14
14 611.0 212.42 427.58
15 611.0 495.44 360.73
6 612.0 299.38 748.55
7 612.0 216.64 448.36
8 612.0 355.32 585.45
9 612.0 464.47 647.15
10 612.0 350.07 568.49
11 612.0 464.51 934.29
12 612.0 470.77 494.29
13 612.0 421.47 793.25
14 612.0 205.07 425.37
15 612.0 503.54 358.37
6 613.0 301.82 756.56
7 613.0 221.17 441.99
8 613.0 357.51 592.54
9 613.0 472.43 644.74
10 613.0 352.29 575.68
11 613.0 463.02 929.56
12 613.0 463.07 496.62
13 613.0 419.41 786.32
14 613.0 201.35 419.17
15 613.0 512.23 356.24
6 614.0 304.39 764.99
7 614.0 228.39 439.05
8 614.0 359.81 600.16
9 614.0 481.05 642.13
10 614.0 354.79 583.73
11 614.0 461.03 923.30
12 614.0 455.54 498.90
13 614.0 417.31 779.27
14 614.0 197.64 410.60
15 614.0 521.60 354.20
6 615.0 306.81 773.00
7 615.0 237.02 436.06
8 615.0 362.06 607.67
9 615.0 488.86 639.77
10 615.0 356.95 590.72
11 615.0 458.94 916.72
12 615.0 447.53 501.32
13 615.0 415.52 773.22
14 615.0 194.94 403.92
15 615.0 530.63 352.23
6 616.0 309.14 780.67
7 616.0 246.61 433.28
8 616.0 364.33 615.31
9 616.0 496.57 637.44
10 616.0 359.09 597.76
11 616.0 457.14 910.88
12 616.0 440.38 503.48
13 616.0 413.73 767.20
14 616.0 192.44 397.68
15 616.0 538.12 348.21
6 617.0 311.57 788.61
7 617.0 255.81 430.60
8 617.0 366.40 622.31
9 617.0 505.10 634.86
10 617.0 361.40 605.49
11 617.0 455.34 904.85
12 617.0 432.43 505.88
13 617.0 411.72 760.43
14 617.0 190.13 392.34
15 617.0 546.21 346.15
6 618.0 314.12 796.96
7 618.0 264.74 428.02
8 618.0 368.67 629.93
9 618.0 512.80 632.53
10 618.0 363.59 612.82
11 618.0 453.43 898.38
12 618.0 425.32 508.02
13 618.0 409.68 753.55
14 618.0 188.73 390.49
15 618.0 554.64 344.80
6 619.0 316.43 804.55
7 619.0 273.54 425.49
8 619.0 370.92 637.53
9 619.0 521.40 629.93
10 619.0 365.83 620.38
11 619.0 451.66 892.46
12 619.0 417.64 510.32
13 619.0 407.66 746.78
14 619.0 186.70 390.77
15 619.0 562.92 343.91
6 620.0 318.64 812.00
7 620.0 282.50 422.92
8 620.0 373.27 645.43
9 620.0 529.32 627.53
10 620.0 367.95 627.53
11 620.0 449.91 886.73
12 620.0 409.82 512.66
13 620.0 405.61 740.12
14 620.0 183.97 394.40
15 620.0 571.24 343.65
6 621.0 320.93 819.88
7 621.0 292.09 420.16
8 621.0 375.43 652.73
9 621.0 537.54 625.04
10 621.0 370.33 635.55
11 621.0 448.26 881.32
12 621.0 401.49 515.16
13 621.0 403.68 733.82
14 621.0 185.69 398.04
15 621.0 579.64 344.58
6 622.0 323.47 827.94
7 622.0 301.67 417.50
8 622.0 377.82 660.78
9 622.0 545.48 622.64
10 622.0 372.71 643.57
11 622.0 446.52 875.60
12 622.0 393.30 517.62
13 622.0 401.55 726.87
14 622.0 187.70 403.07
15 622.0 587.81 346.24
6 623.0 325.98 835.92
7 623.0 310.55 415.00
8 623.0 380.30 668.81
9 623.0 553.26 620.29
10 623.0 375.04 651.40
11 623.0 444.57 869.18
12 623.0 385.23 520.04
13 623.0 399.59 720.48
14 623.0 190.55 410.17
15 623.0 596.27 348.12
6 624.0 328.52 844.29
7 624.0 319.68 412.37
8 624.0 382.53 675.88
9 624.0 561.37 617.83
10 624.0 377.14 658.49
11 624.0 442.60 862.72
12 624.0 376.96 522.55
13 624.0 397.59 713.97
14 624.0 193.46 417.19
15 624.0 605.33 350.15
6 625.0 330.78 851.66
7 625.0 328.77 409.74
8 625.0 384.73 682.97
9 625.0 568.82 615.58
10 625.0 378.74 664.02
11 625.0 440.63 856.35
12 625.0 368.94 525.01
13 625.0 395.60 707.49
14 625.0 195.66 422.16
15 625.0 614.45 352.19
6 626.0 333.19 859.53
7 626.0 338.77 406.83
8 626.0 387.12 690.76
9 626.0 576.27 613.33
10 626.0 377.08 669.73
11 626.0 438.89 850.73
12 626.0 360.97 527.53
13 626.0 393.62 701.05
14 626.0 198.35 429.30
15 626.0 622.73 354.06
6 627.0 335.64 867.54
7 627.0 348.40 404.03
8 627.0 389.28 697.80
9 627.0 581.02 611.89
10 627.0 371.53 671.78
11 627.0 437.01 844.63
12 627.0 352.72 530.17
13 627.0 391.73 694.90
14 627.0 201.06 436.62
15 627.0 631.41 356.09
6 628.0 337.93 875.01
7 628.0 357.48 401.39
8 628.0 391.55 705.18
9 628.0 583.91 610.27
10 628.0 364.34 673.98
11 628.0 435.14 838.59
12 628.0 345.45 532.88
13 628.0 389.78 688.52
14 628.0 203.57 442.92
15 628.0 640.28 358.16
6 629.0 340.20 882.42
7 629.0 366.66 398.73
8 629.0 393.96 713.06
9 629.0 582.64 608.36
10 629.0 356.66 676.33
11 629.0 433.38 832.89
12 629.0 342.19 539.47
13 629.0 387.71 681.79
14 629.0 207.54 450.47
15 629.0 649.13 360.23
6 630.0 342.57 890.18
7 630.0 376.60 395.84
8 630.0 396.38 720.93
9 630.0 579.93 608.88
10 630.0 348.57 678.75
11 630.0 431.56 827.67
12 630.0 343.90 547.08
13 630.0 385.63 675.08
14 630.0 211.21 457.39
15 630.0 657.95 362.29
6 631.0 345.13 898.51
7 631.0 386.74 394.27
8 631.0 398.47 727.74
9 631.0 575.41 610.25
10 631.0 340.99 677.94
11 631.0 428.29 823.38
12 631.0 346.06 554.68
13 631.0 383.49 668.28
14 631.0 213.75 466.21
15 631.0 666.61 364.31
6 632.0 347.42 906.02
7 632.0 395.60 391.81
8 632.0 400.70 735.01
9 632.0 568.87 612.23
10 632.0 333.11 680.18
11 632.0 422.92 822.67
12 632.0 348.23 562.33
13 632.0 381.47 661.81
14 632.0 216.36 475.65
15 632.0 675.13 366.33
6 633.0 349.98 914.37
7 633.0 405.02 388.91
8 633.0 403.15 742.99
9 633.0 560.89 614.64
10 633.0 324.97 682.64
11 633.0 416.89 824.21
12 633.0 350.65 570.36
13 633.0 379.45 655.02
14 633.0 219.03 484.91
15 633.0 683.58 368.34
6 634.0 352.31 921.96
7 634.0 415.13 388.73
8 634.0 405.29 750.01
9 634.0 552.46 617.19
10 634.0 317.72 684.84
11 634.0 411.20 825.91
12 634.0 352.86 577.51
13 634.0 377.44 648.24
14 634.0 221.58 493.65
15 634.0 692.75 370.54
6 635.0 354.54 929.25
7 635.0 424.55 385.72
8 635.0 407.50 757.44
9 635.0 545.02 619.44
10 635.0 310.05 687.17
11 635.0 405.24 827.71
12 635.0 355.41 585.74
13 635.0 375.37 641.28
14 635.0 223.47 499.98
15 635.0 701.07 372.53
6 636.0 356.87 936.87
7 636.0 433.94 382.42
8 636.0 409.79 765.17
9 636.0 536.56 622.00
10 636.0 302.83 689.36
11 636.0 399.52 829.42
12 636.0 357.91 593.87
13 636.0 373.62 635.39
14 636.0 225.65 507.28
15 636.0 709.36 374.50
6 637.0 359.26 944.65
7 637.0 443.52 379.41
8 637.0 411.91 772.30
9 637.0 528.78 624.35
10 637.0 295.43 691.60
11 637.0 393.29 831.29
12 637.0 360.20 601.46
13 637.0 371.56 628.45
14 637.0 227.69 513.99
15 637.0 718.27 376.62
6 638.0 361.82 953.04
7 638.0 452.67 376.71
8 638.0 413.98 779.28
9 638.0 521.35 626.61
10 638.0 289.58 693.06
11 638.0 387.11 833.14
12 638.0 362.48 609.11
13 638.0 369.81 622.55
14 638.0 229.75 520.77
15 638.0 726.91 378.69
6 639.0 364.23 960.90
7 639.0 461.56 374.08
8 639.0 416.09 786.36
9 639.0 513.06 629.11
10 639.0 285.01 689.95
11 639.0 381.11 834.94
12 639.0 364.84 617.06
13 639.0 367.89 616.07
14 639.0 231.81 527.59
15 639.0 735.54 380.86
6 640.0 367.58 968.02
7 640.0 470.99 371.30
8 640.0 418.42 794.22
9 640.0 504.97 631.56
10 640.0 283.00 684.02
11 640.0 375.55 836.60
12 640.0 367.15 624.81
13 640.0 365.81 609.08
14 640.0 233.76 534.00
15 640.0 744.05 384.31
6 641.0 375.27 969.74
7 641.0 480.78 368.40
8 641.0 420.48 801.15
9 641.0 497.40 633.85
10 641.0 280.68 676.43
11 641.0 369.37 838.45
12 641.0 369.45 632.58
13 641.0 363.74 602.13
14 641.0 235.95 541.22
15 641.0 752.49 386.15
6 642.0 382.38 967.74
7 642.0 490.26 365.60
8 642.0 422.68 808.59
9 642.0 488.91 636.41
10 642.0 278.54 669.44
11 642.0 363.25 840.28
12 642.0 371.67 640.06
13 642.0 361.92 596.08
14 642.0 238.20 548.66
15 642.0 761.05 388.01
6 643.0 390.10 965.45
7 643.0 499.79 362.79
8 643.0 424.81 815.77
9 643.0 480.88 638.84
10 643.0 276.21 662.12
11 643.0 357.76 841.93
12 643.0 374.00 647.90
13 643.0 360.14 590.20
14 643.0 240.45 556.08
15 643.0 770.05 389.97
6 644.0 397.32 963.31
7 644.0 508.32 360.46
8 644.0 427.16 823.50
9 644.0 472.31 641.43
10 644.0 273.77 654.28
11 644.0 351.41 843.84
12 644.0 376.42 656.08
13 644.0 357.97 583.18
14 644.0 242.51 562.87
15 644.0 778.47 391.81
6 645.0 405.55 960.87
7 645.0 513.00 359.51
8 645.0 429.58 831.46
9 645.0 464.84 643.69
10 645.0 271.51 647.00
11 645.0 344.97 845.77
12 645.0 377.76 660.57
13 645.0 356.15 577.34
14 645.0 244.77 570.32
15 645.0 787.31 393.73
6 646.0 413.53 958.50
7 646.0 516.57 361.80
8 646.0 431.97 839.19
9 646.0 457.25 645.98
10 646.0 269.31 639.90
11 646.0 341.02 846.95
12 646.0 378.09 661.69
13 646.0 354.26 571.23
14 646.0 246.80 577.00
15 646.0 795.90 395.67
6 647.0 421.45 956.15
7 647.0 520.14 365.06
8 647.0 434.19 846.36
9 647.0 449.35 648.37
10 647.0 266.89 632.03
11 647.0 336.22 847.96
12 647.0 378.39 662.70
13 647.0 352.28 564.83
14 647.0 249.02 584.30
15 647.0 804.67 397.68
6 648.0 429.22 953.84
7 648.0 520.48 371.28
8 648.0 436.50 853.83
9 648.0 441.66 650.70
10 648.0 264.54 624.37
11 648.0 332.30 845.05
12 648.0 378.41 662.76
13 648.0 350.30 557.95
14 648.0 251.17 591.38
15 648.0 813.64 399.73
6 649.0 436.67 951.63
7 649.0 520.88 378.55
8 649.0 438.74 861.09
9 649.0 433.84 653.06
10 649.0 262.36 617.19
11 649.0 330.61 840.15
12 649.0 378.41 662.78
13 649.0 348.53 551.68
14 649.0 253.28 598.31
15 649.0 822.27 401.57
6 650.0 443.94 949.47
7 650.0 521.28 386.06
8 650.0 441.09 868.73
9 650.0 425.64 655.54
10 650.0 259.89 609.05
11 650.0 328.80 834.19
12 650.0 378.42 662.78
13 650.0 346.86 545.75
14 650.0 255.39 605.28
15 650.0 828.21 402.80
6 651.0 451.75 947.15
7 651.0 521.67 393.17
8 651.0 443.23 875.79
9 651.0 418.06 657.83
10 651.0 257.54 601.31
11 651.0 326.83 827.95
12 651.0 378.42 662.78
13 651.0 345.18 539.90
14 651.0 257.29 611.53
15 651.0 832.64 406.95
6 652.0 456.96 945.60
7 652.0 522.48 400.25
8 652.0 445.44 883.06
9 652.0 409.44 660.44
10 652.0 255.20 593.63
11 652.0 325.13 822.58
12 652.0 378.42 662.78
13 652.0 343.38 533.83
14 652.0 259.45 618.62
15 652.0 834.56 413.02
6 653.0 463.52 941.91
7 653.0 524.53 406.53
8 653.0 447.57 890.03
9 653.0 401.66 662.80
10 653.0 252.82 585.80
11 653.0 323.16 816.21
12 653.0 378.42 662.78
13 653.0 341.61 527.84
14 653.0 261.61 625.75
15 653.0 833.32 419.04
6 654.0 464.55 934.86
7 654.0 526.72 413.09
8 654.0 449.73 897.13
9 654.0 393.12 665.38
10 654.0 250.50 578.16
11 654.0 321.38 809.91
12 654.0 378.42 662.78
13 654.0 339.61 521.36
14 654.0 263.80 632.87
15 654.0 831.84 425.71
6 655.0 462.45 927.77
7 655.0 528.92 419.51
8 655.0 451.76 903.98
9 655.0 388.20 666.97
10 655.0 248.07 570.19
11 655.0 319.43 803.41
12 655.0 378.42 662.78
13 655.0 337.51 514.56
14 655.0 265.74 639.17
15 655.0 830.51 431.70
6 656.0 460.13 920.47
7 656.0 531.21 426.28
8 656.0 454.11 911.93
9 656.0 382.90 671.78
10 656.0 245.95 563.18
11 656.0 317.78 797.98
12 656.0 378.42 662.78
13 656.0 335.60 508.40
14 656.0 267.84 645.96
15 656.0 829.15 437.81
6 657.0 457.79 913.08
7 657.0 530.50 433.82
8 657.0 456.44 919.42
9 657.0 383.63 679.38
10 657.0 243.59 555.41
11 657.0 315.97 792.06
12 657.0 378.42 662.78
13 657.0 333.58 501.86
14 657.0 269.97 652.82
15 657.0 827.90 443.45
6 658.0 455.61 905.74
7 658.0 532.35 440.39
8 658.0 458.95 927.32
9 658.0 385.97 687.01
10 658.0 241.35 548.01
11 658.0 314.31 786.62
12 658.0 378.42 662.78
13 658.0 331.58 495.39
14 658.0 272.03 659.46
15 658.0 826.55 449.41
6 659.0 453.38 898.22
7 659.0 534.30 446.73
8 659.0 460.76 933.03
9 659.0 388.30 694.61
10 659.0 238.88 539.86
11 659.0 312.33 780.16
12 659.0 378.42 662.78
13 659.0 329.53 488.77
14 659.0 274.15 666.31
15 659.0 825.12 455.65
6 660.0 451.19 890.93
7 660.0 536.31 453.26
8 660.0 463.82 939.43
9 660.0 390.88 703.02
10 660.0 236.49 531.99
11 660.0 310.46 774.04
12 660.0 378.42 662.78
13 660.0 327.50 482.01
14 660.0 276.41 673.41
15 660.0 824.06 462.53
6 661.0 448.91 883.48
7 661.0 538.17 459.22
8 661.0 470.50 941.32
9 661.0 393.52 711.63
10 661.0 234.30 524.78
11 661.0 308.65 768.02
12 661.0 378.42 662.78
13 661.0 325.60 475.74
14 661.0 278.37 679.82
15 661.0 825.96 468.63
6 662.0 446.50 875.52
7 662.0 539.39 463.13
8 662.0 477.77 939.35
9 662.0 396.16 720.23
10 662.0 231.88 516.79
11 662.0 306.67 761.50
12 662.0 378.42 662.78
13 662.0 323.78 469.82
14 662.0 280.60 687.08
15 662.0 828.73 474.66
6 663.0 444.08 867.57
7 663.0 539.43 463.26
8 663.0 485.58 936.93
9 663.0 398.43 727.61
10 663.0 229.50 508.93
11 663.0 304.86 755.58
12 663.0 378.42 662.78
13 663.0 321.86 463.60
14 663.0 282.59 693.53
15 663.0 830.75 481.24
6 664.0 441.68 859.75
7 664.0 539.44 463.30
8 664.0 492.84 934.68
9 664.0 400.87 735.58
10 664.0 227.36 501.84
11 664.0 303.22 750.17
12 664.0 378.42 662.78
13 664.0 319.90 457.21
14 664.0 284.69 700.35
15 664.0 832.70 487.61
6 665.0 439.35 852.22
7 665.0 539.44 463.31
8 665.0 500.83 932.20
9 665.0 403.41 743.82
10 665.0 225.20 494.63
11 665.0 301.46 744.40
12 665.0 378.42 662.78
13 665.0 318.04 451.11
14 665.0 286.66 706.75
15 665.0 834.43 493.25
6 666.0 437.04 844.73
7 666.0 539.45 463.31
8 666.0 508.41 929.85
9 666.0 405.72 751.44
10 666.0 226.07 487.64
11 666.0 299.57 738.19
12 666.0 378.42 662.78
13 666.0 316.23 445.20
14 666.0 288.70 713.47
15 666.0 836.32 499.43
6 667.0 434.45 836.36
7 667.0 539.45 463.31
8 667.0 516.01 927.53
9 667.0 407.97 759.04
10 667.0 223.89 478.67
11 667.0 297.82 732.43
12 667.0 378.42 662.78
13 667.0 314.25 438.74
14 667.0 290.90 720.68
15 667.0 838.28 505.83
6 668.0 432.23 829.18
7 668.0 539.45 463.31
8 668.0 523.51 925.25
9 668.0 410.20 766.53
10 668.0 220.94 468.25
11 668.0 296.07 726.70
12 668.0 378.42 662.78
13 668.0 312.36 432.55
14 668.0 293.08 727.84
15 668.0 840.11 511.81
6 669.0 433.52 823.01
7 669.0 539.45 463.31
8 669.0 530.83 923.01
9 669.0 412.72 775.04
10 669.0 218.15 458.19
11 669.0 294.37 721.11
12 669.0 378.42 662.78
13 669.0 310.48 426.60
14 669.0 295.02 734.24
15 669.0 842.29 518.61
6 670.0 439.38 820.80
7 670.0 539.45 463.31
8 670.0 538.68 920.63
9 670.0 415.01 782.72
10 670.0 216.46 450.99
11 670.0 292.57 715.19
12 670.0 378.42 662.78
13 670.0 309.21 421.55
14 670.0 297.10 741.07
15 670.0 841.84 525.30
6 671.0 447.76 818.28
7 671.0 539.45 463.31
8 671.0 545.82 918.52
9 671.0 417.46 791.00
10 671.0 219.00 443.32
11 671.0 290.62 708.79
12 671.0 378.42 662.78
13 671.0 310.24 415.97
14 671.0 299.15 747.80
15 671.0 840.88 530.32
6 672.0 456.11 815.76
7 672.0 539.45 463.31
8 672.0 553.07 916.35
9 672.0 419.93 799.30
10 672.0 226.28 439.80
11 672.0 289.54 704.68
12 672.0 378.42 662.78
13 672.0 315.04 413.72
14 672.0 301.08 754.13
15 672.0 842.83 535.36
6 673.0 464.41 813.26
7 673.0 539.45 463.31
8 673.0 559.95 914.23
9 673.0 422.33 807.41
10 673.0 235.36 436.55
11 673.0 290.61 700.61
12 673.0 378.42 662.78
13 673.0 321.67 411.80
14 673.0 303.14 760.90
15 673.0 847.22 536.96
6 674.0 472.51 810.79
7 674.0 539.45 463.31
8 674.0 567.30 911.95
9 674.0 424.64 815.18
10 674.0 246.24 433.39
11 674.0 294.17 698.67
12 674.0 378.42 662.78
13 674.0 330.50 409.23
14 674.0 305.15 767.49
15 674.0 852.43 535.51
6 675.0 480.52 808.37
7 675.0 539.45 463.31
8 675.0 574.64 909.70
9 675.0 424.05 821.15
10 675.0 255.42 427.38
11 675.0 300.23 696.83
12 675.0 378.42 662.78
13 675.0 339.91 406.50
14 675.0 307.09 773.92
15 675.0 854.24 531.21
6 676.0 487.84 806.16
7 676.0 539.45 463.31
8 676.0 582.10 907.42
9 676.0 417.81 823.94
10 676.0 266.29 424.24
11 676.0 305.70 695.17
12 676.0 378.42 662.78
13 676.0 349.08 403.83
14 676.0 308.99 780.20
15 676.0 858.48 528.26
6 677.0 495.14 803.96
7 677.0 539.45 463.31
8 677.0 589.55 905.13
9 677.0 409.48 826.43
10 677.0 276.54 421.29
11 677.0 311.51 693.41
12 677.0 378.42 662.78
13 677.0 358.30 401.16
14 677.0 311.27 787.64
15 677.0 862.81 526.91
6 678.0 503.27 801.51
7 678.0 539.45 463.31
8 678.0 596.85 902.89
9 678.0 401.95 828.69
10 678.0 286.54 418.42
11 678.0 317.77 691.51
12 678.0 378.42 662.78
13 678.0 366.87 398.67
14 678.0 313.28 794.20
15 678.0 869.62 524.81
6 679.0 510.74 799.25
7 679.0 539.45 463.31
8 679.0 604.08 900.68
9 679.0 393.97 831.09
10 679.0 297.17 415.43
11 679.0 323.81 689.68
12 679.0 378.42 662.78
13 679.0 375.28 396.22
14 679.0 315.45 801.33
15 679.0 875.68 522.94
6 680.0 518.50 796.91
7 680.0 539.45 463.31
8 680.0 611.84 898.30
9 680.0 386.26 833.40
10 680.0 308.07 412.38
11 680.0 329.68 687.90
12 680.0 378.42 662.78
13 680.0 384.43 394.18
14 680.0 317.58 808.36
15 680.0 882.19 520.93
6 681.0 526.54 794.48
7 681.0 539.45 463.31
8 681.0 618.74 896.18
9 681.0 378.70 835.66
10 681.0 319.01 409.23
11 681.0 335.86 686.02
12 681.0 378.42 662.78
13 681.0 393.18 392.55
14 681.0 319.68 815.67
15 681.0 887.93 519.17
6 682.0 534.27 792.15
7 682.0 539.45 463.31
8 682.0 626.02 893.94
9 682.0 370.30 838.17
10 682.0 329.47 406.19
11 682.0 341.28 684.38
12 682.0 378.42 662.78
13 682.0 401.59 389.97
14 682.0 321.86 822.85
15 682.0 894.35 517.20
6 683.0 542.66 789.62
7 683.0 539.45 463.31
8 683.0 633.44 891.65
9 683.0 362.59 840.48
10 683.0 339.73 403.22
11 683.0 346.89 682.66
12 683.0 378.42 662.78
13 683.0 411.00 387.95
14 683.0 324.01 829.66
15 683.0 900.02 515.48
6 684.0 550.67 787.27
7 684.0 539.45 463.31
8 684.0 640.90 889.35
9 684.0 353.99 843.06
10 684.0 349.86 400.27
11 684.0 353.18 680.74
12 684.0 378.42 662.78
13 684.0 419.63 387.46
14 684.0 326.17 836.55
15 684.0 906.28 513.58
6 685.0 558.33 785.03
7 685.0 539.45 463.31
8 685.0 648.68 886.95
9 685.0 345.81 845.52
10 685.0 359.92 397.35
11 685.0 359.12 678.92
12 685.0 378.42 662.78
13 685.0 428.85 384.21
14 685.0 328.19 843.20
15 685.0 912.56 511.71
6 686.0 566.00 782.79
7 686.0 539.45 463.31
8 686.0 656.21 884.62
9 686.0 340.95 846.97
10 686.0 370.49 394.28
11 686.0 365.70 676.91
12 686.0 378.42 662.78
13 686.0 437.93 381.06
14 686.0 330.38 850.33
15 686.0 918.34 509.98
6 687.0 573.80 780.51
7 687.0 539.45 463.31
8 687.0 664.07 881.75
9 687.0 334.33 847.47
10 687.0 380.79 391.37
11 687.0 371.30 675.20
12 687.0 378.42 662.78
13 687.0 446.50 378.53
14 687.0 332.44 857.09
15 687.0 924.95 508.00
6 688.0 582.05 778.05
7 688.0 539.45 463.31
8 688.0 669.44 876.64
9 688.0 331.23 842.19
10 688.0 390.95 389.90
11 688.0 374.02 674.37
12 688.0 378.42 662.78
13 688.0 455.22 375.96
14 688.0 334.64 864.27
15 688.0 930.95 506.21
6 689.0 589.75 775.72
7 689.0 539.45 463.31
8 689.0 669.88 868.90
9 689.0 328.81 834.22
10 689.0 400.82 386.85
11 689.0 374.40 674.25
12 689.0 378.42 662.78
13 689.0 464.22 373.30
14 689.0 336.58 870.62
15 689.0 937.55 504.24
6 690.0 597.99 773.16
7 690.0 540.04 465.03
8 690.0 667.59 860.82
9 690.0 326.19 825.94
10 690.0 411.71 385.45
11 690.0 374.59 674.19
12 690.0 378.88 664.96
13 690.0 473.15 370.66
14 690.0 338.66 877.39
15 690.0 943.56 502.44
6 691.0 605.44 770.81
7 691.0 541.29 468.20
8 691.0 665.37 853.22
9 691.0 323.74 818.17
10 691.0 421.72 383.33
11 691.0 374.68 674.16
12 691.0 378.36 668.37
13 691.0 482.39 367.93
14 691.0 340.57 883.63
15 691.0 949.03 501.13
6 692.0 612.84 768.58
7 692.0 543.85 473.53
8 692.0 663.15 845.64
9 692.0 321.47 810.24
10 692.0 431.39 379.93
11 692.0 374.69 674.16
12 692.0 374.00 671.02
13 692.0 491.32 365.29
14 692.0 342.80 890.92
15 692.0 954.64 502.78
6 693.0 620.52 766.27
7 693.0 547.83 480.17
8 693.0 660.86 837.97
9 693.0 319.00 801.99
10 693.0 441.86 376.57
11 693.0 374.69 674.16
12 693.0 366.72 673.25
13 693.0 500.25 362.65
14 693.0 344.76 897.30
15 693.0 957.92 508.41
6 694.0 625.87 764.66
7 694.0 550.49 486.53
8 694.0 658.44 829.94
9 694.0 316.49 793.74
10 694.0 452.65 373.38
11 694.0 374.69 674.16
12 694.0 359.48 675.47
13 694.0 508.50 360.42
14 694.0 346.66 903.53
15 694.0 960.17 514.12
6 695.0 632.50 762.25
7 695.0 552.76 493.41
8 695.0 656.10 822.17
9 695.0 313.88 785.22
10 695.0 463.58 370.15
11 695.0 374.69 674.16
12 695.0 352.11 677.72
13 695.0 512.72 359.55
14 695.0 348.59 909.82
15 695.0 962.12 520.94
6 696.0 635.74 756.17
7 696.0 554.36 498.74
8 696.0 654.02 815.27
9 696.0 311.38 777.08
10 696.0 473.78 367.13
11 696.0 374.69 674.16
12 696.0 344.56 680.03
13 696.0 516.09 360.70
14 696.0 350.65 916.54
15 696.0 963.74 526.60
6 697.0 633.92 748.32
7 697.0 556.43 505.75
8 697.0 651.83 808.01
9 697.0 309.00 769.19
10 697.0 483.74 364.19
11 697.0 374.69 674.16
12 697.0 336.85 682.38
13 697.0 520.06 363.55
14 697.0 352.82 923.64
15 697.0 965.45 532.58
6 698.0 631.45 740.18
7 698.0 558.48 512.67
8 698.0 649.66 800.84
9 698.0 306.39 760.58
10 698.0 494.17 361.11
11 698.0 374.69 674.16
12 698.0 329.57 684.59
13 698.0 520.44 370.64
14 698.0 354.85 930.26
15 698.0 967.34 539.15
6 699.0 629.00 732.12
7 699.0 560.42 519.24
8 699.0 647.56 793.92
9 699.0 303.78 752.01
10 699.0 504.24 358.19
11 699.0 374.69 674.16
12 699.0 322.01 686.88
13 699.0 520.84 377.86
14 699.0 357.08 937.55
15 699.0 968.98 544.77
6 700.0 626.58 724.13
7 700.0 562.39 525.89
8 700.0 645.38 786.71
9 700.0 301.38 744.14
10 700.0 514.95 355.64
11 700.0 374.69 674.16
12 700.0 313.66 689.41
13 700.0 521.20 384.53
14 700.0 359.14 944.26
15 700.0 970.95 551.55
6 701.0 624.25 716.38
7 701.0 564.61 533.23
8 701.0 643.13 779.27
9 701.0 299.10 736.66
10 701.0 525.19 353.42
11 701.0 374.69 674.16
12 701.0 305.48 691.90
13 701.0 521.58 391.39
14 701.0 361.42 951.71
15 701.0 972.61 557.26
6 702.0 621.96 708.80
7 702.0 566.64 539.75
8 702.0 640.90 771.70
9 702.0 296.64 728.58
10 702.0 534.74 349.79
11 702.0 374.69 674.16
12 702.0 298.08 694.14
13 702.0 522.06 398.35
14 702.0 363.67 959.08
15 702.0 974.24 562.88
6 703.0 619.71 701.33
7 703.0 568.89 546.94
8 703.0 638.67 764.25
9 703.0 294.11 720.26
10 703.0 544.74 346.34
11 703.0 374.69 674.16
12 703.0 293.47 695.54
13 703.0 523.80 404.34
14 703.0 364.65 962.27
15 703.0 976.10 569.26
6 704.0 617.33 693.41
7 704.0 571.06 553.89
8 704.0 636.54 757.10
9 704.0 291.86 712.86
10 704.0 555.04 344.74
11 704.0 374.69 674.16
12 704.0 292.83 695.73
13 704.0 526.01 411.02
14 704.0 365.88 964.35
15 704.0 978.00 575.82
6 705.0 614.81 684.96
7 705.0 573.16 560.59
8 705.0 634.21 749.28
9 705.0 289.53 705.20
10 705.0 566.05 343.77
11 705.0 374.69 674.16
12 705.0 292.81 695.74
13 705.0 528.22 417.48
14 705.0 367.96 963.35
15 705.0 979.82 582.07
6 706.0 612.57 677.44
7 706.0 575.21 567.14
8 706.0 631.91 741.68
9 706.0 287.14 697.44
10 706.0 577.11 344.23
11 706.0 374.69 674.16
12 706.0 292.26 695.98
13 706.0 530.45 423.99
14 706.0 367.60 960.98
15 706.0 981.77 588.76
6 707.0 610.13 669.22
7 707.0 577.27 573.73
8 707.0 629.69 734.39
9 707.0 284.74 689.62
10 707.0 587.69 346.21
11 707.0 374.69 674.16
12 707.0 291.75 696.22
13 707.0 530.91 430.48
14 707.0 366.24 956.51
15 707.0 983.75 595.58
6 708.0 607.67 660.90
7 708.0 579.44 580.69
8 708.0 627.43 726.96
9 708.0 282.27 681.61
10 708.0 598.40 348.60
11 708.0 374.69 674.16
12 708.0 289.66 697.19
13 708.0 531.23 436.76
14 708.0 364.31 950.23
15 708.0 985.46 601.47
6 709.0 605.19 652.70
7 709.0 581.58 587.52
8 709.0 625.09 719.19
9 709.0 279.68 673.17
10 709.0 609.08 350.99
11 709.0 374.69 674.16
12 709.0 286.97 699.74
13 709.0 533.31 443.53
14 709.0 362.40 944.00
15 709.0 987.28 607.72
6 710.0 602.64 644.46
7 710.0 583.88 594.90
8 710.0 622.94 712.04
9 710.0 277.23 665.43
10 710.0 620.02 353.43
11 710.0 374.69 674.16
12 710.0 286.35 704.78
13 710.0 535.22 449.75
14 710.0 360.24 936.94
15 710.0 989.01 613.55
6 711.0 600.06 636.13
7 711.0 585.59 600.36
8 711.0 620.69 704.58
9 711.0 274.70 657.27
10 711.0 630.79 355.94
11 711.0 374.69 674.16
12 711.0 288.03 711.26
13 711.0 537.41 456.78
14 711.0 358.20 930.28
15 711.0 990.73 619.24
6 712.0 597.53 627.98
7 712.0 585.64 605.79
8 712.0 618.58 697.55
9 712.0 272.12 648.95
10 712.0 641.08 358.35
11 712.0 374.69 674.16
12 712.0 290.42 719.10
13 712.0 539.32 462.89
14 712.0 356.05 923.26
15 712.0 993.27 624.69
6 713.0 594.93 619.62
7 713.0 581.30 608.47
8 713.0 616.29 689.94
9 713.0 269.76 641.34
10 713.0 651.96 360.89
11 713.0 374.69 674.16
12 713.0 292.66 726.46
13 713.0 541.85 469.62
14 713.0 354.09 916.86
15 713.0 996.17 629.88
6 714.0 592.53 611.88
7 714.0 574.01 610.68
8 714.0 614.01 682.27
9 714.0 267.20 633.05
10 714.0 662.75 363.41
11 714.0 374.69 674.16
12 714.0 295.16 734.70
13 714.0 544.82 475.26
14 714.0 351.80 909.39
15 714.0 998.07 636.04
6 715.0 590.05 603.89
7 715.0 566.69 612.89
8 715.0 611.62 674.21
9 715.0 264.69 624.85
10 715.0 673.31 362.61
11 715.0 374.69 674.16
12 715.0 297.47 742.29
13 715.0 548.23 480.99
14 715.0 349.82 902.92
15 715.0 999.05 642.31
6 716.0 587.60 596.04
7 716.0 559.93 614.93
8 716.0 609.41 666.76
9 716.0 262.19 616.62
10 716.0 683.67 365.08
11 716.0 374.69 674.16
12 716.0 299.65 749.43
13 716.0 550.82 487.45
14 716.0 347.83 896.44
15 716.0 998.01 647.82
6 717.0 585.05 587.89
7 717.0 552.65 617.13
8 717.0 607.16 659.21
9 717.0 259.59 608.08
10 717.0 694.59 367.69
11 717.0 374.69 674.16
12 717.0 302.01 757.18
13 717.0 552.94 493.95
14 717.0 345.60 889.16
15 717.0 994.87 652.04
6 718.0 582.79 580.67
7 718.0 545.36 619.34
8 718.0 605.09 652.37
9 718.0 257.27 600.45
10 718.0 705.26 370.24
11 718.0 374.69 674.16
12 718.0 304.50 765.36
13 718.0 554.55 499.39
14 718.0 343.33 881.73
15 718.0 988.97 653.18
6 719.0 580.31 572.73
7 719.0 539.07 621.24
8 719.0 602.86 645.17
9 719.0 254.95 592.82
10 719.0 716.04 372.79
11 719.0 374.69 674.16
12 719.0 306.81 773.02
13 719.0 556.29 505.28
14 719.0 341.12 874.53
15 719.0 983.25 655.29
6 720.0 577.78 564.62
7 720.0 532.71 623.16
8 720.0 600.60 637.87
9 720.0 252.60 585.09
10 720.0 726.90 375.39
11 720.0 374.69 674.16
12 720.0 309.34 781.32
13 720.0 558.05 511.23
14 720.0 338.97 867.49
15 720.0 977.75 657.08
6 721.0 575.47 557.25
7 721.0 525.70 625.29
8 721.0 598.32 630.54
9 721.0 250.08 576.78
10 721.0 737.88 378.40
11 721.0 374.69 674.16
12 721.0 311.69 789.01
13 721.0 560.03 517.91
14 721.0 336.70 860.09
15 721.0 971.98 658.85
6 722.0 573.04 549.45
7 722.0 518.27 627.54
8 722.0 595.91 622.77
9 722.0 248.28 570.86
10 722.0 748.38 381.97
11 722.0 374.69 674.16
12 722.0 313.96 796.43
13 722.0 561.96 524.43
14 722.0 335.67 854.80
15 722.0 966.00 660.52
6 723.0 570.70 541.99
7 723.0 511.51 629.58
8 723.0 593.71 615.71
9 723.0 249.04 564.90
10 723.0 759.33 384.36
11 723.0 374.69 674.16
12 723.0 316.41 804.51
13 723.0 563.89 530.93
14 723.0 339.65 850.71
15 723.0 959.40 662.35
6 724.0 568.30 534.31
7 724.0 504.71 631.64
8 724.0 591.56 608.76
9 724.0 255.11 562.31
10 724.0 770.35 386.76
11 724.0 374.69 674.16
12 724.0 318.73 812.33
13 724.0 566.07 537.91
14 724.0 344.26 849.32
15 724.0 953.09 664.05
6 725.0 565.74 525.94
7 725.0 498.32 633.57
8 725.0 589.28 601.44
9 725.0 263.21 559.92
10 725.0 781.45 389.18
11 725.0 374.69 674.16
12 725.0 321.05 820.27
13 725.0 568.15 544.57
14 725.0 351.29 847.21
15 725.0 946.24 664.50
6 726.0 563.35 517.85
7 726.0 491.25 635.71
8 726.0 586.94 593.92
9 726.0 271.17 557.58
10 726.0 792.16 391.54
11 726.0 374.69 674.16
12 726.0 323.37 827.62
13 726.0 570.11 550.85
14 726.0 358.63 845.01
15 726.0 940.49 662.83
6 727.0 561.05 510.07
7 727.0 484.05 637.88
8 727.0 584.50 586.11
9 727.0 279.29 555.19
10 727.0 802.70 393.95
11 727.0 374.69 674.16
12 727.0 325.95 835.81
13 727.0 572.21 557.57
14 727.0 365.84 842.84
15 727.0 934.70 659.06
6 728.0 558.68 502.09
7 728.0 477.60 639.83
8 728.0 582.16 578.63
9 728.0 287.49 552.77
10 728.0 813.07 396.32
11 728.0 374.69 674.16
12 728.0 328.39 843.85
13 728.0 574.19 563.91
14 728.0 372.70 840.79
15 728.0 930.30 655.07
6 729.0 556.18 493.62
7 729.0 471.00 641.83
8 729.0 579.96 571.61
9 729.0 295.43 550.43
10 729.0 824.21 398.71
11 729.0 374.69 674.16
12 729.0 330.78 851.65
13 729.0 576.02 569.76
14 729.0 378.98 838.91
15 729.0 925.52 650.64
6 730.0 557.00 486.62
7 730.0 463.73 644.03
8 730.0 577.78 564.63
9 730.0 303.08 548.17
10 730.0 834.78 402.26
11 730.0 374.69 674.16
12 730.0 333.12 859.32
13 730.0 577.93 575.84
14 730.0 385.29 837.02
15 730.0 920.92 646.37
6 731.0 556.02 482.97
7 731.0 456.41 646.23
8 731.0 575.30 556.70
9 731.0 310.93 545.82
10 731.0 845.01 404.51
11 731.0 374.69 674.16
12 731.0 335.62 867.48
13 731.0 579.94 582.29
14 731.0 392.32 834.92
15 731.0 915.80 641.63
6 732.0 555.74 482.15
7 732.0 449.75 648.25
8 732.0 573.06 549.54
9 732.0 318.67 543.54
10 732.0 855.96 406.98
11 732.0 374.69 674.16
12 732.0 338.03 875.34
13 732.0 581.94 588.67
14 732.0 399.39 832.80
15 732.0 911.48 637.62
6 733.0 555.70 482.05
7 733.0 442.30 650.50
8 733.0 570.92 542.68
9 733.0 327.29 541.03
10 733.0 867.05 409.59
11 733.0 374.69 674.16
12 733.0 340.57 883.62
13 733.0 584.03 595.37
14 733.0 406.38 830.70
15 733.0 906.85 633.33
6 734.0 555.67 481.97
7 734.0 435.89 652.44
8 734.0 568.56 535.12
9 734.0 334.84 538.76
10 734.0 877.55 412.03
11 734.0 374.69 674.16
12 734.0 343.07 891.79
13 734.0 585.90 601.36
14 734.0 413.04 828.69
15 734.0 901.80 628.65
6 735.0 555.67 481.96
7 735.0 428.73 654.61
8 735.0 566.38 528.09
9 735.0 340.68 539.25
10 735.0 888.21 414.50
11 735.0 377.18 673.63
12 735.0 345.36 899.29
13 735.0 588.09 608.39
14 735.0 419.60 826.74
15 735.0 897.56 624.72
6 736.0 555.67 481.95
7 736.0 421.41 656.82
8 736.0 564.15 520.57
9 736.0 343.36 545.17
10 736.0 898.83 416.95
11 736.0 381.00 674.57
12 736.0 347.68 906.87
13 736.0 590.24 615.30
14 736.0 425.69 824.24
15 736.0 892.71 620.03
6 737.0 555.67 481.95
7 737.0 414.72 658.84
8 737.0 561.80 512.63
9 737.0 345.62 553.12
10 737.0 909.40 419.45
11 737.0 383.42 678.69
12 737.0 350.23 915.17
13 737.0 592.09 621.27
14 737.0 428.37 817.97
15 737.0 888.09 615.32
6 738.0 555.67 481.95
7 738.0 407.62 660.99
8 738.0 559.77 505.77
9 738.0 347.91 561.20
10 738.0 919.55 422.76
11 738.0 385.33 684.93
12 738.0 352.68 923.19
13 738.0 594.25 628.23
14 738.0 426.73 810.99
15 738.0 883.77 610.92
6 739.0 555.67 481.95
7 739.0 400.46 663.16
8 739.0 557.73 498.86
9 739.0 350.20 568.92
10 739.0 923.72 424.35
11 739.0 387.08 690.63
12 739.0 354.86 930.29
13 739.0 596.31 634.87
14 739.0 424.78 804.43
15 739.0 879.56 606.64
6 740.0 555.67 481.95
7 740.0 394.12 665.08
8 740.0 555.88 492.60
9 740.0 352.78 577.24
10 740.0 932.72 429.01
11 740.0 388.88 696.49
12 740.0 357.33 938.38
13 740.0 598.47 641.82
14 740.0 422.56 796.95
15 740.0 874.87 601.86
6 741.0 555.67 481.95
7 741.0 388.59 666.71
8 741.0 555.08 490.21
9 741.0 355.13 584.84
10 741.0 940.06 435.47
11 741.0 390.65 702.27
12 741.0 359.60 945.77
13 741.0 600.59 648.68
14 741.0 420.67 790.56
15 741.0 871.20 596.56
6 742.0 555.67 481.95
7 742.0 383.90 666.11
8 742.0 554.99 489.93
9 742.0 357.75 593.36
10 742.0 946.96 442.42
11 742.0 392.37 707.87
12 742.0 361.82 953.01
13 742.0 602.44 654.63
14 742.0 418.63 783.70
15 742.0 869.43 590.70
6 743.0 555.67 481.95
7 743.0 381.22 660.98
8 743.0 554.97 489.88
9 743.0 360.12 601.18
10 743.0 954.44 449.98
11 743.0 394.32 714.22
12 743.0 364.04 960.29
13 743.0 604.38 661.06
14 743.0 416.71 777.23
15 743.0 867.56 584.40
6 744.0 555.67 481.95
7 744.0 379.22 654.25
8 744.0 554.97 489.87
9 744.0 362.44 608.98
10 744.0 959.76 455.39
11 744.0 396.08 719.97
12 744.0 367.10 967.57
13 744.0 606.45 668.02
14 744.0 414.69 770.44
15 744.0 865.58 577.70
6 745.0 555.67 481.95
7 745.0 377.26 647.63
8 745.0 554.97 489.87
9 745.0 364.71 616.61
10 745.0 965.51 461.23
11 745.0 397.83 725.65
12 745.0 374.18 969.90
13 745.0 608.32 674.32
14 745.0 412.80 764.08
15 745.0 863.94 572.19
6 746.0 555.67 481.95
7 746.0 375.27 640.96
8 746.0 554.97 489.86
9 746.0 367.06 624.51
10 746.0 971.56 467.28
11 746.0 399.58 731.38
12 746.0 382.08 967.83
13 746.0 610.21 680.72
14 746.0 410.86 757.55
15 746.0 862.21 566.37
6 747.0 555.67 481.95
7 747.0 373.10 633.64
8 747.0 554.97 489.86
9 747.0 369.38 632.33
10 747.0 977.59 473.17
11 747.0 401.38 737.23
12 747.0 390.20 965.42
13 747.0 612.05 686.90
14 747.0 408.87 750.83
15 747.0 860.35 560.11
6 748.0 555.67 481.95
7 748.0 371.21 627.28
8 748.0 554.97 489.86
9 748.0 371.94 640.97
10 748.0 983.58 479.02
11 748.0 403.10 742.82
12 748.0 397.89 963.14
13 748.0 613.89 693.08
14 748.0 406.88 744.23
15 748.0 858.58 554.14
6 749.0 555.67 481.95
7 749.0 369.09 620.12
8 749.0 554.97 489.86
9 749.0 374.43 649.35
10 749.0 989.72 484.89
11 749.0 405.08 749.28
12 749.0 405.40 960.91
13 749.0 615.84 699.53
14 749.0 404.74 737.28
15 749.0 856.86 548.33
6 750.0 555.67 481.95
7 750.0 367.20 613.77
8 750.0 554.97 489.86
9 750.0 376.72 657.07
10 750.0 995.23 491.72
11 750.0 407.03 755.85
12 750.0 413.72 958.44
13 750.0 617.64 705.53
14 750.0 402.71 730.66
15 750.0 855.17 542.29
6 751.0 555.67 481.95
7 751.0 365.02 606.42
8 751.0 554.97 489.86
9 751.0 377.88 660.97
10 751.0 1001.97 496.64
11 751.0 408.64 761.27
12 751.0 421.44 956.15
13 751.0 619.73 712.45
14 751.0 400.50 723.45
15 751.0 853.81 536.55
6 752.0 555.67 481.95
7 752.0 363.11 600.02
8 752.0 554.97 489.86
9 752.0 378.15 661.88
10 752.0 1008.59 501.49
11 752.0 410.55 767.72
12 752.0 428.80 953.97
13 752.0 621.82 719.41
14 752.0 398.24 716.09
15 752.0 853.89 531.97
6 753.0 555.67 481.95
7 753.0 361.16 593.57
8 753.0 554.97 489.86
9 753.0 378.41 662.78
10 753.0 1012.28 508.80
11 753.0 412.23 773.37
12 753.0 436.18 951.78
13 753.0 623.61 725.34
14 753.0 395.99 708.76
15 753.0 853.60 526.76
6 754.0 555.67 481.95
7 754.0 359.10 586.83
8 754.0 554.97 489.86
9 754.0 378.42 662.78
10 754.0 1015.26 519.41
11 754.0 414.07 779.57
12 754.0 443.57 949.58
13 754.0 625.52 731.65
14 754.0 393.93 702.04
15 754.0 850.16 524.03
6 755.0 555.67 481.95
7 755.0 356.80 579.41
8 755.0 554.97 489.86
9 755.0 378.42 662.78
10 755.0 1019.75 530.90
11 755.0 415.80 785.40
12 755.0 451.09 947.34
13 755.0 627.60 738.51
14 755.0 391.89 695.41
15 755.0 846.17 519.93
6 756.0 555.67 481.95
7 756.0 354.57 572.23
8 756.0 554.97 489.86
9 756.0 378.42 662.78
10 756.0 1022.95 544.76
11 756.0 417.45 790.97
12 756.0 459.13 944.96
13 756.0 629.52 744.81
14 756.0 389.62 688.02
15 756.0 844.16 513.99
6 757.0 555.67 481.95
7 757.0 352.51 565.59
8 757.0 554.97 489.86
9 757.0 378.42 662.78
10 757.0 1026.76 558.43
11 757.0 419.30 797.20
12 757.0 466.94 942.64
13 757.0 631.48 751.27
14 757.0 387.65 681.60
15 757.0 842.28 507.96
6 758.0 555.67 481.95
7 758.0 350.44 558.43
8 758.0 554.97 489.86
9 758.0 378.42 662.78
10 758.0 1030.56 570.94
11 758.0 421.04 803.04
12 758.0 474.95 940.22
13 758.0 632.53 756.17
14 758.0 386.80 678.81
15 758.0 840.31 501.53
6 759.0 555.67 481.95
7 759.0 348.34 551.01
8 759.0 554.97 489.86
9 759.0 378.42 662.78
10 759.0 1034.40 583.44
11 759.0 422.72 808.70
12 759.0 482.76 937.80
13 759.0 629.63 760.04
14 759.0 386.54 677.98
15 759.0 838.43 495.40
6 760.0 555.67 481.95
7 760.0 346.43 544.25
8 760.0 554.97 489.86
9 760.0 378.42 662.78
10 760.0 1038.34 596.22
11 760.0 424.51 814.75
12 760.0 490.14 935.51
13 760.0 625.01 761.58
14 760.0 386.48 677.78
15 760.0 836.36 488.63
6 761.0 555.67 481.95
7 761.0 344.13 538.05
8 761.0 554.97 489.86
9 761.0 378.42 662.78
10 761.0 1042.38 609.36
11 761.0 426.11 818.63
12 761.0 497.85 933.13
13 761.0 618.61 763.51
14 761.0 386.45 677.69
15 761.0 834.35 482.07
6 762.0 555.67 481.95
7 762.0 338.82 534.93
8 762.0 554.97 489.86
9 762.0 378.42 662.78
10 762.0 1045.91 620.82
11 762.0 430.45 822.05
12 762.0 505.78 930.67
13 762.0 611.76 765.57
14 762.0 386.45 677.69
15 762.0 832.43 475.83
6 763.0 555.67 481.95
7 763.0 332.52 536.12
8 763.0 554.97 489.86
9 763.0 378.42 662.78
10 763.0 1048.59 629.57
11 763.0 436.10 821.79
12 763.0 513.38 928.33
13 763.0 605.66 767.40
14 763.0 386.45 677.69
15 763.0 829.86 469.70
6 764.0 555.67 481.95
7 764.0 325.23 538.31
8 764.0 554.97 489.86
9 764.0 378.42 662.78
10 764.0 1047.51 635.31
11 764.0 441.59 820.13
12 764.0 521.00 926.01
13 764.0 599.61 769.30
14 764.0 386.45 677.68
15 764.0 827.36 464.11
6 765.0 555.67 481.95
7 765.0 318.24 540.34
8 765.0 554.97 489.86
9 765.0 378.42 662.78
10 765.0 1041.80 637.65
11 765.0 448.08 818.18
12 765.0 528.49 923.73
13 765.0 593.11 771.35
14 765.0 386.45 677.68
15 765.0 828.01 457.37
6 766.0 555.67 481.95
7 766.0 311.94 542.18
8 766.0 554.97 489.86
9 766.0 378.42 662.78
10 766.0 1034.13 639.96
11 766.0 454.44 816.26
12 766.0 536.76 921.21
13 766.0 586.80 773.27
14 766.0 386.45 677.68
15 766.0 829.56 450.60
6 767.0 555.67 481.95
7 767.0 305.40 544.16
8 767.0 554.97 489.86
9 767.0 378.42 662.78
10 767.0 1026.36 642.31
11 767.0 460.41 814.47
12 767.0 545.03 918.76
13 767.0 580.42 775.20
14 767.0 386.45 677.68
15 767.0 830.98 444.37
6 768.0 555.67 481.95
7 768.0 298.97 546.05
8 768.0 554.97 489.86
9 768.0 378.42 662.78
10 768.0 1018.37 644.72
11 768.0 466.47 812.63
12 768.0 552.60 916.50
13 768.0 573.90 777.13
14 768.0 386.45 677.68
15 768.0 832.29 438.44
6 769.0 555.67 481.95
7 769.0 291.65 548.21
8 769.0 554.97 489.86
9 769.0 378.42 662.78
10 769.0 1011.33 646.84
11 769.0 472.40 810.82
12 769.0 560.14 914.17
13 769.0 567.20 779.10
14 769.0 386.45 677.68
15 769.0 833.66 432.25
6 770.0 555.67 481.95
7 770.0 284.78 549.78
8 770.0 554.97 489.86
9 770.0 378.42 662.78
10 770.0 1004.89 648.80
11 770.0 478.35 809.03
12 770.0 567.66 911.84
13 770.0 561.29 780.83
14 770.0 386.45 677.68
15 770.0 834.96 426.41
6 771.0 555.67 481.95
7 771.0 277.74 548.97
8 771.0 554.97 489.86
9 771.0 378.42 662.78
10 771.0 997.81 650.86
11 771.0 484.52 807.16
12 771.0 575.56 909.42
13 771.0 554.51 782.81
14 771.0 386.45 677.68
15 771.0 836.46 419.65
6 772.0 555.67 481.95
7 772.0 271.09 550.93
8 772.0 554.97 489.86
9 772.0 378.42 662.78
10 772.0 990.43 652.59
11 772.0 490.14 805.47
12 772.0 583.87 906.87
13 772.0 547.90 784.75
14 772.0 386.45 677.68
15 772.0 838.00 413.73
6 773.0 555.67 481.95
7 773.0 263.79 553.09
8 773.0 554.97 489.86
9 773.0 378.42 662.78
10 773.0 983.03 655.36
11 773.0 495.61 803.82
12 773.0 591.12 904.65
13 773.0 541.74 786.56
14 773.0 386.45 677.68
15 773.0 842.20 409.16
6 774.0 555.67 481.95
7 774.0 256.70 555.18
8 774.0 554.97 489.86
9 774.0 378.42 662.78
10 774.0 975.72 657.74
11 774.0 501.14 802.15
12 774.0 599.36 902.13
13 774.0 535.00 788.59
14 774.0 386.45 677.68
15 774.0 847.06 405.17
6 775.0 555.67 481.95
7 775.0 251.62 556.67
8 775.0 554.97 489.86
9 775.0 378.42 662.78
10 775.0 968.66 659.78
11 775.0 507.10 800.35
12 775.0 607.17 899.73
13 775.0 528.20 790.64
14 775.0 386.45 677.68
15 775.0 854.09 403.25
6 776.0 555.67 481.95
7 776.0 245.85 557.07
8 776.0 554.97 489.86
9 776.0 378.42 662.78
10 776.0 961.23 661.84
11 776.0 512.64 798.68
12 776.0 614.58 897.46
13 776.0 522.33 792.41
14 776.0 386.45 677.68
15 776.0 863.53 402.18
6 777.0 555.67 481.95
7 777.0 242.97 553.36
8 777.0 554.97 489.86
9 777.0 378.42 662.78
10 777.0 954.23 663.78
11 777.0 518.50 796.91
12 777.0 621.91 895.21
13 777.0 515.85 794.36
14 777.0 386.45 677.68
15 777.0 873.12 401.15
6 778.0 555.67 481.95
7 778.0 240.83 546.31
8 778.0 554.97 489.86
9 778.0 378.42 662.78
10 778.0 946.24 664.50
11 778.0 524.28 795.16
12 778.0 629.54 892.86
13 778.0 508.98 796.43
14 778.0 386.45 677.68
15 778.0 881.83 403.16
6 779.0 555.67 481.95
7 779.0 238.90 539.94
8 779.0 554.97 489.86
9 779.0 378.42 662.78
10 779.0 938.73 661.81
11 779.0 529.70 793.53
12 779.0 637.03 890.54
13 779.0 502.13 798.50
14 779.0 386.45 677.68
15 779.0 890.89 405.26
6 780.0 555.20 480.46
7 780.0 236.86 533.20
8 780.0 554.97 489.86
9 780.0 379.22 664.87
10 780.0 932.65 657.25
11 780.0 535.25 791.85
12 780.0 644.37 888.28
13 780.0 495.77 800.42
14 780.0 385.83 675.71
15 780.0 899.70 407.29
6 781.0 554.48 476.47
7 781.0 234.95 526.92
8 781.0 554.40 488.14
9 781.0 380.49 667.46
10 781.0 927.00 652.01
11 781.0 541.47 789.97
12 781.0 651.86 885.96
13 781.0 489.34 802.36
14 781.0 384.70 672.13
15 781.0 907.76 409.16
6 782.0 556.74 471.85
7 782.0 232.91 520.20
8 782.0 553.35 485.00
9 782.0 380.49 667.46
10 782.0 920.90 646.35
11 782.0 548.10 788.02
12 782.0 659.75 883.53
13 782.0 483.20 804.22
14 782.0 382.90 666.41
15 782.0 916.70 411.65
6 783.0 563.30 469.40
7 783.0 230.99 513.86
8 783.0 551.79 480.48
9 783.0 380.49 667.46
10 783.0 914.73 640.63
11 783.0 554.28 786.22
12 783.0 666.93 879.83
13 783.0 476.89 806.13
14 783.0 380.66 659.08
15 783.0 923.64 414.01
6 784.0 570.85 466.92
7 784.0 228.83 506.73
8 784.0 549.50 473.50
9 784.0 382.02 668.86
10 784.0 908.69 635.04
11 784.0 559.70 784.63
12 784.0 670.32 872.59
13 784.0 470.23 808.14
14 784.0 378.54 651.94
15 784.0 923.37 413.84
6 785.0 579.14 464.37
7 785.0 226.78 499.91
8 785.0 547.19 466.45
9 785.0 386.04 670.31
10 785.0 902.72 629.50
11 785.0 565.64 782.89
12 785.0 668.66 864.48
13 785.0 464.25 809.97
14 785.0 376.55 645.24
15 785.0 922.92 413.66
6 786.0 586.65 461.91
7 786.0 224.94 492.62
8 786.0 545.01 459.63
9 786.0 392.03 669.05
10 786.0 897.13 624.32
11 786.0 571.15 781.28
12 786.0 666.49 857.05
13 786.0 457.76 811.93
14 786.0 374.59 638.67
15 786.0 922.77 413.60
6 787.0 594.76 459.26
7 787.0 225.47 484.16
8 787.0 542.84 452.71
9 787.0 399.71 666.73
10 787.0 891.32 618.61
11 787.0 577.14 779.52
12 787.0 664.17 849.12
13 787.0 451.33 813.86
14 787.0 372.63 632.06
15 787.0 922.75 413.59
6 788.0 602.89 456.63
7 788.0 222.75 474.72
8 788.0 540.38 444.74
9 788.0 408.31 664.12
10 788.0 885.95 613.14
11 788.0 583.73 777.54
12 788.0 661.91 841.46
13 788.0 444.94 815.79
14 788.0 370.72 625.61
15 788.0 922.74 413.59
6 789.0 611.10 453.94
7 789.0 220.15 465.38
8 789.0 538.24 437.77
9 789.0 416.46 661.66
10 789.0 880.73 607.83
11 789.0 589.69 775.74
12 789.0 659.44 833.27
13 789.0 438.25 817.80
14 789.0 368.81 619.18
15 789.0 922.74 413.59
6 790.0 619.36 451.09
7 790.0 217.55 456.23
8 790.0 536.66 429.56
9 790.0 424.11 659.34
10 790.0 875.48 602.48
11 790.0 595.91 773.82
12 790.0 656.98 825.09
13 790.0 432.86 819.11
14 790.0 366.81 612.45
15 790.0 922.74 413.59
6 791.0 627.15 448.38
7 791.0 216.58 448.81
8 791.0 536.34 421.42
9 791.0 431.88 656.99
10 791.0 871.02 596.06
11 791.0 602.19 771.84
12 791.0 654.75 817.69
13 791.0 428.82 816.95
14 791.0 364.75 605.54
15 791.0 922.74 413.59
6 792.0 634.45 445.69
7 792.0 220.40 442.42
8 792.0 533.86 414.18
9 792.0 439.84 654.58
10 792.0 868.96 589.09
11 792.0 608.21 769.98
12 792.0 652.39 809.86
13 792.0 427.19 812.54
14 792.0 362.66 598.52
15 792.0 922.74 413.59
6 793.0 641.42 442.02
7 793.0 227.53 439.36
8 793.0 531.43 407.02
9 793.0 448.29 652.03
10 793.0 866.58 581.10
11 793.0 614.40 768.12
12 793.0 649.91 801.68
13 793.0 425.23 805.93
14 793.0 360.44 591.19
15 793.0 922.74 413.59
6 794.0 647.96 437.72
7 794.0 236.58 436.19
8 794.0 528.82 399.77
9 794.0 456.67 649.51
10 794.0 864.47 573.99
11 794.0 620.04 766.42
12 794.0 647.65 794.19
13 794.0 423.22 799.16
14 794.0 358.44 584.70
15 794.0 922.74 413.59
6 795.0 654.63 433.57
7 795.0 246.32 433.36
8 795.0 525.49 391.97
9 795.0 464.97 647.00
10 795.0 862.19 566.28
11 795.0 625.57 764.75
12 795.0 645.35 786.62
13 795.0 421.26 792.55
14 795.0 356.24 577.60
15 795.0 922.74 413.59
6 796.0 662.60 430.44
7 796.0 255.83 430.60
8 796.0 521.75 384.76
9 796.0 472.87 644.61
10 796.0 860.01 558.94
11 796.0 630.06 763.57
12 796.0 643.20 779.49
13 796.0 419.21 785.66
14 796.0 354.26 571.24
15 796.0 922.74 413.59
6 797.0 670.22 429.17
7 797.0 264.73 428.02
8 797.0 518.67 377.05
9 797.0 481.06 642.13
10 797.0 857.80 551.51
11 797.0 634.96 765.00
12 797.0 640.84 771.50
13 797.0 417.13 778.66
14 797.0 352.10 564.27
15 797.0 922.74 413.59
6 798.0 678.05 429.78
7 798.0 273.51 425.50
8 798.0 518.85 368.78
9 798.0 488.70 639.82
10 798.0 856.00 545.57
11 798.0 636.71 768.85
12 798.0 638.69 764.32
13 798.0 415.29 772.46
14 798.0 350.31 557.95
15 798.0 922.74 413.59
6 799.0 686.21 431.48
7 799.0 283.10 422.74
8 799.0 520.65 363.25
9 799.0 496.31 637.51
10 799.0 854.01 537.65
11 799.0 638.51 774.95
12 799.0 636.53 757.07
13 799.0 413.49 766.40
14 799.0 348.24 550.64
15 799.0 922.74 413.59
6 800.0 694.20 433.12
7 800.0 292.43 420.06
8 800.0 523.08 356.02
9 800.0 504.74 634.97
10 800.0 853.89 531.83
11 800.0 640.44 781.40
12 800.0 634.32 749.61
13 800.0 411.70 760.38
14 800.0 346.62 544.90
15 800.0 922.74 413.59
6 801.0 702.25 434.77
7 801.0 302.05 417.39
8 801.0 525.35 349.28
9 801.0 512.58 632.60
10 801.0 852.67 525.34
11 801.0 642.33 787.66
12 801.0 631.81 741.35
13 801.0 409.79 753.92
14 801.0 344.53 537.72
15 801.0 922.74 413.59
6 802.0 709.73 436.44
7 802.0 311.62 414.70
8 802.0 527.35 343.38
9 802.0 521.14 630.01
10 802.0 847.52 522.34
11 802.0 644.12 793.58
12 802.0 629.45 733.59
13 802.0 408.00 747.88
14 802.0 342.41 530.53
15 802.0 922.74 413.59
6 803.0 717.57 439.85
7 803.0 321.24 411.92
8 803.0 528.64 339.10
9 803.0 529.20 627.57
10 803.0 844.67 515.58
11 803.0 645.97 799.67
12 803.0 627.16 726.05
13 803.0 406.02 741.43
14 803.0 340.33 523.69
15 803.0 922.74 413.59
6 804.0 722.45 445.57
7 804.0 330.04 409.36
8 804.0 528.37 335.15
9 804.0 536.73 625.28
10 804.0 842.45 508.49
11 804.0 647.85 805.89
12 804.0 624.69 717.86
13 804.0 403.99 734.84
14 804.0 338.21 516.85
15 804.0 922.74 413.59
6 805.0 725.43 453.11
7 805.0 339.14 406.72
8 805.0 524.30 336.34
9 805.0 544.81 622.84
10 805.0 839.97 500.41
11 805.0 649.59 811.65
12 805.0 622.49 710.54
13 805.0 401.84 727.83
14 805.0 336.26 510.51
15 805.0 922.74 413.59
6 806.0 728.13 461.15
7 806.0 348.30 404.06
8 806.0 518.78 338.50
9 806.0 552.31 620.57
10 806.0 837.77 493.24
11 806.0 651.43 817.75
12 806.0 619.98 702.22
13 806.0 399.94 721.63
14 806.0 334.21 503.89
15 806.0 922.74 413.59
6 807.0 730.73 469.57
7 807.0 357.50 401.39
8 807.0 510.81 341.45
9 807.0 560.67 618.05
10 807.0 835.53 485.94
11 807.0 653.28 823.91
12 807.0 617.51 694.00
13 807.0 398.04 715.43
14 807.0 332.23 497.48
15 807.0 922.74 413.59
6 808.0 733.78 476.62
7 808.0 366.78 398.69
8 808.0 501.45 344.20
9 808.0 569.14 615.49
10 808.0 833.22 478.40
11 808.0 655.07 829.82
12 808.0 615.14 686.09
13 808.0 396.24 709.56
14 808.0 329.93 490.07
15 808.0 922.74 413.59
6 809.0 739.42 482.54
7 809.0 375.56 396.14
8 809.0 491.31 347.34
9 809.0 577.26 613.03
10 809.0 831.40 472.65
11 809.0 656.90 835.91
12 809.0 612.79 678.17
13 809.0 394.28 703.20
14 809.0 328.01 483.69
15 809.0 922.74 413.59
6 810.0 746.80 485.33
7 810.0 384.81 394.20
8 810.0 481.07 350.51
9 810.0 581.77 611.67
10 810.0 826.21 466.52
11 810.0 658.66 841.73
12 810.0 610.36 669.97
13 810.0 392.40 697.05
14 810.0 325.99 477.01
15 810.0 922.74 413.59
6 811.0 754.86 485.82
7 811.0 393.97 392.31
8 811.0 470.52 353.77
9 811.0 584.01 610.10
10 811.0 818.19 464.57
11 811.0 660.43 847.74
12 811.0 608.06 662.23
13 811.0 390.55 691.03
14 811.0 323.97 470.45
15 811.0 922.74 413.59
6 812.0 762.76 483.80
7 812.0 402.86 389.57
8 812.0 460.25 356.94
9 812.0 581.70 608.35
10 812.0 810.90 465.46
11 812.0 662.26 854.00
12 812.0 605.88 654.93
13 812.0 388.48 684.31
14 812.0 321.71 463.09
15 812.0 922.74 413.59
6 813.0 770.89 481.26
7 813.0 412.51 388.42
8 813.0 448.66 357.13
9 813.0 575.94 610.09
10 813.0 803.00 467.93
11 813.0 663.92 859.68
12 813.0 603.65 647.72
13 813.0 386.36 677.38
14 813.0 319.43 455.66
15 813.0 922.74 413.59
6 814.0 779.14 478.67
7 814.0 422.60 386.41
8 814.0 439.11 359.96
9 814.0 568.70 612.28
10 814.0 795.02 470.40
11 814.0 665.53 865.15
12 814.0 601.14 639.63
13 814.0 384.43 671.29
14 814.0 317.46 449.22
15 814.0 922.74 413.59
6 815.0 787.24 476.16
7 815.0 431.81 383.17
8 815.0 429.05 362.93
9 815.0 560.61 614.73
10 815.0 786.93 472.90
11 815.0 667.02 870.79
12 815.0 598.78 632.03
13 815.0 382.44 664.97
14 815.0 315.43 442.60
15 815.0 922.74 413.59
6 816.0 794.84 473.80
7 816.0 440.56 380.29
8 816.0 418.58 366.04
9 816.0 553.01 617.03
10 816.0 779.24 475.28
11 816.0 665.49 876.81
12 816.0 596.43 624.46
13 816.0 380.47 658.45
14 816.0 313.30 435.63
15 816.0 922.74 413.59
6 817.0 803.21 471.21
7 817.0 450.33 377.40
8 817.0 409.03 368.86
9 817.0 544.98 619.45
10 817.0 771.29 477.77
11 817.0 660.56 879.85
12 817.0 594.20 617.25
13 817.0 378.44 651.60
14 817.0 311.32 429.24
15 817.0 922.74 413.59
6 818.0 810.90 468.78
7 818.0 459.47 374.70
8 818.0 398.57 372.09
9 818.0 536.55 622.00
10 818.0 764.34 479.95
11 818.0 654.31 881.85
12 818.0 591.65 609.08
13 818.0 376.49 645.03
14 818.0 310.29 425.97
15 818.0 922.74 413.59
6 819.0 814.57 468.02
7 819.0 468.63 371.99
8 819.0 388.93 376.47
9 819.0 528.47 624.45
10 819.0 756.93 482.16
11 819.0 648.11 883.77
12 819.0 589.30 601.49
13 819.0 374.74 639.15
14 819.0 309.05 420.29
15 819.0 922.74 413.59
6 820.0 820.20 466.66
7 820.0 477.71 369.31
8 820.0 379.14 379.37
9 820.0 520.36 626.91
10 820.0 748.63 482.44
11 820.0 641.80 885.72
12 820.0 587.07 594.35
13 820.0 372.92 633.01
14 820.0 310.92 415.37
15 820.0 922.74 413.59
6 821.0 826.61 461.88
7 821.0 486.46 366.73
8 821.0 369.12 382.33
9 821.0 512.39 629.32
10 821.0 741.14 479.85
11 821.0 635.25 887.74
12 821.0 584.58 586.37
13 821.0 370.94 626.35
14 821.0 316.14 410.06
15 821.0 922.74 413.59
6 822.0 829.57 456.61
7 822.0 496.16 363.86
8 822.0 358.37 385.51
9 822.0 504.57 631.68
10 822.0 736.19 474.40
11 822.0 629.34 889.57
12 822.0 582.16 578.64
13 822.0 369.18 620.45
14 822.0 323.20 404.68
15 822.0 922.74 413.59
6 823.0 836.09 456.61
7 823.0 504.86 361.34
8 823.0 348.41 388.46
9 823.0 495.96 634.28
10 823.0 733.40 467.38
11 823.0 623.52 891.37
12 823.0 579.59 570.42
13 823.0 367.26 613.97
14 823.0 332.71 401.92
15 823.0 922.74 413.59
6 824.0 844.50 458.46
7 824.0 509.83 360.08
8 824.0 337.83 391.59
9 824.0 488.04 636.68
10 824.0 731.19 460.21
11 824.0 617.23 893.30
12 824.0 577.23 562.86
13 824.0 365.39 607.69
14 824.0 341.86 399.26
15 824.0 923.14 413.85
6 825.0 854.76 460.71
7 825.0 513.92 359.51
8 825.0 328.08 394.48
9 825.0 480.63 638.92
10 825.0 728.60 452.50
11 825.0 611.37 895.09
12 825.0 574.88 555.35
13 825.0 363.52 601.41
14 825.0 350.93 396.63
15 825.0 926.92 415.80
6 826.0 866.43 463.28
7 826.0 516.64 362.30
8 826.0 317.59 395.97
9 826.0 473.05 641.21
10 826.0 725.89 444.98
11 826.0 605.28 896.96
12 826.0 572.49 547.70
13 826.0 361.68 595.30
14 826.0 360.92 393.73
15 826.0 932.48 419.19
6 827.0 880.38 466.35
7 827.0 520.15 365.32
8 827.0 308.04 398.95
9 827.0 465.02 643.63
10 827.0 721.58 439.01
11 827.0 599.37 898.77
12 827.0 570.09 540.03
13 827.0 359.59 588.41
14 827.0 370.25 391.02
15 827.0 939.67 423.67
6 828.0 885.04 479.10
7 828.0 520.52 372.01
8 828.0 297.78 402.26
9 828.0 456.69 646.15
10 828.0 715.28 434.96
11 828.0 593.33 900.62
12 828.0 567.72 532.44
13 828.0 357.46 581.54
14 828.0 380.08 388.26
15 828.0 945.35 424.80
6 829.0 888.95 492.19
7 829.0 520.93 379.53
8 829.0 287.98 405.23
9 829.0 448.23 648.71
10 829.0 707.65 432.62
11 829.0 586.78 902.63
12 829.0 565.23 524.20
13 829.0 355.60 575.56
14 829.0 389.59 386.97
15 829.0 952.13 425.24
6 830.0 892.49 504.05
7 830.0 521.29 386.18
8 830.0 277.42 408.43
9 830.0 440.60 651.02
10 830.0 700.20 431.09
11 830.0 581.32 904.31
12 830.0 563.07 516.92
13 830.0 353.69 569.39
14 830.0 398.32 384.28
15 830.0 951.13 424.91
6 831.0 895.21 511.47
7 831.0 521.69 393.53
8 831.0 266.89 411.62
9 831.0 432.83 653.36
10 831.0 692.47 429.50
11 831.0 575.47 906.10
12 831.0 560.87 509.47
13 831.0 351.63 562.62
14 831.0 407.98 380.82
15 831.0 960.67 426.35
6 832.0 902.34 514.42
7 832.0 522.70 400.98
8 832.0 257.24 414.55
9 832.0 425.28 655.65
10 832.0 685.01 427.97
11 832.0 569.06 908.06
12 832.0 558.55 501.65
13 832.0 349.66 555.66
14 832.0 415.35 375.40
15 832.0 968.49 430.64
6 833.0 910.07 512.45
7 833.0 524.72 407.12
8 833.0 247.53 417.49
9 833.0 417.48 658.01
10 833.0 677.09 426.28
11 833.0 563.42 909.80
12 833.0 556.15 493.52
13 833.0 347.85 549.25
14 833.0 424.17 372.29
15 833.0 972.73 433.65
6 834.0 917.46 510.24
7 834.0 527.04 414.03
8 834.0 237.70 420.48
9 834.0 409.30 660.48
10 834.0 669.54 426.00
11 834.0 557.81 911.54
12 834.0 554.24 487.63
13 834.0 346.33 543.90
14 834.0 433.55 369.01
15 834.0 975.06 435.24
6 835.0 925.52 507.83
7 835.0 529.20 420.34
8 835.0 227.97 423.43
9 835.0 401.72 662.78
10 835.0 662.06 427.27
11 835.0 552.25 913.26
12 835.0 553.14 484.43
13 835.0 344.51 537.62
14 835.0 442.41 366.39
15 835.0 977.27 434.37
6 836.0 932.97 505.61
7 836.0 531.23 426.43
8 836.0 218.29 426.37
9 836.0 393.49 665.27
10 836.0 654.10 430.22
11 836.0 546.59 914.96
12 836.0 552.65 483.03
13 836.0 342.55 531.01
14 836.0 451.55 363.69
15 836.0 978.44 429.87
6 837.0 940.94 503.22
7 837.0 530.53 434.12
8 837.0 210.80 427.58
9 837.0 388.41 666.87
10 837.0 647.72 434.05
11 837.0 541.05 916.60
12 837.0 552.65 483.01
13 837.0 340.63 524.66
14 837.0 460.84 360.94
15 837.0 975.61 427.85
6 838.0 948.26 500.67
7 838.0 532.58 441.14
8 838.0 203.67 423.71
9 838.0 382.92 671.67
10 838.0 641.38 438.23
11 838.0 534.94 918.42
12 838.0 552.65 483.01
13 838.0 338.74 518.55
14 838.0 470.07 358.22
15 838.0 971.20 424.72
6 839.0 952.41 495.09
7 839.0 534.67 447.94
8 839.0 200.23 416.66
9 839.0 383.73 679.73
10 839.0 634.99 442.01
11 839.0 528.53 920.37
12 839.0 552.65 483.01
13 839.0 336.93 512.69
14 839.0 479.30 355.49
15 839.0 964.93 421.90
6 840.0 950.81 487.61
7 840.0 536.67 454.44
8 840.0 196.91 408.84
9 840.0 386.37 688.31
10 840.0 627.32 444.92
11 840.0 522.46 922.22
12 840.0 552.65 483.01
13 840.0 335.02 506.51
14 840.0 489.14 352.58
15 840.0 955.93 421.70
6 841.0 948.35 480.28
7 841.0 538.67 460.82
8 841.0 194.09 401.80
9 841.0 388.76 696.12
10 841.0 620.26 447.41
11 841.0 516.26 924.11
12 841.0 552.65 483.01
13 841.0 332.85 499.49
14 841.0 498.68 349.77
15 841.0 949.18 419.73
6 842.0 945.72 472.02
7 842.0 539.37 463.08
8 842.0 191.25 394.70
9 842.0 391.07 703.63
10 842.0 612.65 450.02
11 842.0 510.40 925.89
12 842.0 552.65 483.01
13 842.0 330.76 492.73
14 842.0 508.25 347.29
15 842.0 950.69 417.18
6 843.0 943.28 463.73
7 843.0 539.42 463.23
8 843.0 189.79 391.71
9 843.0 393.52 711.61
10 843.0 604.71 452.68
11 843.0 504.46 927.73
12 843.0 552.65 483.01
13 843.0 328.65 485.82
14 843.0 517.93 345.21
15 843.0 942.84 413.14
6 844.0 941.04 455.94
7 844.0 539.44 463.29
8 844.0 187.99 390.12
9 844.0 396.01 719.72
10 844.0 597.07 455.15
11 844.0 498.82 929.47
12 844.0 552.65 483.01
13 844.0 326.53 478.79
14 844.0 525.01 343.69
15 844.0 935.18 410.11
6 845.0 938.84 447.97
7 845.0 539.44 463.31
8 845.0 186.57 392.47
9 845.0 398.46 727.72
10 845.0 589.16 457.72
11 845.0 493.07 931.25
12 845.0 552.65 483.01
13 845.0 324.54 472.29
14 845.0 527.82 342.57
15 845.0 927.14 407.02
6 846.0 937.36 442.57
7 846.0 539.45 463.31
8 846.0 188.72 397.00
9 846.0 400.88 735.61
10 846.0 582.07 460.04
11 846.0 487.22 933.07
12 846.0 552.65 483.01
13 846.0 322.38 465.28
14 846.0 528.44 339.84
15 846.0 918.79 404.02
6 847.0 936.43 435.02
7 847.0 539.45 463.31
8 847.0 191.22 403.24
9 847.0 403.42 743.85
10 847.0 574.38 462.49
11 847.0 481.29 934.91
12 847.0 552.65 483.01
13 847.0 320.44 458.97
14 847.0 529.03 336.18
15 847.0 910.81 401.72
6 848.0 935.52 424.83
7 848.0 539.45 463.31
8 848.0 193.93 409.99
9 848.0 405.69 751.35
10 848.0 566.80 464.87
11 848.0 475.36 936.74
12 848.0 552.65 483.01
13 848.0 318.34 452.10
14 848.0 525.37 335.92
15 848.0 902.67 399.66
6 849.0 934.80 416.68
7 849.0 539.45 463.31
8 849.0 197.39 418.14
9 849.0 408.16 759.68
10 849.0 559.03 467.44
11 849.0 471.41 937.96
12 849.0 552.65 483.01
13 849.0 316.48 446.01
14 849.0 519.21 338.33
15 849.0 893.54 397.44
6 850.0 934.48 413.05
7 850.0 539.45 463.31
8 850.0 199.15 422.27
9 850.0 410.51 767.57
10 850.0 551.33 469.88
11 850.0 466.52 937.40
12 850.0 552.65 483.01
13 850.0 314.66 440.07
14 850.0 511.49 341.27
15 850.0 886.14 392.21
6 851.0 931.34 408.82
7 851.0 539.45 463.31
8 851.0 201.23 427.85
9 851.0 412.82 775.38
10 851.0 543.88 472.21
11 851.0 464.18 933.21
12 851.0 552.65 483.01
13 851.0 312.70 433.67
14 851.0 502.30 343.94
15 851.0 876.27 393.18
6 852.0 923.92 405.75
7 852.0 539.45 463.31
8 852.0 203.99 435.31
9 852.0 415.13 783.13
10 852.0 536.28 474.60
11 852.0 462.27 927.19
12 852.0 552.65 483.01
13 852.0 310.82 427.66
14 852.0 493.09 346.79
15 852.0 867.48 391.16
6 853.0 913.92 402.54
7 853.0 539.45 463.31
8 853.0 209.40 438.28
9 853.0 417.34 790.60
10 853.0 530.91 476.25
11 853.0 460.26 920.88
12 853.0 552.65 483.01
13 853.0 309.23 421.65
14 853.0 482.50 346.71
15 853.0 858.72 389.16
6 854.0 903.07 399.76
7 854.0 539.45 463.31
8 854.0 216.55 436.37
9 854.0 419.86 799.08
10 854.0 523.64 478.47
11 854.0 458.25 914.56
12 854.0 552.65 483.01
13 854.0 310.40 415.70
14 854.0 473.73 349.43
15 854.0 849.73 387.09
6 855.0 892.41 397.15
7 855.0 539.45 463.31
8 855.0 225.61 436.64
9 855.0 422.19 806.91
10 855.0 516.52 480.64
11 855.0 456.54 908.87
12 855.0 552.65 483.01
13 855.0 316.21 413.38
14 855.0 464.49 352.28
15 855.0 841.13 385.12
6 856.0 882.16 394.54
7 856.0 539.45 463.31
8 856.0 236.62 436.18
9 856.0 424.70 815.39
10 856.0 508.30 483.00
11 856.0 454.65 902.52
12 856.0 552.65 483.01
13 856.0 324.67 410.93
14 856.0 455.00 355.22
15 856.0 832.87 383.22
6 857.0 871.77 392.15
7 857.0 539.45 463.31
8 857.0 248.35 436.10
9 857.0 423.51 821.74
10 857.0 501.10 484.89
11 857.0 452.77 896.15
12 857.0 552.65 483.01
13 857.0 333.83 408.26
14 857.0 445.86 357.96
15 857.0 824.80 381.37
6 858.0 860.34 389.53
7 858.0 539.45 463.31
8 858.0 258.82 433.06
9 858.0 417.41 824.05
10 858.0 492.89 487.26
11 858.0 450.86 889.84
12 858.0 552.65 483.01
13 858.0 343.23 405.53
14 858.0 436.04 360.87
15 858.0 815.97 379.34
6 859.0 850.04 387.16
7 859.0 539.45 463.31
8 859.0 268.46 430.28
9 859.0 409.12 826.53
10 859.0 484.94 489.93
11 859.0 449.11 884.11
12 859.0 552.65 483.01
13 859.0 351.71 403.07
14 859.0 426.73 363.62
15 859.0 806.70 377.22
6 860.0 840.35 381.66
7 860.0 539.45 463.31
8 860.0 278.72 427.33
9 860.0 401.17 828.93
10 860.0 477.65 492.21
11 860.0 447.24 877.98
12 860.0 552.65 483.01
13 860.0 360.49 400.52
14 860.0 417.70 366.30
15 860.0 797.77 375.24
6 861.0 828.99 379.05
7 861.0 539.45 463.31
8 861.0 288.23 424.59
9 861.0 393.76 831.15
10 861.0 469.75 494.60
11 861.0 445.32 871.66
12 861.0 552.65 483.01
13 861.0 368.88 398.08
14 861.0 408.92 368.89
15 861.0 789.03 373.31
6 862.0 817.55 376.42
7 862.0 539.45 463.31
8 862.0 293.46 423.09
9 862.0 385.45 833.64
10 862.0 461.76 497.01
11 862.0 443.63 866.09
12 862.0 552.65 483.01
13 862.0 377.65 395.53
14 862.0 399.66 371.64
15 862.0 780.35 371.40
6 863.0 806.67 373.94
7 863.0 539.45 463.31
8 863.0 294.45 422.81
9 863.0 377.54 836.01
10 863.0 454.76 499.13
11 863.0 441.93 860.57
12 863.0 552.65 483.01
13 863.0 386.88 394.25
14 863.0 391.52 375.71
15 863.0 771.23 371.33
6 864.0 796.05 371.59
7 864.0 539.45 463.31
8 864.0 294.45 422.81
9 864.0 370.14 838.22
10 864.0 447.29 501.40
11 864.0 440.06 854.52
12 864.0 552.65 483.01
13 864.0 395.21 391.93
14 864.0 382.62 378.34
15 864.0 762.67 369.07
6 865.0 785.18 369.19
7 865.0 539.45 463.31
8 865.0 294.45 422.81
9 865.0 362.23 840.59
10 865.0 439.64 503.71
11 865.0 438.19 848.45
12 865.0 552.65 483.01
13 865.0 403.48 389.38
14 865.0 373.08 381.16
15 865.0 753.95 367.08
6 866.0 774.18 366.03
7 866.0 539.45 463.31
8 866.0 294.45 422.81
9 866.0 353.97 843.07
10 866.0 432.54 505.84
11 866.0 436.52 843.06
12 866.0 552.65 483.01
13 866.0 412.63 388.45
14 866.0 364.02 383.84
15 866.0 745.90 365.25
6 867.0 763.72 362.74
7 867.0 539.45 463.31
8 867.0 294.45 422.81
9 867.0 346.05 845.44
10 867.0 424.40 508.30
11 867.0 434.59 836.82
12 867.0 552.65 483.01
13 867.0 422.06 386.60
14 867.0 354.18 386.75
15 867.0 737.39 363.31
6 868.0 752.27 360.13
7 868.0 539.45 463.31
8 868.0 294.45 422.81
9 868.0 340.58 847.09
10 868.0 417.25 510.44
11 868.0 432.59 830.35
12 868.0 552.65 483.01
13 868.0 431.06 383.44
14 868.0 344.31 389.67
15 868.0 727.75 364.35
6 869.0 741.61 357.70
7 869.0 539.45 463.31
8 869.0 294.45 422.81
9 869.0 334.33 847.47
10 869.0 409.89 512.64
11 869.0 431.15 826.81
12 869.0 552.65 483.01
13 869.0 440.34 380.35
14 869.0 334.39 392.61
15 869.0 718.82 362.27
6 870.0 730.40 355.11
7 870.0 540.31 465.73
8 870.0 295.65 422.47
9 870.0 331.07 841.66
10 870.0 401.92 515.03
11 870.0 426.63 822.80
12 870.0 551.95 481.40
13 870.0 449.10 377.77
14 870.0 324.86 395.23
15 870.0 709.79 360.20
6 871.0 719.43 352.55
7 871.0 541.88 469.70
8 871.0 299.21 421.51
9 871.0 328.80 834.18
10 871.0 394.67 517.21
11 871.0 421.02 822.97
12 871.0 550.25 478.26
13 871.0 458.42 375.01
14 871.0 315.13 396.74
15 871.0 701.13 358.21
6 872.0 708.87 350.13
7 872.0 545.00 475.57
8 872.0 304.43 421.89
9 872.0 326.13 825.74
10 872.0 387.55 519.35
11 872.0 414.47 824.93
12 872.0 548.95 476.79
13 872.0 466.64 372.58
14 872.0 305.28 399.83
15 872.0 692.77 356.29
6 873.0 697.85 347.60
7 873.0 548.57 481.67
8 873.0 307.14 426.64
9 873.0 323.61 817.76
10 873.0 379.72 521.70
11 873.0 408.13 826.84
12 873.0 548.86 476.72
13 873.0 475.54 369.95
14 873.0 295.46 402.96
15 873.0 683.62 354.19
6 874.0 686.78 345.06
7 874.0 551.11 488.36
8 874.0 309.44 433.95
9 874.0 321.19 809.24
10 874.0 372.73 523.85
11 874.0 402.72 828.46
12 874.0 547.11 475.41
13 874.0 483.86 367.49
14 874.0 286.04 405.82
15 874.0 675.42 352.30
6 875.0 675.71 342.52
7 875.0 552.88 493.75
8 875.0 311.86 441.86
9 875.0 318.95 801.84
10 875.0 364.68 526.34
11 875.0 397.01 830.18
12 875.0 542.69 474.07
13 875.0 492.33 364.99
14 875.0 277.13 408.52
15 875.0 666.68 350.29
6 876.0 664.71 339.99
7 876.0 554.88 500.50
8 876.0 314.12 449.25
9 876.0 316.45 793.62
10 876.0 357.21 528.73
11 876.0 390.83 832.03
12 876.0 536.47 474.69
13 876.0 501.16 362.39
14 876.0 267.22 411.52
15 876.0 658.58 348.43
6 877.0 654.45 337.63
7 877.0 556.78 506.93
8 877.0 316.58 457.29
9 877.0 313.91 785.32
10 877.0 351.72 530.49
11 877.0 385.29 833.69
12 877.0 531.25 476.14
13 877.0 509.68 360.12
14 877.0 257.86 414.36
15 877.0 649.63 346.38
6 878.0 643.92 335.24
7 878.0 558.66 513.28
8 878.0 318.83 464.62
9 878.0 311.31 776.83
10 878.0 344.80 533.35
11 878.0 379.77 835.34
12 878.0 523.59 478.48
13 878.0 514.52 359.66
14 878.0 248.56 417.18
15 878.0 640.65 344.34
6 879.0 632.81 332.74
7 879.0 560.55 519.67
8 879.0 321.21 472.37
9 879.0 308.99 769.16
10 879.0 342.22 539.76
11 879.0 374.15 837.02
12 879.0 515.26 481.02
13 879.0 519.96 363.60
14 879.0 238.66 420.18
15 879.0 632.43 342.49
6 880.0 622.10 330.34
7 880.0 562.74 527.08
8 880.0 323.48 479.74
9 880.0 306.49 760.94
10 880.0 343.91 547.11
11 880.0 367.89 838.89
12 880.0 506.92 483.39
13 880.0 520.34 368.77
14 880.0 228.90 423.15
15 880.0 624.40 340.68
6 881.0 611.36 327.93
7 881.0 564.90 534.17
8 881.0 325.55 486.63
9 881.0 304.14 753.20
10 881.0 346.07 554.72
11 881.0 361.46 840.82
12 881.0 499.45 485.32
13 881.0 520.70 375.32
14 881.0 219.04 426.14
15 881.0 615.90 338.78
6 882.0 600.33 325.47
7 882.0 566.91 540.60
8 882.0 327.66 493.55
9 882.0 301.88 745.79
10 882.0 348.27 562.49
11 882.0 355.42 842.63
12 882.0 491.85 487.61
13 882.0 521.04 381.59
14 882.0 212.53 427.56
15 882.0 607.79 336.97
6 883.0 589.25 322.98
7 883.0 569.07 547.50
8 883.0 330.06 501.32
9 883.0 299.31 737.34
10 883.0 350.41 569.58
11 883.0 349.09 844.53
12 883.0 483.86 490.29
13 883.0 521.42 388.52
14 883.0 205.24 425.49
15 883.0 599.55 335.12
6 884.0 577.99 320.46
7 884.0 571.02 553.74
8 884.0 332.20 508.22
9 884.0 296.76 728.94
10 884.0 352.94 577.77
11 884.0 342.58 846.48
12 884.0 475.88 492.74
13 884.0 521.75 394.62
14 884.0 201.21 418.82
15 884.0 590.63 333.12
6 885.0 566.76 318.58
7 885.0 573.31 561.09
8 885.0 334.59 515.98
9 885.0 294.39 721.17
10 885.0 355.23 585.16
11 885.0 337.47 847.82
12 885.0 468.45 494.99
13 885.0 522.93 401.69
14 885.0 197.41 410.03
15 885.0 581.95 331.18
6 886.0 555.76 321.84
7 886.0 575.47 567.98
8 886.0 337.01 523.78
9 886.0 292.06 713.53
10 886.0 357.75 593.34
11 886.0 333.08 846.36
12 886.0 460.89 497.28
13 886.0 525.14 408.39
14 886.0 194.66 403.23
15 886.0 573.80 329.36
6 887.0 543.36 323.93
7 887.0 577.58 574.75
8 887.0 338.29 527.92
9 887.0 289.51 705.15
10 887.0 359.98 600.72
11 887.0 331.22 842.14
12 887.0 453.41 499.54
13 887.0 527.28 414.74
14 887.0 192.18 397.04
15 887.0 564.75 328.04
6 888.0 533.23 326.81
7 888.0 579.69 581.48
8 888.0 340.10 534.01
9 888.0 287.20 697.64
10 888.0 362.14 607.96
11 888.0 329.29 835.81
12 888.0 445.89 501.82
13 888.0 529.36 420.81
14 888.0 190.40 392.85
15 888.0 557.91 331.25
6 889.0 523.07 329.97
7 889.0 581.71 587.95
8 889.0 342.20 541.10
9 889.0 284.72 689.56
10 889.0 364.27 615.11
11 889.0 327.37 829.65
12 889.0 438.12 504.17
13 889.0 531.27 426.70
14 889.0 189.03 390.65
15 889.0 550.68 332.20
6 890.0 512.62 334.09
7 890.0 583.97 595.16
8 890.0 344.16 547.97
9 890.0 282.20 681.41
10 890.0 366.44 622.43
11 890.0 325.36 823.32
12 890.0 430.91 506.33
13 890.0 530.49 433.66
14 890.0 186.59 391.16
15 890.0 543.08 333.98
6 891.0 502.35 337.22
7 891.0 585.86 601.21
8 891.0 346.43 555.97
9 891.0 279.74 673.36
10 891.0 368.70 630.04
11 891.0 323.53 817.52
12 891.0 423.75 508.49
13 891.0 532.20 439.90
14 891.0 184.63 395.64
15 891.0 535.13 336.25
6 892.0 491.77 340.49
7 892.0 585.26 606.21
8 892.0 348.42 563.03
9 892.0 277.15 665.18
10 892.0 371.06 638.01
11 892.0 321.77 811.29
12 892.0 416.16 510.77
13 892.0 534.13 446.19
14 892.0 186.75 400.70
15 892.0 528.82 338.05
6 893.0 480.69 343.92
7 893.0 580.06 608.85
8 893.0 350.84 570.98
9 893.0 274.78 657.52
10 893.0 373.18 645.15
11 893.0 319.96 805.16
12 893.0 408.17 513.16
13 893.0 535.98 452.20
14 893.0 189.45 407.44
15 893.0 523.40 339.76
6 894.0 469.59 347.36
7 894.0 572.85 611.02
8 894.0 353.27 578.84
9 894.0 272.22 649.28
10 894.0 375.52 653.03
11 894.0 318.31 799.72
12 894.0 399.88 515.65
13 894.0 537.87 458.25
14 894.0 191.96 413.58
15 894.0 520.54 341.21
6 895.0 458.56 350.77
7 895.0 566.10 613.07
8 895.0 355.51 586.07
9 895.0 269.71 641.18
10 895.0 377.88 660.99
11 895.0 316.48 793.72
12 895.0 392.35 517.91
13 895.0 539.73 464.25
14 895.0 194.84 420.26
15 895.0 517.11 341.03
6 896.0 448.50 353.84
7 896.0 559.67 615.01
8 896.0 357.92 593.89
9 896.0 267.25 633.20
10 896.0 378.79 667.23
11 896.0 314.81 788.25
12 896.0 384.79 520.17
13 896.0 542.11 470.29
14 896.0 197.74 427.65
15 896.0 516.86 343.54
6 897.0 438.29 356.87
7 897.0 553.24 616.95
8 897.0 360.21 601.50
9 897.0 264.85 625.38
10 897.0 374.72 670.81
11 897.0 313.08 782.62
12 897.0 376.95 522.55
13 897.0 545.15 475.83
14 897.0 200.47 435.02
15 897.0 516.45 348.44
6 898.0 429.10 362.92
7 898.0 546.11 619.11
8 898.0 362.57 609.38
9 898.0 262.31 617.02
10 898.0 367.53 673.00
11 898.0 311.35 776.96
12 898.0 369.02 524.98
13 898.0 548.64 481.80
14 898.0 203.15 441.89
15 898.0 516.61 354.36
6 899.0 418.76 365.98
7 899.0 538.88 621.30
8 899.0 364.88 617.17
9 899.0 259.79 608.73
10 899.0 359.55 675.44
11 899.0 309.36 770.37
12 899.0 360.90 527.55
13 899.0 550.87 487.60
14 899.0 206.62 448.88
15 899.0 516.77 360.83
6 900.0 408.29 369.08
7 900.0 532.49 623.23
8 900.0 367.01 624.35
9 900.0 257.37 600.77
10 900.0 351.67 677.86
11 900.0 307.47 764.14
12 900.0 353.23 530.01
13 900.0 552.78 493.47
14 900.0 210.53 455.93
15 900.0 516.99 366.13
6 901.0 397.15 372.79
7 901.0 525.89 625.23
8 901.0 369.08 631.32
9 901.0 254.86 592.50
10 901.0 344.23 678.27
11 901.0 305.67 758.24
12 901.0 349.74 531.10
13 901.0 554.29 498.51
14 901.0 213.10 463.81
15 901.0 517.35 372.68
6 902.0 387.22 376.98
7 902.0 519.34 627.21
8 902.0 371.42 639.21
9 902.0 252.26 583.96
10 902.0 336.16 679.25
11 902.0 303.69 751.74
12 902.0 344.98 533.15
13 902.0 556.04 504.44
14 902.0 215.51 472.65
15 902.0 517.74 379.80
6 903.0 377.02 380.00
7 903.0 512.26 629.36
8 903.0 373.53 646.33
9 903.0 249.88 576.14
10 903.0 328.88 681.46
11 903.0 301.84 745.65
12 903.0 342.17 539.37
13 903.0 557.78 510.30
14 903.0 218.12 481.75
15 903.0 518.11 386.60
6 904.0 366.95 382.98
7 904.0 505.93 631.27
8 904.0 375.78 653.89
9 904.0 248.00 569.65
10 904.0 321.90 683.57
11 904.0 299.85 739.09
12 904.0 343.93 547.16
13 904.0 559.87 517.38
14 904.0 220.38 489.56
15 904.0 518.44 392.64
6 905.0 356.81 385.97
7 905.0 499.46 633.22
8 905.0 377.86 660.91
9 905.0 250.53 563.88
10 905.0 314.82 685.72
11 905.0 297.98 732.97
12 905.0 346.22 555.24
13 905.0 561.91 524.26
14 905.0 222.47 496.65
15 905.0 518.87 398.86
6 906.0 346.61 388.99
7 906.0 492.38 635.37
8 906.0 380.00 667.87
9 906.0 256.71 561.84
10 906.0 306.79 688.16
11 906.0 296.28 727.39
12 906.0 348.39 562.91
13 906.0 563.72 530.39
14 906.0 224.45 503.28
15 906.0 520.60 404.82
6 907.0 335.43 392.30
7 907.0 484.95 637.61
8 907.0 382.14 674.65
9 907.0 264.42 559.57
10 907.0 298.80 690.58
11 907.0 294.33 720.99
12 907.0 350.86 571.06
13 907.0 565.73 536.81
14 907.0 226.41 509.78
15 907.0 522.61 410.94
6 908.0 324.24 395.33
7 908.0 478.31 639.62
8 908.0 384.60 682.55
9 908.0 272.42 557.21
10 908.0 293.83 692.09
11 908.0 292.50 714.96
12 908.0 353.36 579.15
13 908.0 567.74 543.26
14 908.0 228.37 516.22
15 908.0 524.54 416.61
6 909.0 312.99 397.41
7 909.0 471.15 641.79
8 909.0 386.75 689.56
9 909.0 280.38 554.86
10 909.0 288.44 692.90
11 909.0 290.78 709.32
12 909.0 355.80 587.00
13 909.0 569.94 550.30
14 909.0 230.33 522.69
15 909.0 526.50 422.33
6 910.0 302.72 400.66
7 910.0 464.13 643.90
8 910.0 389.03 696.98
9 910.0 287.92 552.64
10 910.0 284.60 689.10
11 910.0 289.47 704.25
12 910.0 358.16 594.69
13 910.0 572.03 556.97
14 910.0 232.51 529.90
15 910.0 528.32 428.43
6 911.0 291.85 404.05
7 911.0 457.76 645.83
8 911.0 391.47 704.94
9 911.0 295.54 550.40
10 911.0 282.73 683.12
11 911.0 290.80 700.41
12 911.0 360.35 601.96
13 911.0 574.13 563.71
14 911.0 234.44 536.25
15 911.0 527.41 434.40
6 912.0 281.20 407.29
7 912.0 450.94 647.89
8 912.0 393.75 712.36
9 912.0 302.99 548.20
10 912.0 280.24 674.99
11 912.0 294.89 698.45
12 912.0 362.72 609.91
13 912.0 576.29 570.62
14 912.0 236.48 542.98
15 912.0 529.14 440.85
6 913.0 271.10 410.35
7 913.0 443.90 650.02
8 913.0 396.21 720.38
9 913.0 310.87 545.84
10 913.0 277.81 667.29
11 913.0 300.67 696.70
12 913.0 364.88 617.19
13 913.0 578.17 576.63
14 913.0 238.60 549.98
15 913.0 531.01 446.92
6 914.0 260.22 413.65
7 914.0 437.07 652.08
8 914.0 398.30 727.20
9 914.0 319.42 543.33
10 914.0 275.33 659.31
11 914.0 306.34 694.98
12 914.0 367.29 625.30
13 914.0 580.21 583.14
14 914.0 240.72 556.95
15 914.0 532.72 452.50
6 915.0 249.81 416.80
7 915.0 430.04 654.21
8 915.0 400.62 734.74
9 915.0 327.44 540.99
10 915.0 273.09 652.08
11 915.0 311.75 693.34
12 915.0 369.70 633.42
13 915.0 582.39 590.14
14 915.0 242.94 564.29
15 915.0 534.77 459.06
6 916.0 239.59 419.90
7 916.0 422.68 656.44
8 916.0 402.91 742.21
9 916.0 335.21 538.65
10 916.0 270.89 645.00
11 916.0 317.60 691.56
12 916.0 371.84 640.64
13 916.0 584.28 596.17
14 916.0 244.88 570.69
15 916.0 536.18 463.59
6 917.0 228.56 423.25
7 917.0 416.36 658.35
8 917.0 405.07 749.26
9 917.0 341.30 539.83
10 917.0 268.70 637.92
11 917.0 323.62 689.74
12 917.0 374.31 648.94
13 917.0 586.37 602.84
14 917.0 246.79 576.97
15 917.0 536.32 464.03
6 918.0 218.38 426.34
7 918.0 409.86 660.32
8 918.0 407.44 757.26
9 918.0 343.51 545.67
10 918.0 266.30 630.10
11 918.0 329.67 687.90
12 918.0 376.69 656.97
13 918.0 588.22 608.81
14 918.0 248.98 584.16
15 918.0 536.39 464.26
6 919.0 210.77 427.58
7 919.0 402.42 662.57
8 919.0 409.83 765.30
9 919.0 345.79 553.72
10 919.0 264.00 622.58
11 919.0 335.22 686.22
12 919.0 378.01 661.41
13 919.0 590.14 614.98
14 919.0 250.94 590.61
15 919.0 536.39 464.26
6 920.0 203.33 423.14
7 920.0 395.64 664.62
8 920.0 412.10 772.93
9 920.0 348.16 562.10
10 920.0 261.64 614.81
11 920.0 340.74 684.54
12 920.0 378.36 662.61
13 920.0 591.98 620.91
14 920.0 252.89 597.06
15 920.0 536.39 464.26
6 921.0 199.49 415.01
7 921.0 389.96 666.34
8 921.0 414.37 780.58
9 921.0 350.58 570.13
10 921.0 259.51 607.79
11 921.0 346.93 682.65
12 921.0 378.41 662.77
13 921.0 593.83 626.87
14 921.0 254.85 603.51
15 921.0 536.39 464.26
6 922.0 196.32 407.37
7 922.0 384.16 666.34
8 922.0 416.67 788.33
9 922.0 353.07 578.19
10 922.0 257.06 599.76
11 922.0 352.89 680.83
12 922.0 378.41 662.78
13 922.0 595.72 632.95
14 922.0 256.78 609.86
15 922.0 536.39 464.26
6 923.0 193.36 399.98
7 923.0 381.59 662.24
8 923.0 418.74 795.32
9 923.0 355.65 586.50
10 923.0 254.79 592.28
11 923.0 359.35 678.85
12 923.0 378.42 662.78
13 923.0 597.85 639.84
14 923.0 258.80 616.49
15 923.0 536.39 464.26
6 924.0 190.82 393.64
7 924.0 379.70 655.87
8 924.0 421.10 803.23
9 924.0 357.97 594.06
10 924.0 252.34 584.22
11 924.0 365.58 676.95
12 924.0 378.42 662.78
13 924.0 599.77 646.03
14 924.0 260.92 623.48
15 924.0 536.39 464.26
6 925.0 189.02 390.64
7 925.0 377.81 649.51
8 925.0 423.27 810.55
9 925.0 360.46 602.34
10 925.0 249.99 576.48
11 925.0 371.01 675.29
12 925.0 378.42 662.78
13 925.0 601.82 652.64
14 925.0 263.17 630.82
15 925.0 536.39 464.26
6 926.0 186.53 391.78
7 926.0 375.59 642.03
8 926.0 425.38 817.63
9 926.0 362.96 610.72
10 926.0 247.54 568.43
11 926.0 375.29 673.98
12 926.0 378.42 662.78
13 926.0 603.80 659.12
14 926.0 265.35 637.89
15 926.0 536.39 464.26
6 927.0 185.08 396.53
7 927.0 373.47 634.87
8 927.0 427.61 825.01
9 927.0 365.16 618.13
10 927.0 245.19 560.68
11 927.0 380.37 674.03
12 927.0 378.42 662.78
13 927.0 605.66 665.38
14 927.0 267.44 644.65
15 927.0 536.39 464.26
6 928.0 187.28 402.01
7 928.0 371.44 628.03
8 928.0 430.04 832.96
9 928.0 367.46 625.86
10 928.0 242.90 553.14
11 928.0 383.02 677.55
12 928.0 378.42 662.78
13 928.0 607.75 672.42
14 928.0 269.49 651.27
15 928.0 536.39 464.26
6 929.0 190.32 409.61
7 929.0 369.23 620.59
8 929.0 432.40 840.57
9 929.0 369.85 633.92
10 929.0 240.53 545.30
11 929.0 384.46 682.08
12 929.0 378.42 662.78
13 929.0 609.49 678.27
14 929.0 271.71 658.42
15 929.0 536.39 464.26
6 930.0 193.33 416.86
7 930.0 367.08 613.34
8 930.0 434.71 848.04
9 930.0 372.15 641.68
10 930.0 238.13 537.40
11 930.0 386.38 688.34
12 930.0 378.42 662.78
13 930.0 611.44 684.86
14 930.0 273.86 665.35
15 930.0 536.39 464.26
6 931.0 195.57 421.94
7 931.0 364.87 605.92
8 931.0 437.05 855.60
9 931.0 374.58 649.87
10 931.0 235.89 530.00
11 931.0 388.16 694.16
12 931.0 378.42 662.78
13 931.0 613.50 691.77
14 931.0 276.04 672.22
15 931.0 536.39 464.26
6 932.0 198.16 428.78
7 932.0 362.65 598.48
8 932.0 439.15 862.41
9 932.0 376.04 654.79
10 932.0 233.62 522.51
11 932.0 389.97 700.06
12 932.0 378.42 662.78
13 932.0 615.52 698.47
14 932.0 278.21 679.29
15 932.0 536.39 464.26
6 933.0 201.29 437.23
7 933.0 360.64 591.85
8 933.0 441.44 869.88
9 933.0 376.22 655.40
10 933.0 231.25 514.70
11 933.0 391.78 705.95
12 933.0 378.42 662.78
13 933.0 617.43 704.83
14 933.0 280.37 686.32
15 933.0 536.39 464.26
6 934.0 204.56 445.18
7 934.0 358.59 585.18
8 934.0 443.76 877.53
9 934.0 376.27 655.57
10 934.0 229.07 507.52
11 934.0 393.45 711.39
12 934.0 378.42 662.78
13 934.0 619.37 711.28
14 934.0 282.33 692.67
15 934.0 536.39 464.26
6 935.0 209.67 454.06
7 935.0 356.48 578.39
8 935.0 446.07 885.14
9 935.0 376.28 655.59
10 935.0 226.87 500.23
11 935.0 395.47 717.98
12 935.0 378.42 662.78
13 935.0 621.38 717.94
14 935.0 284.57 699.96
15 935.0 536.39 464.26
6 936.0 212.58 461.90
7 936.0 354.52 572.07
8 936.0 448.54 893.18
9 936.0 376.28 655.59
10 936.0 224.91 492.18
11 936.0 397.40 724.28
12 936.0 378.42 662.78
13 936.0 623.34 724.45
14 936.0 286.70 706.89
15 936.0 536.39 464.26
6 937.0 215.49 472.59
7 937.0 352.35 565.08
8 937.0 450.67 900.30
9 937.0 376.28 655.59
10 937.0 225.42 483.99
11 937.0 399.17 730.04
12 937.0 378.42 662.78
13 937.0 625.10 730.28
14 937.0 288.88 714.05
15 937.0 536.39 464.26
6 938.0 218.61 483.45
7 938.0 350.40 558.30
8 938.0 452.92 907.90
9 938.0 376.28 655.59
10 938.0 222.45 473.69
11 938.0 400.95 735.84
12 938.0 378.42 662.78
13 938.0 627.12 736.93
14 938.0 290.96 720.88
15 938.0 536.39 464.26
6 939.0 221.30 492.68
7 939.0 348.48 551.50
8 939.0 455.33 915.95
9 939.0 376.28 655.59
10 939.0 219.61 463.40
11 939.0 402.79 741.82
12 939.0 378.42 662.78
13 939.0 629.09 743.41
14 939.0 293.22 728.30
15 939.0 536.39 464.26
6 940.0 223.60 500.44
7 940.0 346.66 545.05
8 940.0 457.74 923.52
9 940.0 376.28 655.59
10 940.0 217.33 455.45
11 940.0 404.59 747.65
12 940.0 378.42 662.78
13 940.0 631.09 749.98
14 940.0 295.26 735.02
15 940.0 536.39 464.26
6 941.0 225.77 507.68
7 941.0 344.49 538.85
8 941.0 460.11 930.97
9 941.0 376.28 655.59
10 941.0 216.91 446.51
11 941.0 406.37 753.65
12 941.0 378.42 662.78
13 941.0 632.39 755.20
14 941.0 297.44 742.19
15 941.0 536.39 464.26
6 942.0 228.10 515.36
7 942.0 338.65 534.89
8 942.0 462.51 937.58
9 942.0 376.28 655.59
10 942.0 223.42 440.83
11 942.0 408.28 760.08
12 942.0 378.42 662.78
13 942.0 630.71 759.50
14 942.0 299.59 749.24
15 942.0 536.39 464.26
6 943.0 230.59 523.56
7 943.0 332.53 536.12
8 943.0 468.44 941.62
9 943.0 376.28 655.59
10 943.0 233.37 437.26
11 943.0 409.89 765.51
12 943.0 378.42 662.78
13 943.0 625.83 761.33
14 943.0 301.77 756.39
15 943.0 536.39 464.26
6 944.0 232.95 531.35
7 944.0 325.51 538.22
8 944.0 475.68 940.00
9 944.0 376.28 655.59
10 944.0 244.22 433.97
11 944.0 411.64 771.39
12 944.0 378.42 662.78
13 944.0 619.75 763.16
14 944.0 303.94 763.53
15 944.0 536.39 464.26
6 945.0 235.22 538.82
7 945.0 318.15 540.36
8 945.0 483.13 937.69
9 945.0 376.28 655.59
10 945.0 252.85 428.13
11 945.0 413.54 777.80
12 945.0 378.42 662.78
13 945.0 613.63 765.00
14 945.0 306.02 770.36
15 945.0 536.39 464.26
6 946.0 237.49 546.30
7 946.0 311.16 542.41
8 946.0 490.51 935.40
9 946.0 376.28 655.59
10 946.0 262.67 425.28
11 946.0 415.33 783.83
12 946.0 378.42 662.78
13 946.0 607.09 766.97
14 946.0 307.92 776.68
15 946.0 536.39 464.26
6 947.0 239.69 553.56
7 947.0 303.76 544.64
8 947.0 497.81 933.14
9 947.0 376.28 655.59
10 947.0 273.27 422.24
11 947.0 417.22 790.18
12 947.0 378.42 662.78
13 947.0 600.39 769.05
14 947.0 309.87 783.05
15 947.0 536.39 464.26
6 948.0 242.06 561.39
7 948.0 297.31 546.54
8 948.0 505.11 930.88
9 948.0 376.28 655.59
10 948.0 283.81 419.20
11 948.0 418.91 795.87
12 948.0 378.42 662.78
13 948.0 594.02 771.06
14 948.0 312.10 790.35
15 948.0 536.39 464.26
6 949.0 244.31 568.78
7 949.0 290.92 548.42
8 949.0 513.04 928.43
9 949.0 376.28 655.59
10 949.0 294.09 416.26
11 949.0 420.73 802.02
12 949.0 378.42 662.78
13 949.0 586.98 773.22
14 949.0 314.14 797.01
15 949.0 536.39 464.26
6 950.0 246.62 576.41
7 950.0 284.06 549.69
8 950.0 520.41 926.19
9 950.0 376.28 655.59
10 950.0 305.11 413.21
11 950.0 422.53 808.08
12 950.0 378.42 662.78
13 950.0 580.23 775.26
14 950.0 316.21 803.84
15 950.0 536.39 464.26
6 951.0 248.91 583.96
7 951.0 277.31 549.09
8 951.0 527.81 923.94
9 951.0 376.28 655.59
10 951.0 315.02 410.39
11 951.0 424.43 814.49
12 951.0 378.42 662.78
13 951.0 573.51 777.25
14 951.0 318.40 811.17
15 951.0 536.39 464.26
6 952.0 251.30 591.82
7 952.0 270.15 551.21
8 952.0 535.51 921.59
9 952.0 376.28 655.59
10 952.0 325.87 407.24
11 952.0 425.93 818.24
12 952.0 378.42 662.78
13 952.0 566.69 779.25
14 952.0 320.36 818.05
15 952.0 536.39 464.26
6 953.0 253.57 599.28
7 953.0 263.45 553.19
8 953.0 542.53 919.49
9 953.0 376.28 655.59
10 953.0 335.75 404.37
11 953.0 430.48 822.06
12 953.0 378.42 662.78
13 953.0 560.52 781.05
14 953.0 322.61 825.20
15 953.0 536.39 464.26
6 954.0 255.86 606.83
7 954.0 256.83 555.14
8 954.0 549.54 917.42
9 954.0 376.28 655.59
10 954.0 346.08 401.37
11 954.0 435.99 821.83
12 954.0 378.42 662.78
13 954.0 554.08 782.94
14 954.0 324.72 831.91
15 954.0 536.39 464.26
6 955.0 258.13 614.31
7 955.0 251.80 556.62
8 955.0 556.63 915.25
9 955.0 376.28 655.59
10 955.0 355.87 398.53
11 955.0 441.37 820.20
12 955.0 378.42 662.78
13 955.0 547.77 784.79
14 955.0 326.67 838.20
15 955.0 536.39 464.26
6 956.0 260.45 621.94
7 956.0 247.04 557.37
8 956.0 564.40 912.85
9 956.0 376.28 655.59
10 956.0 366.45 395.46
11 956.0 447.87 818.24
12 956.0 378.42 662.78
13 956.0 541.54 786.61
14 956.0 328.84 845.32
15 956.0 536.39 464.26
6 957.0 262.68 629.22
7 957.0 243.48 554.45
8 957.0 571.79 910.57
9 957.0 376.28 655.59
10 957.0 376.68 392.49
11 957.0 453.41 816.57
12 957.0 378.42 662.78
13 957.0 534.94 788.60
14 957.0 330.90 852.05
15 957.0 536.39 464.26
6 958.0 265.02 636.83
7 958.0 241.69 549.12
8 958.0 578.79 908.43
9 958.0 376.28 655.59
10 958.0 386.91 391.00
11 958.0 458.95 814.91
12 958.0 378.42 662.78
13 958.0 528.63 790.51
14 958.0 332.86 858.48
15 958.0 536.39 464.26
6 959.0 267.39 644.50
7 959.0 239.48 541.83
8 959.0 586.37 906.11
9 959.0 376.28 655.59
10 959.0 397.66 387.83
11 959.0 465.41 812.95
12 959.0 378.42 662.78
13 959.0 521.93 792.53
14 959.0 335.12 865.84
15 959.0 536.39 464.26
6 960.0 269.85 652.42
7 960.0 237.57 535.53
8 960.0 593.22 904.01
9 960.0 376.28 655.59
10 960.0 407.66 384.90
11 960.0 471.37 811.14
12 960.0 378.90 665.13
13 960.0 516.10 794.29
14 960.0 337.16 872.51
15 960.0 536.85 465.90
6 961.0 272.37 660.55
7 961.0 235.47 528.61
8 961.0 601.21 901.56
9 961.0 376.64 656.81
10 961.0 417.74 384.73
11 961.0 477.00 809.44
12 961.0 377.83 668.96
13 961.0 509.18 796.37
14 961.0 339.27 879.38
15 961.0 537.61 470.08
6 962.0 274.90 668.71
7 962.0 233.37 521.69
8 962.0 608.36 899.37
9 962.0 377.71 660.41
10 962.0 428.04 381.11
11 962.0 483.09 807.60
12 962.0 372.65 671.44
13 962.0 503.14 798.20
14 962.0 341.28 885.97
15 962.0 535.20 474.94
6 963.0 277.44 676.77
7 963.0 231.11 514.24
8 963.0 615.56 897.16
9 963.0 379.27 664.97
10 963.0 437.69 377.80
11 963.0 489.39 805.69
12 963.0 365.11 673.74
13 963.0 497.06 800.03
14 963.0 343.21 892.27
15 963.0 531.08 476.19
6 964.0 279.98 685.09
7 964.0 229.03 507.40
8 964.0 622.40 895.06
9 964.0 383.71 669.77
10 964.0 447.58 374.88
11 964.0 495.94 803.72
12 964.0 357.55 676.06
13 964.0 490.98 801.87
14 964.0 345.30 899.09
15 964.0 525.23 477.98
6 965.0 282.27 692.50
7 965.0 227.09 500.96
8 965.0 630.22 892.65
9 965.0 391.88 669.10
10 965.0 457.45 371.96
11 965.0 501.42 802.06
12 965.0 349.61 678.49
13 965.0 485.01 803.68
14 965.0 347.48 906.19
15 965.0 518.59 480.01
6 966.0 284.70 700.38
7 966.0 225.06 493.91
8 966.0 637.43 890.42
9 966.0 399.56 666.77
10 966.0 467.93 368.86
11 966.0 507.21 800.32
12 966.0 342.65 680.62
13 966.0 478.63 805.60
14 966.0 349.68 913.39
15 966.0 512.69 481.76
6 967.0 287.10 708.20
7 967.0 225.96 486.18
8 967.0 645.33 887.98
9 967.0 407.71 664.30
10 967.0 478.14 365.84
11 967.0 513.22 798.50
12 967.0 334.97 682.95
13 967.0 472.07 807.59
14 967.0 351.81 920.33
15 967.0 506.37 483.53
6 968.0 289.62 716.50
7 968.0 223.67 477.90
8 968.0 652.85 885.66
9 968.0 415.19 662.04
10 968.0 488.65 362.74
11 968.0 519.37 796.64
12 968.0 327.67 685.17
13 968.0 466.07 809.41
14 968.0 354.02 927.54
15 968.0 499.64 485.27
6 969.0 292.18 724.91
7 969.0 220.89 468.08
8 969.0 660.82 883.20
9 969.0 423.62 659.49
10 969.0 499.54 359.52
11 969.0 525.60 794.77
12 969.0 319.50 687.65
13 969.0 459.77 811.33
14 969.0 356.00 934.03
15 969.0 493.04 487.21
6 970.0 294.41 732.21
7 970.0 218.26 458.55
8 970.0 667.59 879.27
9 970.0 431.91 656.98
10 970.0 509.66 356.82
11 970.0 532.01 792.83
12 970.0 311.85 689.96
13 970.0 453.21 813.30
14 970.0 358.11 940.91
15 970.0 487.42 489.10
6 971.0 296.71 739.78
7 971.0 216.57 451.57
8 971.0 670.31 872.41
9 971.0 440.01 654.53
10 971.0 520.08 354.53
11 971.0 537.62 791.14
12 971.0 304.25 692.27
13 971.0 446.36 815.36
14 971.0 360.12 947.47
15 971.0 480.87 491.23
6 972.0 299.10 747.64
7 972.0 218.48 444.07
8 972.0 668.75 864.76
9 972.0 448.19 652.06
10 972.0 531.09 352.05
11 972.0 544.14 789.18
12 972.0 297.46 694.33
13 972.0 439.85 817.32
14 972.0 362.30 954.59
15 972.0 475.02 493.00
6 973.0 301.62 755.91
7 973.0 225.07 440.24
8 973.0 666.67 857.68
9 973.0 455.94 649.73
10 973.0 540.60 347.41
11 973.0 550.57 787.30
12 973.0 293.73 695.46
13 973.0 435.62 818.59
14 973.0 364.22 960.88
15 973.0 468.21 495.06
6 974.0 304.01 763.76
7 974.0 233.80 437.11
8 974.0 664.37 849.81
9 974.0 463.78 647.36
10 974.0 550.21 345.50
11 974.0 556.23 785.65
12 974.0 288.69 697.90
13 974.0 430.36 818.55
14 974.0 365.16 963.75
15 974.0 462.59 496.76
6 975.0 306.36 771.50
7 975.0 243.27 434.25
8 975.0 662.25 842.57
9 975.0 471.86 644.91
10 975.0 560.68 344.09
11 975.0 562.57 783.79
12 975.0 286.29 704.35
13 975.0 427.78 814.50
14 975.0 367.80 963.87
15 975.0 456.40 498.64
6 976.0 308.66 779.10
7 976.0 253.07 431.40
8 976.0 660.07 835.33
9 976.0 479.26 642.67
10 976.0 571.22 343.65
11 976.0 568.11 782.17
12 976.0 288.19 711.81
13 976.0 425.89 808.16
14 976.0 367.61 961.00
15 976.0 450.14 500.53
6 977.0 311.06 786.96
7 977.0 262.19 428.76
8 977.0 657.73 827.57
9 977.0 487.17 640.28
10 977.0 581.24 344.89
11 977.0 574.69 780.24
12 977.0 290.63 719.82
13 977.0 423.98 801.73
14 977.0 365.98 955.69
15 977.0 444.20 502.33
6 978.0 313.28 794.20
7 978.0 271.79 426.00
8 978.0 655.47 820.10
9 978.0 495.10 637.88
10 978.0 591.77 347.12
11 978.0 581.32 778.27
12 978.0 293.07 727.81
13 978.0 422.12 795.47
14 978.0 364.04 949.35
15 978.0 438.11 504.17
6 979.0 315.66 802.02
7 979.0 281.25 423.27
8 979.0 653.27 812.79
9 979.0 503.22 635.43
10 979.0 601.98 349.40
11 979.0 587.72 776.33
12 979.0 295.23 734.92
13 979.0 420.37 789.55
14 979.0 362.00 942.67
15 979.0 432.14 505.96
6 980.0 318.06 809.97
7 980.0 290.33 420.66
8 980.0 650.98 805.21
9 980.0 510.67 633.17
10 980.0 612.58 351.77
11 980.0 593.44 774.60
12 980.0 297.65 742.86
13 980.0 418.49 783.23
14 980.0 359.98 936.09
15 980.0 425.55 507.95
6 981.0 320.20 817.51
7 981.0 299.71 418.05
8 981.0 648.91 798.38
9 981.0 518.66 630.76
10 981.0 622.70 354.05
11 981.0 599.89 772.56
12 981.0 299.85 750.11
13 981.0 416.74 777.33
14 981.0 357.98 929.56
15 981.0 419.89 509.65
6 982.0 322.67 825.40
7 982.0 309.75 415.23
8 982.0 646.54 790.54
9 982.0 526.40 628.41
10 982.0 633.15 356.49
11 982.0 605.93 770.67
12 982.0 302.20 757.81
13 982.0 414.95 771.30
14 982.0 355.92 922.82
15 982.0 413.29 511.62
6 983.0 325.00 832.77
7 983.0 318.67 412.67
8 983.0 644.24 782.94
9 983.0 534.01 626.11
10 983.0 643.18 358.84
11 983.0 612.24 768.77
12 983.0 304.39 765.01
13 983.0 412.92 764.47
14 983.0 353.69 915.55
15 983.0 406.85 513.56
6 984.0 327.34 840.39
7 984.0 327.54 410.09
8 984.0 641.95 775.34
9 984.0 541.92 623.72
10 984.0 653.53 361.25
11 984.0 618.12 767.00
12 984.0 306.82 773.03
13 984.0 410.86 757.53
14 984.0 351.41 908.11
15 984.0 400.38 515.50
6 985.0 329.68 848.05
7 985.0 336.74 407.42
8 985.0 639.65 767.52
9 985.0 550.05 621.26
10 985.0 663.82 363.66
11 985.0 623.97 765.23
12 985.0 309.27 781.11
13 985.0 408.99 751.24
14 985.0 349.36 901.41
15 985.0 394.05 517.39
6 986.0 332.23 856.40
7 986.0 346.26 404.65
8 986.0 637.38 759.93
9 986.0 557.48 619.01
10 986.0 674.19 362.82
11 986.0 628.55 763.86
12 986.0 311.70 789.03
13 986.0 407.19 745.25
14 986.0 347.09 894.01
15 986.0 388.36 519.10
6 987.0 334.69 864.44
7 987.0 355.81 401.88
8 987.0 635.30 752.94
9 987.0 565.41 616.61
10 987.0 684.80 365.35
11 987.0 633.78 763.93
12 987.0 314.11 796.93
13 987.0 405.06 738.30
14 987.0 345.14 887.64
15 987.0 382.15 520.96
6 988.0 337.19 872.60
7 988.0 364.59 399.33
8 988.0 632.98 745.20
9 988.0 572.91 614.35
10 988.0 695.33 367.87
11 988.0 636.54 768.30
12 988.0 316.41 804.48
13 988.0 403.10 731.94
14 988.0 343.06 880.85
15 988.0 376.27 522.76
6 989.0 339.44 879.96
7 989.0 374.42 396.47
8 989.0 630.57 737.29
9 989.0 579.99 612.20
10 989.0 706.27 370.48
11 989.0 638.35 774.39
12 989.0 318.72 812.28
13 989.0 401.08 725.36
14 989.0 340.92 873.89
15 989.0 369.50 524.84
6 990.0 341.75 887.51
7 990.0 383.56 394.15
8 990.0 628.22 729.53
9 990.0 583.14 611.19
10 990.0 717.27 373.09
11 990.0 640.28 780.87
12 990.0 321.12 820.48
13 990.0 399.07 718.78
14 990.0 338.89 867.25
15 990.0 363.81 526.62
6 991.0 344.31 895.85
7 991.0 393.10 392.58
8 991.0 626.09 722.50
9 991.0 583.15 608.51
10 991.0 727.14 375.45
11 991.0 641.92 786.32
12 991.0 323.72 828.72
13 991.0 396.90 711.73
14 991.0 336.92 860.81
15 991.0 357.76 528.56
6 992.0 346.58 903.27
7 992.0 402.39 389.72
8 992.0 623.95 715.40
9 992.0 579.57 608.99
10 992.0 737.13 378.05
11 992.0 643.83 792.60
12 992.0 326.09 836.28
13 992.0 394.86 705.07
14 992.0 335.60 855.43
15 992.0 351.69 530.51
6 993.0 349.12 911.56
7 993.0 412.38 388.38
8 993.0 621.82 708.31
9 993.0 573.69 610.77
10 993.0 747.51 381.78
11 993.0 645.61 798.49
12 993.0 328.45 844.03
13 993.0 393.03 699.13
14 993.0 338.29 851.33
15 993.0 344.92 532.50
6 994.0 351.37 918.90
7 994.0 421.92 386.65
8 994.0 619.43 700.39
9 994.0 565.62 613.21
10 994.0 757.89 384.05
11 994.0 647.36 804.27
12 994.0 330.65 851.22
13 994.0 390.99 692.46
14 994.0 342.84 849.74
15 994.0 338.10 534.48
6 995.0 353.66 926.39
7 995.0 430.51 383.63
8 995.0 617.28 693.25
9 995.0 556.99 615.82
10 995.0 767.92 386.23
11 995.0 649.26 810.54
12 995.0 333.07 859.15
13 995.0 389.09 686.29
14 995.0 349.46 847.76
15 995.0 331.84 536.33
6 996.0 356.09 934.30
7 996.0 440.06 380.43
8 996.0 615.15 686.11
9 996.0 548.44 618.40
10 996.0 778.69 388.58
11 996.0 651.06 816.53
12 996.0 335.26 866.30
13 996.0 387.06 679.68
14 996.0 356.80 845.55
15 996.0 325.92 538.10
6 997.0 358.57 942.41
7 997.0 449.63 377.61
8 997.0 613.12 679.29
9 997.0 540.06 620.94
10 997.0 788.63 390.75
11 997.0 652.87 822.53
12 997.0 337.78 874.53
13 997.0 385.01 673.12
14 997.0 363.91 843.42
15 997.0 320.10 539.80
6 998.0 360.87 949.93
7 998.0 459.04 374.83
8 998.0 610.77 671.35
9 998.0 531.86 623.42
10 998.0 799.76 393.27
11 998.0 654.67 828.51
12 998.0 340.18 882.36
13 998.0 383.18 667.30
14 998.0 370.61 841.42
15 998.0 314.46 541.43
6 999.0 363.41 958.21
7 999.0 468.77 371.95
8 999.0 608.57 663.94
9 999.0 523.31 626.01
10 999.0 809.77 395.56
11 999.0 656.60 834.89
12 999.0 342.71 890.63
13 999.0 381.12 660.65
14 999.0 377.02 839.50
15 999.0 308.40 543.25
6 1000.0 366.22 966.16
7 1000.0 478.20 369.17
8 1000.0 606.26 656.16
9 1000.0 515.24 628.45
10 1000.0 820.26 397.89
11 1000.0 658.37 840.79
12 1000.0 345.12 898.48
13 1000.0 379.06 653.70
14 1000.0 383.84 837.45
15 1000.0 301.60 545.28
6 1001.0 372.03 970.15
7 1001.0 487.65 366.37
8 1001.0 604.08 649.10
9 1001.0 507.55 630.78
10 1001.0 830.68 400.21
11 1001.0 660.19 846.89
12 1001.0 347.62 906.64
13 1001.0 377.07 647.01
14 1001.0 390.73 835.39
15 1001.0 295.40 547.10
6 1002.0 379.92 968.48
7 1002.0 496.81 363.67
8 1002.0 601.74 641.58
9 1002.0 500.15 633.02
10 1002.0 841.31 403.81
11 1002.0 662.02 853.17
12 1002.0 349.93 914.19
13 1002.0 375.07 640.28
14 1002.0 397.20 833.45
15 1002.0 289.33 548.89
6 1003.0 387.58 966.20
7 1003.0 505.26 361.24
8 1003.0 599.52 634.39
9 1003.0 491.70 635.57
10 1003.0 851.69 405.97
11 1003.0 663.79 859.22
12 1003.0 352.10 921.29
13 1003.0 373.29 634.26
14 1003.0 404.61 831.23
15 1003.0 282.58 549.17
6 1004.0 395.33 963.90
7 1004.0 510.75 359.85
8 1004.0 597.09 626.59
9 1004.0 484.14 637.86
10 1004.0 862.81 408.59
11 1004.0 665.50 865.06
12 1004.0 354.50 929.14
13 1004.0 371.29 627.55
14 1004.0 411.18 829.25
15 1004.0 276.58 549.31
6 1005.0 402.85 961.67
7 1005.0 515.74 360.26
8 1005.0 594.81 619.23
9 1005.0 475.58 640.44
10 1005.0 873.03 410.98
11 1005.0 667.08 871.37
12 1005.0 356.78 936.56
13 1005.0 369.33 620.95
14 1005.0 418.11 827.18
15 1005.0 270.72 551.04
6 1006.0 410.21 959.48
7 1006.0 520.02 362.95
8 1006.0 592.36 611.33
9 1006.0 467.90 642.77
10 1006.0 883.57 413.42
11 1006.0 665.53 876.77
12 1006.0 358.98 943.76
13 1006.0 367.57 615.02
14 1006.0 425.03 824.62
15 1006.0 263.91 553.05
6 1007.0 417.57 957.30
7 1007.0 520.35 368.98
8 1007.0 590.20 604.40
9 1007.0 460.18 645.10
10 1007.0 894.33 415.91
11 1007.0 660.37 879.94
12 1007.0 361.28 951.26
13 1007.0 365.74 608.85
14 1007.0 428.51 818.91
15 1007.0 258.21 554.74
6 1008.0 425.12 955.06
7 1008.0 520.72 375.67
8 1008.0 587.93 597.09
9 1008.0 452.31 647.47
10 1008.0 904.46 418.25
11 1008.0 653.89 881.98
12 1008.0 363.52 958.59
13 1008.0 363.87 602.59
14 1008.0 426.97 811.78
15 1008.0 252.97 556.28
6 1009.0 433.31 952.63
7 1009.0 521.13 383.31
8 1009.0 585.66 589.83
9 1009.0 444.49 649.84
10 1009.0 915.08 421.23
11 1009.0 647.84 883.85
12 1009.0 365.84 965.34
13 1009.0 362.05 596.49
14 1009.0 424.99 805.13
15 1009.0 248.35 557.38
6 1010.0 441.07 950.33
7 1010.0 521.52 390.29
8 1010.0 583.33 582.37
9 1010.0 436.60 652.23
10 1010.0 918.76 422.33
11 1010.0 641.25 885.89
12 1010.0 370.91 969.86
13 1010.0 360.06 589.93
14 1010.0 423.03 798.52
15 1010.0 244.35 555.92
6 1011.0 449.49 947.82
7 1011.0 521.90 396.99
8 1011.0 581.06 575.13
9 1011.0 428.22 654.76
10 1011.0 928.37 426.47
11 1011.0 634.85 887.86
12 1011.0 378.63 968.86
13 1011.0 357.97 583.18
14 1011.0 420.92 791.41
15 1011.0 242.29 551.13
6 1012.0 455.68 945.98
7 1012.0 523.59 403.70
8 1012.0 578.91 568.24
9 1012.0 419.74 657.32
10 1012.0 937.21 432.70
11 1012.0 628.55 889.81
12 1012.0 386.72 966.46
13 1012.0 356.05 577.00
14 1012.0 418.88 784.55
15 1012.0 240.27 544.46
6 1013.0 462.42 943.13
7 1013.0 525.81 410.41
8 1013.0 576.53 560.64
9 1013.0 411.76 659.74
10 1013.0 944.69 440.09
11 1013.0 622.76 891.60
12 1013.0 394.47 964.15
13 1013.0 354.22 571.09
14 1013.0 416.66 777.06
15 1013.0 238.23 537.72
6 1014.0 464.68 935.74
7 1014.0 528.19 417.40
8 1014.0 574.09 552.83
9 1014.0 403.79 662.15
10 1014.0 952.50 448.02
11 1014.0 617.03 893.36
12 1014.0 402.19 961.87
13 1014.0 352.22 564.64
14 1014.0 414.69 770.43
15 1014.0 236.50 532.03
6 1015.0 462.59 928.21
7 1015.0 530.64 424.55
8 1015.0 571.59 544.82
9 1015.0 395.18 664.76
10 1015.0 958.05 453.66
11 1015.0 610.41 895.39
12 1015.0 410.53 959.39
13 1015.0 350.32 557.99
14 1015.0 412.58 763.33
15 1015.0 234.47 525.34
6 1016.0 460.24 920.82
7 1016.0 530.66 431.25
8 1016.0 569.27 537.39
9 1016.0 388.32 666.91
10 1016.0 963.36 459.05
11 1016.0 603.85 897.40
12 1016.0 418.02 957.17
13 1016.0 348.50 551.56
14 1016.0 410.37 755.88
15 1016.0 232.50 518.85
6 1017.0 457.87 913.34
7 1017.0 531.81 438.64
8 1017.0 567.01 530.19
9 1017.0 382.73 672.48
10 1017.0 969.17 464.95
11 1017.0 597.82 899.25
12 1017.0 425.85 954.84
13 1017.0 346.69 545.16
14 1017.0 408.48 749.50
15 1017.0 230.64 512.69
6 1018.0 455.52 905.45
7 1018.0 533.99 445.73
8 1018.0 564.93 523.18
9 1018.0 383.75 679.79
10 1018.0 974.44 470.09
11 1018.0 591.91 901.06
12 1018.0 433.70 952.51
13 1018.0 344.93 539.07
14 1018.0 406.23 742.12
15 1018.0 228.70 506.33
6 1019.0 453.34 898.09
7 1019.0 536.00 452.26
8 1019.0 562.83 516.08
9 1019.0 386.07 687.34
10 1019.0 980.00 475.53
11 1019.0 585.76 902.94
12 1019.0 441.41 950.22
13 1019.0 342.92 532.26
14 1019.0 404.20 735.52
15 1019.0 226.80 499.97
6 1020.0 451.01 890.34
7 1020.0 538.33 459.71
8 1020.0 560.63 508.66
9 1020.0 388.58 695.51
10 1020.0 985.38 480.77
11 1020.0 579.69 904.80
12 1020.0 449.37 947.86
13 1020.0 340.92 525.61
14 1020.0 402.04 728.47
15 1020.0 225.00 493.24
6 1021.0 448.51 882.16
7 1021.0 539.31 462.86
8 1021.0 558.57 501.68
9 1021.0 391.10 703.72
10 1021.0 991.81 486.49
11 1021.0 573.42 906.73
12 1021.0 457.21 945.53
13 1021.0 338.92 519.14
14 1021.0 399.85 721.35
15 1021.0 225.94 485.98
6 1022.0 446.31 874.90
7 1022.0 539.39 463.13
8 1022.0 556.45 494.55
9 1022.0 393.69 712.17
10 1022.0 996.88 492.93
11 1022.0 567.38 908.58
12 1022.0 465.00 943.21
13 1022.0 336.95 512.76
14 1022.0 397.74 714.46
15 1022.0 223.84 478.49
6 1023.0 443.82 866.69
7 1023.0 539.44 463.29
8 1023.0 554.59 488.71
9 1023.0 396.03 719.79
10 1023.0 1003.06 497.44
11 1023.0 561.32 910.45
12 1023.0 472.83 940.88
13 1023.0 334.99 506.41
14 1023.0 395.72 707.87
15 1023.0 221.28 469.49
6 1024.0 441.35 858.68
7 1024.0 539.44 463.30
8 1024.0 553.24 484.70
9 1024.0 398.61 728.21
10 1024.0 1009.43 502.18
11 1024.0 555.70 912.19
12 1024.0 480.84 938.40
13 1024.0 333.10 500.31
14 1024.0 393.60 700.98
15 1024.0 219.11 461.53
6 1025.0 438.91 850.80
7 1025.0 539.44 463.31
8 1025.0 552.91 483.75
9 1025.0 401.00 736.00
10 1025.0 1013.01 511.34
11 1025.0 549.22 914.18
12 1025.0 488.96 935.88
13 1025.0 330.99 493.47
14 1025.0 391.36 693.66
15 1025.0 217.18 454.71
6 1026.0 436.34 842.48
7 1026.0 539.45 463.31
8 1026.0 552.72 483.22
9 1026.0 403.49 744.09
10 1026.0 1016.38 523.47
11 1026.0 543.75 915.80
12 1026.0 497.19 933.33
13 1026.0 329.20 487.65
14 1026.0 389.13 686.40
15 1026.0 216.81 447.20
6 1027.0 433.99 834.86
7 1027.0 539.45 463.31
8 1027.0 552.66 483.06
9 1027.0 405.98 752.32
10 1027.0 1021.49 536.31
11 1027.0 538.18 917.45
12 1027.0 504.87 930.95
13 1027.0 327.44 481.82
14 1027.0 387.22 680.18
15 1027.0 221.47 441.82
6 1028.0 432.07 828.53
7 1028.0 539.45 463.31
8 1028.0 552.65 483.03
9 1028.0 408.54 760.94
10 1028.0 1024.10 549.61
11 1028.0 532.19 919.26
12 1028.0 512.74 928.52
13 1028.0 325.50 475.43
14 1028.0 386.59 678.13
15 1028.0 228.06 439.16
6 1029.0 433.71 822.86
7 1029.0 539.45 463.31
8 1029.0 552.65 483.02
9 1029.0 410.99 769.21
10 1029.0 1028.23 563.31
11 1029.0 526.62 920.95
12 1029.0 520.74 926.09
13 1029.0 323.37 468.50
14 1029.0 386.45 677.69
15 1029.0 236.09 436.33
6 1030.0 439.92 820.64
7 1030.0 539.45 463.31
8 1030.0 552.65 483.01
9 1030.0 413.41 777.36
10 1030.0 1032.06 575.83
11 1030.0 520.16 922.92
12 1030.0 528.18 923.82
13 1030.0 321.37 461.99
14 1030.0 386.45 677.69
15 1030.0 244.96 433.76
6 1031.0 447.99 818.20
7 1031.0 539.45 463.31
8 1031.0 552.65 483.01
9 1031.0 415.70 785.08
10 1031.0 1036.21 589.31
11 1031.0 514.60 924.61
12 1031.0 536.40 921.32
13 1031.0 319.28 455.16
14 1031.0 386.45 677.68
15 1031.0 253.96 431.14
6 1032.0 456.39 815.68
7 1032.0 539.45 463.31
8 1032.0 552.65 483.01
9 1032.0 418.07 793.06
10 1032.0 1040.39 602.91
11 1032.0 508.48 926.48
12 1032.0 543.95 919.07
13 1032.0 317.42 449.10
14 1032.0 386.45 677.68
15 1032.0 262.02 428.80
6 1033.0 463.68 813.48
7 1033.0 539.45 463.31
8 1033.0 552.65 483.01
9 1033.0 420.56 801.42
10 1033.0 1044.48 616.19
11 1033.0 502.23 928.42
12 1033.0 551.80 916.75
13 1033.0 315.59 443.13
14 1033.0 386.45 677.68
15 1033.0 270.80 426.28
6 1034.0 471.55 811.08
7 1034.0 539.45 463.31
8 1034.0 552.65 483.01
9 1034.0 422.83 809.09
10 1034.0 1047.44 625.79
11 1034.0 496.83 930.09
12 1034.0 558.96 914.53
13 1034.0 313.66 436.82
14 1034.0 386.45 677.68
15 1034.0 279.36 423.82
6 1035.0 478.89 808.87
7 1035.0 539.45 463.31
8 1035.0 552.65 483.01
9 1035.0 424.75 815.56
10 1035.0 1048.87 631.18
11 1035.0 491.14 931.85
12 1035.0 567.12 912.01
13 1035.0 311.61 430.17
14 1035.0 386.45 677.68
15 1035.0 287.40 421.51
6 1036.0 486.85 806.46
7 1036.0 539.45 463.31
8 1036.0 552.65 483.01
9 1036.0 423.61 821.63
10 1036.0 1046.36 636.05
11 1036.0 485.52 933.60
12 1036.0 575.44 909.46
13 1036.0 310.40 426.33
14 1036.0 386.45 677.68
15 1036.0 295.28 419.26
6 1037.0 494.09 804.28
7 1037.0 539.45 463.31
8 1037.0 552.65 483.01
9 1037.0 417.43 824.05
10 1037.0 1040.57 638.02
11 1037.0 479.13 935.57
12 1037.0 583.41 907.01
13 1037.0 309.94 424.84
14 1037.0 386.45 677.68
15 1037.0 303.34 413.71
6 1038.0 502.28 801.81
7 1038.0 539.45 463.31
8 1038.0 552.65 483.01
9 1038.0 408.93 826.59
10 1038.0 1032.94 640.32
11 1038.0 473.48 937.33
12 1038.0 591.50 904.53
13 1038.0 309.15 421.28
14 1038.0 386.45 677.68
15 1038.0 311.27 411.48
6 1039.0 510.10 799.44
7 1039.0 539.45 463.31
8 1039.0 552.65 483.01
9 1039.0 400.85 829.02
10 1039.0 1025.33 642.62
11 1039.0 468.83 938.31
12 1039.0 599.42 902.11
13 1039.0 310.02 416.35
14 1039.0 386.45 677.68
15 1039.0 319.92 408.97
6 1040.0 518.07 797.04
7 1040.0 539.45 463.31
8 1040.0 552.65 483.01
9 1040.0 393.13 831.34
10 1040.0 1017.63 644.94
11 1040.0 465.25 935.93
12 1040.0 606.81 899.84
13 1040.0 315.31 413.65
14 1040.0 386.45 677.68
15 1040.0 328.48 406.48
6 1041.0 526.11 794.61
7 1041.0 539.45 463.31
8 1041.0 552.65 483.01
9 1041.0 385.39 833.66
10 1041.0 1009.65 647.35
11 1041.0 463.48 931.00
12 1041.0 614.23 897.57
13 1041.0 322.62 411.52
14 1041.0 386.45 677.68
15 1041.0 336.69 404.10
6 1042.0 534.47 792.09
7 1042.0 539.45 463.31
8 1042.0 552.65 483.01
9 1042.0 377.59 835.99
10 1042.0 1003.97 649.08
11 1042.0 461.65 925.24
12 1042.0 622.31 895.09
13 1042.0 331.70 408.88
14 1042.0 386.45 677.68
15 1042.0 345.40 401.57
6 1043.0 542.70 789.60
7 1043.0 539.45 463.31
8 1043.0 552.65 483.01
9 1043.0 369.15 838.52
10 1043.0 996.30 651.54
11 1043.0 459.64 918.92
12 1043.0 630.40 892.59
13 1043.0 339.97 406.48
14 1043.0 386.45 677.68
15 1043.0 353.43 399.24
6 1044.0 550.32 787.37
7 1044.0 539.45 463.31
8 1044.0 552.65 483.01
9 1044.0 360.61 841.08
10 1044.0 989.03 653.15
11 1044.0 457.67 912.68
12 1044.0 637.87 890.28
13 1044.0 348.57 403.98
14 1044.0 386.45 677.68
15 1044.0 361.83 396.80
6 1045.0 558.67 784.93
7 1045.0 539.45 463.31
8 1045.0 552.65 483.01
9 1045.0 352.97 843.37
10 1045.0 981.67 655.80
11 1045.0 455.96 906.92
12 1045.0 645.17 888.03
13 1045.0 357.65 401.34
14 1045.0 386.45 677.68
15 1045.0 370.39 394.31
6 1046.0 566.42 782.67
7 1046.0 539.45 463.31
8 1046.0 552.65 483.01
9 1046.0 344.99 845.76
10 1046.0 974.49 658.14
11 1046.0 454.15 900.83
12 1046.0 652.54 885.75
13 1046.0 366.88 398.66
14 1046.0 386.45 677.68
15 1046.0 379.09 391.79
6 1047.0 574.74 780.23
7 1047.0 539.45 463.31
8 1047.0 552.65 483.01
9 1047.0 339.80 847.32
10 1047.0 966.81 660.29
11 1047.0 452.35 894.73
12 1047.0 659.82 883.51
13 1047.0 375.25 396.23
14 1047.0 386.45 677.68
15 1047.0 387.80 390.82
6 1048.0 582.81 777.82
7 1048.0 539.45 463.31
8 1048.0 552.65 483.01
9 1048.0 334.15 847.32
10 1048.0 959.52 662.31
11 1048.0 450.52 888.74
12 1048.0 666.57 880.13
13 1048.0 384.56 394.19
14 1048.0 386.45 677.68
15 1048.0 396.10 388.31
6 1049.0 590.41 775.52
7 1049.0 539.45 463.31
8 1049.0 552.65 483.01
9 1049.0 331.02 841.51
10 1049.0 951.81 664.24
11 1049.0 448.77 883.00
12 1049.0 670.29 872.78
13 1049.0 393.87 392.34
14 1049.0 386.45 677.68
15 1049.0 404.80 385.63
6 1050.0 597.96 773.17
7 1050.0 540.00 464.93
8 1050.0 551.82 480.57
9 1050.0 328.61 833.59
10 1050.0 944.13 664.21
11 1050.0 446.92 876.91
12 1050.0 668.91 865.33
13 1050.0 402.72 389.62
14 1050.0 386.01 676.30
15 1050.0 413.47 385.79
6 1051.0 605.97 770.65
7 1051.0 541.22 468.03
8 1051.0 550.43 476.31
9 1051.0 326.00 825.32
10 1051.0 937.61 661.12
11 1051.0 444.93 870.36
12 1051.0 666.54 857.23
13 1051.0 412.06 388.28
14 1051.0 385.06 673.28
15 1051.0 421.63 383.36
6 1052.0 613.25 768.46
7 1052.0 543.22 472.41
8 1052.0 548.40 470.14
9 1052.0 323.67 817.96
10 1052.0 931.78 656.44
11 1052.0 443.29 864.97
12 1052.0 664.43 850.02
13 1052.0 421.43 386.82
14 1052.0 383.69 668.92
15 1052.0 429.44 380.61
6 1053.0 621.37 766.02
7 1053.0 546.95 478.66
8 1053.0 545.80 462.19
9 1053.0 321.49 810.33
10 1053.0 926.03 651.10
11 1053.0 441.62 859.55
12 1053.0 662.29 842.73
13 1053.0 430.19 383.74
14 1053.0 381.63 662.34
15 1053.0 438.40 377.59
6 1054.0 626.88 764.36
7 1054.0 550.03 485.22
8 1054.0 543.41 454.53
9 1054.0 319.06 802.20
10 1054.0 920.34 645.83
11 1054.0 439.93 854.08
12 1054.0 659.86 834.66
13 1054.0 438.86 380.79
14 1054.0 379.44 654.98
15 1054.0 447.33 374.95
6 1055.0 633.83 761.01
7 1055.0 552.50 492.62
8 1055.0 541.00 446.74
9 1055.0 316.45 793.63
10 1055.0 914.92 640.81
11 1055.0 437.90 847.53
12 1055.0 657.58 827.07
13 1055.0 448.12 378.05
14 1055.0 377.24 647.57
15 1055.0 456.14 372.35
6 1056.0 635.32 753.24
7 1056.0 554.24 498.34
8 1056.0 538.70 439.25
9 1056.0 314.09 785.91
10 1056.0 909.29 635.59
11 1056.0 436.22 842.08
12 1056.0 655.33 819.61
13 1056.0 456.85 375.48
14 1056.0 375.32 641.12
15 1056.0 464.47 369.89
6 1057.0 633.05 745.45
7 1057.0 556.28 505.24
8 1057.0 536.63 432.01
9 1057.0 311.45 777.29
10 1057.0 903.79 630.49
11 1057.0 434.42 836.27
12 1057.0 653.07 812.11
13 1057.0 465.82 372.82
14 1057.0 373.19 633.94
15 1057.0 473.07 367.35
6 1058.0 630.54 737.19
7 1058.0 558.39 512.37
8 1058.0 537.26 424.14
9 1058.0 308.86 768.72
10 1058.0 898.21 625.32
11 1058.0 432.73 830.81
12 1058.0 650.74 804.40
13 1058.0 474.51 370.26
14 1058.0 371.26 627.43
15 1058.0 481.78 364.77
6 1059.0 628.27 729.71
7 1059.0 560.58 519.77
8 1059.0 534.69 416.61
9 1059.0 306.25 760.14
10 1059.0 892.63 619.94
11 1059.0 431.09 826.68
12 1059.0 648.54 797.14
13 1059.0 482.84 367.79
14 1059.0 369.04 619.97
15 1059.0 490.26 362.26
6 1060.0 625.91 721.91
7 1060.0 562.65 526.78
8 1060.0 532.32 409.69
9 1060.0 303.92 752.47
10 1060.0 887.05 614.26
11 1060.0 426.77 822.84
12 1060.0 646.07 788.99
13 1060.0 491.89 365.12
14 1060.0 366.88 612.68
15 1060.0 498.16 359.93
6 1061.0 623.46 713.75
7 1061.0 564.63 533.29
8 1061.0 529.70 401.84
9 1061.0 301.42 744.26
10 1061.0 881.61 608.72
11 1061.0 421.20 822.93
12 1061.0 643.84 781.63
13 1061.0 500.43 362.60
14 1061.0 364.67 605.25
15 1061.0 506.96 357.50
6 1062.0 620.98 705.53
7 1062.0 566.68 539.86
8 1062.0 526.38 393.99
9 1062.0 298.96 736.19
10 1062.0 876.33 603.36
11 1062.0 415.50 824.62
12 1062.0 641.47 773.69
13 1062.0 508.18 360.50
14 1062.0 362.54 598.13
15 1062.0 515.70 355.48
6 1063.0 618.81 698.32
7 1063.0 568.82 546.73
8 1063.0 522.76 386.71
9 1063.0 296.42 727.85
10 1063.0 871.34 596.82
11 1063.0 409.78 826.34
12 1063.0 639.15 765.87
13 1063.0 511.91 359.66
14 1063.0 360.37 590.94
15 1063.0 525.03 353.45
6 1064.0 616.53 690.74
7 1064.0 570.90 553.38
8 1064.0 519.41 378.96
9 1064.0 294.16 720.41
10 1064.0 869.11 589.61
11 1064.0 403.82 828.13
12 1064.0 636.84 758.12
13 1064.0 516.23 360.87
14 1064.0 358.30 584.26
15 1064.0 533.84 350.47
6 1065.0 614.35 683.43
7 1065.0 573.17 560.63
8 1065.0 518.60 371.30
9 1065.0 291.89 712.97
10 1065.0 866.88 582.08
11 1065.0 397.66 829.98
12 1065.0 634.68 750.82
13 1065.0 520.07 363.81
14 1065.0 356.19 577.44
15 1065.0 542.14 346.92
6 1066.0 611.89 675.13
7 1066.0 575.41 567.78
8 1066.0 520.44 363.88
9 1066.0 289.50 705.11
10 1066.0 864.59 574.37
11 1066.0 392.21 831.61
12 1066.0 632.48 743.58
13 1066.0 520.45 370.67
14 1066.0 354.20 571.03
15 1066.0 550.14 345.51
6 1067.0 609.62 667.48
7 1067.0 577.69 575.09
8 1067.0 523.03 356.16
9 1067.0 286.94 696.77
10 1067.0 862.19 566.28
11 1067.0 386.10 833.45
12 1067.0 630.23 736.15
13 1067.0 520.85 378.03
14 1067.0 351.94 563.73
15 1067.0 558.24 344.29
6 1068.0 607.11 659.04
7 1068.0 579.69 581.47
8 1068.0 525.37 349.23
9 1068.0 284.46 688.71
10 1068.0 860.13 559.36
11 1068.0 380.30 835.18
12 1068.0 627.93 728.59
13 1068.0 521.21 384.69
14 1068.0 350.08 557.16
15 1068.0 567.00 343.73
6 1069.0 604.68 651.05
7 1069.0 581.67 587.83
8 1069.0 527.06 344.25
9 1069.0 282.17 681.30
10 1069.0 857.77 551.39
11 1069.0 374.71 836.85
12 1069.0 625.64 721.02
13 1069.0 521.61 391.97
14 1069.0 348.12 550.21
15 1069.0 575.87 344.11
6 1070.0 602.34 643.49
7 1070.0 583.86 594.84
8 1070.0 528.52 339.56
9 1070.0 279.74 673.35
10 1070.0 855.79 544.99
11 1070.0 368.93 838.58
12 1070.0 623.22 712.99
13 1070.0 522.04 398.23
14 1070.0 346.30 543.78
15 1070.0 584.24 345.48
6 1071.0 599.74 635.13
7 1071.0 585.82 601.09
8 1071.0 528.03 335.13
9 1071.0 277.18 665.27
10 1071.0 853.83 536.70
11 1071.0 363.08 840.34
12 1071.0 620.84 705.07
13 1071.0 523.82 404.40
14 1071.0 344.28 536.87
15 1071.0 592.51 347.28
6 1072.0 597.21 626.97
7 1072.0 584.84 606.67
8 1072.0 523.39 336.70
9 1072.0 274.68 657.20
10 1072.0 854.01 529.83
11 1072.0 356.51 842.31
12 1072.0 618.58 697.55
13 1072.0 526.05 411.15
14 1072.0 342.28 530.11
15 1072.0 601.70 349.34
6 1073.0 594.92 619.56
7 1073.0 579.49 609.02
8 1073.0 516.55 339.38
9 1073.0 272.33 649.61
10 1073.0 851.72 524.65
11 1073.0 350.05 844.24
12 1073.0 616.24 689.79
13 1073.0 528.25 417.55
14 1073.0 340.32 523.66
15 1073.0 609.89 351.17
6 1074.0 592.52 611.85
7 1074.0 572.36 611.17
8 1074.0 508.15 342.18
9 1074.0 269.99 642.08
10 1074.0 846.93 521.46
11 1074.0 344.45 845.92
12 1074.0 613.88 681.83
13 1074.0 530.59 424.40
14 1074.0 338.13 516.57
15 1074.0 619.04 353.21
6 1075.0 589.93 603.54
7 1075.0 565.33 613.30
8 1075.0 498.72 345.04
9 1075.0 267.64 634.46
10 1075.0 844.44 514.85
11 1075.0 340.20 847.20
12 1075.0 611.61 674.20
13 1075.0 530.90 430.50
14 1075.0 335.90 509.36
15 1075.0 627.36 355.14
6 1076.0 587.56 595.92
7 1076.0 558.89 615.25
8 1076.0 489.21 347.99
9 1076.0 265.14 626.31
10 1076.0 842.06 507.23
11 1076.0 335.68 847.82
12 1076.0 609.14 665.88
13 1076.0 531.39 437.26
14 1076.0 333.88 502.82
15 1076.0 636.24 357.21
6 1077.0 584.98 587.66
7 1077.0 552.08 617.31
8 1077.0 478.68 351.24
9 1077.0 262.67 618.19
10 1077.0 839.67 499.44
11 1077.0 332.31 845.06
12 1077.0 606.72 657.73
13 1077.0 533.38 443.74
14 1077.0 331.88 496.36
15 1077.0 644.65 359.18
6 1078.0 582.58 579.98
7 1078.0 545.78 619.21
8 1078.0 469.03 354.23
9 1078.0 260.35 610.58
10 1078.0 837.19 491.34
11 1078.0 330.69 840.42
12 1078.0 604.44 650.27
13 1078.0 535.54 450.75
14 1078.0 329.64 489.10
15 1078.0 653.47 361.24
6 1079.0 580.06 571.93
7 1079.0 538.69 621.35
8 1079.0 458.32 357.54
9 1079.0 257.89 602.47
10 1079.0 834.98 484.15
11 1079.0 328.95 834.67
12 1079.0 602.18 642.99
13 1079.0 537.59 457.36
14 1079.0 327.63 482.45
15 1079.0 661.99 363.23
6 1080.0 577.49 563.70
7 1080.0 532.12 623.34
8 1080.0 447.76 357.40
9 1080.0 255.34 594.08
10 1080.0 832.52 476.12
11 1080.0 327.14 828.94
12 1080.0 599.65 634.84
13 1080.0 539.52 463.55
14 1080.0 325.57 475.67
15 1080.0 669.97 365.11
6 1081.0 575.04 555.87
7 1081.0 525.19 625.44
8 1081.0 437.32 360.49
9 1081.0 252.83 585.84
10 1081.0 830.89 471.47
11 1081.0 325.16 822.67
12 1081.0 597.46 627.76
13 1081.0 541.73 469.32
14 1081.0 323.32 468.33
15 1081.0 678.45 367.12
6 1082.0 572.56 547.93
7 1082.0 517.84 627.67
8 1082.0 427.37 363.43
9 1082.0 250.24 577.32
10 1082.0 826.14 466.48
11 1082.0 323.41 817.12
12 1082.0 595.05 620.00
13 1082.0 544.58 474.83
14 1082.0 321.18 461.37
15 1082.0 686.68 369.09
6 1083.0 570.12 540.14
7 1083.0 510.50 629.89
8 1083.0 417.67 366.30
9 1083.0 248.35 571.10
10 1083.0 818.24 464.58
11 1083.0 321.80 811.42
12 1083.0 592.71 612.47
13 1083.0 548.24 481.00
14 1083.0 318.98 454.19
15 1083.0 695.37 371.16
6 1084.0 567.75 532.54
7 1084.0 503.09 632.13
8 1084.0 407.04 369.45
9 1084.0 248.61 565.37
10 1084.0 811.02 465.44
11 1084.0 319.95 805.11
12 1084.0 590.42 605.10
13 1084.0 550.86 487.58
14 1084.0 316.77 446.98
15 1084.0 703.88 373.20
6 1085.0 565.29 524.40
7 1085.0 496.32 634.17
8 1085.0 396.79 373.04
9 1085.0 254.65 562.44
10 1085.0 802.96 467.94
11 1085.0 318.09 799.01
12 1085.0 587.95 597.15
13 1085.0 552.89 493.82
14 1085.0 314.76 440.40
15 1085.0 712.87 375.33
6 1086.0 563.06 516.87
7 1086.0 488.92 636.41
8 1086.0 386.78 377.11
9 1086.0 263.04 559.97
10 1086.0 795.19 470.34
11 1086.0 316.25 792.94
12 1086.0 585.60 589.65
13 1086.0 554.52 499.31
14 1086.0 312.56 433.21
15 1086.0 722.12 377.54
6 1087.0 560.60 508.56
7 1087.0 481.53 638.65
8 1087.0 376.58 380.13
9 1087.0 271.68 557.43
10 1087.0 788.03 472.56
11 1087.0 314.32 786.66
12 1087.0 583.39 582.57
13 1087.0 556.51 506.01
14 1087.0 310.53 426.75
15 1087.0 730.37 379.51
6 1088.0 558.32 500.84
7 1088.0 474.06 640.90
8 1088.0 366.18 383.20
9 1088.0 279.39 555.16
10 1088.0 780.14 475.00
11 1088.0 312.50 780.73
12 1088.0 581.18 575.50
13 1088.0 558.32 512.15
14 1088.0 309.13 421.16
15 1088.0 738.73 382.49
6 1089.0 556.00 493.00
7 1089.0 466.75 643.11
8 1089.0 356.49 386.07
9 1089.0 287.68 552.71
10 1089.0 772.46 477.40
11 1089.0 310.77 775.08
12 1089.0 578.68 567.49
13 1089.0 560.38 519.09
14 1089.0 310.33 415.82
15 1089.0 747.24 385.00
6 1090.0 557.05 487.06
7 1090.0 459.31 645.36
8 1090.0 346.15 389.13
9 1090.0 296.17 550.21
10 1090.0 765.05 479.73
11 1090.0 309.05 769.36
12 1090.0 576.14 559.37
13 1090.0 562.26 525.46
14 1090.0 315.34 410.30
15 1090.0 756.04 386.92
6 1091.0 556.11 483.21
7 1091.0 452.02 647.56
8 1091.0 336.58 391.96
9 1091.0 304.64 547.72
10 1091.0 757.02 482.15
11 1091.0 307.13 763.04
12 1091.0 573.85 552.05
13 1091.0 564.30 532.25
14 1091.0 322.90 404.77
15 1091.0 765.06 388.88
6 1092.0 555.68 481.98
7 1092.0 444.63 649.80
8 1092.0 325.88 395.04
9 1092.0 312.10 545.46
10 1092.0 749.28 482.48
11 1092.0 305.25 756.85
12 1092.0 571.40 544.22
13 1092.0 566.44 539.08
14 1092.0 332.44 402.00
15 1092.0 773.98 390.83
6 1093.0 555.67 481.95
7 1093.0 437.15 652.06
8 1093.0 315.87 396.51
9 1093.0 320.13 543.12
10 1093.0 742.28 480.49
11 1093.0 303.47 750.99
12 1093.0 569.02 536.60
13 1093.0 568.43 545.47
14 1093.0 341.58 399.34
15 1093.0 783.11 392.82
6 1094.0 555.67 481.95
7 1094.0 430.20 654.16
8 1094.0 305.56 399.74
9 1094.0 328.38 540.71
10 1094.0 736.46 474.86
11 1094.0 301.80 745.51
12 1094.0 566.80 529.49
13 1094.0 570.53 552.18
14 1094.0 351.29 396.52
15 1094.0 792.15 394.82
6 1095.0 555.67 481.95
7 1095.0 422.97 656.35
8 1095.0 295.07 403.08
9 1095.0 334.80 538.77
10 1095.0 733.64 468.15
11 1095.0 299.91 739.31
12 1095.0 564.34 521.19
13 1095.0 572.73 559.21
14 1095.0 361.09 393.68
15 1095.0 801.12 396.87
6 1096.0 555.67 481.95
7 1096.0 415.68 658.55
8 1096.0 285.22 406.07
9 1096.0 341.11 539.65
10 1096.0 731.40 460.91
11 1096.0 298.22 733.77
12 1096.0 561.99 513.26
13 1096.0 574.88 566.08
14 1096.0 370.07 391.07
15 1096.0 810.01 398.90
6 1097.0 555.67 481.95
7 1097.0 408.53 660.72
8 1097.0 274.66 409.27
9 1097.0 343.43 545.40
10 1097.0 728.89 453.38
11 1097.0 296.54 728.25
12 1097.0 559.58 505.10
13 1097.0 576.96 572.77
14 1097.0 379.51 388.36
15 1097.0 818.04 400.70
6 1098.0 555.67 481.95
7 1098.0 401.70 662.79
8 1098.0 265.07 412.18
9 1098.0 345.73 553.52
10 1098.0 726.13 445.35
11 1098.0 294.65 722.03
12 1098.0 557.11 496.78
13 1098.0 578.81 578.66
14 1098.0 389.23 387.08
15 1098.0 826.44 402.43
6 1099.0 555.67 481.95
7 1099.0 395.33 664.71
8 1099.0 254.54 415.37
9 1099.0 348.10 561.87
10 1099.0 721.24 438.68
11 1099.0 293.00 716.61
12 1099.0 555.81 492.45
13 1099.0 580.85 585.19
14 1099.0 399.12 384.03
15 1099.0 831.64 405.25
6 1100.0 555.67 481.95
7 1100.0 389.56 666.46
8 1100.0 244.38 418.45
9 1100.0 350.48 569.82
10 1100.0 714.55 434.68
11 1100.0 291.02 710.11
12 1100.0 555.25 490.72
13 1100.0 582.98 592.02
14 1100.0 408.57 380.11
15 1100.0 834.06 410.86
6 1101.0 555.67 481.95
7 1101.0 384.11 666.31
8 1101.0 234.70 421.39
9 1101.0 352.76 577.21
10 1101.0 707.44 432.58
11 1101.0 289.63 705.31
12 1101.0 555.07 490.19
13 1101.0 585.16 598.99
14 1101.0 416.47 375.00
15 1101.0 833.73 417.18
6 1102.0 555.67 481.95
7 1102.0 381.25 661.07
8 1102.0 224.33 424.53
9 1102.0 355.20 585.07
10 1102.0 699.56 430.96
11 1102.0 290.01 701.26
12 1102.0 555.00 489.97
13 1102.0 587.21 605.55
14 1102.0 426.28 371.55
15 1102.0 832.38 423.25
6 1103.0 555.67 481.95
7 1103.0 379.23 654.27
8 1103.0 216.21 427.01
9 1103.0 357.79 593.47
10 1103.0 691.80 429.36
11 1103.0 293.56 698.86
12 1103.0 554.97 489.88
13 1103.0 589.37 612.50
14 1103.0 435.69 368.38
15 1103.0 830.99 429.53
6 1104.0 555.67 481.95
7 1104.0 377.32 647.85
8 1104.0 209.10 427.30
9 1104.0 360.26 601.64
10 1104.0 683.54 427.66
11 1104.0 299.97 696.91
12 1104.0 554.97 489.87
13 1104.0 591.56 619.54
14 1104.0 445.12 365.59
15 1104.0 829.64 435.60
6 1105.0 555.67 481.95
7 1105.0 375.20 640.70
8 1105.0 202.61 421.98
9 1105.0 362.56 609.37
10 1105.0 675.46 426.09
11 1105.0 305.53 695.22
12 1105.0 554.97 489.87
13 1105.0 593.48 625.73
14 1105.0 454.41 362.84
15 1105.0 828.36 441.39
6 1106.0 555.67 481.95
7 1106.0 373.15 633.81
8 1106.0 199.11 414.09
9 1106.0 365.13 618.01
10 1106.0 667.94 426.10
11 1106.0 311.45 693.43
12 1106.0 554.97 489.86
13 1106.0 595.58 632.52
14 1106.0 464.31 359.92
15 1106.0 826.83 448.20
6 1107.0 555.67 481.95
7 1107.0 371.26 627.43
8 1107.0 196.35 407.44
9 1107.0 367.34 625.45
10 1107.0 660.27 427.75
11 1107.0 317.11 691.71
12 1107.0 554.97 489.86
13 1107.0 597.49 638.66
14 1107.0 473.20 357.29
15 1107.0 825.25 455.08
6 1108.0 555.67 481.95
7 1108.0 369.39 621.14
8 1108.0 193.61 400.61
9 1108.0 369.56 632.96
10 1108.0 652.47 431.10
11 1108.0 323.51 689.77
12 1108.0 554.97 489.86
13 1108.0 599.46 645.03
14 1108.0 482.26 354.61
15 1108.0 824.40 458.80
6 1109.0 555.67 481.95
7 1109.0 367.20 613.77
8 1109.0 190.87 393.77
9 1109.0 371.82 640.55
10 1109.0 645.90 435.25
11 1109.0 329.72 687.88
12 1109.0 554.97 489.86
13 1109.0 601.52 651.67
14 1109.0 491.46 351.90
15 1109.0 824.33 464.25
6 1110.0 555.67 481.95
7 1110.0 365.33 607.46
8 1110.0 189.22 390.75
9 1110.0 374.33 649.01
10 1110.0 639.66 439.34
11 1110.0 335.24 686.21
12 1110.0 554.97 489.86
13 1110.0 603.58 658.36
14 1110.0 500.54 349.23
15 1110.0 826.69 470.19
6 1111.0 555.67 481.95
7 1111.0 363.35 600.83
8 1111.0 186.58 391.32
9 1111.0 376.58 656.60
10 1111.0 632.59 442.97
11 1111.0 341.18 684.41
12 1111.0 554.97 489.86
13 1111.0 605.33 664.24
14 1111.0 510.10 346.89
15 1111.0 829.36 476.73
6 1112.0 555.67 481.95
7 1112.0 361.24 593.83
8 1112.0 187.54 394.30
9 1112.0 377.78 660.65
10 1112.0 625.55 445.56
11 1112.0 346.79 682.69
12 1112.0 554.97 489.86
13 1112.0 607.06 670.10
14 1112.0 518.95 345.00
15 1112.0 831.32 483.12
6 1113.0 555.67 481.95
7 1113.0 359.33 587.58
8 1113.0 189.39 398.67
9 1113.0 378.33 662.51
10 1113.0 617.85 448.24
11 1113.0 353.25 680.72
12 1113.0 554.97 489.86
13 1113.0 608.83 676.05
14 1113.0 525.55 343.58
15 1113.0 833.26 489.44
6 1114.0 555.67 481.95
7 1114.0 357.27 580.95
8 1114.0 191.72 404.48
9 1114.0 378.41 662.77
10 1114.0 610.24 450.85
11 1114.0 359.16 678.91
12 1114.0 554.97 489.86
13 1114.0 610.87 682.93
14 1114.0 528.01 341.41
15 1114.0 835.10 495.45
6 1115.0 555.67 481.95
7 1115.0 355.17 574.15
8 1115.0 194.56 411.52
9 1115.0 378.42 662.78
10 1115.0 602.95 453.25
11 1115.0 364.76 677.20
12 1115.0 554.97 489.86
13 1115.0 612.81 689.46
14 1115.0 528.95 337.35
15 1115.0 836.93 501.41
6 1116.0 555.67 481.95
7 1116.0 352.86 566.73
8 1116.0 197.63 418.66
9 1116.0 378.42 662.78
10 1116.0 594.95 455.84
11 1116.0 371.33 675.19
12 1116.0 554.97 489.86
13 1116.0 614.78 696.02
14 1116.0 526.63 335.42
15 1116.0 838.95 508.03
6 1117.0 555.67 481.95
7 1117.0 350.87 559.96
8 1117.0 201.21 427.80
9 1117.0 378.42 662.78
10 1117.0 587.97 458.11
11 1117.0 376.07 673.80
12 1117.0 554.97 489.86
13 1117.0 616.69 702.38
14 1117.0 520.93 337.66
15 1117.0 840.71 513.75
6 1118.0 555.67 481.95
7 1118.0 349.00 553.33
8 1118.0 203.91 435.09
9 1118.0 378.42 662.78
10 1118.0 581.12 460.36
11 1118.0 381.11 674.67
12 1118.0 554.97 489.86
13 1118.0 618.76 709.24
14 1118.0 513.74 340.48
15 1118.0 842.80 520.49
6 1119.0 555.67 481.95
7 1119.0 347.14 546.75
8 1119.0 209.56 438.24
9 1119.0 378.42 662.78
10 1119.0 572.96 462.92
11 1119.0 383.55 679.12
12 1119.0 554.97 489.86
13 1119.0 620.86 716.22
14 1119.0 504.02 343.41
15 1119.0 841.35 526.73
6 1120.0 555.67 481.95
7 1120.0 345.91 542.41
8 1120.0 217.07 436.21
9 1120.0 378.42 662.78
10 1120.0 565.63 465.26
11 1120.0 385.31 684.87
12 1120.0 554.97 489.86
13 1120.0 622.64 722.13
14 1120.0 494.70 346.29
15 1120.0 841.12 532.27
6 1121.0 555.67 481.95
7 1121.0 342.86 536.77
8 1121.0 226.40 436.36
9 1121.0 378.42 662.78
10 1121.0 558.27 467.69
11 1121.0 387.25 691.19
12 1121.0 554.97 489.86
13 1121.0 624.49 728.27
14 1121.0 484.89 345.97
15 1121.0 844.18 536.15
6 1122.0 555.67 481.95
7 1122.0 336.43 535.20
8 1122.0 236.94 436.09
9 1122.0 378.42 662.78
10 1122.0 551.12 469.94
11 1122.0 389.21 697.58
12 1122.0 554.97 489.86
13 1122.0 626.61 735.23
14 1122.0 476.03 348.71
15 1122.0 848.92 537.08
6 1123.0 555.67 481.95
7 1123.0 329.74 536.97
8 1123.0 248.58 436.04
9 1123.0 378.42 662.78
10 1123.0 543.82 472.23
11 1123.0 391.03 703.50
12 1123.0 554.97 489.86
13 1123.0 628.67 742.03
14 1123.0 467.15 351.46
15 1123.0 853.07 534.84
6 1124.0 555.67 481.95
7 1124.0 323.15 538.91
8 1124.0 258.23 433.23
9 1124.0 378.42 662.78
10 1124.0 536.59 474.50
11 1124.0 392.79 709.23
12 1124.0 554.97 489.86
13 1124.0 630.73 748.79
14 1124.0 458.33 354.19
15 1124.0 855.48 529.74
6 1125.0 555.67 481.95
7 1125.0 315.69 541.07
8 1125.0 267.87 430.45
9 1125.0 378.42 662.78
10 1125.0 531.26 476.14
11 1125.0 394.57 715.06
12 1125.0 554.97 489.86
13 1125.0 632.24 754.12
14 1125.0 449.54 356.87
15 1125.0 860.02 527.77
6 1126.0 555.67 481.95
7 1126.0 308.30 543.28
8 1126.0 278.19 427.48
9 1126.0 378.42 662.78
10 1126.0 523.92 478.38
11 1126.0 396.48 721.26
12 1126.0 554.97 489.86
13 1126.0 631.76 758.39
14 1126.0 439.95 359.71
15 1126.0 866.56 525.75
6 1127.0 555.67 481.95
7 1127.0 301.13 545.42
8 1127.0 288.77 424.44
9 1127.0 378.42 662.78
10 1127.0 516.31 480.70
11 1127.0 398.42 727.60
12 1127.0 554.97 489.86
13 1127.0 627.22 760.91
14 1127.0 430.92 362.38
15 1127.0 873.19 523.71
6 1128.0 555.67 481.95
7 1128.0 294.72 547.31
8 1128.0 299.15 421.52
9 1128.0 378.42 662.78
10 1128.0 509.05 482.79
11 1128.0 400.33 733.81
12 1128.0 554.97 489.86
13 1128.0 620.43 762.96
14 1128.0 421.06 365.30
15 1128.0 879.78 521.68
6 1129.0 555.67 481.95
7 1129.0 287.72 549.36
8 1129.0 305.09 422.52
9 1129.0 378.42 662.78
10 1129.0 501.89 484.69
11 1129.0 402.26 740.10
12 1129.0 554.97 489.86
13 1129.0 614.42 764.77
14 1129.0 411.36 368.17
15 1129.0 886.47 519.61
6 1130.0 555.67 481.95
7 1130.0 279.93 548.66
8 1130.0 307.57 428.02
9 1130.0 378.42 662.78
10 1130.0 493.85 486.94
11 1130.0 404.00 745.74
12 1130.0 554.97 489.86
13 1130.0 607.41 766.88
14 1130.0 401.56 371.07
15 1130.0 889.57 518.66
6 1131.0 555.67 481.95
7 1131.0 272.59 550.49
8 1131.0 309.78 435.06
9 1131.0 378.42 662.78
10 1131.0 486.16 489.52
11 1131.0 405.65 751.22
12 1131.0 554.97 489.86
13 1131.0 601.48 768.71
14 1131.0 392.35 375.46
15 1131.0 894.17 517.26
6 1132.0 555.67 481.95
7 1132.0 265.66 552.54
8 1132.0 311.92 442.06
9 1132.0 378.42 662.78
10 1132.0 478.50 491.95
11 1132.0 407.57 757.67
12 1132.0 554.97 489.86
13 1132.0 595.61 770.56
14 1132.0 382.54 378.36
15 1132.0 900.17 515.44
6 1133.0 555.67 481.95
7 1133.0 258.93 554.52
8 1133.0 314.03 448.96
9 1133.0 378.42 662.78
10 1133.0 470.55 494.35
11 1133.0 409.35 763.69
12 1133.0 554.97 489.86
13 1133.0 589.53 772.45
14 1133.0 373.46 381.05
15 1133.0 906.42 513.54
6 1134.0 555.67 481.95
7 1134.0 252.60 556.38
8 1134.0 316.15 455.89
9 1134.0 378.42 662.78
10 1134.0 463.50 496.49
11 1134.0 411.29 770.21
12 1134.0 554.97 489.86
13 1134.0 583.54 774.26
14 1134.0 363.76 383.92
15 1134.0 912.34 511.77
6 1135.0 555.67 481.95
7 1135.0 247.25 557.42
8 1135.0 318.46 463.44
9 1135.0 378.42 662.78
10 1135.0 455.87 498.80
11 1135.0 413.03 776.06
12 1135.0 554.97 489.86
13 1135.0 577.58 776.05
14 1135.0 354.04 386.80
15 1135.0 918.28 510.00
6 1136.0 555.67 481.95
7 1136.0 243.47 554.44
8 1136.0 320.59 470.36
9 1136.0 378.42 662.78
10 1136.0 447.92 501.21
11 1136.0 414.87 782.27
12 1136.0 554.97 489.86
13 1136.0 570.73 778.06
14 1136.0 344.47 389.63
15 1136.0 924.89 508.02
6 1137.0 555.67 481.95
7 1137.0 241.66 549.03
8 1137.0 322.81 477.54
9 1137.0 378.42 662.78
10 1137.0 440.88 503.34
11 1137.0 416.78 788.69
12 1137.0 554.97 489.86
13 1137.0 564.47 779.90
14 1137.0 335.11 392.39
15 1137.0 930.83 506.25
6 1138.0 555.67 481.95
7 1138.0 239.63 542.35
8 1138.0 325.12 485.19
9 1138.0 378.42 662.78
10 1138.0 433.81 505.46
11 1138.0 418.52 794.55
12 1138.0 554.97 489.86
13 1138.0 557.91 781.82
14 1138.0 326.32 394.96
15 1138.0 937.59 504.23
6 1139.0 555.67 481.95
7 1139.0 237.45 535.15
8 1139.0 327.22 492.12
9 1139.0 378.42 662.78
10 1139.0 425.89 507.85
11 1139.0 420.22 800.29
12 1139.0 554.97 489.86
13 1139.0 551.79 783.61
14 1139.0 316.66 396.26
15 1139.0 943.76 502.38
6 1140.0 555.20 480.45
7 1140.0 235.31 528.08
8 1140.0 329.47 499.41
9 1140.0 379.34 665.12
10 1140.0 418.48 510.07
11 1140.0 421.90 805.93
12 1140.0 554.97 489.86
13 1140.0 545.41 785.48
14 1140.0 306.89 399.31
15 1140.0 950.09 501.13
6 1141.0 554.46 476.84
7 1141.0 233.08 520.76
8 1141.0 331.95 507.43
9 1141.0 381.87 668.72
10 1141.0 411.07 512.29
11 1141.0 423.86 812.55
12 1141.0 554.58 488.68
13 1141.0 538.80 787.44
14 1141.0 297.50 402.34
15 1141.0 955.64 504.04
6 1142.0 556.72 471.86
7 1142.0 230.92 513.63
8 1142.0 334.27 514.94
9 1142.0 387.50 670.08
10 1142.0 403.78 514.48
11 1142.0 425.62 817.59
12 1142.0 553.81 486.33
13 1142.0 532.68 789.29
14 1142.0 288.71 405.01
15 1142.0 958.33 509.39
6 1143.0 563.74 469.25
7 1143.0 228.76 506.50
8 1143.0 336.39 521.79
9 1143.0 395.10 668.12
10 1143.0 396.71 516.60
11 1143.0 429.62 821.84
12 1143.0 552.32 482.09
13 1143.0 526.07 791.28
14 1143.0 278.78 408.02
15 1143.0 960.52 515.33
6 1144.0 571.01 466.87
7 1144.0 226.82 500.03
8 1144.0 337.74 526.15
9 1144.0 403.37 665.62
10 1144.0 388.51 519.06
11 1144.0 435.75 821.87
12 1144.0 549.87 477.55
13 1144.0 520.20 793.05
14 1144.0 268.87 411.02
15 1144.0 962.38 521.85
6 1145.0 579.27 464.33
7 1145.0 224.96 492.82
8 1145.0 339.68 532.60
9 1145.0 411.00 663.31
10 1145.0 380.55 521.44
11 1145.0 441.13 820.27
12 1145.0 543.25 474.17
13 1145.0 513.90 794.95
14 1145.0 259.44 413.88
15 1145.0 964.06 527.71
6 1146.0 586.92 461.82
7 1146.0 225.76 485.16
8 1146.0 342.02 540.49
9 1146.0 419.46 660.75
10 1146.0 372.74 523.84
11 1146.0 447.33 818.40
12 1146.0 535.62 474.84
13 1146.0 508.02 796.72
14 1146.0 249.88 416.78
15 1146.0 965.84 533.96
6 1147.0 595.22 459.11
7 1147.0 223.20 476.27
8 1147.0 344.10 547.75
9 1147.0 428.09 658.14
10 1147.0 365.59 526.04
11 1147.0 453.07 816.68
12 1147.0 529.61 476.65
13 1147.0 500.96 798.85
14 1147.0 240.06 419.76
15 1147.0 967.57 539.94
6 1148.0 602.72 456.69
7 1148.0 220.63 467.13
8 1148.0 346.22 555.26
9 1148.0 436.69 655.53
10 1148.0 358.53 528.31
11 1148.0 458.60 815.01
12 1148.0 522.40 478.84
13 1148.0 494.44 800.82
14 1148.0 231.14 422.47
15 1148.0 969.51 546.61
6 1149.0 610.80 454.05
7 1149.0 217.93 457.47
8 1149.0 348.35 562.77
9 1149.0 444.50 653.17
10 1149.0 352.65 530.20
11 1149.0 464.63 813.19
12 1149.0 515.18 481.05
13 1149.0 488.40 802.65
14 1149.0 222.22 425.17
15 1149.0 971.20 552.40
6 1150.0 618.29 451.46
7 1150.0 216.40 450.67
8 1150.0 350.54 570.02
9 1150.0 452.36 650.80
10 1150.0 345.81 532.71
11 1150.0 470.62 811.36
12 1150.0 506.88 483.40
13 1150.0 482.25 804.51
14 1150.0 215.27 427.12
15 1150.0 973.12 559.00
6 1151.0 625.47 448.98
7 1151.0 219.21 443.10
8 1151.0 352.79 577.28
9 1151.0 459.92 648.52
10 1151.0 342.17 539.32
11 1151.0 476.15 809.69
12 1151.0 498.55 485.55
13 1151.0 476.11 806.37
14 1151.0 206.99 426.68
15 1151.0 974.96 565.35
6 1152.0 633.41 446.08
7 1152.0 225.77 439.99
8 1152.0 355.22 585.13
9 1152.0 467.32 646.29
10 1152.0 343.90 547.05
11 1152.0 482.15 807.88
12 1152.0 490.81 487.96
13 1152.0 469.35 808.41
14 1152.0 202.06 420.92
15 1152.0 976.89 571.99
6 1153.0 640.25 442.77
7 1153.0 234.48 436.87
8 1153.0 357.39 592.16
9 1153.0 475.01 643.96
10 1153.0 346.15 554.98
11 1153.0 487.87 806.16
12 1153.0 483.64 490.36
13 1153.0 462.38 810.54
14 1153.0 198.13 411.76
15 1153.0 978.77 578.43
6 1154.0 646.95 438.39
7 1154.0 243.82 434.09
8 1154.0 359.46 598.99
9 1154.0 483.32 641.44
10 1154.0 348.48 563.21
11 1154.0 493.96 804.32
12 1154.0 475.36 492.90
13 1154.0 455.49 812.61
14 1154.0 195.35 404.94
15 1154.0 980.45 584.21
6 1155.0 653.36 434.25
7 1155.0 253.65 431.23
8 1155.0 361.74 606.63
9 1155.0 490.81 639.18
10 1155.0 350.93 571.26
11 1155.0 500.47 802.35
12 1155.0 467.35 495.32
13 1155.0 448.95 814.58
14 1155.0 192.94 398.92
15 1155.0 982.09 589.89
6 1156.0 660.82 430.91
7 1156.0 262.68 428.62
8 1156.0 364.07 614.44
9 1156.0 498.59 636.83
10 1156.0 353.29 578.90
11 1156.0 506.97 800.39
12 1156.0 459.47 497.71
13 1156.0 443.09 816.34
14 1156.0 190.78 393.57
15 1156.0 983.87 595.98
6 1157.0 669.39 429.22
7 1157.0 271.85 425.98
8 1157.0 366.36 622.18
9 1157.0 506.26 634.51
10 1157.0 355.55 586.20
11 1157.0 513.31 798.48
12 1157.0 451.79 500.03
13 1157.0 438.05 817.86
14 1157.0 189.18 390.73
15 1157.0 985.74 602.43
6 1158.0 678.05 429.78
7 1158.0 281.08 423.32
8 1158.0 368.57 629.63
9 1158.0 514.22 632.10
10 1158.0 357.85 593.67
11 1158.0 519.85 796.50
12 1158.0 444.34 502.29
13 1158.0 433.37 819.03
14 1158.0 187.16 390.15
15 1158.0 987.47 608.37
6 1159.0 686.48 431.54
7 1159.0 290.88 420.51
8 1159.0 370.81 637.15
9 1159.0 522.53 629.59
10 1159.0 360.10 601.13
11 1159.0 525.28 794.86
12 1159.0 436.65 504.61
13 1159.0 428.80 816.90
14 1159.0 183.93 394.33
15 1159.0 989.48 615.10
6 1160.0 693.97 433.07
7 1160.0 300.14 417.93
8 1160.0 372.85 644.04
9 1160.0 530.47 627.18
10 1160.0 362.31 608.52
11 1160.0 531.46 793.00
12 1160.0 428.73 506.99
13 1160.0 427.01 811.93
14 1160.0 186.15 399.18
15 1160.0 991.35 621.31
6 1161.0 702.28 434.78
7 1161.0 309.44 415.32
8 1161.0 374.89 650.89
9 1161.0 538.11 624.87
10 1161.0 364.57 616.14
11 1161.0 537.99 791.02
12 1161.0 420.57 509.44
13 1161.0 425.04 805.30
14 1161.0 188.78 405.77
15 1161.0 994.52 626.57
6 1162.0 709.84 436.48
7 1162.0 318.93 412.59
8 1162.0 377.27 658.91
9 1162.0 545.78 622.55
10 1162.0 366.95 624.15
11 1162.0 544.45 789.09
12 1162.0 413.41 511.59
13 1162.0 423.24 799.22
14 1162.0 191.33 412.07
15 1162.0 997.24 633.01
6 1163.0 717.68 439.94
7 1163.0 328.31 409.87
8 1163.0 379.67 666.83
9 1163.0 554.19 620.00
10 1163.0 369.21 631.75
11 1163.0 550.49 787.32
12 1163.0 405.07 514.09
13 1163.0 421.30 792.70
14 1163.0 194.63 419.80
15 1163.0 998.99 639.64
6 1164.0 723.02 446.44
7 1164.0 337.50 407.20
8 1164.0 382.01 674.23
9 1164.0 562.14 617.60
10 1164.0 371.43 639.24
11 1164.0 555.92 785.74
12 1164.0 396.92 516.54
13 1164.0 419.41 786.34
14 1164.0 197.69 427.51
15 1164.0 998.47 646.62
6 1165.0 725.91 454.55
7 1165.0 347.32 404.35
8 1165.0 384.44 682.03
9 1165.0 569.92 615.25
10 1165.0 373.85 647.41
11 1165.0 561.34 784.15
12 1165.0 388.99 518.91
13 1165.0 417.42 779.63
14 1165.0 200.82 435.98
15 1165.0 995.46 651.83
6 1166.0 728.37 461.91
7 1166.0 356.86 401.57
8 1166.0 386.74 689.51
9 1166.0 577.61 612.92
10 1166.0 376.26 655.52
11 1166.0 566.87 782.53
12 1166.0 380.66 521.41
13 1166.0 415.46 773.02
14 1166.0 203.38 442.44
15 1166.0 989.57 652.93
6 1167.0 730.87 470.02
7 1167.0 366.29 398.83
8 1167.0 389.13 697.31
9 1167.0 582.30 611.51
10 1167.0 378.49 663.03
11 1167.0 573.07 780.72
12 1167.0 372.67 523.86
13 1167.0 413.37 766.00
14 1167.0 207.44 450.30
15 1167.0 983.70 655.14
6 1168.0 734.44 477.74
7 1168.0 375.28 396.22
8 1168.0 391.23 704.16
9 1168.0 584.13 609.26
10 1168.0 378.27 668.47
11 1168.0 579.14 778.93
12 1168.0 364.76 526.31
13 1168.0 411.40 759.36
14 1168.0 211.26 457.54
15 1168.0 977.72 657.09
6 1169.0 739.95 482.92
7 1169.0 384.86 394.20
8 1169.0 393.50 711.54
9 1169.0 580.75 608.64
10 1169.0 372.49 671.49
11 1169.0 585.39 777.04
12 1169.0 357.38 528.68
13 1169.0 409.35 752.44
14 1169.0 213.75 466.21
15 1169.0 972.10 658.82
6 1170.0 747.74 485.55
7 1170.0 393.97 392.31
8 1170.0 395.79 719.01
9 1170.0 574.91 610.40
10 1170.0 365.13 673.74
11 1170.0 591.66 775.14
12 1170.0 351.31 530.63
13 1170.0 407.29 745.56
14 1170.0 216.25 475.27
15 1170.0 965.90 660.54
6 1171.0 755.30 485.73
7 1171.0 403.68 389.32
8 1171.0 398.05 726.37
9 1171.0 567.78 612.56
10 1171.0 357.74 676.00
11 1171.0 597.44 773.33
12 1171.0 344.34 533.86
13 1171.0 405.46 739.60
14 1171.0 218.86 484.34
15 1171.0 959.44 662.34
6 1172.0 763.19 483.66
7 1172.0 413.62 388.75
8 1172.0 400.39 734.01
9 1172.0 559.54 615.05
10 1172.0 349.98 678.37
11 1172.0 604.04 771.26
12 1172.0 342.40 541.09
13 1172.0 403.54 733.37
14 1172.0 221.36 492.90
15 1172.0 953.01 664.06
6 1173.0 771.26 481.14
7 1173.0 422.77 386.35
8 1173.0 402.69 741.48
9 1173.0 551.60 617.45
10 1173.0 341.35 677.90
11 1173.0 610.46 769.30
12 1173.0 344.50 549.19
13 1173.0 401.51 726.74
14 1173.0 223.36 499.62
15 1173.0 947.06 664.55
6 1174.0 779.03 478.70
7 1174.0 431.41 383.31
8 1174.0 404.92 748.76
9 1174.0 543.48 619.90
10 1174.0 333.13 680.17
11 1174.0 616.81 767.39
12 1174.0 346.60 556.57
13 1174.0 399.60 720.51
14 1174.0 225.32 506.16
15 1174.0 941.25 663.20
6 1175.0 786.40 476.42
7 1175.0 441.05 380.14
8 1175.0 407.20 756.44
9 1175.0 536.01 622.17
10 1175.0 325.49 682.49
11 1175.0 622.83 765.58
12 1175.0 348.84 564.48
13 1175.0 397.48 713.61
14 1175.0 227.27 512.62
15 1175.0 935.33 659.50
6 1176.0 794.24 473.99
7 1176.0 450.78 377.27
8 1176.0 409.36 763.70
9 1176.0 527.90 624.62
10 1176.0 318.48 684.61
11 1176.0 627.76 764.09
12 1176.0 351.23 572.24
13 1176.0 395.41 706.88
14 1176.0 229.27 519.20
15 1176.0 930.23 655.00
6 1177.0 802.48 471.44
7 1177.0 460.40 374.42
8 1177.0 411.53 771.02
9 1177.0 520.24 626.94
10 1177.0 310.74 686.96
11 1177.0 631.97 763.42
12 1177.0 353.76 580.42
13 1177.0 393.53 700.74
14 1177.0 231.34 526.02
15 1177.0 925.34 650.47
6 1178.0 809.92 469.10
7 1178.0 470.23 371.52
8 1178.0 413.59 777.97
9 1178.0 512.27 629.35
10 1178.0 303.48 689.16
11 1178.0 635.55 765.90
12 1178.0 356.25 588.44
13 1178.0 391.63 694.56
14 1178.0 233.58 533.41
15 1178.0 920.35 645.84
6 1179.0 814.00 468.13
7 1179.0 479.21 368.87
8 1179.0 415.87 785.64
9 1179.0 503.93 631.87
10 1179.0 296.57 691.26
11 1179.0 637.32 770.87
12 1179.0 358.51 595.86
13 1179.0 389.77 688.51
14 1179.0 235.57 539.97
15 1179.0 916.07 641.88
6 1180.0 819.58 466.82
7 1180.0 488.05 366.25
8 1180.0 418.03 792.92
9 1180.0 496.00 634.27
10 1180.0 292.93 692.36
11 1180.0 639.16 777.20
12 1180.0 360.69 603.09
13 1180.0 387.83 682.16
14 1180.0 237.58 546.61
15 1180.0 911.07 637.24
6 1181.0 826.17 462.81
7 1181.0 497.44 363.48
8 1181.0 420.16 800.08
9 1181.0 488.34 636.59
10 1181.0 287.83 692.75
11 1181.0 641.13 783.68
12 1181.0 363.00 610.86
13 1181.0 385.85 675.79
14 1181.0 239.57 553.16
15 1181.0 906.71 633.20
6 1182.0 828.74 457.46
7 1182.0 505.99 361.05
8 1182.0 422.55 808.14
9 1182.0 479.89 639.14
10 1182.0 284.30 688.21
11 1182.0 642.85 789.36
12 1182.0 365.18 618.18
13 1182.0 383.67 668.87
14 1182.0 241.58 559.80
15 1182.0 902.44 629.25
6 1183.0 834.87 456.32
7 1183.0 510.94 359.80
8 1183.0 424.70 815.39
9 1183.0 471.64 641.64
10 1183.0 282.00 680.74
11 1183.0 644.73 795.59
12 1183.0 367.60 626.35
13 1183.0 381.52 662.00
14 1183.0 243.75 566.94
15 1183.0 897.37 624.55
6 1184.0 843.52 458.24
7 1184.0 515.16 359.83
8 1184.0 427.05 823.16
9 1184.0 463.32 644.15
10 1184.0 279.67 673.14
11 1184.0 646.60 801.76
12 1184.0 369.94 634.22
13 1184.0 379.49 655.16
14 1184.0 245.70 573.37
15 1184.0 893.13 620.45
6 1185.0 854.60 460.68
7 1185.0 519.98 363.33
8 1185.0 429.21 830.25
9 1185.0 455.71 646.44
10 1185.0 277.17 665.23
11 1185.0 648.57 808.26
12 1185.0 372.12 641.57
13 1185.0 377.54 648.60
14 1185.0 247.96 580.81
15 1185.0 888.77 616.01
6 1186.0 867.56 463.53
7 1186.0 520.32 368.29
8 1186.0 431.50 837.66
9 1186.0 447.69 648.87
10 1186.0 274.80 657.60
11 1186.0 650.26 813.88
12 1186.0 374.31 648.94
13 1186.0 375.64 642.20
14 1186.0 249.95 587.38
15 1186.0 883.84 611.00
6 1187.0 881.56 466.78
7 1187.0 520.70 375.28
8 1187.0 433.77 845.01
9 1187.0 439.68 651.29
10 1187.0 272.35 649.68
11 1187.0 652.17 820.20
12 1187.0 376.55 656.50
13 1187.0 373.65 635.49
14 1187.0 252.12 594.52
15 1187.0 879.52 606.60
6 1188.0 885.08 479.21
7 1188.0 521.12 382.99
8 1188.0 436.03 852.32
9 1188.0 431.21 653.86
10 1188.0 270.15 642.60
11 1188.0 653.90 825.95
12 1188.0 378.00 661.39
13 1188.0 371.62 628.63
14 1188.0 254.21 601.40
15 1188.0 874.63 601.61
6 1189.0 889.00 492.34
7 1189.0 521.54 390.79
8 1189.0 438.43 860.09
9 1189.0 422.62 656.45
10 1189.0 267.83 635.08
11 1189.0 655.87 832.50
12 1189.0 378.25 662.23
13 1189.0 369.68 622.13
14 1189.0 256.14 607.73
15 1189.0 870.98 595.90
6 1190.0 892.60 504.40
7 1190.0 521.99 397.86
8 1190.0 440.56 866.98
9 1190.0 414.69 658.85
10 1190.0 265.34 626.98
11 1190.0 657.84 839.03
12 1190.0 378.33 662.51
13 1190.0 367.77 615.68
14 1190.0 258.30 614.85
15 1190.0 869.21 589.93
6 1191.0 895.56 511.91
7 1191.0 523.90 404.62
8 1191.0 442.85 874.52
9 1191.0 406.96 661.19
10 1191.0 263.06 619.50
11 1191.0 659.68 845.18
12 1191.0 378.38 662.65
13 1191.0 365.80 609.04
14 1191.0 260.51 622.11
15 1191.0 867.31 583.55
6 1192.0 902.46 514.40
7 1192.0 526.08 411.23
8 1192.0 445.13 882.05
9 1192.0 398.98 663.61
10 1192.0 260.74 611.87
11 1192.0 661.61 851.77
12 1192.0 378.40 662.74
13 1192.0 363.80 602.36
14 1192.0 262.65 629.12
15 1192.0 865.50 577.44
6 1193.0 909.95 512.49
7 1193.0 528.43 418.10
8 1193.0 447.25 888.98
9 1193.0 390.70 666.12
10 1193.0 258.51 604.51
11 1193.0 663.39 857.84
12 1193.0 378.41 662.76
13 1193.0 361.90 596.01
14 1193.0 264.73 635.87
15 1193.0 863.67 571.27
6 1194.0 917.57 510.21
7 1194.0 530.67 424.62
8 1194.0 449.58 896.63
9 1194.0 386.82 667.61
10 1194.0 256.20 596.91
11 1194.0 665.03 863.44
12 1194.0 378.41 662.78
13 1194.0 359.84 589.22
14 1194.0 266.94 643.04
15 1194.0 861.69 564.62
6 1195.0 925.63 507.80
7 1195.0 530.69 431.13
8 1195.0 451.95 904.62
9 1195.0 382.75 672.41
10 1195.0 253.72 588.78
11 1195.0 666.62 868.99
12 1195.0 378.42 662.78
13 1195.0 357.90 582.95
14 1195.0 269.01 649.72
15 1195.0 859.80 558.23
6 1196.0 933.48 505.45
7 1196.0 531.72 438.35
8 1196.0 454.30 912.56
9 1196.0 383.98 680.52
10 1196.0 251.51 581.48
11 1196.0 666.77 874.58
12 1196.0 378.42 662.78
13 1196.0 355.92 576.57
14 1196.0 271.02 656.21
15 1196.0 857.93 551.95
6 1197.0 941.05 503.19
7 1197.0 533.70 444.77
8 1197.0 456.44 919.42
9 1197.0 386.56 688.94
10 1197.0 249.25 574.06
11 1197.0 662.24 879.07
12 1197.0 378.42 662.78
13 1197.0 353.83 569.85
14 1197.0 273.18 663.19
15 1197.0 856.14 545.97
6 1198.0 948.65 500.49
7 1198.0 535.64 451.09
8 1198.0 458.60 926.23
9 1198.0 389.13 697.31
10 1198.0 246.86 566.18
11 1198.0 656.65 881.13
12 1198.0 378.42 662.78
13 1198.0 351.97 563.84
14 1198.0 275.43 670.23
15 1198.0 854.73 540.35
6 1199.0 952.52 494.46
7 1199.0 537.96 458.53
8 1199.0 460.36 931.75
9 1199.0 391.60 705.35
10 1199.0 244.68 559.01
11 1199.0 650.40 883.06
12 1199.0 378.42 662.78
13 1199.0 350.21 557.61
14 1199.0 277.70 677.62
15 1199.0 853.75 533.77
